,home_formation,home_position,away_formation,away_position,minute,ball_possession,home_goal
0,3421,"[1, 3, 4, 5, 7, 8, 9, 11, 18, 20, 23]",4141,"[1, 2, 3, 5, 6, 10, 12, 13, 15, 16, 23]",0,0.4608695652173913,-2
1,433,"[1, 2, 3, 5, 6, 10, 13, 15, 17, 21, 23]",4141,"[1, 2, 3, 5, 6, 10, 12, 13, 15, 16, 23]",26,0.44692737430167595,1
2,433,"[1, 2, 3, 5, 6, 10, 13, 15, 17, 21, 23]",4141,"[1, 2, 3, 5, 6, 10, 12, 13, 15, 16, 23]",45,0.41323529411764703,-1
3,442,"[1, 2, 3, 5, 6, 9, 11, 12, 16, 22, 24]",4141,"[1, 2, 3, 5, 6, 10, 12, 13, 15, 16, 23]",59,0.42313323572474376,-1
4,433,"[1, 2, 3, 5, 6, 10, 13, 15, 17, 21, 23]",343,"[1, 3, 4, 5, 7, 8, 9, 11, 17, 21, 23]",0,0.6907894736842105,1
5,4231,"[1, 2, 3, 5, 6, 9, 11, 17, 19, 21, 23]",4231,"[1, 2, 3, 5, 6, 9, 11, 17, 19, 21, 23]",0,0.6998468606431854,1
6,4231,"[1, 2, 3, 5, 6, 9, 11, 17, 19, 21, 23]",4231,"[1, 2, 3, 5, 6, 9, 11, 17, 19, 21, 23]",15,0.6617745163442295,-1
7,4231,"[1, 2, 3, 5, 6, 9, 11, 17, 19, 21, 23]",4231,"[1, 2, 3, 5, 6, 9, 11, 17, 19, 21, 23]",53,0.24193548387096775,0
8,4231,"[1, 2, 3, 5, 6, 9, 11, 17, 19, 21, 23]",4231,"[1, 2, 3, 5, 6, 9, 11, 17, 19, 21, 23]",56,0.6504065040650406,-1
9,442,"[1, 2, 3, 5, 6, 9, 11, 12, 16, 22, 24]",4231,"[1, 2, 3, 5, 6, 9, 11, 17, 19, 21, 23]",70,0.8367346938775511,1
10,4231,"[1, 2, 3, 5, 6, 9, 11, 17, 19, 21, 23]",4231,"[1, 2, 3, 5, 6, 9, 11, 17, 19, 21, 23]",0,0.7007594936708861,-2
11,4231,"[1, 2, 3, 5, 6, 9, 15, 17, 19, 21, 23]",4231,"[1, 2, 3, 5, 6, 9, 11, 17, 19, 21, 23]",55,0.6131078224101479,0
12,4231,"[1, 2, 3, 5, 6, 9, 11, 17, 19, 21, 23]",442,"[1, 2, 3, 5, 6, 9, 11, 12, 16, 22, 24]",0,0.7906772207563765,0
13,4231,"[1, 2, 3, 5, 6, 9, 11, 17, 19, 21, 23]",442,"[1, 2, 3, 5, 6, 9, 11, 12, 16, 22, 24]",27,0.587467362924282,1
14,4231,"[1, 2, 3, 5, 6, 9, 11, 17, 19, 21, 23]",442,"[1, 2, 3, 5, 6, 9, 11, 12, 16, 22, 24]",45,0.5353159851301115,1
15,4411,"[1, 2, 3, 5, 6, 9, 11, 12, 16, 19, 23]",4231,"[1, 2, 3, 5, 6, 9, 11, 17, 19, 21, 23]",0,0.40912280701754383,1
16,4411,"[1, 2, 3, 5, 6, 9, 11, 12, 16, 19, 23]",4231,"[1, 2, 3, 5, 6, 9, 11, 17, 19, 21, 23]",37,0.49361702127659574,0
17,4411,"[1, 2, 3, 5, 6, 9, 11, 12, 16, 19, 23]",4231,"[1, 2, 3, 5, 6, 9, 11, 17, 19, 21, 23]",45,0.3294392523364486,0
18,4411,"[1, 2, 3, 5, 6, 9, 11, 12, 16, 19, 23]",4231,"[1, 2, 3, 5, 6, 9, 11, 17, 19, 21, 23]",57,0.6136363636363636,0
19,4411,"[1, 2, 3, 5, 6, 9, 11, 12, 16, 19, 23]",4231,"[1, 2, 3, 5, 6, 9, 11, 17, 19, 21, 23]",59,0.3942598187311178,0
20,4411,"[1, 2, 3, 5, 6, 9, 11, 12, 16, 19, 23]",4231,"[1, 2, 3, 5, 6, 9, 11, 17, 19, 21, 23]",76,0.6931216931216931,0
21,4411,"[1, 2, 3, 5, 6, 9, 11, 12, 16, 19, 23]",4231,"[1, 2, 3, 5, 6, 9, 11, 17, 19, 21, 23]",82,0.7966101694915254,0
22,433,"[1, 2, 3, 5, 6, 10, 13, 15, 17, 21, 23]",4141,"[1, 2, 3, 5, 6, 10, 12, 13, 15, 16, 23]",0,0.7734104046242775,0
23,433,"[1, 2, 3, 5, 6, 10, 13, 15, 17, 21, 23]",4141,"[1, 2, 3, 5, 6, 10, 12, 13, 15, 16, 23]",42,0.8333333333333334,0
24,433,"[1, 2, 3, 5, 6, 10, 13, 15, 17, 21, 23]",4141,"[1, 2, 3, 5, 6, 10, 12, 13, 15, 16, 23]",43,0.8082191780821918,0
25,433,"[1, 2, 3, 5, 6, 10, 13, 15, 17, 21, 23]",3511,"[1, 3, 4, 5, 7, 8, 10, 13, 15, 19, 23]",45,0.7637051039697542,2
26,433,"[1, 2, 3, 5, 6, 10, 13, 15, 17, 21, 23]",3511,"[1, 3, 4, 5, 7, 8, 10, 13, 15, 19, 23]",79,0.9464285714285714,0
27,433,"[1, 2, 3, 5, 6, 10, 13, 15, 17, 21, 23]",3511,"[1, 3, 4, 5, 7, 8, 10, 13, 15, 19, 23]",81,0.6,0
28,4141,"[1, 2, 3, 5, 6, 10, 12, 13, 15, 16, 23]",4231,"[1, 2, 3, 5, 6, 9, 11, 17, 19, 21, 23]",0,0.5015673981191222,-1
29,41212,"[1, 2, 3, 5, 6, 10, 13, 15, 19, 22, 24]",4231,"[1, 2, 3, 5, 6, 9, 11, 17, 19, 21, 23]",45,0.8366336633663366,0
30,41212,"[1, 2, 3, 5, 6, 10, 13, 15, 19, 22, 24]",4231,"[1, 2, 3, 5, 6, 9, 11, 17, 19, 21, 23]",58,0.7130044843049327,1
31,442,"[1, 2, 3, 5, 6, 9, 11, 12, 16, 22, 24]",4231,"[1, 2, 3, 5, 6, 9, 11, 17, 19, 21, 23]",77,0.38636363636363635,0
32,442,"[1, 2, 3, 5, 6, 9, 11, 12, 16, 22, 24]",442,"[1, 2, 3, 5, 6, 9, 11, 12, 16, 22, 24]",80,0.6021505376344086,0
33,433,"[1, 2, 3, 5, 6, 10, 13, 15, 17, 21, 23]",4231,"[1, 2, 3, 5, 6, 9, 11, 17, 19, 21, 23]",0,0.7103419859909353,1
34,433,"[1, 2, 3, 5, 6, 10, 13, 15, 17, 21, 23]",4231,"[1, 2, 3, 5, 6, 9, 11, 17, 19, 21, 23]",59,0.7572928821470245,1
35,4231,"[1, 2, 3, 5, 6, 9, 11, 17, 19, 21, 23]",4231,"[1, 2, 3, 5, 6, 9, 11, 17, 19, 21, 23]",79,0.6385542168674698,0
36,4231,"[1, 2, 3, 5, 6, 9, 11, 17, 19, 21, 23]",442,"[1, 2, 3, 5, 6, 9, 11, 12, 16, 22, 24]",0,0.5903829029385574,1
37,4231,"[1, 2, 3, 5, 6, 9, 11, 17, 19, 21, 23]",4231,"[1, 2, 3, 5, 6, 9, 11, 17, 19, 21, 23]",61,0.6498257839721254,1
38,442,"[1, 2, 3, 5, 6, 9, 11, 12, 16, 22, 24]",4141,"[1, 2, 3, 5, 6, 10, 12, 13, 15, 16, 23]",0,0.5567415730337079,2
39,3511,"[1, 3, 4, 5, 7, 8, 10, 13, 15, 19, 23]",4231,"[1, 2, 3, 5, 6, 9, 11, 17, 19, 21, 23]",0,0.6575809199318569,0
40,4411,"[1, 2, 3, 5, 6, 9, 11, 12, 16, 19, 23]",4231,"[1, 2, 3, 5, 6, 9, 11, 17, 19, 21, 23]",13,0.8181818181818182,0
41,433,"[1, 2, 3, 5, 6, 10, 13, 15, 17, 21, 23]",4231,"[1, 2, 3, 5, 6, 9, 11, 17, 19, 21, 23]",30,0.8755364806866953,-1
42,433,"[1, 2, 3, 5, 6, 10, 13, 15, 17, 21, 23]",442,"[1, 2, 3, 5, 6, 9, 11, 12, 16, 22, 24]",45,0.8657314629258517,0
43,3511,"[1, 3, 4, 5, 7, 8, 10, 13, 15, 19, 23]",442,"[1, 2, 3, 5, 6, 9, 11, 12, 16, 22, 24]",59,0.8226600985221675,0
44,3511,"[1, 3, 4, 5, 7, 8, 10, 13, 15, 19, 23]",442,"[1, 2, 3, 5, 6, 9, 11, 12, 16, 22, 24]",69,0.9276729559748428,1
45,3511,"[1, 3, 4, 5, 7, 8, 10, 13, 15, 19, 23]",442,"[1, 2, 3, 5, 6, 9, 11, 12, 16, 22, 24]",77,0.8629213483146068,1
46,4231,"[1, 2, 3, 5, 6, 9, 11, 17, 19, 21, 23]",442,"[1, 2, 3, 5, 6, 9, 11, 12, 16, 22, 24]",0,0.4635135135135135,0
47,4231,"[1, 2, 3, 5, 6, 9, 11, 17, 19, 21, 23]",442,"[1, 2, 3, 5, 6, 9, 11, 12, 16, 22, 24]",20,0.535171102661597,-1
48,4231,"[1, 2, 3, 5, 6, 9, 11, 17, 19, 21, 23]",4411,"[1, 2, 3, 5, 6, 9, 11, 12, 16, 19, 23]",53,0.925,0
49,442,"[1, 2, 3, 5, 6, 9, 11, 12, 16, 22, 24]",4411,"[1, 2, 3, 5, 6, 9, 11, 12, 16, 19, 23]",57,0.5501792114695341,0
50,442,"[1, 2, 3, 5, 6, 9, 11, 12, 16, 22, 24]",41212,"[1, 2, 3, 5, 6, 10, 13, 15, 19, 22, 24]",0,0.5484593837535015,0
51,442,"[1, 2, 3, 5, 6, 9, 11, 12, 16, 22, 24]",41212,"[1, 2, 3, 5, 6, 10, 13, 15, 19, 22, 24]",45,0.49440137812230833,0
52,442,"[1, 2, 3, 5, 6, 9, 11, 12, 16, 22, 24]",41212,"[1, 2, 3, 5, 6, 10, 13, 15, 19, 22, 24]",77,0.5056179775280899,0
53,4231,"[1, 2, 3, 5, 6, 9, 11, 17, 19, 21, 23]",4231,"[1, 2, 3, 5, 6, 9, 11, 17, 19, 21, 23]",0,0.41902985074626864,0
54,4231,"[1, 2, 3, 5, 6, 9, 11, 17, 19, 21, 23]",4231,"[1, 2, 3, 5, 6, 9, 11, 17, 19, 21, 23]",75,0.4489795918367347,0
55,4231,"[1, 2, 3, 5, 6, 9, 11, 17, 19, 21, 23]",4231,"[1, 2, 3, 5, 6, 9, 11, 17, 19, 21, 23]",0,0.5084985835694051,-2
56,442,"[1, 2, 3, 5, 6, 9, 11, 12, 16, 22, 24]",4231,"[1, 2, 3, 5, 6, 9, 11, 17, 19, 21, 23]",76,0.36721311475409835,0
57,442,"[1, 2, 3, 5, 6, 9, 11, 12, 16, 22, 24]",4231,"[1, 2, 3, 5, 6, 9, 11, 17, 19, 21, 23]",86,0.7058823529411765,0
58,4231,"[1, 2, 3, 5, 6, 9, 11, 17, 19, 21, 23]",4231,"[1, 2, 3, 5, 6, 9, 11, 17, 19, 21, 23]",86,0.7777777777777778,0
59,442,"[1, 2, 3, 5, 6, 9, 11, 12, 16, 22, 24]",433,"[1, 2, 3, 5, 6, 10, 13, 15, 17, 21, 23]",0,0.471875,1
60,442,"[1, 2, 3, 5, 6, 9, 11, 12, 16, 22, 24]",433,"[1, 2, 3, 5, 6, 10, 13, 15, 17, 21, 23]",46,0.5371024734982333,0
61,442,"[1, 2, 3, 5, 6, 9, 11, 12, 16, 22, 24]",433,"[1, 2, 3, 5, 6, 10, 13, 15, 17, 21, 23]",56,0.5230769230769231,1
62,4231,"[1, 2, 3, 5, 6, 9, 11, 17, 19, 21, 23]",343,"[1, 3, 4, 5, 7, 8, 9, 11, 17, 21, 23]",0,0.8301435406698564,0
63,4231,"[1, 2, 3, 5, 6, 9, 11, 17, 19, 21, 23]",343,"[1, 3, 4, 5, 7, 8, 9, 11, 17, 21, 23]",83,0.7662337662337663,0
64,4411,"[1, 2, 3, 5, 6, 9, 11, 12, 16, 19, 23]",3412,"[1, 3, 4, 5, 7, 8, 9, 11, 19, 22, 24]",0,0.2842741935483871,-1
65,4411,"[1, 2, 3, 5, 6, 9, 11, 12, 16, 19, 23]",3412,"[1, 3, 4, 5, 7, 8, 9, 11, 19, 22, 24]",45,0.32936507936507936,0
66,4411,"[1, 2, 3, 5, 6, 9, 11, 12, 16, 19, 23]",3412,"[1, 3, 4, 5, 7, 8, 9, 11, 19, 22, 24]",56,0.28150134048257375,-1
67,4411,"[1, 2, 3, 5, 6, 9, 11, 12, 16, 19, 23]",3412,"[1, 3, 4, 5, 7, 8, 9, 11, 19, 22, 24]",75,0.6666666666666666,0
68,4411,"[1, 2, 3, 5, 6, 9, 11, 12, 16, 19, 23]",3412,"[1, 3, 4, 5, 7, 8, 9, 11, 19, 22, 24]",75,0.44813278008298757,0
69,4231,"[1, 2, 3, 5, 6, 9, 11, 17, 19, 21, 23]",4231,"[1, 2, 3, 5, 6, 9, 11, 17, 19, 21, 23]",0,0.58435438265787,1
70,4231,"[1, 2, 3, 5, 6, 9, 11, 17, 19, 21, 23]",442,"[1, 2, 3, 5, 6, 9, 11, 12, 16, 22, 24]",22,0.7129262490087233,1
71,4231,"[1, 2, 3, 5, 6, 9, 11, 17, 19, 21, 23]",442,"[1, 2, 3, 5, 6, 9, 11, 12, 16, 22, 24]",50,0.6403712296983759,1
72,4141,"[1, 2, 3, 5, 6, 10, 12, 13, 15, 16, 23]",442,"[1, 2, 3, 5, 6, 9, 11, 12, 16, 22, 24]",60,1.0,0
73,4141,"[1, 2, 3, 5, 6, 10, 12, 13, 15, 16, 23]",4231,"[1, 2, 3, 5, 6, 9, 11, 17, 19, 21, 23]",60,0.48656716417910445,-1
74,4231,"[1, 2, 3, 5, 6, 9, 11, 17, 19, 21, 23]",4231,"[1, 2, 3, 5, 6, 9, 11, 17, 19, 21, 23]",0,0.35393065568142806,0
75,4231,"[1, 2, 3, 5, 6, 9, 11, 17, 19, 21, 23]",4231,"[1, 2, 3, 5, 6, 9, 11, 17, 19, 21, 23]",0,0.6440600819299044,0
76,4231,"[1, 2, 3, 5, 6, 9, 11, 17, 19, 21, 23]",4231,"[1, 2, 3, 5, 6, 9, 11, 17, 19, 21, 23]",59,0.7556390977443609,0
77,4231,"[1, 2, 3, 5, 6, 9, 11, 17, 19, 21, 23]",343,"[1, 3, 4, 5, 7, 8, 9, 11, 17, 21, 23]",67,0.7663817663817664,1
78,4141,"[1, 2, 3, 5, 6, 10, 12, 13, 15, 16, 23]",4231,"[1, 2, 3, 5, 6, 9, 11, 17, 19, 21, 23]",0,0.5297858099062919,2
79,4141,"[1, 2, 3, 5, 6, 10, 12, 13, 15, 16, 23]",4231,"[1, 2, 3, 5, 6, 9, 11, 17, 19, 21, 23]",69,0.6944444444444444,0
80,4231,"[1, 2, 3, 5, 6, 9, 11, 17, 19, 21, 23]",4231,"[1, 2, 3, 5, 6, 9, 11, 17, 19, 21, 23]",72,0.49473684210526314,0
81,4141,"[1, 2, 3, 5, 6, 10, 12, 13, 15, 16, 23]",4231,"[1, 2, 3, 5, 6, 9, 11, 17, 19, 21, 23]",0,0.7780538302277433,0
82,4231,"[1, 2, 3, 5, 6, 9, 11, 17, 19, 21, 23]",4231,"[1, 2, 3, 5, 6, 9, 11, 17, 19, 21, 23]",63,0.7995689655172413,0
83,4231,"[1, 2, 3, 5, 6, 9, 11, 17, 19, 21, 23]",4231,"[1, 2, 3, 5, 6, 9, 11, 17, 19, 21, 23]",78,0.73,-1
84,4231,"[1, 2, 3, 5, 6, 9, 11, 17, 19, 21, 23]",4141,"[1, 2, 3, 5, 6, 10, 12, 13, 15, 16, 23]",0,0.4657534246575342,0
85,4231,"[1, 2, 3, 5, 6, 9, 11, 17, 19, 21, 23]",4141,"[1, 2, 3, 5, 6, 10, 12, 13, 15, 16, 23]",45,0.7473404255319149,0
86,4231,"[1, 2, 3, 5, 6, 9, 11, 17, 19, 21, 23]",4141,"[1, 2, 3, 5, 6, 10, 12, 13, 15, 16, 23]",55,0.6719242902208202,0
87,343,"[1, 3, 4, 5, 7, 8, 9, 11, 17, 21, 23]",41212,"[1, 2, 3, 5, 6, 10, 13, 15, 19, 22, 24]",0,0.23194362889019376,1
88,343,"[1, 3, 4, 5, 7, 8, 9, 11, 17, 21, 23]",4141,"[1, 2, 3, 5, 6, 10, 12, 13, 15, 16, 23]",45,0.08687615526802218,0
89,343,"[1, 3, 4, 5, 7, 8, 9, 11, 17, 21, 23]",4141,"[1, 2, 3, 5, 6, 10, 12, 13, 15, 16, 23]",58,0.13675213675213677,0
90,4231,"[1, 2, 3, 5, 6, 9, 11, 17, 19, 21, 23]",4231,"[1, 2, 3, 5, 6, 9, 11, 17, 19, 21, 23]",0,0.49763282482903737,-1
91,433,"[1, 2, 3, 5, 6, 10, 13, 15, 17, 21, 23]",4231,"[1, 2, 3, 5, 6, 9, 11, 17, 19, 21, 23]",58,0.5845771144278606,0
92,4231,"[1, 2, 3, 5, 6, 9, 11, 17, 19, 21, 23]",4231,"[1, 2, 3, 5, 6, 9, 11, 17, 19, 21, 23]",0,0.49416342412451364,0
93,4231,"[1, 2, 3, 5, 6, 9, 11, 17, 19, 21, 23]",4231,"[1, 2, 3, 5, 6, 9, 11, 17, 19, 21, 23]",56,0.4204035874439462,-1
94,4231,"[1, 2, 3, 5, 6, 9, 11, 17, 19, 21, 23]",4231,"[1, 2, 3, 5, 6, 9, 11, 17, 19, 21, 23]",80,0.008928571428571428,0
95,3412,"[1, 3, 4, 5, 7, 8, 9, 11, 19, 22, 24]",442,"[1, 2, 3, 5, 6, 9, 11, 12, 16, 22, 24]",0,0.6221024258760108,0
96,3412,"[1, 3, 4, 5, 7, 8, 9, 11, 19, 22, 24]",442,"[1, 2, 3, 5, 6, 9, 11, 12, 16, 22, 24]",45,0.592094196804037,0
97,3412,"[1, 3, 4, 5, 7, 8, 9, 11, 19, 22, 24]",442,"[1, 2, 3, 5, 6, 9, 11, 12, 16, 22, 24]",76,0.425,1
98,3412,"[1, 3, 4, 5, 7, 8, 9, 11, 19, 22, 24]",442,"[1, 2, 3, 5, 6, 9, 11, 12, 16, 22, 24]",83,0.5,0
99,4231,"[1, 2, 3, 5, 6, 9, 11, 17, 19, 21, 23]",343,"[1, 3, 4, 5, 7, 8, 9, 11, 17, 21, 23]",0,0.7276887871853547,0
100,4231,"[1, 2, 3, 5, 6, 9, 11, 17, 19, 21, 23]",343,"[1, 3, 4, 5, 7, 8, 9, 11, 17, 21, 23]",33,0.7589928057553957,0
101,442,"[1, 2, 3, 5, 6, 9, 11, 12, 16, 22, 24]",343,"[1, 3, 4, 5, 7, 8, 9, 11, 17, 21, 23]",76,0.6517857142857143,1
102,433,"[1, 2, 3, 5, 6, 10, 13, 15, 17, 21, 23]",4231,"[1, 2, 3, 5, 6, 9, 11, 17, 19, 21, 23]",0,0.3759052007899934,-1
103,433,"[1, 2, 3, 5, 6, 10, 13, 15, 17, 21, 23]",4231,"[1, 2, 3, 5, 6, 9, 11, 17, 19, 21, 23]",45,0.0,0
104,433,"[1, 2, 3, 5, 6, 10, 13, 15, 17, 21, 23]",4231,"[1, 2, 3, 5, 6, 9, 11, 17, 19, 21, 23]",45,0.5915915915915916,0
105,433,"[1, 2, 3, 5, 6, 10, 13, 15, 17, 21, 23]",4231,"[1, 2, 3, 5, 6, 9, 11, 17, 19, 21, 23]",57,0.2052401746724891,0
106,433,"[1, 2, 3, 5, 6, 10, 13, 15, 17, 21, 23]",4231,"[1, 2, 3, 5, 6, 9, 11, 17, 19, 21, 23]",62,0.4078125,0
107,4231,"[1, 2, 3, 5, 6, 9, 11, 17, 19, 21, 23]",433,"[1, 2, 3, 5, 6, 10, 13, 15, 17, 21, 23]",0,0.4523809523809524,0
108,4231,"[1, 2, 3, 5, 6, 9, 11, 17, 19, 21, 23]",433,"[1, 2, 3, 5, 6, 10, 13, 15, 17, 21, 23]",6,0.5632754342431762,0
109,4231,"[1, 2, 3, 5, 6, 9, 11, 17, 19, 21, 23]",433,"[1, 2, 3, 5, 6, 10, 13, 15, 17, 21, 23]",16,0.5203094777562862,1
110,4231,"[1, 2, 3, 5, 6, 9, 11, 17, 19, 21, 23]",433,"[1, 2, 3, 5, 6, 10, 13, 15, 17, 21, 23]",45,0.3649360421369451,0
111,4231,"[1, 2, 3, 5, 6, 9, 11, 17, 19, 21, 23]",4141,"[1, 2, 3, 5, 6, 10, 12, 13, 15, 16, 23]",0,0.43636363636363634,2
112,4231,"[1, 2, 3, 5, 6, 9, 11, 17, 19, 21, 23]",4231,"[1, 2, 3, 5, 6, 9, 11, 17, 19, 21, 23]",43,0.45223880597014926,-1
113,4231,"[1, 2, 3, 5, 6, 9, 11, 17, 19, 21, 23]",4231,"[1, 2, 3, 5, 6, 9, 11, 17, 19, 21, 23]",61,0.39280774550484093,2
114,4231,"[1, 2, 3, 5, 6, 9, 11, 17, 19, 21, 23]",442,"[1, 2, 3, 5, 6, 9, 11, 12, 16, 22, 24]",80,0.18095238095238095,1
115,4231,"[1, 2, 3, 5, 6, 9, 11, 17, 19, 21, 23]",4231,"[1, 2, 3, 5, 6, 9, 11, 17, 19, 21, 23]",0,0.5604395604395604,0
116,4231,"[1, 2, 3, 5, 6, 9, 11, 17, 19, 21, 23]",4231,"[1, 2, 3, 5, 6, 9, 11, 17, 19, 21, 23]",45,0.5583508036338225,0
117,4231,"[1, 2, 3, 5, 6, 9, 11, 17, 19, 21, 23]",4231,"[1, 2, 3, 5, 6, 9, 11, 17, 19, 21, 23]",87,0.7837837837837838,0
118,4231,"[1, 2, 3, 5, 6, 9, 11, 17, 19, 21, 23]",433,"[1, 2, 3, 5, 6, 10, 13, 15, 17, 21, 23]",0,0.5734355044699873,0
119,4231,"[1, 2, 3, 5, 6, 9, 11, 17, 19, 21, 23]",433,"[1, 2, 3, 5, 6, 10, 13, 15, 17, 21, 23]",42,0.44582814445828145,0
120,4231,"[1, 2, 3, 5, 6, 9, 11, 17, 19, 21, 23]",433,"[1, 2, 3, 5, 6, 10, 13, 15, 17, 21, 23]",65,0.6956521739130435,0
121,4231,"[1, 2, 3, 5, 6, 9, 11, 17, 19, 21, 23]",433,"[1, 2, 3, 5, 6, 10, 13, 15, 17, 21, 23]",66,0.2987012987012987,0
122,4231,"[1, 2, 3, 5, 6, 9, 11, 17, 19, 21, 23]",433,"[1, 2, 3, 5, 6, 10, 13, 15, 17, 21, 23]",73,0.7115384615384616,0
123,4231,"[1, 2, 3, 5, 6, 9, 11, 17, 19, 21, 23]",4231,"[1, 2, 3, 5, 6, 9, 11, 17, 19, 21, 23]",0,0.4339908952959029,-1
124,4231,"[1, 2, 3, 5, 6, 9, 11, 17, 19, 21, 23]",4231,"[1, 2, 3, 5, 6, 9, 11, 17, 19, 21, 23]",18,0.4823032223983096,0
125,4231,"[1, 2, 3, 5, 6, 9, 11, 17, 19, 21, 23]",4231,"[1, 2, 3, 5, 6, 9, 11, 17, 19, 21, 23]",70,0.7052631578947368,0
126,41212,"[1, 2, 3, 5, 6, 10, 13, 15, 19, 22, 24]",4231,"[1, 2, 3, 5, 6, 9, 11, 17, 19, 21, 23]",75,0.33695652173913043,0
127,41212,"[1, 2, 3, 5, 6, 10, 13, 15, 19, 22, 24]",4411,"[1, 2, 3, 5, 6, 9, 11, 12, 16, 19, 23]",78,0.48854961832061067,-1
128,4231,"[1, 2, 3, 5, 6, 9, 11, 17, 19, 21, 23]",4231,"[1, 2, 3, 5, 6, 9, 11, 17, 19, 21, 23]",0,0.5169738118331717,2
129,4231,"[1, 2, 3, 5, 6, 9, 11, 17, 19, 21, 23]",4231,"[1, 2, 3, 5, 6, 9, 11, 17, 19, 21, 23]",24,0.5361010830324909,0
130,4231,"[1, 2, 3, 5, 6, 9, 11, 17, 19, 21, 23]",4231,"[1, 2, 3, 5, 6, 9, 11, 17, 19, 21, 23]",37,0.7124600638977636,1
131,4231,"[1, 2, 3, 5, 6, 9, 11, 17, 19, 21, 23]",4231,"[1, 2, 3, 5, 6, 9, 11, 17, 19, 21, 23]",64,0.41836734693877553,0
132,4231,"[1, 2, 3, 5, 6, 9, 11, 17, 19, 21, 23]",4231,"[1, 2, 3, 5, 6, 9, 11, 17, 19, 21, 23]",68,0.875,0
133,4231,"[1, 2, 3, 5, 6, 9, 11, 17, 19, 21, 23]",4231,"[1, 2, 3, 5, 6, 9, 11, 17, 19, 21, 23]",70,0.6946308724832215,2
134,343,"[1, 3, 4, 5, 7, 8, 9, 11, 17, 21, 23]",3412,"[1, 3, 4, 5, 7, 8, 9, 11, 19, 22, 24]",0,0.559985885673959,1
135,3412,"[1, 3, 4, 5, 7, 8, 9, 11, 19, 22, 24]",3412,"[1, 3, 4, 5, 7, 8, 9, 11, 19, 22, 24]",61,0.4015748031496063,0
136,3412,"[1, 3, 4, 5, 7, 8, 9, 11, 19, 22, 24]",3412,"[1, 3, 4, 5, 7, 8, 9, 11, 19, 22, 24]",67,0.6230529595015576,-1
137,4231,"[1, 2, 3, 5, 6, 9, 11, 17, 19, 21, 23]",442,"[1, 2, 3, 5, 6, 9, 11, 12, 16, 22, 24]",0,0.5781710914454278,1
138,4231,"[1, 2, 3, 5, 6, 9, 11, 17, 19, 21, 23]",4141,"[1, 2, 3, 5, 6, 10, 12, 13, 15, 16, 23]",9,0.6304780876494024,0
139,4231,"[1, 2, 3, 5, 6, 9, 11, 17, 19, 21, 23]",4141,"[1, 2, 3, 5, 6, 10, 12, 13, 15, 16, 23]",35,0.5924324324324325,0
140,4231,"[1, 2, 3, 5, 6, 9, 11, 17, 19, 21, 23]",4141,"[1, 2, 3, 5, 6, 10, 12, 13, 15, 16, 23]",60,0.4727272727272727,0
141,4231,"[1, 2, 3, 5, 6, 9, 11, 17, 19, 21, 23]",442,"[1, 2, 3, 5, 6, 9, 11, 12, 16, 22, 24]",76,0.5,0
142,433,"[1, 2, 3, 5, 6, 10, 13, 15, 17, 21, 23]",442,"[1, 2, 3, 5, 6, 9, 11, 12, 16, 22, 24]",76,0.31750741839762614,0
143,4411,"[1, 2, 3, 5, 6, 9, 11, 12, 16, 19, 23]",4231,"[1, 2, 3, 5, 6, 9, 11, 17, 19, 21, 23]",0,0.4116279069767442,1
144,4411,"[1, 2, 3, 5, 6, 9, 11, 12, 16, 19, 23]",4231,"[1, 2, 3, 5, 6, 9, 11, 17, 19, 21, 23]",11,0.33979591836734696,-1
145,4411,"[1, 2, 3, 5, 6, 9, 11, 12, 16, 19, 23]",4231,"[1, 2, 3, 5, 6, 9, 11, 17, 19, 21, 23]",76,0.5373665480427047,-1
146,442,"[1, 2, 3, 5, 6, 9, 11, 12, 16, 22, 24]",4231,"[1, 2, 3, 5, 6, 9, 11, 17, 19, 21, 23]",85,1.0,0
147,4231,"[1, 2, 3, 5, 6, 9, 11, 17, 19, 21, 23]",4231,"[1, 2, 3, 5, 6, 9, 11, 17, 19, 21, 23]",0,0.6012212306247064,0
148,4231,"[1, 2, 3, 5, 6, 9, 11, 17, 19, 21, 23]",4411,"[1, 2, 3, 5, 6, 9, 11, 12, 16, 19, 23]",56,0.746234067207416,0
149,4231,"[1, 2, 3, 5, 6, 9, 11, 17, 19, 21, 23]",4231,"[1, 2, 3, 5, 6, 9, 11, 17, 19, 21, 23]",0,0.5601023017902813,0
150,4231,"[1, 2, 3, 5, 6, 9, 11, 17, 19, 21, 23]",4231,"[1, 2, 3, 5, 6, 9, 11, 17, 19, 21, 23]",65,0.6142857142857143,0
151,3421,"[1, 3, 4, 5, 7, 8, 9, 11, 18, 20, 23]",352,"[1, 3, 4, 5, 7, 8, 10, 13, 15, 22, 24]",0,0.6791277258566978,2
152,3421,"[1, 3, 4, 5, 7, 8, 9, 11, 18, 20, 23]",352,"[1, 3, 4, 5, 7, 8, 10, 13, 15, 22, 24]",45,1.0,0
153,3421,"[1, 3, 4, 5, 7, 8, 9, 11, 18, 20, 23]",343,"[1, 3, 4, 5, 7, 8, 9, 11, 17, 21, 23]",45,0.5902489626556017,0
154,3421,"[1, 3, 4, 5, 7, 8, 9, 11, 18, 20, 23]",433,"[1, 2, 3, 5, 6, 10, 13, 15, 17, 21, 23]",66,0.26178861788617885,0
155,4411,"[1, 2, 3, 5, 6, 9, 11, 12, 16, 19, 23]",4411,"[1, 2, 3, 5, 6, 9, 11, 12, 16, 19, 23]",0,0.7810133954571927,-1
156,4411,"[1, 2, 3, 5, 6, 9, 11, 12, 16, 19, 23]",3421,"[1, 3, 4, 5, 7, 8, 9, 11, 18, 20, 23]",39,0.7453954496208017,-1
157,41212,"[1, 2, 3, 5, 6, 10, 13, 15, 19, 22, 24]",3421,"[1, 3, 4, 5, 7, 8, 9, 11, 18, 20, 23]",60,0.7366548042704626,0
158,4231,"[1, 2, 3, 5, 6, 9, 11, 17, 19, 21, 23]",4231,"[1, 2, 3, 5, 6, 9, 11, 17, 19, 21, 23]",0,0.5673603504928806,2
159,4231,"[1, 2, 3, 5, 6, 9, 11, 17, 19, 21, 23]",442,"[1, 2, 3, 5, 6, 9, 11, 12, 16, 22, 24]",45,0.5334773218142549,-3
160,433,"[1, 2, 3, 5, 6, 10, 13, 15, 17, 21, 23]",442,"[1, 2, 3, 5, 6, 9, 11, 12, 16, 22, 24]",72,0.6722925457102672,0
161,4141,"[1, 2, 3, 5, 6, 10, 12, 13, 15, 16, 23]",4231,"[1, 2, 3, 5, 6, 9, 11, 17, 19, 21, 23]",0,0.26869158878504673,0
162,4141,"[1, 2, 3, 5, 6, 10, 12, 13, 15, 16, 23]",4231,"[1, 2, 3, 5, 6, 9, 11, 17, 19, 21, 23]",8,0.3271356783919598,-1
163,4141,"[1, 2, 3, 5, 6, 10, 12, 13, 15, 16, 23]",4231,"[1, 2, 3, 5, 6, 9, 11, 17, 19, 21, 23]",58,0.25098039215686274,0
164,4141,"[1, 2, 3, 5, 6, 10, 12, 13, 15, 16, 23]",4231,"[1, 2, 3, 5, 6, 9, 11, 17, 19, 21, 23]",75,0.18926553672316385,-1
165,433,"[1, 2, 3, 5, 6, 10, 13, 15, 17, 21, 23]",4231,"[1, 2, 3, 5, 6, 9, 11, 17, 19, 21, 23]",0,0.7189631650750341,1
166,4231,"[1, 2, 3, 5, 6, 9, 11, 17, 19, 21, 23]",4231,"[1, 2, 3, 5, 6, 9, 11, 17, 19, 21, 23]",21,0.30217669654289375,1
167,4231,"[1, 2, 3, 5, 6, 9, 11, 17, 19, 21, 23]",4231,"[1, 2, 3, 5, 6, 9, 11, 17, 19, 21, 23]",45,0.43333333333333335,0
168,4231,"[1, 2, 3, 5, 6, 9, 11, 17, 19, 21, 23]",433,"[1, 2, 3, 5, 6, 10, 13, 15, 17, 21, 23]",45,0.32765399737876805,-1
169,4231,"[1, 2, 3, 5, 6, 9, 11, 17, 19, 21, 23]",433,"[1, 2, 3, 5, 6, 10, 13, 15, 17, 21, 23]",66,0.2571428571428571,0
170,4411,"[1, 2, 3, 5, 6, 9, 11, 12, 16, 19, 23]",433,"[1, 2, 3, 5, 6, 10, 13, 15, 17, 21, 23]",72,0.13443396226415094,-1
171,4231,"[1, 2, 3, 5, 6, 9, 11, 17, 19, 21, 23]",4231,"[1, 2, 3, 5, 6, 9, 11, 17, 19, 21, 23]",0,0.676343421865349,1
172,4231,"[1, 2, 3, 5, 6, 9, 11, 17, 19, 21, 23]",4231,"[1, 2, 3, 5, 6, 9, 11, 17, 19, 21, 23]",45,0.46143790849673205,1
173,4231,"[1, 2, 3, 5, 6, 9, 11, 17, 19, 21, 23]",4231,"[1, 2, 3, 5, 6, 9, 11, 17, 19, 21, 23]",69,0.3273809523809524,1
174,4231,"[1, 2, 3, 5, 6, 9, 11, 17, 19, 21, 23]",4141,"[1, 2, 3, 5, 6, 10, 12, 13, 15, 16, 23]",0,0.3131868131868132,0
175,4231,"[1, 2, 3, 5, 6, 9, 11, 17, 19, 21, 23]",4141,"[1, 2, 3, 5, 6, 10, 12, 13, 15, 16, 23]",19,0.5070028011204482,-2
176,4231,"[1, 2, 3, 5, 6, 9, 11, 17, 19, 21, 23]",4141,"[1, 2, 3, 5, 6, 10, 12, 13, 15, 16, 23]",45,0.4769585253456221,-1
177,4231,"[1, 2, 3, 5, 6, 9, 11, 17, 19, 21, 23]",4141,"[1, 2, 3, 5, 6, 10, 12, 13, 15, 16, 23]",62,0.38461538461538464,0
178,4231,"[1, 2, 3, 5, 6, 9, 11, 17, 19, 21, 23]",4231,"[1, 2, 3, 5, 6, 9, 11, 17, 19, 21, 23]",0,0.5432098765432098,2
179,4231,"[1, 2, 3, 5, 6, 9, 11, 17, 19, 21, 23]",4231,"[1, 2, 3, 5, 6, 9, 11, 17, 19, 21, 23]",45,0.3563402889245586,0
180,4231,"[1, 2, 3, 5, 6, 9, 11, 17, 19, 21, 23]",4231,"[1, 2, 3, 5, 6, 9, 11, 17, 19, 21, 23]",60,0.38845553822152884,-1
181,4231,"[1, 2, 3, 5, 6, 9, 11, 17, 19, 21, 23]",4231,"[1, 2, 3, 5, 6, 9, 11, 17, 19, 21, 23]",78,0.31690140845070425,0
182,4231,"[1, 2, 3, 5, 6, 9, 11, 17, 19, 21, 23]",4231,"[1, 2, 3, 5, 6, 9, 11, 17, 19, 21, 23]",0,0.6766034327009937,2
183,4231,"[1, 2, 3, 5, 6, 9, 11, 17, 19, 21, 23]",4231,"[1, 2, 3, 5, 6, 9, 11, 17, 19, 21, 23]",45,0.5061728395061729,0
184,4231,"[1, 2, 3, 5, 6, 9, 11, 17, 19, 21, 23]",4231,"[1, 2, 3, 5, 6, 9, 11, 17, 19, 21, 23]",54,0.8067581837381204,0
185,4231,"[1, 2, 3, 5, 6, 9, 11, 17, 19, 21, 23]",343,"[1, 3, 4, 5, 7, 8, 9, 11, 17, 21, 23]",0,0.5088953247827885,2
186,4231,"[1, 2, 3, 5, 6, 9, 11, 17, 19, 21, 23]",41212,"[1, 2, 3, 5, 6, 10, 13, 15, 19, 22, 24]",60,0.42126514131897713,-3
187,3412,"[1, 3, 4, 5, 7, 8, 9, 11, 19, 22, 24]",41212,"[1, 2, 3, 5, 6, 10, 13, 15, 19, 22, 24]",84,0.24324324324324326,0
188,4141,"[1, 2, 3, 5, 6, 10, 12, 13, 15, 16, 23]",343,"[1, 3, 4, 5, 7, 8, 9, 11, 17, 21, 23]",0,0.7237943403746513,1
189,4141,"[1, 2, 3, 5, 6, 10, 12, 13, 15, 16, 23]",343,"[1, 3, 4, 5, 7, 8, 9, 11, 17, 21, 23]",54,0.663563829787234,1
190,4231,"[1, 2, 3, 5, 6, 9, 11, 17, 19, 21, 23]",433,"[1, 2, 3, 5, 6, 10, 13, 15, 17, 21, 23]",0,0.43886861313868614,0
191,4231,"[1, 2, 3, 5, 6, 9, 11, 17, 19, 21, 23]",433,"[1, 2, 3, 5, 6, 10, 13, 15, 17, 21, 23]",40,0.2953020134228188,1
192,4231,"[1, 2, 3, 5, 6, 9, 11, 17, 19, 21, 23]",433,"[1, 2, 3, 5, 6, 10, 13, 15, 17, 21, 23]",64,0.1590909090909091,0
193,4231,"[1, 2, 3, 5, 6, 9, 11, 17, 19, 21, 23]",41212,"[1, 2, 3, 5, 6, 10, 13, 15, 19, 22, 24]",69,0.24107142857142858,0
194,352,"[1, 3, 4, 5, 7, 8, 10, 13, 15, 22, 24]",4231,"[1, 2, 3, 5, 6, 9, 11, 17, 19, 21, 23]",0,0.5451014242555028,0
195,4231,"[1, 2, 3, 5, 6, 9, 11, 17, 19, 21, 23]",4231,"[1, 2, 3, 5, 6, 9, 11, 17, 19, 21, 23]",0,0.4150605109816226,0
196,4231,"[1, 2, 3, 5, 6, 9, 11, 17, 19, 21, 23]",4231,"[1, 2, 3, 5, 6, 9, 11, 17, 19, 21, 23]",57,0.4245689655172414,1
197,4231,"[1, 2, 3, 5, 6, 9, 11, 17, 19, 21, 23]",4231,"[1, 2, 3, 5, 6, 9, 11, 17, 19, 21, 23]",71,0.4472361809045226,1
198,4231,"[1, 2, 3, 5, 6, 9, 11, 17, 19, 21, 23]",442,"[1, 2, 3, 5, 6, 9, 11, 12, 16, 22, 24]",0,0.6361221779548473,1
199,4231,"[1, 2, 3, 5, 6, 9, 11, 17, 19, 21, 23]",4141,"[1, 2, 3, 5, 6, 10, 12, 13, 15, 16, 23]",45,0.3920412675018423,0
200,4231,"[1, 2, 3, 5, 6, 9, 11, 17, 19, 21, 23]",4141,"[1, 2, 3, 5, 6, 10, 12, 13, 15, 16, 23]",0,0.626984126984127,0
201,4231,"[1, 2, 3, 5, 6, 9, 11, 17, 19, 21, 23]",4141,"[1, 2, 3, 5, 6, 10, 12, 13, 15, 16, 23]",45,0.648,0
202,4231,"[1, 2, 3, 5, 6, 9, 11, 17, 19, 21, 23]",4141,"[1, 2, 3, 5, 6, 10, 12, 13, 15, 16, 23]",50,0.44857142857142857,0
203,4231,"[1, 2, 3, 5, 6, 9, 11, 17, 19, 21, 23]",4141,"[1, 2, 3, 5, 6, 10, 12, 13, 15, 16, 23]",60,0.5894308943089431,0
204,4231,"[1, 2, 3, 5, 6, 9, 11, 17, 19, 21, 23]",4141,"[1, 2, 3, 5, 6, 10, 12, 13, 15, 16, 23]",69,0.4927536231884058,2
205,4231,"[1, 2, 3, 5, 6, 9, 11, 17, 19, 21, 23]",4231,"[1, 2, 3, 5, 6, 9, 11, 17, 19, 21, 23]",0,0.48495897903372837,1
206,4231,"[1, 2, 3, 5, 6, 9, 11, 17, 19, 21, 23]",4231,"[1, 2, 3, 5, 6, 9, 11, 17, 19, 21, 23]",53,0.39348079161816063,1
207,4231,"[1, 2, 3, 5, 6, 9, 11, 17, 19, 21, 23]",4231,"[1, 2, 3, 5, 6, 9, 11, 17, 19, 21, 23]",77,0.16447368421052633,0
208,41212,"[1, 2, 3, 5, 6, 10, 13, 15, 19, 22, 24]",4411,"[1, 2, 3, 5, 6, 9, 11, 12, 16, 19, 23]",0,0.43335224049914917,-2
209,442,"[1, 2, 3, 5, 6, 9, 11, 12, 16, 22, 24]",4411,"[1, 2, 3, 5, 6, 9, 11, 12, 16, 19, 23]",45,0.6186252771618626,0
210,442,"[1, 2, 3, 5, 6, 9, 11, 12, 16, 22, 24]",4411,"[1, 2, 3, 5, 6, 9, 11, 12, 16, 19, 23]",55,0.4791318864774624,0
211,442,"[1, 2, 3, 5, 6, 9, 11, 12, 16, 22, 24]",4411,"[1, 2, 3, 5, 6, 9, 11, 12, 16, 19, 23]",69,0.917910447761194,0
212,343,"[1, 3, 4, 5, 7, 8, 9, 11, 17, 21, 23]",343,"[1, 3, 4, 5, 7, 8, 9, 11, 17, 21, 23]",0,0.5,0
213,343,"[1, 3, 4, 5, 7, 8, 9, 11, 17, 21, 23]",343,"[1, 3, 4, 5, 7, 8, 9, 11, 17, 21, 23]",45,0.5219206680584552,-1
214,4231,"[1, 2, 3, 5, 6, 9, 11, 17, 19, 21, 23]",343,"[1, 3, 4, 5, 7, 8, 9, 11, 17, 21, 23]",62,0.3633217993079585,1
215,433,"[1, 2, 3, 5, 6, 10, 13, 15, 17, 21, 23]",3412,"[1, 3, 4, 5, 7, 8, 9, 11, 19, 22, 24]",0,0.5300193673337638,0
216,433,"[1, 2, 3, 5, 6, 10, 13, 15, 17, 21, 23]",4231,"[1, 2, 3, 5, 6, 9, 11, 17, 19, 21, 23]",45,0.5402439024390244,0
217,343,"[1, 3, 4, 5, 7, 8, 9, 11, 17, 21, 23]",3421,"[1, 3, 4, 5, 7, 8, 9, 11, 18, 20, 23]",0,0.2145631067961165,0
218,343,"[1, 3, 4, 5, 7, 8, 9, 11, 17, 21, 23]",3421,"[1, 3, 4, 5, 7, 8, 9, 11, 18, 20, 23]",26,0.21009218825812712,-1
219,343,"[1, 3, 4, 5, 7, 8, 9, 11, 17, 21, 23]",3421,"[1, 3, 4, 5, 7, 8, 9, 11, 18, 20, 23]",74,1.0,0
220,442,"[1, 2, 3, 5, 6, 9, 11, 12, 16, 22, 24]",3421,"[1, 3, 4, 5, 7, 8, 9, 11, 18, 20, 23]",74,1.0,0
221,4141,"[1, 2, 3, 5, 6, 10, 12, 13, 15, 16, 23]",4411,"[1, 2, 3, 5, 6, 9, 11, 12, 16, 19, 23]",0,0.5622923588039868,0
222,4141,"[1, 2, 3, 5, 6, 10, 12, 13, 15, 16, 23]",4411,"[1, 2, 3, 5, 6, 9, 11, 12, 16, 19, 23]",34,0.7090909090909091,1
223,4141,"[1, 2, 3, 5, 6, 10, 12, 13, 15, 16, 23]",4411,"[1, 2, 3, 5, 6, 9, 11, 12, 16, 19, 23]",45,0.5768942235558889,-1
224,4141,"[1, 2, 3, 5, 6, 10, 12, 13, 15, 16, 23]",4411,"[1, 2, 3, 5, 6, 9, 11, 12, 16, 19, 23]",79,0.8076923076923077,0
225,433,"[1, 2, 3, 5, 6, 10, 13, 15, 17, 21, 23]",4231,"[1, 2, 3, 5, 6, 9, 11, 17, 19, 21, 23]",0,0.5341229554427523,0
226,4231,"[1, 2, 3, 5, 6, 9, 11, 17, 19, 21, 23]",4231,"[1, 2, 3, 5, 6, 9, 11, 17, 19, 21, 23]",45,0.4810267857142857,0
227,4231,"[1, 2, 3, 5, 6, 9, 11, 17, 19, 21, 23]",4231,"[1, 2, 3, 5, 6, 9, 11, 17, 19, 21, 23]",0,0.6126401630988787,0
228,4231,"[1, 2, 3, 5, 6, 9, 11, 17, 19, 21, 23]",4231,"[1, 2, 3, 5, 6, 9, 11, 17, 19, 21, 23]",25,0.49973502914679385,-1
229,3412,"[1, 3, 4, 5, 7, 8, 9, 11, 19, 22, 24]",4231,"[1, 2, 3, 5, 6, 9, 11, 17, 19, 21, 23]",0,0.5414364640883977,0
230,3412,"[1, 3, 4, 5, 7, 8, 9, 11, 19, 22, 24]",4231,"[1, 2, 3, 5, 6, 9, 11, 17, 19, 21, 23]",11,0.5112142304717711,1
231,3412,"[1, 3, 4, 5, 7, 8, 9, 11, 19, 22, 24]",4231,"[1, 2, 3, 5, 6, 9, 11, 17, 19, 21, 23]",45,0.5886243386243386,1
232,343,"[1, 3, 4, 5, 7, 8, 9, 11, 17, 21, 23]",4231,"[1, 2, 3, 5, 6, 9, 11, 17, 19, 21, 23]",66,0.3363309352517986,2
233,343,"[1, 3, 4, 5, 7, 8, 9, 11, 17, 21, 23]",451,"[1, 2, 3, 5, 6, 10, 12, 13, 15, 16, 23]",0,0.41866330390920553,0
234,433,"[1, 2, 3, 5, 6, 10, 13, 15, 17, 21, 23]",451,"[1, 2, 3, 5, 6, 10, 12, 13, 15, 16, 23]",18,0.6307550644567219,0
235,4231,"[1, 2, 3, 5, 6, 9, 11, 17, 19, 21, 23]",451,"[1, 2, 3, 5, 6, 10, 12, 13, 15, 16, 23]",45,0.0,0
236,4231,"[1, 2, 3, 5, 6, 9, 11, 17, 19, 21, 23]",4411,"[1, 2, 3, 5, 6, 9, 11, 12, 16, 19, 23]",45,0.5709876543209876,-1
237,433,"[1, 2, 3, 5, 6, 10, 13, 15, 17, 21, 23]",442,"[1, 2, 3, 5, 6, 9, 11, 12, 16, 22, 24]",0,0.4666666666666667,0
238,433,"[1, 2, 3, 5, 6, 10, 13, 15, 17, 21, 23]",442,"[1, 2, 3, 5, 6, 9, 11, 12, 16, 22, 24]",23,0.34413793103448276,2
239,433,"[1, 2, 3, 5, 6, 10, 13, 15, 17, 21, 23]",442,"[1, 2, 3, 5, 6, 9, 11, 12, 16, 22, 24]",61,0.2988929889298893,1
240,4231,"[1, 2, 3, 5, 6, 9, 11, 17, 19, 21, 23]",3421,"[1, 3, 4, 5, 7, 8, 9, 11, 18, 20, 23]",0,0.6695145631067961,1
241,4231,"[1, 2, 3, 5, 6, 9, 11, 17, 19, 21, 23]",3421,"[1, 3, 4, 5, 7, 8, 9, 11, 18, 20, 23]",64,0.6024464831804281,-1
242,4231,"[1, 2, 3, 5, 6, 9, 11, 17, 19, 21, 23]",3421,"[1, 3, 4, 5, 7, 8, 9, 11, 18, 20, 23]",73,0.8771929824561403,0
243,352,"[1, 3, 4, 5, 7, 8, 10, 13, 15, 22, 24]",3421,"[1, 3, 4, 5, 7, 8, 9, 11, 18, 20, 23]",79,0.9525691699604744,1
244,4411,"[1, 2, 3, 5, 6, 9, 11, 12, 16, 19, 23]",4231,"[1, 2, 3, 5, 6, 9, 11, 17, 19, 21, 23]",0,0.4598393574297189,0
245,4411,"[1, 2, 3, 5, 6, 9, 11, 12, 16, 19, 23]",4231,"[1, 2, 3, 5, 6, 9, 11, 17, 19, 21, 23]",21,0.3276595744680851,0
246,41212,"[1, 2, 3, 5, 6, 10, 13, 15, 19, 22, 24]",4231,"[1, 2, 3, 5, 6, 9, 11, 17, 19, 21, 23]",0,0.5374321880650994,-1
247,41212,"[1, 2, 3, 5, 6, 10, 13, 15, 19, 22, 24]",4231,"[1, 2, 3, 5, 6, 9, 11, 17, 19, 21, 23]",70,0.6746987951807228,-2
248,41212,"[1, 2, 3, 5, 6, 10, 13, 15, 19, 22, 24]",4231,"[1, 2, 3, 5, 6, 9, 11, 17, 19, 21, 23]",79,0.5102639296187683,0
249,4231,"[1, 2, 3, 5, 6, 9, 11, 17, 19, 21, 23]",4231,"[1, 2, 3, 5, 6, 9, 11, 17, 19, 21, 23]",0,0.5230838189152847,1
250,4231,"[1, 2, 3, 5, 6, 9, 11, 17, 19, 21, 23]",442,"[1, 2, 3, 5, 6, 9, 11, 12, 16, 22, 24]",65,0.36419753086419754,1
251,4231,"[1, 2, 3, 5, 6, 9, 11, 17, 19, 21, 23]",4231,"[1, 2, 3, 5, 6, 9, 11, 17, 19, 21, 23]",0,0.5022784810126583,1
252,4231,"[1, 2, 3, 5, 6, 9, 11, 17, 19, 21, 23]",4231,"[1, 2, 3, 5, 6, 9, 11, 17, 19, 21, 23]",45,0.48330058939096265,0
253,442,"[1, 2, 3, 5, 6, 9, 11, 12, 16, 22, 24]",4231,"[1, 2, 3, 5, 6, 9, 11, 17, 19, 21, 23]",60,0.8936170212765957,0
254,442,"[1, 2, 3, 5, 6, 9, 11, 12, 16, 22, 24]",4231,"[1, 2, 3, 5, 6, 9, 11, 17, 19, 21, 23]",62,0.48655913978494625,2
255,343,"[1, 3, 4, 5, 7, 8, 9, 11, 17, 21, 23]",4231,"[1, 2, 3, 5, 6, 9, 11, 17, 19, 21, 23]",0,0.23157894736842105,0
256,343,"[1, 3, 4, 5, 7, 8, 9, 11, 17, 21, 23]",41212,"[1, 2, 3, 5, 6, 10, 13, 15, 19, 22, 24]",45,0.2851351351351351,0
257,343,"[1, 3, 4, 5, 7, 8, 9, 11, 17, 21, 23]",41212,"[1, 2, 3, 5, 6, 10, 13, 15, 19, 22, 24]",61,0.3638968481375358,0
258,343,"[1, 3, 4, 5, 7, 8, 9, 11, 17, 21, 23]",4231,"[1, 2, 3, 5, 6, 9, 11, 17, 19, 21, 23]",67,0.2,-1
259,4141,"[1, 2, 3, 5, 6, 10, 12, 13, 15, 16, 23]",442,"[1, 2, 3, 5, 6, 9, 11, 12, 16, 22, 24]",0,0.5218733916623778,-2
260,41212,"[1, 2, 3, 5, 6, 10, 13, 15, 19, 22, 24]",442,"[1, 2, 3, 5, 6, 9, 11, 12, 16, 22, 24]",53,0.5720620842572062,0
261,4231,"[1, 2, 3, 5, 6, 9, 11, 17, 19, 21, 23]",442,"[1, 2, 3, 5, 6, 9, 11, 12, 16, 22, 24]",67,0.8082191780821918,0
262,4231,"[1, 2, 3, 5, 6, 9, 11, 17, 19, 21, 23]",442,"[1, 2, 3, 5, 6, 9, 11, 12, 16, 22, 24]",69,0.5421412300683371,0
263,4231,"[1, 2, 3, 5, 6, 9, 11, 17, 19, 21, 23]",433,"[1, 2, 3, 5, 6, 10, 13, 15, 17, 21, 23]",0,0.6153176675369887,-1
264,4231,"[1, 2, 3, 5, 6, 9, 11, 17, 19, 21, 23]",433,"[1, 2, 3, 5, 6, 10, 13, 15, 17, 21, 23]",61,0.6593673965936739,-1
265,41212,"[1, 2, 3, 5, 6, 10, 13, 15, 19, 22, 24]",433,"[1, 2, 3, 5, 6, 10, 13, 15, 17, 21, 23]",75,0.8303249097472925,0
266,41212,"[1, 2, 3, 5, 6, 10, 13, 15, 19, 22, 24]",4411,"[1, 2, 3, 5, 6, 9, 11, 12, 16, 19, 23]",0,0.6820590461771385,0
267,41212,"[1, 2, 3, 5, 6, 10, 13, 15, 19, 22, 24]",4411,"[1, 2, 3, 5, 6, 9, 11, 12, 16, 19, 23]",37,0.7446808510638298,0
268,4231,"[1, 2, 3, 5, 6, 9, 11, 17, 19, 21, 23]",4411,"[1, 2, 3, 5, 6, 9, 11, 12, 16, 19, 23]",45,0.8067141403865717,0
269,4231,"[1, 2, 3, 5, 6, 9, 11, 17, 19, 21, 23]",4411,"[1, 2, 3, 5, 6, 9, 11, 12, 16, 19, 23]",71,0.7927677329624478,0
270,4231,"[1, 2, 3, 5, 6, 9, 11, 17, 19, 21, 23]",442,"[1, 2, 3, 5, 6, 9, 11, 12, 16, 22, 24]",0,0.6132286995515696,1
271,4231,"[1, 2, 3, 5, 6, 9, 11, 17, 19, 21, 23]",442,"[1, 2, 3, 5, 6, 9, 12, 15, 16, 22, 24]",68,0.3992673992673993,0
272,4231,"[1, 2, 3, 5, 6, 9, 11, 17, 19, 21, 23]",442,"[1, 2, 3, 5, 6, 9, 12, 15, 16, 22, 24]",77,0.358695652173913,0
273,4231,"[1, 2, 3, 5, 6, 9, 11, 17, 19, 21, 23]",433,"[1, 2, 3, 5, 6, 10, 13, 15, 17, 21, 23]",0,0.6104540251812285,2
274,4231,"[1, 2, 3, 5, 6, 9, 11, 17, 19, 21, 23]",433,"[1, 2, 3, 5, 6, 10, 13, 15, 17, 21, 23]",69,0.4473684210526316,-1
275,4231,"[1, 2, 3, 5, 6, 9, 11, 17, 19, 21, 23]",433,"[1, 2, 3, 5, 6, 10, 13, 15, 17, 21, 23]",75,0.484593837535014,0
276,343,"[1, 3, 4, 5, 7, 8, 9, 11, 17, 21, 23]",4141,"[1, 2, 3, 5, 6, 10, 12, 13, 15, 16, 23]",0,0.19921363040629095,-1
277,442,"[1, 2, 3, 5, 6, 9, 11, 12, 16, 22, 24]",4141,"[1, 2, 3, 5, 6, 10, 12, 13, 15, 16, 23]",66,0.26881720430107525,0
278,4141,"[1, 2, 3, 5, 6, 10, 12, 13, 15, 16, 23]",4231,"[1, 2, 3, 5, 6, 9, 11, 17, 19, 21, 23]",0,0.4801393728222996,0
279,3421,"[1, 3, 4, 5, 7, 8, 9, 11, 18, 20, 23]",3412,"[1, 3, 4, 5, 7, 8, 9, 11, 19, 22, 24]",0,0.5353356890459364,0
280,3421,"[1, 3, 4, 5, 7, 8, 9, 11, 18, 20, 23]",3412,"[1, 3, 4, 5, 7, 8, 9, 11, 19, 22, 24]",25,0.279651795429815,0
281,4231,"[1, 2, 3, 5, 6, 9, 11, 17, 19, 21, 23]",3412,"[1, 3, 4, 5, 7, 8, 9, 11, 19, 22, 24]",45,0.475,1
282,4411,"[1, 2, 3, 5, 6, 9, 11, 12, 16, 19, 23]",3412,"[1, 3, 4, 5, 7, 8, 9, 11, 19, 22, 24]",60,0.2892561983471074,0
283,4411,"[1, 2, 3, 5, 6, 9, 11, 12, 16, 19, 23]",3412,"[1, 3, 4, 5, 7, 8, 9, 11, 19, 22, 24]",69,0.328125,0
284,4411,"[1, 2, 3, 5, 6, 9, 11, 12, 16, 19, 23]",3412,"[1, 3, 4, 5, 7, 8, 9, 11, 19, 22, 24]",75,1.0,0
285,343,"[1, 3, 4, 5, 7, 8, 9, 11, 17, 21, 23]",3412,"[1, 3, 4, 5, 7, 8, 9, 11, 19, 22, 24]",75,0.10416666666666667,-1
286,343,"[1, 3, 4, 5, 7, 8, 9, 11, 17, 21, 23]",3421,"[1, 3, 4, 5, 7, 8, 9, 11, 18, 20, 23]",80,0.23430962343096234,1
287,4231,"[1, 2, 3, 5, 6, 9, 11, 17, 19, 21, 23]",4231,"[1, 2, 3, 5, 6, 9, 11, 17, 19, 21, 23]",0,0.5440931780366056,1
288,4231,"[1, 2, 3, 5, 6, 9, 11, 17, 19, 21, 23]",4231,"[1, 2, 3, 5, 6, 9, 11, 17, 19, 21, 23]",17,0.39737470167064437,0
289,4231,"[1, 2, 3, 5, 6, 9, 11, 17, 19, 21, 23]",4231,"[1, 2, 3, 5, 6, 9, 11, 17, 19, 21, 23]",45,0.4601593625498008,0
290,442,"[1, 2, 3, 5, 6, 9, 11, 12, 16, 22, 24]",4231,"[1, 2, 3, 5, 6, 9, 11, 17, 19, 21, 23]",59,0.5011990407673861,0
291,442,"[1, 2, 3, 5, 6, 9, 11, 12, 16, 22, 24]",4231,"[1, 2, 3, 5, 6, 9, 11, 17, 19, 21, 23]",77,0.8656716417910447,0
292,4231,"[1, 2, 3, 5, 6, 9, 11, 17, 19, 21, 23]",4231,"[1, 2, 3, 5, 6, 9, 11, 17, 19, 21, 23]",0,0.7034448327508737,1
293,4231,"[1, 2, 3, 5, 6, 9, 11, 17, 19, 21, 23]",4231,"[1, 2, 3, 5, 6, 9, 11, 17, 19, 21, 23]",45,0.7202702702702702,0
294,4231,"[1, 2, 3, 5, 6, 9, 11, 17, 19, 21, 23]",4411,"[1, 2, 3, 5, 6, 9, 11, 12, 16, 19, 23]",0,0.7273456295108259,0
295,4231,"[1, 2, 3, 5, 6, 9, 11, 17, 19, 21, 23]",4141,"[1, 2, 3, 5, 6, 10, 12, 13, 15, 16, 23]",26,0.6178489702517163,-1
296,4141,"[1, 2, 3, 5, 6, 10, 12, 13, 15, 16, 23]",343,"[1, 3, 4, 5, 7, 8, 9, 11, 17, 21, 23]",0,0.797180043383948,1
297,4141,"[1, 2, 3, 5, 6, 10, 12, 13, 15, 16, 23]",343,"[1, 3, 4, 5, 7, 8, 9, 11, 17, 21, 23]",20,0.8459657701711492,1
298,4141,"[1, 2, 3, 5, 6, 10, 12, 13, 15, 16, 23]",433,"[1, 2, 3, 5, 6, 10, 13, 15, 17, 21, 23]",45,0.8758620689655172,0
299,4141,"[1, 2, 3, 5, 6, 10, 12, 13, 15, 16, 23]",433,"[1, 2, 3, 5, 6, 10, 13, 15, 17, 21, 23]",57,0.7293447293447294,1
300,4141,"[1, 2, 3, 5, 6, 10, 12, 13, 15, 16, 23]",433,"[1, 2, 3, 5, 6, 10, 13, 15, 17, 21, 23]",65,0.7776298268974701,0
301,343,"[1, 3, 4, 5, 7, 8, 9, 11, 17, 21, 23]",433,"[1, 2, 3, 5, 6, 10, 13, 15, 17, 21, 23]",0,0.6934441366574331,0
302,343,"[1, 3, 4, 5, 7, 8, 9, 11, 17, 21, 23]",433,"[1, 2, 3, 5, 6, 10, 13, 15, 17, 21, 23]",20,0.7246127366609294,1
303,343,"[1, 3, 4, 5, 7, 8, 9, 11, 17, 21, 23]",433,"[1, 2, 3, 5, 6, 10, 13, 15, 17, 21, 23]",45,0.19148936170212766,0
304,343,"[1, 3, 4, 5, 7, 8, 9, 11, 17, 21, 23]",433,"[1, 2, 3, 5, 6, 10, 13, 15, 17, 21, 23]",45,0.6494845360824743,1
305,343,"[1, 3, 4, 5, 7, 8, 9, 11, 17, 21, 23]",4231,"[1, 2, 3, 5, 6, 9, 11, 17, 19, 21, 23]",54,0.6021505376344086,0
306,343,"[1, 3, 4, 5, 7, 8, 9, 11, 17, 21, 23]",4231,"[1, 2, 3, 5, 6, 9, 11, 17, 19, 21, 23]",58,0.632890365448505,0
307,442,"[1, 2, 3, 5, 6, 9, 11, 12, 16, 22, 24]",4231,"[1, 2, 3, 5, 6, 9, 11, 17, 19, 21, 23]",71,0.4359925788497217,1
308,4411,"[1, 2, 3, 5, 6, 9, 11, 12, 16, 19, 23]",4231,"[1, 2, 3, 5, 6, 9, 11, 17, 19, 21, 23]",0,0.39438339438339437,1
309,4411,"[1, 2, 3, 5, 6, 9, 11, 12, 16, 19, 23]",4231,"[1, 2, 3, 5, 6, 9, 11, 17, 19, 21, 23]",22,0.4536082474226804,1
310,4411,"[1, 2, 3, 5, 6, 9, 11, 12, 16, 19, 23]",4231,"[1, 2, 3, 5, 6, 9, 11, 17, 19, 21, 23]",45,0.2459546925566343,0
311,4411,"[1, 2, 3, 5, 6, 9, 11, 12, 16, 19, 23]",4231,"[1, 2, 3, 5, 6, 9, 11, 17, 19, 21, 23]",55,0.2448210922787194,-1
312,4411,"[1, 2, 3, 5, 6, 9, 11, 12, 16, 19, 23]",4231,"[1, 2, 3, 5, 6, 9, 11, 17, 19, 21, 23]",70,0.39901477832512317,0
313,4411,"[1, 2, 3, 5, 6, 9, 11, 12, 16, 19, 23]",4231,"[1, 2, 3, 5, 6, 9, 11, 17, 19, 21, 23]",80,0.46236559139784944,0
314,4411,"[1, 2, 3, 5, 6, 9, 11, 12, 16, 19, 23]",4231,"[1, 2, 3, 5, 6, 9, 11, 17, 19, 21, 23]",86,1.0,0
315,433,"[1, 2, 3, 5, 6, 10, 13, 15, 17, 21, 23]",433,"[1, 2, 3, 5, 6, 10, 13, 15, 17, 21, 23]",0,0.44761904761904764,1
316,433,"[1, 2, 3, 5, 6, 10, 13, 15, 17, 21, 23]",433,"[1, 2, 3, 5, 6, 10, 13, 15, 17, 21, 23]",55,0.676056338028169,0
317,433,"[1, 2, 3, 5, 6, 10, 13, 15, 17, 21, 23]",433,"[1, 2, 3, 5, 6, 10, 13, 15, 17, 21, 23]",59,0.2363238512035011,0
318,433,"[1, 2, 3, 5, 6, 10, 13, 15, 17, 21, 23]",442,"[1, 2, 3, 5, 6, 9, 11, 12, 16, 22, 24]",70,0.2631578947368421,0
319,433,"[1, 2, 3, 5, 6, 10, 13, 15, 17, 21, 23]",4141,"[1, 2, 3, 5, 6, 10, 12, 13, 15, 16, 23]",0,0.5034791252485089,2
320,433,"[1, 2, 3, 5, 6, 10, 13, 15, 17, 21, 23]",41212,"[1, 2, 3, 5, 6, 10, 13, 15, 19, 22, 24]",65,0.43775100401606426,0
321,4231,"[1, 2, 3, 5, 6, 9, 11, 17, 19, 21, 23]",4231,"[1, 2, 3, 5, 6, 9, 11, 17, 19, 21, 23]",0,0.47642215568862273,2
322,4231,"[1, 2, 3, 5, 6, 9, 11, 17, 19, 21, 23]",41212,"[1, 2, 3, 5, 6, 10, 13, 15, 19, 22, 24]",68,0.5796178343949044,0
323,4231,"[1, 2, 3, 5, 6, 9, 11, 17, 19, 21, 23]",4411,"[1, 2, 3, 5, 6, 9, 11, 12, 16, 19, 23]",0,0.5940779610194903,1
324,4231,"[1, 2, 3, 5, 6, 9, 11, 17, 19, 21, 23]",4411,"[1, 2, 3, 5, 6, 9, 11, 12, 16, 19, 23]",67,0.5578358208955224,1
325,4231,"[1, 2, 3, 5, 6, 9, 11, 17, 19, 21, 23]",4411,"[1, 2, 3, 5, 6, 9, 11, 12, 16, 19, 23]",79,0.07894736842105263,0
326,4231,"[1, 2, 3, 5, 6, 9, 11, 17, 19, 21, 23]",4411,"[1, 2, 3, 5, 6, 9, 11, 12, 16, 19, 23]",0,0.668918918918919,0
327,4231,"[1, 2, 3, 5, 6, 9, 11, 17, 19, 21, 23]",4411,"[1, 2, 3, 5, 6, 9, 11, 12, 16, 19, 23]",56,0.5272727272727272,0
328,343,"[1, 3, 4, 5, 7, 8, 9, 11, 17, 21, 23]",4231,"[1, 2, 3, 5, 6, 9, 11, 17, 19, 21, 23]",0,0.364551863041289,0
329,4231,"[1, 2, 3, 5, 6, 9, 11, 17, 19, 21, 23]",4231,"[1, 2, 3, 5, 6, 9, 11, 17, 19, 21, 23]",0,0.4583632447954056,-1
330,442,"[1, 2, 3, 5, 6, 9, 11, 12, 16, 22, 24]",4231,"[1, 2, 3, 5, 6, 9, 11, 17, 19, 21, 23]",70,0.41450777202072536,-1
331,41212,"[1, 2, 3, 5, 6, 10, 13, 15, 19, 22, 24]",433,"[1, 2, 3, 5, 6, 10, 13, 15, 17, 21, 23]",0,0.6533742331288344,-1
332,41212,"[1, 2, 3, 5, 6, 10, 13, 15, 19, 22, 24]",433,"[1, 2, 3, 5, 6, 10, 13, 15, 17, 21, 23]",45,0.7519582245430809,0
333,41212,"[1, 2, 3, 5, 6, 10, 13, 15, 19, 22, 24]",433,"[1, 2, 3, 5, 6, 10, 13, 15, 17, 21, 23]",55,0.6016260162601627,1
334,41212,"[1, 2, 3, 5, 6, 10, 13, 15, 19, 22, 24]",433,"[1, 2, 3, 5, 6, 10, 13, 15, 17, 21, 23]",69,0.6911764705882353,0
335,4231,"[1, 2, 3, 5, 6, 9, 11, 17, 19, 21, 23]",4231,"[1, 2, 3, 5, 6, 9, 11, 17, 19, 21, 23]",0,0.4832992501704158,2
336,4411,"[1, 2, 3, 5, 6, 9, 11, 12, 16, 19, 23]",442,"[1, 2, 3, 5, 6, 9, 11, 12, 16, 22, 24]",0,0.44725457570715477,2
337,4411,"[1, 2, 3, 5, 6, 9, 11, 12, 16, 19, 23]",442,"[1, 2, 3, 5, 6, 9, 11, 12, 16, 22, 24]",69,0.6606060606060606,0
338,4141,"[1, 2, 3, 5, 6, 10, 12, 13, 15, 16, 23]",352,"[1, 3, 4, 5, 7, 8, 10, 13, 15, 22, 24]",0,0.5130368098159509,1
339,4141,"[1, 2, 3, 5, 6, 10, 12, 13, 15, 16, 23]",433,"[1, 2, 3, 5, 6, 10, 13, 15, 17, 21, 23]",34,0.27842227378190254,1
340,4141,"[1, 2, 3, 5, 6, 10, 12, 13, 15, 16, 23]",433,"[1, 2, 3, 5, 6, 10, 13, 15, 17, 21, 23]",45,0.0,0
341,4141,"[1, 2, 3, 5, 6, 10, 12, 13, 15, 16, 23]",4231,"[1, 2, 3, 5, 6, 9, 11, 17, 19, 21, 23]",45,0.3201581027667984,1
342,433,"[1, 2, 3, 5, 6, 10, 13, 15, 17, 21, 23]",343,"[1, 3, 4, 5, 7, 8, 9, 11, 17, 21, 23]",0,0.5982996811902231,2
343,433,"[1, 2, 3, 5, 6, 10, 13, 15, 17, 21, 23]",433,"[1, 2, 3, 5, 6, 10, 13, 15, 17, 21, 23]",19,0.3809082483781279,-1
344,433,"[1, 2, 3, 5, 6, 10, 13, 15, 17, 21, 23]",442,"[1, 2, 3, 5, 6, 9, 11, 12, 16, 22, 24]",45,0.4711864406779661,0
345,433,"[1, 2, 3, 5, 6, 10, 13, 15, 17, 21, 23]",442,"[1, 2, 3, 5, 6, 9, 11, 12, 16, 22, 24]",67,0.3049645390070922,0
346,4141,"[1, 2, 3, 5, 6, 10, 12, 13, 15, 16, 23]",3421,"[1, 3, 4, 5, 7, 8, 9, 11, 18, 20, 23]",0,0.792004048582996,-1
347,4141,"[1, 2, 3, 5, 6, 10, 12, 13, 15, 16, 23]",3421,"[1, 3, 4, 5, 7, 8, 9, 11, 18, 20, 23]",45,0.7087719298245614,0
348,4141,"[1, 2, 3, 5, 6, 10, 12, 13, 15, 16, 23]",3421,"[1, 3, 4, 5, 7, 8, 9, 11, 18, 20, 23]",50,0.8964803312629399,0
349,4141,"[1, 2, 3, 5, 6, 10, 12, 13, 15, 16, 23]",3421,"[1, 3, 4, 5, 7, 8, 9, 11, 18, 20, 23]",59,0.819371727748691,1
350,4231,"[1, 2, 3, 5, 6, 9, 11, 17, 19, 21, 23]",4231,"[1, 2, 3, 5, 6, 9, 11, 17, 19, 21, 23]",0,0.7120954003407155,0
351,4231,"[1, 2, 3, 5, 6, 9, 11, 17, 19, 21, 23]",4411,"[1, 2, 3, 5, 6, 9, 11, 12, 16, 19, 23]",45,0.6727941176470589,2
352,4231,"[1, 2, 3, 5, 6, 9, 11, 17, 19, 21, 23]",4411,"[1, 2, 3, 5, 6, 9, 11, 12, 16, 19, 23]",83,0.2647058823529412,0
353,4231,"[1, 2, 3, 5, 6, 9, 11, 17, 19, 21, 23]",4141,"[1, 2, 3, 5, 6, 10, 12, 13, 15, 16, 23]",0,0.565947242206235,-1
354,4231,"[1, 2, 3, 5, 6, 9, 11, 17, 19, 21, 23]",4141,"[1, 2, 3, 5, 6, 10, 12, 13, 15, 16, 23]",10,0.5146443514644351,0
355,4231,"[1, 2, 3, 5, 6, 9, 11, 17, 19, 21, 23]",4141,"[1, 2, 3, 5, 6, 10, 12, 13, 15, 16, 23]",21,0.7445414847161572,0
356,4231,"[1, 2, 3, 5, 6, 9, 11, 17, 19, 21, 23]",4141,"[1, 2, 3, 5, 6, 10, 12, 13, 15, 16, 23]",34,0.7347480106100795,0
357,4231,"[1, 2, 3, 5, 6, 9, 11, 17, 19, 21, 23]",4141,"[1, 2, 3, 5, 6, 10, 12, 13, 15, 16, 23]",45,0.7650602409638554,-1
358,4231,"[1, 2, 3, 5, 6, 9, 11, 17, 19, 21, 23]",4141,"[1, 2, 3, 5, 6, 10, 12, 13, 15, 16, 23]",58,0.49707602339181284,-1
359,4231,"[1, 2, 3, 5, 6, 9, 11, 17, 19, 21, 23]",4141,"[1, 2, 3, 5, 6, 10, 12, 13, 15, 16, 23]",65,0.7611940298507462,0
360,4231,"[1, 2, 3, 5, 6, 9, 11, 17, 19, 21, 23]",4141,"[1, 2, 3, 5, 6, 10, 12, 13, 15, 16, 23]",66,0.5736301369863014,0
361,3412,"[1, 3, 4, 5, 7, 8, 9, 11, 19, 22, 24]",4141,"[1, 2, 3, 5, 6, 10, 12, 13, 15, 16, 23]",0,0.6462018730489074,1
362,3412,"[1, 3, 4, 5, 7, 8, 9, 11, 19, 22, 24]",4231,"[1, 2, 3, 5, 6, 9, 11, 17, 19, 21, 23]",45,0.5425904317386231,1
363,3412,"[1, 3, 4, 5, 7, 8, 9, 11, 19, 22, 24]",4141,"[1, 2, 3, 5, 6, 10, 12, 13, 15, 16, 23]",66,0.04,0
364,3412,"[1, 3, 4, 5, 7, 8, 9, 11, 19, 22, 24]",4141,"[1, 2, 3, 5, 6, 10, 12, 13, 15, 16, 23]",66,0.5170340681362725,1
365,442,"[1, 2, 3, 5, 6, 9, 11, 12, 16, 22, 24]",4231,"[1, 2, 3, 5, 6, 9, 11, 17, 19, 21, 23]",0,0.5337039610840861,0
366,442,"[1, 2, 3, 5, 6, 9, 11, 12, 16, 22, 24]",4231,"[1, 2, 3, 5, 6, 9, 11, 17, 19, 21, 23]",34,0.3909952606635071,0
367,442,"[1, 2, 3, 5, 6, 9, 11, 12, 16, 22, 24]",4231,"[1, 2, 3, 5, 6, 9, 11, 17, 19, 21, 23]",45,0.6098159509202454,1
368,442,"[1, 2, 3, 5, 6, 9, 11, 12, 16, 22, 24]",4231,"[1, 2, 3, 5, 6, 9, 11, 17, 19, 21, 23]",67,0.42492917847025496,1
369,442,"[1, 2, 3, 5, 6, 9, 11, 12, 16, 22, 24]",4231,"[1, 2, 3, 5, 6, 9, 11, 17, 19, 21, 23]",78,0.5,0
370,433,"[1, 2, 3, 5, 6, 10, 13, 15, 17, 21, 23]",4231,"[1, 2, 3, 5, 6, 9, 11, 17, 19, 21, 23]",0,0.4963747908533185,0
371,4411,"[1, 2, 3, 5, 6, 9, 11, 12, 16, 19, 23]",41212,"[1, 2, 3, 5, 6, 10, 13, 15, 19, 22, 24]",0,0.3354506957047792,-2
372,433,"[1, 2, 3, 5, 6, 10, 13, 15, 17, 21, 23]",4231,"[1, 2, 3, 5, 6, 9, 11, 17, 19, 21, 23]",0,0.6582587469487388,0
373,433,"[1, 2, 3, 5, 6, 10, 13, 15, 17, 21, 23]",4231,"[1, 2, 3, 5, 6, 9, 11, 17, 19, 21, 23]",31,0.0,0
374,433,"[1, 2, 3, 5, 6, 10, 13, 15, 17, 21, 23]",4231,"[1, 2, 3, 5, 6, 9, 11, 17, 19, 21, 23]",32,0.689922480620155,1
375,433,"[1, 2, 3, 5, 6, 10, 13, 15, 17, 21, 23]",4231,"[1, 2, 3, 5, 6, 9, 11, 17, 19, 21, 23]",35,0.5869017632241813,0
376,433,"[1, 2, 3, 5, 6, 10, 13, 15, 17, 21, 23]",4231,"[1, 2, 3, 5, 6, 9, 11, 17, 19, 21, 23]",45,0.5,0
377,433,"[1, 2, 3, 5, 6, 10, 13, 15, 17, 21, 23]",442,"[1, 2, 3, 5, 6, 9, 11, 12, 16, 22, 24]",58,0.5873873873873874,-1
378,433,"[1, 2, 3, 5, 6, 10, 13, 15, 17, 21, 23]",442,"[1, 2, 3, 5, 6, 9, 11, 12, 16, 22, 24]",74,0.4052863436123348,0
379,442,"[1, 2, 3, 5, 6, 9, 11, 12, 16, 22, 24]",41212,"[1, 2, 3, 5, 6, 10, 13, 15, 19, 22, 24]",0,0.3157199471598415,-1
380,442,"[1, 2, 3, 5, 6, 9, 11, 12, 16, 22, 24]",41212,"[1, 2, 3, 5, 6, 10, 13, 15, 19, 22, 24]",45,0.3791208791208791,0
381,442,"[1, 2, 3, 5, 6, 9, 11, 12, 16, 22, 24]",41212,"[1, 2, 3, 5, 6, 10, 13, 15, 19, 22, 24]",51,0.3658823529411765,-3
382,442,"[1, 2, 3, 5, 6, 9, 11, 12, 16, 22, 24]",4411,"[1, 2, 3, 5, 6, 9, 11, 12, 16, 19, 23]",72,0.4507042253521127,0
383,41212,"[1, 2, 3, 5, 6, 10, 13, 15, 19, 22, 24]",4231,"[1, 2, 3, 5, 6, 9, 11, 17, 19, 21, 23]",0,0.48601583113456465,0
384,41212,"[1, 2, 3, 5, 6, 10, 13, 15, 19, 22, 24]",4231,"[1, 2, 3, 5, 6, 9, 11, 17, 19, 21, 23]",45,0.46770601336302897,0
385,41212,"[1, 2, 3, 5, 6, 10, 13, 15, 19, 22, 24]",4231,"[1, 2, 3, 5, 6, 9, 11, 17, 19, 21, 23]",67,0.2803030303030303,0
386,4231,"[1, 2, 3, 5, 6, 9, 11, 17, 19, 21, 23]",3412,"[1, 3, 4, 5, 7, 8, 9, 11, 19, 22, 24]",0,0.7475862068965518,-1
387,433,"[1, 2, 3, 5, 6, 10, 13, 15, 17, 21, 23]",3412,"[1, 3, 4, 5, 7, 8, 9, 11, 19, 22, 24]",45,0.6041666666666666,0
388,433,"[1, 2, 3, 5, 6, 10, 13, 15, 17, 21, 23]",3412,"[1, 3, 4, 5, 7, 8, 9, 11, 19, 22, 24]",57,0.9188811188811189,0
389,4411,"[1, 2, 3, 5, 6, 9, 11, 12, 16, 19, 23]",4231,"[1, 2, 3, 5, 6, 9, 11, 17, 19, 21, 23]",0,0.44486098094345516,2
390,4231,"[1, 2, 3, 5, 6, 9, 11, 17, 19, 21, 23]",442,"[1, 2, 3, 5, 6, 9, 11, 12, 16, 22, 24]",0,0.46307023895727734,0
391,4231,"[1, 2, 3, 5, 6, 9, 11, 17, 19, 21, 23]",442,"[1, 2, 3, 5, 6, 9, 11, 12, 16, 22, 24]",63,0.6290143964562569,0
392,4231,"[1, 2, 3, 5, 6, 9, 11, 17, 19, 21, 23]",433,"[1, 2, 3, 5, 6, 10, 13, 15, 17, 21, 23]",0,0.46790890269151136,1
393,4231,"[1, 2, 3, 5, 6, 9, 11, 17, 19, 21, 23]",433,"[1, 2, 3, 5, 6, 10, 13, 15, 17, 21, 23]",45,0.4427570093457944,-1
394,4141,"[1, 2, 3, 5, 6, 10, 12, 13, 15, 16, 23]",442,"[1, 2, 3, 5, 6, 9, 11, 12, 16, 22, 24]",0,0.5603621730382293,0
395,4231,"[1, 2, 3, 5, 6, 9, 11, 17, 19, 21, 23]",4141,"[1, 2, 3, 5, 6, 10, 12, 13, 15, 16, 23]",0,0.30693912303107707,0
396,4231,"[1, 2, 3, 5, 6, 9, 11, 17, 19, 21, 23]",4141,"[1, 2, 3, 5, 6, 10, 12, 13, 15, 16, 23]",55,0.43103448275862066,-1
397,4231,"[1, 2, 3, 5, 6, 9, 11, 17, 19, 21, 23]",4141,"[1, 2, 3, 5, 6, 10, 12, 13, 15, 16, 23]",72,0.25961538461538464,-1
398,4231,"[1, 2, 3, 5, 6, 9, 11, 17, 19, 21, 23]",4141,"[1, 2, 3, 5, 6, 10, 12, 13, 15, 16, 23]",83,0.14444444444444443,0
399,3421,"[1, 3, 4, 5, 7, 8, 9, 11, 18, 20, 23]",442,"[1, 2, 3, 5, 6, 9, 11, 12, 16, 22, 24]",0,0.3710045662100457,-1
400,4411,"[1, 2, 3, 5, 6, 9, 11, 12, 16, 19, 23]",442,"[1, 2, 3, 5, 6, 9, 11, 12, 16, 22, 24]",45,0.43664717348927873,0
401,442,"[1, 2, 3, 5, 6, 9, 11, 12, 16, 22, 24]",442,"[1, 2, 3, 5, 6, 9, 11, 12, 16, 22, 24]",60,0.764367816091954,0
402,4231,"[1, 2, 3, 5, 6, 9, 11, 17, 19, 21, 23]",4141,"[1, 2, 3, 5, 6, 10, 12, 13, 15, 16, 23]",0,0.47143412359113873,1
403,4231,"[1, 2, 3, 5, 6, 9, 11, 17, 19, 21, 23]",41212,"[1, 2, 3, 5, 6, 10, 13, 15, 19, 22, 24]",72,0.0,-1
404,4231,"[1, 2, 3, 5, 6, 9, 11, 17, 19, 21, 23]",41212,"[1, 2, 3, 5, 6, 10, 13, 15, 19, 22, 24]",73,0.44266666666666665,0
405,4141,"[1, 2, 3, 5, 6, 10, 12, 13, 15, 16, 23]",4231,"[1, 2, 3, 5, 6, 9, 11, 17, 19, 21, 23]",0,0.4319371727748691,-1
406,41212,"[1, 2, 3, 5, 6, 10, 13, 15, 19, 22, 24]",4231,"[1, 2, 3, 5, 6, 9, 11, 17, 19, 21, 23]",45,0.0,0
407,41212,"[1, 2, 3, 5, 6, 10, 13, 15, 19, 22, 24]",4231,"[1, 2, 3, 5, 6, 9, 11, 17, 19, 21, 23]",45,0.4853273137697517,0
408,41212,"[1, 2, 3, 5, 6, 10, 13, 15, 19, 22, 24]",4231,"[1, 2, 3, 5, 6, 9, 11, 17, 19, 21, 23]",71,0.6852791878172588,0
409,41212,"[1, 2, 3, 5, 6, 10, 13, 15, 19, 22, 24]",4231,"[1, 2, 3, 5, 6, 9, 11, 17, 19, 21, 23]",81,0.3333333333333333,0
410,4141,"[1, 2, 3, 5, 6, 10, 12, 13, 15, 16, 23]",4411,"[1, 2, 3, 5, 6, 9, 11, 12, 16, 19, 23]",0,0.7730120481927711,0
411,4141,"[1, 2, 3, 5, 6, 10, 12, 13, 15, 16, 23]",4411,"[1, 2, 3, 5, 6, 9, 11, 12, 16, 19, 23]",52,0.854289071680376,1
412,433,"[1, 2, 3, 5, 6, 10, 13, 15, 17, 21, 23]",442,"[1, 2, 3, 5, 6, 9, 11, 12, 16, 22, 24]",0,0.5227348157982078,2
413,433,"[1, 2, 3, 5, 6, 10, 13, 15, 17, 21, 23]",442,"[1, 2, 3, 5, 6, 9, 11, 12, 16, 22, 24]",77,0.20689655172413793,-1
414,433,"[1, 2, 3, 5, 6, 10, 13, 15, 17, 21, 23]",3511,"[1, 3, 4, 5, 7, 8, 10, 13, 15, 19, 23]",85,0.29245283018867924,0
415,442,"[1, 2, 3, 5, 6, 9, 11, 12, 16, 22, 24]",442,"[1, 2, 3, 5, 6, 9, 11, 12, 16, 22, 24]",0,0.5102781136638452,0
416,442,"[1, 2, 3, 5, 6, 9, 11, 12, 16, 22, 24]",4231,"[1, 2, 3, 5, 6, 9, 11, 17, 19, 21, 23]",0,0.6407369498464688,1
417,442,"[1, 2, 3, 5, 6, 9, 11, 12, 16, 22, 24]",4231,"[1, 2, 3, 5, 6, 9, 11, 17, 19, 21, 23]",45,0.5186074429771909,0
418,442,"[1, 2, 3, 5, 6, 9, 11, 12, 16, 22, 24]",4231,"[1, 2, 3, 5, 6, 9, 11, 17, 19, 21, 23]",65,0.5257352941176471,0
419,433,"[1, 2, 3, 5, 6, 10, 13, 15, 17, 21, 23]",4231,"[1, 2, 3, 5, 6, 9, 11, 17, 19, 21, 23]",0,0.4490075290896646,1
420,433,"[1, 2, 3, 5, 6, 10, 13, 15, 17, 21, 23]",4231,"[1, 2, 3, 5, 6, 9, 11, 17, 19, 21, 23]",45,0.4505327245053272,0
421,433,"[1, 2, 3, 5, 6, 10, 13, 15, 17, 21, 23]",41212,"[1, 2, 3, 5, 6, 10, 13, 15, 19, 22, 24]",65,0.31211498973305957,0
422,4231,"[1, 2, 3, 5, 6, 9, 11, 17, 19, 21, 23]",4231,"[1, 2, 3, 5, 6, 9, 11, 17, 19, 21, 23]",0,0.5055292259083728,0
423,4231,"[1, 2, 3, 5, 6, 9, 11, 17, 19, 21, 23]",4231,"[1, 2, 3, 5, 6, 9, 11, 17, 19, 21, 23]",45,0.38073394495412843,0
424,4231,"[1, 2, 3, 5, 6, 9, 11, 17, 19, 21, 23]",4231,"[1, 2, 3, 5, 6, 9, 11, 17, 19, 21, 23]",67,0.48014440433212996,0
425,4231,"[1, 2, 3, 5, 6, 9, 11, 17, 19, 21, 23]",4231,"[1, 2, 3, 5, 6, 9, 11, 17, 19, 21, 23]",79,0.0,0
426,4231,"[1, 2, 3, 5, 6, 9, 11, 17, 19, 21, 23]",442,"[1, 2, 3, 5, 6, 9, 11, 12, 16, 22, 24]",0,0.4957683741648107,1
427,4231,"[1, 2, 3, 5, 6, 9, 11, 17, 19, 21, 23]",442,"[1, 2, 3, 5, 6, 9, 11, 12, 16, 22, 24]",57,0.5892018779342723,0
428,4231,"[1, 2, 3, 5, 6, 9, 11, 17, 19, 21, 23]",442,"[1, 2, 3, 5, 6, 9, 11, 12, 16, 22, 24]",66,0.3174311926605505,0
429,4231,"[1, 2, 3, 5, 6, 9, 11, 17, 19, 21, 23]",442,"[1, 2, 3, 5, 6, 9, 11, 12, 16, 22, 24]",78,0.19318181818181818,0
430,4231,"[1, 2, 3, 5, 6, 9, 11, 17, 19, 21, 23]",442,"[1, 2, 3, 5, 6, 9, 11, 12, 16, 22, 24]",87,0.06666666666666667,0
431,4231,"[1, 2, 3, 5, 6, 9, 11, 17, 19, 21, 23]",4141,"[1, 2, 3, 5, 6, 10, 12, 13, 15, 16, 23]",0,0.2892527287993283,-1
432,4231,"[1, 2, 3, 5, 6, 9, 11, 17, 19, 21, 23]",4141,"[1, 2, 3, 5, 6, 10, 12, 13, 15, 16, 23]",56,0.3172268907563025,-1
433,4141,"[1, 2, 3, 5, 6, 10, 12, 13, 15, 16, 23]",4141,"[1, 2, 3, 5, 6, 10, 12, 13, 15, 16, 23]",70,0.23076923076923078,-1
434,4411,"[1, 2, 3, 5, 6, 9, 11, 12, 16, 19, 23]",442,"[1, 2, 3, 5, 6, 9, 11, 12, 16, 22, 24]",0,0.37281237281237284,-1
435,442,"[1, 2, 3, 5, 6, 9, 11, 12, 16, 22, 24]",442,"[1, 2, 3, 5, 6, 9, 11, 12, 16, 22, 24]",80,1.0,0
436,4141,"[1, 2, 3, 5, 6, 10, 12, 13, 15, 16, 23]",3412,"[1, 3, 4, 5, 7, 8, 9, 11, 19, 22, 24]",0,0.5257548845470693,0
437,4141,"[1, 2, 3, 5, 6, 10, 12, 13, 15, 16, 23]",3412,"[1, 3, 4, 5, 7, 8, 9, 11, 19, 22, 24]",45,0.0,0
438,4231,"[1, 2, 3, 5, 6, 9, 11, 17, 19, 21, 23]",3412,"[1, 3, 4, 5, 7, 8, 9, 11, 19, 22, 24]",45,0.4552332912988651,0
439,4231,"[1, 2, 3, 5, 6, 9, 11, 17, 19, 21, 23]",3412,"[1, 3, 4, 5, 7, 8, 9, 11, 19, 22, 24]",65,0.5065176908752328,0
440,433,"[1, 2, 3, 5, 6, 10, 13, 15, 17, 21, 23]",4141,"[1, 2, 3, 5, 6, 10, 12, 13, 15, 16, 23]",0,0.732943469785575,0
441,433,"[1, 2, 3, 5, 6, 10, 13, 15, 17, 21, 23]",4141,"[1, 2, 3, 5, 6, 10, 12, 13, 15, 16, 23]",22,0.7495327102803738,0
442,433,"[1, 2, 3, 5, 6, 10, 13, 15, 17, 21, 23]",4141,"[1, 2, 3, 5, 6, 10, 12, 13, 15, 16, 23]",45,0.6688470973017171,1
443,4141,"[1, 2, 3, 5, 6, 10, 12, 13, 15, 16, 23]",4411,"[1, 2, 3, 5, 6, 9, 11, 12, 16, 19, 23]",0,0.5405932864949259,1
444,4141,"[1, 2, 3, 5, 6, 10, 12, 13, 15, 16, 23]",442,"[1, 2, 3, 5, 6, 9, 11, 12, 16, 22, 24]",60,0.43167305236270753,1
445,3421,"[1, 3, 4, 5, 7, 8, 9, 11, 18, 20, 23]",4141,"[1, 2, 3, 5, 6, 10, 12, 13, 15, 16, 23]",0,0.4386973180076628,0
446,3421,"[1, 3, 4, 5, 7, 8, 9, 11, 18, 20, 23]",4141,"[1, 2, 3, 5, 6, 10, 12, 13, 15, 16, 23]",12,0.38557993730407525,0
447,442,"[1, 2, 3, 5, 6, 9, 11, 12, 16, 22, 24]",4141,"[1, 2, 3, 5, 6, 10, 12, 13, 15, 16, 23]",29,0.52516010978957,1
448,442,"[1, 2, 3, 5, 6, 9, 11, 12, 16, 22, 24]",442,"[1, 2, 3, 5, 6, 9, 11, 12, 16, 22, 24]",59,0.2914285714285714,1
449,4411,"[1, 2, 3, 5, 6, 9, 11, 12, 16, 19, 23]",442,"[1, 2, 3, 5, 6, 9, 11, 12, 16, 22, 24]",76,0.3063583815028902,0
450,4231,"[1, 2, 3, 5, 6, 9, 11, 17, 19, 21, 23]",4231,"[1, 2, 3, 5, 6, 9, 11, 17, 19, 21, 23]",0,0.4451238153469887,1
451,4231,"[1, 2, 3, 5, 6, 9, 11, 17, 19, 21, 23]",4411,"[1, 2, 3, 5, 6, 9, 11, 12, 16, 19, 23]",0,0.7143547607539874,-1
452,352,"[1, 3, 4, 5, 7, 8, 10, 13, 15, 22, 24]",4411,"[1, 2, 3, 5, 6, 9, 11, 12, 16, 19, 23]",54,0.7552870090634441,0
453,433,"[1, 2, 3, 5, 6, 10, 13, 15, 17, 21, 23]",4231,"[1, 2, 3, 5, 6, 9, 11, 17, 19, 21, 23]",0,0.4341652323580034,0
454,4411,"[1, 2, 3, 5, 6, 9, 11, 12, 16, 19, 23]",433,"[1, 2, 3, 5, 6, 10, 13, 15, 17, 21, 23]",0,0.48337950138504154,0
455,4411,"[1, 2, 3, 5, 6, 9, 11, 12, 16, 19, 23]",433,"[1, 2, 3, 5, 6, 10, 13, 15, 17, 21, 23]",34,0.2709251101321586,0
456,4411,"[1, 2, 3, 5, 6, 9, 11, 12, 16, 19, 23]",433,"[1, 2, 3, 5, 6, 10, 13, 15, 17, 21, 23]",45,0.2111368909512761,0
457,4411,"[1, 2, 3, 5, 6, 9, 11, 12, 16, 19, 23]",433,"[1, 2, 3, 5, 6, 10, 13, 15, 17, 21, 23]",55,0.3082191780821918,0
458,4411,"[1, 2, 3, 5, 6, 9, 11, 12, 16, 19, 23]",433,"[1, 2, 3, 5, 6, 10, 13, 15, 17, 21, 23]",65,0.20123839009287925,0
459,4411,"[1, 2, 3, 5, 6, 9, 11, 12, 16, 19, 23]",433,"[1, 2, 3, 5, 6, 10, 13, 15, 17, 21, 23]",72,0.0,0
460,4411,"[1, 2, 3, 5, 6, 9, 11, 12, 16, 19, 23]",4231,"[1, 2, 3, 5, 6, 9, 11, 17, 19, 21, 23]",72,0.256857855361596,0
461,41212,"[1, 2, 3, 5, 6, 10, 13, 15, 19, 22, 24]",4231,"[1, 2, 3, 5, 6, 9, 11, 17, 19, 21, 23]",0,0.5009502090459901,-1
462,41212,"[1, 2, 3, 5, 6, 10, 13, 15, 19, 22, 24]",4231,"[1, 2, 3, 5, 6, 9, 11, 17, 19, 21, 23]",63,0.8675496688741722,0
463,41212,"[1, 2, 3, 5, 6, 10, 13, 15, 19, 22, 24]",4231,"[1, 2, 3, 5, 6, 9, 11, 17, 19, 21, 23]",67,0.7721238938053098,0
464,4231,"[1, 2, 3, 5, 6, 9, 11, 17, 19, 21, 23]",4141,"[1, 2, 3, 5, 6, 10, 12, 13, 15, 16, 23]",0,0.5330163761225568,-2
465,4231,"[1, 2, 3, 5, 6, 9, 11, 17, 19, 21, 23]",4231,"[1, 2, 3, 5, 6, 9, 11, 17, 19, 21, 23]",45,0.0,0
466,4231,"[1, 2, 3, 5, 6, 9, 11, 17, 19, 21, 23]",4231,"[1, 2, 3, 5, 6, 9, 11, 17, 19, 21, 23]",45,0.7021531100478469,0
467,4231,"[1, 2, 3, 5, 6, 9, 11, 17, 19, 21, 23]",4141,"[1, 2, 3, 5, 6, 10, 12, 13, 15, 16, 23]",66,0.6786570743405276,-1
468,4231,"[1, 2, 3, 5, 6, 9, 11, 17, 19, 21, 23]",4141,"[1, 2, 3, 5, 6, 10, 12, 13, 15, 16, 23]",0,0.5072243346007604,2
469,4231,"[1, 2, 3, 5, 6, 9, 11, 17, 19, 21, 23]",4141,"[1, 2, 3, 5, 6, 10, 12, 13, 15, 16, 23]",35,0.4675324675324675,0
470,4231,"[1, 2, 3, 5, 6, 9, 11, 17, 19, 21, 23]",4231,"[1, 2, 3, 5, 6, 9, 11, 17, 19, 21, 23]",45,0.33799237611181704,0
471,442,"[1, 2, 3, 5, 6, 9, 11, 12, 16, 22, 24]",4231,"[1, 2, 3, 5, 6, 9, 11, 17, 19, 21, 23]",0,0.36438075742067555,0
472,442,"[1, 2, 3, 5, 6, 9, 11, 12, 16, 22, 24]",4231,"[1, 2, 3, 5, 6, 9, 11, 17, 19, 21, 23]",59,0.37796610169491524,0
473,442,"[1, 2, 3, 5, 6, 9, 11, 12, 16, 22, 24]",4231,"[1, 2, 3, 5, 6, 9, 11, 17, 19, 21, 23]",73,0.3793911007025761,0
474,4231,"[1, 2, 3, 5, 6, 9, 11, 17, 19, 21, 23]",4231,"[1, 2, 3, 5, 6, 9, 11, 17, 19, 21, 23]",86,0.0,0
475,442,"[1, 2, 3, 5, 6, 9, 11, 12, 16, 22, 24]",442,"[1, 2, 3, 5, 6, 9, 11, 12, 16, 22, 24]",0,0.5166306695464363,2
476,442,"[1, 2, 3, 5, 6, 9, 11, 12, 16, 22, 24]",442,"[1, 2, 3, 5, 6, 9, 11, 12, 16, 22, 24]",63,0.34877384196185285,1
477,442,"[1, 2, 3, 5, 6, 9, 11, 12, 16, 22, 24]",442,"[1, 2, 3, 5, 6, 9, 11, 12, 16, 22, 24]",74,0.21875,0
478,442,"[1, 2, 3, 5, 6, 9, 11, 12, 16, 22, 24]",442,"[1, 2, 3, 5, 6, 9, 11, 12, 16, 22, 24]",85,0.42857142857142855,0
479,442,"[1, 2, 3, 5, 6, 9, 11, 12, 16, 22, 24]",4231,"[1, 2, 3, 5, 6, 9, 11, 17, 19, 21, 23]",0,0.7049830124575311,0
480,442,"[1, 2, 3, 5, 6, 9, 11, 12, 16, 22, 24]",4231,"[1, 2, 3, 5, 6, 9, 11, 17, 19, 21, 23]",45,0.630943931866572,0
481,442,"[1, 2, 3, 5, 6, 9, 11, 12, 16, 22, 24]",352,"[1, 3, 4, 5, 7, 8, 10, 13, 15, 22, 24]",80,0.8943396226415095,0
482,4141,"[1, 2, 3, 5, 6, 10, 12, 13, 15, 16, 23]",4231,"[1, 2, 3, 5, 6, 9, 11, 17, 19, 21, 23]",0,0.7551633496057079,1
483,4141,"[1, 2, 3, 5, 6, 10, 12, 13, 15, 16, 23]",4231,"[1, 2, 3, 5, 6, 9, 11, 17, 19, 21, 23]",61,0.7642105263157895,1
484,442,"[1, 2, 3, 5, 6, 9, 11, 12, 16, 22, 24]",41212,"[1, 2, 3, 5, 6, 10, 13, 15, 19, 22, 24]",0,0.6048475945648182,2
485,442,"[1, 2, 3, 5, 6, 9, 11, 12, 16, 22, 24]",41212,"[1, 2, 3, 5, 6, 10, 13, 15, 19, 22, 24]",75,0.512,0
486,4231,"[1, 2, 3, 5, 6, 9, 11, 17, 19, 21, 23]",4231,"[1, 2, 3, 5, 6, 9, 11, 17, 19, 21, 23]",0,0.48047677764077273,0
487,442,"[1, 2, 3, 5, 6, 9, 11, 12, 16, 22, 24]",4231,"[1, 2, 3, 5, 6, 9, 11, 17, 19, 21, 23]",0,0.4707233065442021,-2
488,41212,"[1, 2, 3, 5, 6, 10, 13, 15, 19, 22, 24]",4231,"[1, 2, 3, 5, 6, 9, 11, 17, 19, 21, 23]",45,0.5974304068522484,1
489,41212,"[1, 2, 3, 5, 6, 10, 13, 15, 19, 22, 24]",442,"[1, 2, 3, 5, 6, 9, 11, 12, 16, 22, 24]",68,0.5575959933222037,1
490,4411,"[1, 2, 3, 5, 6, 9, 11, 12, 16, 19, 23]",4231,"[1, 2, 3, 5, 6, 9, 11, 17, 19, 21, 23]",0,0.3720302375809935,-2
491,4141,"[1, 2, 3, 5, 6, 10, 12, 13, 15, 16, 23]",4231,"[1, 2, 3, 5, 6, 9, 11, 17, 19, 21, 23]",63,0.5040650406504065,0
492,4141,"[1, 2, 3, 5, 6, 10, 12, 13, 15, 16, 23]",4231,"[1, 2, 3, 5, 6, 9, 11, 17, 19, 21, 23]",0,0.49380092100602196,1
493,4141,"[1, 2, 3, 5, 6, 10, 12, 13, 15, 16, 23]",442,"[1, 2, 3, 5, 6, 9, 11, 12, 16, 22, 24]",72,0.5242290748898678,-1
494,4141,"[1, 2, 3, 5, 6, 10, 12, 13, 15, 16, 23]",442,"[1, 2, 3, 5, 6, 9, 11, 12, 16, 22, 24]",87,0.0,0
495,442,"[1, 2, 3, 5, 6, 9, 11, 12, 16, 22, 24]",442,"[1, 2, 3, 5, 6, 9, 11, 12, 16, 22, 24]",87,0.3125,1
496,4231,"[1, 2, 3, 5, 6, 9, 11, 17, 19, 21, 23]",433,"[1, 2, 3, 5, 6, 10, 13, 15, 17, 21, 23]",0,0.6265251989389921,0
497,433,"[1, 2, 3, 5, 6, 10, 13, 15, 17, 21, 23]",433,"[1, 2, 3, 5, 6, 10, 13, 15, 17, 21, 23]",54,0.7678916827852998,0
498,442,"[1, 2, 3, 5, 6, 9, 11, 12, 16, 22, 24]",4141,"[1, 2, 3, 5, 6, 10, 12, 13, 15, 16, 23]",0,0.38494167550371156,1
499,442,"[1, 2, 3, 5, 6, 9, 11, 12, 16, 22, 24]",4141,"[1, 2, 3, 5, 6, 10, 12, 13, 15, 16, 23]",60,0.33530571992110453,0
500,442,"[1, 2, 3, 5, 6, 9, 11, 12, 16, 22, 24]",442,"[1, 2, 3, 5, 6, 9, 11, 12, 16, 22, 24]",0,0.37191358024691357,-1
501,4231,"[1, 2, 3, 5, 6, 9, 11, 17, 19, 21, 23]",442,"[1, 2, 3, 5, 6, 9, 11, 12, 16, 22, 24]",45,0.6892857142857143,0
502,4231,"[1, 2, 3, 5, 6, 9, 11, 17, 19, 21, 23]",442,"[1, 2, 3, 5, 6, 9, 11, 12, 16, 22, 24]",0,0.6262798634812287,-1
503,41212,"[1, 2, 3, 5, 6, 10, 13, 15, 19, 22, 24]",4231,"[1, 2, 3, 5, 6, 9, 11, 17, 19, 21, 23]",0,0.7054022541780023,-1
504,41212,"[1, 2, 3, 5, 6, 10, 13, 15, 19, 22, 24]",4231,"[1, 2, 3, 5, 6, 9, 11, 17, 19, 21, 23]",71,0.6314779270633397,0
505,442,"[1, 2, 3, 5, 6, 9, 11, 12, 16, 22, 24]",433,"[1, 2, 3, 5, 6, 10, 13, 15, 17, 21, 23]",0,0.48707197763801535,-1
506,442,"[1, 2, 3, 5, 6, 9, 11, 12, 16, 22, 24]",433,"[1, 2, 3, 5, 6, 10, 13, 15, 17, 21, 23]",64,0.600997506234414,-1
507,442,"[1, 2, 3, 5, 6, 9, 11, 12, 16, 22, 24]",433,"[1, 2, 3, 5, 6, 10, 13, 15, 17, 21, 23]",77,0.7070063694267515,0
508,442,"[1, 2, 3, 5, 6, 9, 11, 12, 16, 22, 24]",433,"[1, 2, 3, 5, 6, 10, 13, 15, 17, 21, 23]",80,0.5155875299760192,0
509,433,"[1, 2, 3, 5, 6, 10, 13, 15, 17, 21, 23]",4231,"[1, 2, 3, 5, 6, 9, 11, 17, 19, 21, 23]",0,0.40433815350389324,1
510,433,"[1, 2, 3, 5, 6, 10, 13, 15, 17, 21, 23]",4231,"[1, 2, 3, 5, 6, 9, 11, 17, 19, 21, 23]",47,0.24752475247524752,0
511,4231,"[1, 2, 3, 5, 6, 9, 11, 17, 19, 21, 23]",4231,"[1, 2, 3, 5, 6, 9, 11, 17, 19, 21, 23]",0,0.6731060606060606,0
512,4231,"[1, 2, 3, 5, 6, 9, 11, 17, 19, 21, 23]",4231,"[1, 2, 3, 5, 6, 9, 11, 17, 19, 21, 23]",67,0.5201900237529691,0
513,442,"[1, 2, 3, 5, 6, 9, 11, 12, 16, 22, 24]",41212,"[1, 2, 3, 5, 6, 10, 13, 15, 19, 22, 24]",0,0.4812206572769953,-1
514,4231,"[1, 2, 3, 5, 6, 9, 11, 17, 19, 21, 23]",433,"[1, 2, 3, 5, 6, 10, 13, 15, 17, 21, 23]",0,0.25024630541871923,-1
515,442,"[1, 2, 3, 5, 6, 9, 11, 12, 16, 22, 24]",4231,"[1, 2, 3, 5, 6, 9, 11, 17, 19, 21, 23]",0,0.6776315789473685,0
516,442,"[1, 2, 3, 5, 6, 9, 11, 12, 16, 22, 24]",4231,"[1, 2, 3, 5, 6, 9, 11, 17, 19, 21, 23]",21,0.7344827586206897,-1
517,41212,"[1, 2, 3, 5, 6, 10, 13, 15, 19, 22, 24]",4231,"[1, 2, 3, 5, 6, 9, 11, 17, 19, 21, 23]",38,0.6541353383458647,1
518,41212,"[1, 2, 3, 5, 6, 10, 13, 15, 19, 22, 24]",4231,"[1, 2, 3, 5, 6, 9, 11, 17, 19, 21, 23]",45,0.5848452508004269,0
519,41212,"[1, 2, 3, 5, 6, 10, 13, 15, 19, 22, 24]",4231,"[1, 2, 3, 5, 6, 9, 11, 17, 19, 21, 23]",72,0.33064516129032256,1
520,41212,"[1, 2, 3, 5, 6, 10, 13, 15, 19, 22, 24]",442,"[1, 2, 3, 5, 6, 9, 11, 12, 16, 22, 24]",87,0.0,0
521,433,"[1, 2, 3, 5, 6, 10, 13, 15, 17, 21, 23]",442,"[1, 2, 3, 5, 6, 9, 11, 12, 16, 22, 24]",0,0.4708352776481568,0
522,433,"[1, 2, 3, 5, 6, 10, 13, 15, 17, 21, 23]",442,"[1, 2, 3, 5, 6, 9, 11, 12, 16, 22, 24]",63,0.7351598173515982,0
523,433,"[1, 2, 3, 5, 6, 10, 13, 15, 17, 21, 23]",442,"[1, 2, 3, 5, 6, 9, 11, 12, 16, 22, 24]",71,0.640625,-1
524,4231,"[1, 2, 3, 5, 6, 9, 11, 17, 19, 21, 23]",4231,"[1, 2, 3, 5, 6, 9, 11, 17, 19, 21, 23]",0,0.29102496016994156,1
525,4231,"[1, 2, 3, 5, 6, 9, 11, 17, 19, 21, 23]",4231,"[1, 2, 3, 5, 6, 9, 11, 17, 19, 21, 23]",45,0.23220973782771537,1
526,4231,"[1, 2, 3, 5, 6, 9, 11, 17, 19, 21, 23]",4231,"[1, 2, 3, 5, 6, 9, 11, 17, 19, 21, 23]",66,0.38596491228070173,0
527,4411,"[1, 2, 3, 5, 6, 9, 11, 12, 16, 19, 23]",4231,"[1, 2, 3, 5, 6, 9, 11, 17, 19, 21, 23]",71,0.07114624505928854,0
528,4411,"[1, 2, 3, 5, 6, 9, 11, 12, 16, 19, 23]",41212,"[1, 2, 3, 5, 6, 10, 13, 15, 19, 22, 24]",78,0.16129032258064516,0
529,4411,"[1, 2, 3, 5, 6, 9, 11, 12, 16, 19, 23]",3421,"[1, 3, 4, 5, 7, 8, 9, 11, 18, 20, 23]",81,0.08771929824561403,0
530,4231,"[1, 2, 3, 5, 6, 9, 11, 17, 19, 21, 23]",352,"[1, 3, 4, 5, 7, 8, 10, 13, 15, 22, 24]",0,0.2367758186397985,0
531,4231,"[1, 2, 3, 5, 6, 9, 11, 17, 19, 21, 23]",352,"[1, 3, 4, 5, 7, 8, 10, 13, 15, 22, 24]",19,0.2057877813504823,0
532,4231,"[1, 2, 3, 5, 6, 9, 11, 17, 19, 21, 23]",442,"[1, 2, 3, 5, 6, 9, 11, 12, 16, 22, 24]",27,0.23751686909581646,-1
533,4231,"[1, 2, 3, 5, 6, 9, 11, 17, 19, 21, 23]",442,"[1, 2, 3, 5, 6, 9, 11, 12, 16, 22, 24]",45,1.0,0
534,4231,"[1, 2, 3, 5, 6, 9, 11, 17, 19, 21, 23]",4231,"[1, 2, 3, 5, 6, 9, 11, 17, 19, 21, 23]",45,0.16175071360608945,0
535,4231,"[1, 2, 3, 5, 6, 9, 11, 17, 19, 21, 23]",4231,"[1, 2, 3, 5, 6, 9, 11, 17, 19, 21, 23]",68,0.35658914728682173,0
536,4231,"[1, 2, 3, 5, 6, 9, 11, 17, 19, 21, 23]",4231,"[1, 2, 3, 5, 6, 9, 11, 17, 19, 21, 23]",72,0.18292682926829268,0
537,352,"[1, 3, 4, 5, 7, 8, 10, 13, 15, 22, 24]",4231,"[1, 2, 3, 5, 6, 9, 11, 17, 19, 21, 23]",0,0.30193321616871704,-1
538,3421,"[1, 3, 4, 5, 7, 8, 9, 11, 18, 20, 23]",4231,"[1, 2, 3, 5, 6, 9, 11, 17, 19, 21, 23]",69,0.536115569823435,2
539,442,"[1, 2, 3, 5, 6, 9, 11, 12, 16, 22, 24]",442,"[1, 2, 3, 5, 6, 9, 11, 12, 16, 22, 24]",0,0.5708358032009484,1
540,442,"[1, 2, 3, 5, 6, 9, 11, 12, 16, 22, 24]",442,"[1, 2, 3, 5, 6, 9, 11, 12, 16, 22, 24]",48,0.4492497793468667,0
541,4231,"[1, 2, 3, 5, 6, 9, 11, 17, 19, 21, 23]",4231,"[1, 2, 3, 5, 6, 9, 11, 17, 19, 21, 23]",0,0.5713560182833926,0
542,4231,"[1, 2, 3, 5, 6, 9, 11, 17, 19, 21, 23]",4231,"[1, 2, 3, 5, 6, 9, 11, 17, 19, 21, 23]",52,0.3381742738589212,0
543,4231,"[1, 2, 3, 5, 6, 9, 11, 17, 19, 21, 23]",4231,"[1, 2, 3, 5, 6, 9, 11, 17, 19, 21, 23]",67,0.7252747252747253,0
544,4231,"[1, 2, 3, 5, 6, 9, 11, 17, 19, 21, 23]",4231,"[1, 2, 3, 5, 6, 9, 11, 17, 19, 21, 23]",69,0.3447204968944099,-1
545,41212,"[1, 2, 3, 5, 6, 10, 13, 15, 19, 22, 24]",4231,"[1, 2, 3, 5, 6, 9, 11, 17, 19, 21, 23]",80,0.8504672897196262,0
546,442,"[1, 2, 3, 5, 6, 9, 11, 12, 16, 22, 24]",4411,"[1, 2, 3, 5, 6, 9, 11, 12, 16, 19, 23]",0,0.49958643507030603,1
547,433,"[1, 2, 3, 5, 6, 10, 13, 15, 17, 21, 23]",4411,"[1, 2, 3, 5, 6, 9, 11, 12, 16, 19, 23]",89,0.6666666666666666,0
548,4141,"[1, 2, 3, 5, 6, 10, 12, 13, 15, 16, 23]",4231,"[1, 2, 3, 5, 6, 9, 11, 17, 19, 21, 23]",0,0.44958677685950416,1
549,4141,"[1, 2, 3, 5, 6, 10, 12, 13, 15, 16, 23]",4231,"[1, 2, 3, 5, 6, 9, 11, 17, 19, 21, 23]",45,0.36070381231671556,0
550,4141,"[1, 2, 3, 5, 6, 10, 12, 13, 15, 16, 23]",4231,"[1, 2, 3, 5, 6, 9, 11, 17, 19, 21, 23]",62,0.4759568204121688,-1
551,442,"[1, 2, 3, 5, 6, 9, 11, 12, 16, 22, 24]",4231,"[1, 2, 3, 5, 6, 9, 11, 17, 19, 21, 23]",87,0.12643678160919541,0
552,4141,"[1, 2, 3, 5, 6, 10, 12, 13, 15, 16, 23]",4141,"[1, 2, 3, 5, 6, 10, 12, 13, 15, 16, 23]",0,0.6892067620286085,0
553,4141,"[1, 2, 3, 5, 6, 10, 12, 13, 15, 16, 23]",4141,"[1, 2, 3, 5, 6, 10, 12, 13, 15, 16, 23]",20,0.5866099893730075,0
554,442,"[1, 2, 3, 5, 6, 9, 11, 12, 16, 22, 24]",4141,"[1, 2, 3, 5, 6, 10, 12, 13, 15, 16, 23]",45,0.73568281938326,0
555,433,"[1, 2, 3, 5, 6, 10, 13, 15, 17, 21, 23]",4141,"[1, 2, 3, 5, 6, 10, 12, 13, 15, 16, 23]",56,1.0,0
556,4141,"[1, 2, 3, 5, 6, 10, 12, 13, 15, 16, 23]",4141,"[1, 2, 3, 5, 6, 10, 12, 13, 15, 16, 23]",56,0.6283891547049442,1
557,4141,"[1, 2, 3, 5, 6, 10, 12, 13, 15, 16, 23]",4141,"[1, 2, 3, 5, 6, 10, 12, 13, 15, 16, 23]",69,1.0,0
558,4141,"[1, 2, 3, 5, 6, 10, 12, 13, 15, 16, 23]",4141,"[1, 2, 3, 5, 6, 10, 12, 13, 15, 16, 23]",69,0.6174142480211082,1
559,4141,"[1, 2, 3, 5, 6, 10, 12, 13, 15, 16, 23]",4141,"[1, 2, 3, 5, 6, 10, 12, 13, 15, 16, 23]",79,0.8693181818181818,0
560,4411,"[1, 2, 3, 5, 6, 9, 11, 12, 16, 19, 23]",4231,"[1, 2, 3, 5, 6, 9, 11, 17, 19, 21, 23]",0,0.24768756423432683,-2
561,4411,"[1, 2, 3, 5, 6, 9, 11, 12, 16, 19, 23]",4231,"[1, 2, 3, 5, 6, 9, 11, 17, 19, 21, 23]",26,0.5,0
562,4411,"[1, 2, 3, 5, 6, 9, 11, 12, 16, 19, 23]",4231,"[1, 2, 3, 5, 6, 9, 11, 17, 19, 21, 23]",35,0.5017301038062284,0
563,4411,"[1, 2, 3, 5, 6, 9, 11, 12, 16, 19, 23]",4231,"[1, 2, 3, 5, 6, 9, 11, 17, 19, 21, 23]",45,0.43729903536977494,-1
564,442,"[1, 2, 3, 5, 6, 9, 11, 12, 16, 22, 24]",352,"[1, 3, 4, 5, 7, 8, 10, 13, 15, 22, 24]",0,0.5800325556158438,1
565,442,"[1, 2, 3, 5, 6, 9, 11, 12, 16, 22, 24]",352,"[1, 3, 4, 5, 7, 8, 10, 13, 15, 22, 24]",45,0.5869565217391305,0
566,4231,"[1, 2, 3, 5, 6, 9, 11, 17, 19, 21, 23]",4231,"[1, 2, 3, 5, 6, 9, 11, 17, 19, 21, 23]",0,0.5596749619095988,0
567,433,"[1, 2, 3, 5, 6, 10, 13, 15, 17, 21, 23]",442,"[1, 2, 3, 5, 6, 9, 11, 12, 16, 22, 24]",0,0.6322510032834732,-1
568,4231,"[1, 2, 3, 5, 6, 9, 11, 17, 19, 21, 23]",442,"[1, 2, 3, 5, 6, 9, 11, 12, 16, 22, 24]",80,0.6268115942028986,0
569,4141,"[1, 2, 3, 5, 6, 10, 12, 13, 15, 16, 23]",4141,"[1, 2, 3, 5, 6, 10, 12, 13, 15, 16, 23]",0,0.3918918918918919,0
570,4141,"[1, 2, 3, 5, 6, 10, 12, 13, 15, 16, 23]",4141,"[1, 2, 3, 5, 6, 10, 12, 13, 15, 16, 23]",7,0.5634178905206942,0
571,442,"[1, 2, 3, 5, 6, 9, 11, 12, 16, 22, 24]",4231,"[1, 2, 3, 5, 6, 9, 11, 17, 19, 21, 23]",0,0.4592074592074592,0
572,442,"[1, 2, 3, 5, 6, 9, 11, 12, 16, 22, 24]",4231,"[1, 2, 3, 5, 6, 9, 11, 17, 19, 21, 23]",45,0.7066666666666667,-1
573,442,"[1, 2, 3, 5, 6, 9, 11, 12, 16, 22, 24]",4231,"[1, 2, 3, 5, 6, 9, 11, 17, 19, 21, 23]",70,0.5688622754491018,0
574,442,"[1, 2, 3, 5, 6, 9, 11, 12, 16, 22, 24]",4231,"[1, 2, 3, 5, 6, 9, 11, 17, 19, 21, 23]",76,0.4623376623376623,0
575,442,"[1, 2, 3, 5, 6, 9, 11, 12, 16, 22, 24]",4231,"[1, 2, 3, 5, 6, 9, 11, 17, 19, 21, 23]",0,0.6743119266055045,1
576,442,"[1, 2, 3, 5, 6, 9, 11, 12, 16, 22, 24]",4411,"[1, 2, 3, 5, 6, 9, 11, 12, 16, 19, 23]",19,0.5790408525754884,0
577,442,"[1, 2, 3, 5, 6, 9, 11, 12, 16, 22, 24]",4411,"[1, 2, 3, 5, 6, 9, 11, 12, 16, 19, 23]",78,0.45318352059925093,0
578,433,"[1, 2, 3, 5, 6, 10, 13, 15, 17, 21, 23]",4411,"[1, 2, 3, 5, 6, 9, 11, 12, 16, 19, 23]",0,0.5869191049913941,0
579,433,"[1, 2, 3, 5, 6, 10, 13, 15, 17, 21, 23]",4411,"[1, 2, 3, 5, 6, 9, 11, 12, 16, 19, 23]",41,0.505420054200542,0
580,433,"[1, 2, 3, 5, 6, 10, 13, 15, 17, 21, 23]",4411,"[1, 2, 3, 5, 6, 9, 11, 12, 16, 19, 23]",60,1.0,0
581,433,"[1, 2, 3, 5, 6, 10, 13, 15, 17, 21, 23]",4411,"[1, 2, 3, 5, 6, 9, 11, 12, 16, 19, 23]",64,0.5714285714285714,1
582,442,"[1, 2, 3, 5, 6, 9, 11, 12, 16, 22, 24]",433,"[1, 2, 3, 5, 6, 10, 13, 15, 17, 21, 23]",0,0.5078341013824885,0
583,4141,"[1, 2, 3, 5, 6, 10, 12, 13, 15, 16, 23]",433,"[1, 2, 3, 5, 6, 10, 13, 15, 17, 21, 23]",30,0.6625766871165644,-1
584,4141,"[1, 2, 3, 5, 6, 10, 12, 13, 15, 16, 23]",433,"[1, 2, 3, 5, 6, 10, 13, 15, 17, 21, 23]",45,0.564625850340136,0
585,4141,"[1, 2, 3, 5, 6, 10, 12, 13, 15, 16, 23]",433,"[1, 2, 3, 5, 6, 10, 13, 15, 17, 21, 23]",56,0.5275590551181102,0
586,4141,"[1, 2, 3, 5, 6, 10, 12, 13, 15, 16, 23]",4411,"[1, 2, 3, 5, 6, 9, 11, 12, 16, 19, 23]",66,0.6692307692307692,0
587,352,"[1, 3, 4, 5, 7, 8, 10, 13, 15, 22, 24]",433,"[1, 2, 3, 5, 6, 10, 13, 15, 17, 21, 23]",0,0.4168808911739503,1
588,352,"[1, 3, 4, 5, 7, 8, 10, 13, 15, 22, 24]",433,"[1, 2, 3, 5, 6, 10, 13, 15, 17, 21, 23]",53,0.6034912718204489,1
589,352,"[1, 3, 4, 5, 7, 8, 10, 13, 15, 22, 24]",442,"[1, 2, 3, 5, 6, 9, 11, 12, 16, 22, 24]",66,0.28807947019867547,1
590,352,"[1, 3, 4, 5, 7, 8, 10, 13, 15, 22, 24]",4231,"[1, 2, 3, 5, 6, 9, 11, 17, 19, 21, 23]",74,0.199438202247191,-1
591,4231,"[1, 2, 3, 5, 6, 9, 11, 17, 19, 21, 23]",4231,"[1, 2, 3, 5, 6, 9, 11, 17, 19, 21, 23]",0,0.6182528409090909,-2
592,4231,"[1, 2, 3, 5, 6, 9, 11, 17, 19, 21, 23]",4231,"[1, 2, 3, 5, 6, 9, 11, 17, 19, 21, 23]",64,0.6197916666666666,-1
593,4231,"[1, 2, 3, 5, 6, 9, 11, 17, 19, 21, 23]",442,"[1, 2, 3, 5, 6, 9, 11, 12, 16, 22, 24]",0,0.36400817995910023,0
594,4231,"[1, 2, 3, 5, 6, 9, 11, 17, 19, 21, 23]",442,"[1, 2, 3, 5, 6, 9, 11, 12, 16, 22, 24]",63,0.40437158469945356,0
595,4231,"[1, 2, 3, 5, 6, 9, 11, 17, 19, 21, 23]",4231,"[1, 2, 3, 5, 6, 9, 11, 17, 19, 21, 23]",0,0.5696744717304397,0
596,4231,"[1, 2, 3, 5, 6, 9, 11, 17, 19, 21, 23]",4411,"[1, 2, 3, 5, 6, 9, 11, 12, 16, 19, 23]",0,0.46244284781188766,1
597,4231,"[1, 2, 3, 5, 6, 9, 11, 17, 19, 21, 23]",433,"[1, 2, 3, 5, 6, 10, 13, 15, 17, 21, 23]",0,0.5031055900621118,3
598,4231,"[1, 2, 3, 5, 6, 9, 11, 17, 19, 21, 23]",433,"[1, 2, 3, 5, 6, 10, 13, 15, 17, 21, 23]",45,0.5622241835834069,0
599,442,"[1, 2, 3, 5, 6, 9, 11, 12, 16, 22, 24]",4231,"[1, 2, 3, 5, 6, 9, 11, 17, 19, 21, 23]",0,0.41933139534883723,-2
600,442,"[1, 2, 3, 5, 6, 9, 11, 12, 16, 22, 24]",4231,"[1, 2, 3, 5, 6, 9, 11, 17, 19, 21, 23]",36,0.6105769230769231,0
601,442,"[1, 2, 3, 5, 6, 9, 11, 12, 16, 22, 24]",4231,"[1, 2, 3, 5, 6, 9, 11, 17, 19, 21, 23]",45,0.5837742504409171,0
602,433,"[1, 2, 3, 5, 6, 10, 13, 15, 17, 21, 23]",343,"[1, 3, 4, 5, 7, 8, 9, 11, 17, 21, 23]",0,0.7470210815765352,0
603,433,"[1, 2, 3, 5, 6, 10, 13, 15, 17, 21, 23]",343,"[1, 3, 4, 5, 7, 8, 9, 11, 17, 21, 23]",25,0.7207692307692307,2
604,433,"[1, 2, 3, 5, 6, 10, 13, 15, 17, 21, 23]",433,"[1, 2, 3, 5, 6, 10, 13, 15, 17, 21, 23]",55,0.6481876332622601,0
605,433,"[1, 2, 3, 5, 6, 10, 13, 15, 17, 21, 23]",433,"[1, 2, 3, 5, 6, 10, 13, 15, 17, 21, 23]",65,0.7003891050583657,0
606,433,"[1, 2, 3, 5, 6, 10, 13, 15, 17, 21, 23]",442,"[1, 2, 3, 5, 6, 9, 11, 12, 16, 22, 24]",71,0.5780780780780781,0
607,442,"[1, 2, 3, 5, 6, 9, 11, 12, 16, 22, 24]",41212,"[1, 2, 3, 5, 6, 10, 13, 15, 19, 22, 24]",0,0.3493917274939173,2
608,4231,"[1, 2, 3, 5, 6, 9, 11, 17, 19, 21, 23]",4231,"[1, 2, 3, 5, 6, 9, 11, 17, 19, 21, 23]",0,0.45730994152046783,0
609,4231,"[1, 2, 3, 5, 6, 9, 11, 17, 19, 21, 23]",4231,"[1, 2, 3, 5, 6, 9, 11, 17, 19, 21, 23]",45,0.249597423510467,0
610,4231,"[1, 2, 3, 5, 6, 9, 11, 17, 19, 21, 23]",4231,"[1, 2, 3, 5, 6, 9, 11, 17, 19, 21, 23]",61,0.48757763975155277,0
611,4231,"[1, 2, 3, 5, 6, 9, 11, 17, 19, 21, 23]",4231,"[1, 2, 3, 5, 6, 9, 11, 17, 19, 21, 23]",70,0.22324159021406728,0
612,4231,"[1, 2, 3, 5, 6, 9, 11, 17, 19, 21, 23]",4231,"[1, 2, 3, 5, 6, 9, 11, 17, 19, 21, 23]",0,0.4582642343836374,1
613,442,"[1, 2, 3, 5, 6, 9, 11, 12, 16, 22, 24]",4231,"[1, 2, 3, 5, 6, 9, 11, 17, 19, 21, 23]",0,0.5007518796992482,-1
614,433,"[1, 2, 3, 5, 6, 10, 13, 15, 17, 21, 23]",4231,"[1, 2, 3, 5, 6, 9, 11, 17, 19, 21, 23]",26,0.785012285012285,0
615,433,"[1, 2, 3, 5, 6, 10, 13, 15, 17, 21, 23]",4231,"[1, 2, 3, 5, 6, 9, 11, 17, 19, 21, 23]",51,0.8206896551724138,0
616,433,"[1, 2, 3, 5, 6, 10, 13, 15, 17, 21, 23]",4231,"[1, 2, 3, 5, 6, 9, 11, 17, 19, 21, 23]",56,0.45905707196029777,2
617,442,"[1, 2, 3, 5, 6, 9, 11, 12, 16, 22, 24]",4231,"[1, 2, 3, 5, 6, 9, 11, 17, 19, 21, 23]",0,0.5910543130990416,0
618,442,"[1, 2, 3, 5, 6, 9, 11, 12, 16, 22, 24]",4231,"[1, 2, 3, 5, 6, 9, 11, 17, 19, 21, 23]",77,0.6097560975609756,1
619,442,"[1, 2, 3, 5, 6, 9, 11, 12, 16, 22, 24]",442,"[1, 2, 3, 5, 6, 9, 11, 12, 16, 22, 24]",84,0.8225806451612904,0
620,442,"[1, 2, 3, 5, 6, 9, 11, 12, 16, 22, 24]",442,"[1, 2, 3, 5, 6, 9, 11, 12, 16, 22, 24]",88,0.9398496240601504,0
621,4411,"[1, 2, 3, 5, 6, 9, 11, 12, 16, 19, 23]",4231,"[1, 2, 3, 5, 6, 9, 11, 17, 19, 21, 23]",0,0.5332650972364381,-2
622,442,"[1, 2, 3, 5, 6, 9, 11, 12, 16, 22, 24]",4231,"[1, 2, 3, 5, 6, 9, 11, 17, 19, 21, 23]",26,0.6340947546531303,-2
623,442,"[1, 2, 3, 5, 6, 9, 11, 12, 16, 22, 24]",4231,"[1, 2, 3, 5, 6, 9, 11, 17, 19, 21, 23]",0,0.4169851380042463,0
624,442,"[1, 2, 3, 5, 6, 9, 11, 12, 16, 22, 24]",4231,"[1, 2, 3, 5, 6, 9, 11, 17, 19, 21, 23]",0,0.2817371937639198,0
625,442,"[1, 2, 3, 5, 6, 9, 11, 12, 16, 22, 24]",4231,"[1, 2, 3, 5, 6, 9, 11, 17, 19, 21, 23]",21,0.5035577449370553,-2
626,442,"[1, 2, 3, 5, 6, 9, 11, 12, 16, 22, 24]",4231,"[1, 2, 3, 5, 6, 9, 11, 17, 19, 21, 23]",76,0.5711159737417943,0
627,343,"[1, 3, 4, 5, 7, 8, 9, 11, 17, 21, 23]",4141,"[1, 2, 3, 5, 6, 10, 12, 13, 15, 16, 23]",0,0.27478358000558506,-1
628,442,"[1, 2, 3, 5, 6, 9, 11, 12, 16, 22, 24]",4141,"[1, 2, 3, 5, 6, 10, 12, 13, 15, 16, 23]",74,0.36255924170616116,0
629,4231,"[1, 2, 3, 5, 6, 9, 11, 17, 19, 21, 23]",451,"[1, 2, 3, 5, 6, 10, 12, 13, 15, 16, 23]",0,0.6240437158469946,2
630,4231,"[1, 2, 3, 5, 6, 9, 11, 17, 19, 21, 23]",442,"[1, 2, 3, 5, 6, 9, 11, 12, 16, 22, 24]",45,0.6196078431372549,1
631,4231,"[1, 2, 3, 5, 6, 9, 11, 17, 19, 21, 23]",442,"[1, 2, 3, 5, 6, 9, 11, 12, 16, 22, 24]",64,0.5319148936170213,1
632,4231,"[1, 2, 3, 5, 6, 9, 11, 17, 19, 21, 23]",433,"[1, 2, 3, 5, 6, 10, 13, 15, 17, 21, 23]",0,0.3798405466970387,2
633,4231,"[1, 2, 3, 5, 6, 9, 11, 17, 19, 21, 23]",4231,"[1, 2, 3, 5, 6, 9, 11, 17, 19, 21, 23]",45,0.37766830870279144,1
634,4231,"[1, 2, 3, 5, 6, 9, 11, 17, 19, 21, 23]",4231,"[1, 2, 3, 5, 6, 9, 11, 17, 19, 21, 23]",59,0.23647294589178355,0
635,4231,"[1, 2, 3, 5, 6, 9, 11, 17, 19, 21, 23]",4231,"[1, 2, 3, 5, 6, 9, 11, 17, 19, 21, 23]",71,0.08139534883720931,0
636,4231,"[1, 2, 3, 5, 6, 9, 11, 17, 19, 21, 23]",433,"[1, 2, 3, 5, 6, 10, 13, 15, 17, 21, 23]",76,0.6,0
637,4231,"[1, 2, 3, 5, 6, 9, 11, 17, 19, 21, 23]",4141,"[1, 2, 3, 5, 6, 10, 12, 13, 15, 16, 23]",0,0.5394736842105263,0
638,4231,"[1, 2, 3, 5, 6, 9, 11, 17, 19, 21, 23]",4141,"[1, 2, 3, 5, 6, 10, 12, 13, 15, 16, 23]",21,0.6027837259100642,0
639,4231,"[1, 2, 3, 5, 6, 9, 11, 17, 19, 21, 23]",4141,"[1, 2, 3, 5, 6, 10, 12, 13, 15, 16, 23]",45,0.5381026438569206,-1
640,442,"[1, 2, 3, 5, 6, 9, 11, 12, 16, 22, 24]",4141,"[1, 2, 3, 5, 6, 10, 12, 13, 15, 16, 23]",63,0.0,0
641,442,"[1, 2, 3, 5, 6, 9, 11, 12, 16, 22, 24]",4141,"[1, 2, 3, 5, 6, 10, 12, 13, 15, 16, 23]",64,0.6144578313253012,-1
642,433,"[1, 2, 3, 5, 6, 10, 13, 15, 17, 21, 23]",442,"[1, 2, 3, 5, 6, 9, 11, 12, 16, 22, 24]",0,0.6058333333333333,1
643,433,"[1, 2, 3, 5, 6, 10, 13, 15, 17, 21, 23]",442,"[1, 2, 3, 5, 6, 9, 11, 12, 16, 22, 24]",85,0.4,0
644,3421,"[1, 3, 4, 5, 7, 8, 9, 11, 18, 20, 23]",41212,"[1, 2, 3, 5, 6, 10, 13, 15, 19, 22, 24]",0,0.8072805139186295,4
645,4141,"[1, 2, 3, 5, 6, 10, 12, 13, 15, 16, 23]",41212,"[1, 2, 3, 5, 6, 10, 13, 15, 19, 22, 24]",58,0.6328502415458938,0
646,4141,"[1, 2, 3, 5, 6, 10, 12, 13, 15, 16, 23]",4411,"[1, 2, 3, 5, 6, 9, 11, 12, 16, 19, 23]",64,0.8645833333333334,0
647,442,"[1, 2, 3, 5, 6, 9, 11, 12, 16, 22, 24]",433,"[1, 2, 3, 5, 6, 10, 13, 15, 17, 21, 23]",0,0.5787321063394683,0
648,433,"[1, 2, 3, 5, 6, 10, 13, 15, 17, 21, 23]",433,"[1, 2, 3, 5, 6, 10, 13, 15, 17, 21, 23]",51,0.6403508771929824,0
649,442,"[1, 2, 3, 5, 6, 9, 11, 12, 16, 22, 24]",4231,"[1, 2, 3, 5, 6, 9, 11, 17, 19, 21, 23]",0,0.24777183600713013,0
650,442,"[1, 2, 3, 5, 6, 9, 11, 12, 16, 22, 24]",4231,"[1, 2, 3, 5, 6, 9, 11, 17, 19, 21, 23]",13,0.4191033138401559,1
651,442,"[1, 2, 3, 5, 6, 9, 11, 12, 16, 22, 24]",4231,"[1, 2, 3, 5, 6, 9, 11, 17, 19, 21, 23]",69,0.44583333333333336,1
652,442,"[1, 2, 3, 5, 6, 9, 11, 12, 16, 22, 24]",4231,"[1, 2, 3, 5, 6, 9, 11, 17, 19, 21, 23]",77,0.3629242819843342,0
653,4411,"[1, 2, 3, 5, 6, 9, 11, 12, 16, 19, 23]",442,"[1, 2, 3, 5, 6, 9, 11, 12, 16, 22, 24]",0,0.43783783783783786,0
654,4411,"[1, 2, 3, 5, 6, 9, 11, 12, 16, 19, 23]",4231,"[1, 2, 3, 5, 6, 9, 11, 17, 19, 21, 23]",65,0.26756352765321373,0
655,4231,"[1, 2, 3, 5, 6, 9, 11, 17, 19, 21, 23]",442,"[1, 2, 3, 5, 6, 9, 11, 12, 16, 22, 24]",0,0.558982683982684,0
656,4231,"[1, 2, 3, 5, 6, 9, 11, 17, 19, 21, 23]",442,"[1, 2, 3, 5, 6, 9, 11, 12, 16, 22, 24]",56,0.42828685258964144,0
657,4231,"[1, 2, 3, 5, 6, 9, 11, 17, 19, 21, 23]",4231,"[1, 2, 3, 5, 6, 9, 11, 17, 19, 21, 23]",71,0.7452229299363057,-1
658,3412,"[1, 3, 4, 5, 7, 8, 9, 11, 19, 22, 24]",4231,"[1, 2, 3, 5, 6, 9, 11, 17, 19, 21, 23]",77,0.5872235872235873,0
659,4231,"[1, 2, 3, 5, 6, 9, 11, 17, 19, 21, 23]",4231,"[1, 2, 3, 5, 6, 9, 11, 17, 19, 21, 23]",0,0.49504273504273505,-1
660,442,"[1, 2, 3, 5, 6, 9, 11, 12, 16, 22, 24]",4231,"[1, 2, 3, 5, 6, 9, 11, 17, 19, 21, 23]",70,0.47297297297297297,0
661,442,"[1, 2, 3, 5, 6, 9, 11, 12, 16, 22, 24]",4231,"[1, 2, 3, 5, 6, 9, 11, 17, 19, 21, 23]",72,0.7419354838709677,0
662,442,"[1, 2, 3, 5, 6, 9, 11, 12, 16, 22, 24]",4231,"[1, 2, 3, 5, 6, 9, 11, 17, 19, 21, 23]",76,0.47743467933491684,-1
663,41212,"[1, 2, 3, 5, 6, 10, 13, 15, 19, 22, 24]",442,"[1, 2, 3, 5, 6, 9, 11, 12, 16, 22, 24]",0,0.6548571428571428,0
664,41212,"[1, 2, 3, 5, 6, 10, 13, 15, 19, 22, 24]",442,"[1, 2, 3, 5, 6, 9, 11, 12, 16, 22, 24]",31,0.59375,0
665,442,"[1, 2, 3, 5, 6, 9, 11, 12, 16, 22, 24]",4231,"[1, 2, 3, 5, 6, 9, 11, 17, 19, 21, 23]",0,0.5257997936016512,1
666,442,"[1, 2, 3, 5, 6, 9, 11, 12, 16, 22, 24]",4231,"[1, 2, 3, 5, 6, 9, 11, 17, 19, 21, 23]",45,0.6733983286908078,-2
667,442,"[1, 2, 3, 5, 6, 9, 11, 12, 16, 22, 24]",433,"[1, 2, 3, 5, 6, 10, 13, 15, 17, 21, 23]",0,0.5387779083431258,-1
668,442,"[1, 2, 3, 5, 6, 9, 11, 12, 16, 22, 24]",433,"[1, 2, 3, 5, 6, 10, 13, 15, 17, 21, 23]",45,0.812992125984252,0
669,442,"[1, 2, 3, 5, 6, 9, 11, 12, 16, 22, 24]",433,"[1, 2, 3, 5, 6, 10, 13, 15, 17, 21, 23]",55,0.7007575757575758,0
670,442,"[1, 2, 3, 5, 6, 9, 11, 12, 16, 22, 24]",433,"[1, 2, 3, 5, 6, 10, 13, 15, 17, 21, 23]",73,0.7051282051282052,1
671,4231,"[1, 2, 3, 5, 6, 9, 11, 17, 19, 21, 23]",442,"[1, 2, 3, 5, 6, 9, 11, 12, 16, 22, 24]",0,0.6716021260440395,0
672,4231,"[1, 2, 3, 5, 6, 9, 11, 17, 19, 21, 23]",442,"[1, 2, 3, 5, 6, 9, 11, 12, 16, 22, 24]",72,0.5456674473067916,1
673,3511,"[1, 3, 4, 5, 7, 8, 10, 13, 15, 19, 23]",4231,"[1, 2, 3, 5, 6, 9, 11, 17, 19, 21, 23]",0,0.31546707503828486,-2
674,3511,"[1, 3, 4, 5, 7, 8, 10, 13, 15, 19, 23]",4231,"[1, 2, 3, 5, 6, 9, 11, 17, 19, 21, 23]",76,0.3469387755102041,0
675,343,"[1, 3, 4, 5, 7, 8, 9, 11, 17, 21, 23]",4231,"[1, 2, 3, 5, 6, 9, 11, 17, 19, 21, 23]",82,0.0,0
676,343,"[1, 3, 4, 5, 7, 8, 9, 11, 17, 21, 23]",4231,"[1, 2, 3, 5, 6, 9, 11, 17, 19, 21, 23]",84,0.16822429906542055,0
677,442,"[1, 2, 3, 5, 6, 9, 11, 12, 16, 22, 24]",442,"[1, 2, 3, 5, 6, 9, 11, 12, 16, 22, 24]",0,0.5482416591523895,0
678,4231,"[1, 2, 3, 5, 6, 9, 11, 17, 19, 21, 23]",41212,"[1, 2, 3, 5, 6, 10, 13, 15, 19, 22, 24]",0,0.37697052775873885,-1
679,4231,"[1, 2, 3, 5, 6, 9, 11, 17, 19, 21, 23]",41212,"[1, 2, 3, 5, 6, 10, 13, 15, 19, 22, 24]",26,0.35532407407407407,-1
680,4231,"[1, 2, 3, 5, 6, 9, 11, 17, 19, 21, 23]",41212,"[1, 2, 3, 5, 6, 10, 13, 15, 19, 22, 24]",45,0.5185185185185185,-1
681,4231,"[1, 2, 3, 5, 6, 9, 11, 17, 19, 21, 23]",41212,"[1, 2, 3, 5, 6, 10, 13, 15, 19, 22, 24]",57,0.5094549499443827,0
682,4231,"[1, 2, 3, 5, 6, 9, 11, 17, 19, 21, 23]",4231,"[1, 2, 3, 5, 6, 9, 11, 17, 19, 21, 23]",0,0.5284321689683185,0
683,4231,"[1, 2, 3, 5, 6, 9, 11, 17, 19, 21, 23]",4231,"[1, 2, 3, 5, 6, 9, 11, 17, 19, 21, 23]",60,0.5623471882640587,0
684,4141,"[1, 2, 3, 5, 6, 10, 12, 13, 15, 16, 23]",4141,"[1, 2, 3, 5, 6, 10, 12, 13, 15, 16, 23]",0,0.12465373961218837,0
685,4141,"[1, 2, 3, 5, 6, 10, 12, 13, 15, 16, 23]",4141,"[1, 2, 3, 5, 6, 10, 12, 13, 15, 16, 23]",8,0.335559265442404,0
686,4141,"[1, 2, 3, 5, 6, 10, 12, 13, 15, 16, 23]",4141,"[1, 2, 3, 5, 6, 10, 12, 13, 15, 16, 23]",35,1.0,0
687,4141,"[1, 2, 3, 5, 6, 10, 12, 13, 15, 16, 23]",4141,"[1, 2, 3, 5, 6, 10, 12, 13, 15, 16, 23]",36,0.3782051282051282,0
688,4141,"[1, 2, 3, 5, 6, 10, 12, 13, 15, 16, 23]",4141,"[1, 2, 3, 5, 6, 10, 12, 13, 15, 16, 23]",45,0.17616580310880828,0
689,4141,"[1, 2, 3, 5, 6, 10, 12, 13, 15, 16, 23]",4141,"[1, 2, 3, 5, 6, 10, 12, 13, 15, 16, 23]",50,0.22580645161290322,0
690,4141,"[1, 2, 3, 5, 6, 10, 12, 13, 15, 16, 23]",4141,"[1, 2, 3, 5, 6, 10, 12, 13, 15, 16, 23]",64,0.229607250755287,0
691,4141,"[1, 2, 3, 5, 6, 10, 12, 13, 15, 16, 23]",4141,"[1, 2, 3, 5, 6, 10, 12, 13, 15, 16, 23]",88,0.08695652173913043,0
692,442,"[1, 2, 3, 5, 6, 9, 11, 12, 16, 22, 24]",4231,"[1, 2, 3, 5, 6, 9, 11, 17, 19, 21, 23]",0,0.6444921316165951,1
693,442,"[1, 2, 3, 5, 6, 9, 11, 12, 16, 22, 24]",4231,"[1, 2, 3, 5, 6, 9, 11, 17, 19, 21, 23]",73,0.7931034482758621,0
694,442,"[1, 2, 3, 5, 6, 9, 11, 12, 16, 22, 24]",3412,"[1, 3, 4, 5, 7, 8, 9, 11, 19, 22, 24]",82,0.38904899135446686,1
695,433,"[1, 2, 3, 5, 6, 10, 13, 15, 17, 21, 23]",4231,"[1, 2, 3, 5, 6, 9, 11, 17, 19, 21, 23]",0,0.6440960640426951,2
696,433,"[1, 2, 3, 5, 6, 10, 13, 15, 17, 21, 23]",4231,"[1, 2, 3, 5, 6, 9, 11, 17, 19, 21, 23]",75,0.4153846153846154,0
697,442,"[1, 2, 3, 5, 6, 9, 11, 12, 16, 22, 24]",41212,"[1, 2, 3, 5, 6, 10, 13, 15, 19, 22, 24]",0,0.6074653822998194,0
698,442,"[1, 2, 3, 5, 6, 9, 11, 12, 16, 22, 24]",41212,"[1, 2, 3, 5, 6, 10, 13, 15, 19, 22, 24]",45,0.6259259259259259,0
699,442,"[1, 2, 3, 5, 6, 9, 11, 12, 16, 22, 24]",4411,"[1, 2, 3, 5, 6, 9, 11, 12, 16, 19, 23]",0,0.4437810945273632,-1
700,442,"[1, 2, 3, 5, 6, 9, 11, 12, 16, 22, 24]",4411,"[1, 2, 3, 5, 6, 9, 11, 12, 16, 19, 23]",69,0.41601255886970173,0
701,4231,"[1, 2, 3, 5, 6, 9, 11, 17, 19, 21, 23]",4141,"[1, 2, 3, 5, 6, 10, 12, 13, 15, 16, 23]",0,0.5550239234449761,0
702,4231,"[1, 2, 3, 5, 6, 9, 11, 17, 19, 21, 23]",4141,"[1, 2, 3, 5, 6, 10, 12, 13, 15, 16, 23]",36,0.6240497581202488,-3
703,4231,"[1, 2, 3, 5, 6, 9, 11, 17, 19, 21, 23]",4141,"[1, 2, 3, 5, 6, 10, 12, 13, 15, 16, 23]",68,0.46075085324232085,0
704,41212,"[1, 2, 3, 5, 6, 10, 13, 15, 19, 22, 24]",4231,"[1, 2, 3, 5, 6, 9, 11, 17, 19, 21, 23]",0,0.48066748066748066,-1
705,41212,"[1, 2, 3, 5, 6, 10, 13, 15, 19, 22, 24]",4231,"[1, 2, 3, 5, 6, 9, 11, 17, 19, 21, 23]",59,0.5140562248995983,0
706,41212,"[1, 2, 3, 5, 6, 10, 13, 15, 19, 22, 24]",4231,"[1, 2, 3, 5, 6, 9, 11, 17, 19, 21, 23]",66,0.7370892018779343,0
707,41212,"[1, 2, 3, 5, 6, 10, 13, 15, 19, 22, 24]",4231,"[1, 2, 3, 5, 6, 9, 11, 17, 19, 21, 23]",72,0.7074380165289256,0
708,4411,"[1, 2, 3, 5, 6, 9, 11, 12, 16, 19, 23]",442,"[1, 2, 3, 5, 6, 9, 11, 12, 16, 22, 24]",0,0.2589703588143526,0
709,4411,"[1, 2, 3, 5, 6, 9, 11, 12, 16, 19, 23]",442,"[1, 2, 3, 5, 6, 9, 11, 12, 16, 22, 24]",34,0.2283653846153846,0
710,4411,"[1, 2, 3, 5, 6, 9, 11, 12, 16, 19, 23]",4411,"[1, 2, 3, 5, 6, 9, 11, 12, 16, 19, 23]",45,0.28101644245142005,0
711,4411,"[1, 2, 3, 5, 6, 9, 11, 12, 16, 19, 23]",4411,"[1, 2, 3, 5, 6, 9, 11, 12, 16, 19, 23]",65,0.14427860696517414,0
712,4411,"[1, 2, 3, 5, 6, 9, 11, 12, 16, 19, 23]",4411,"[1, 2, 3, 5, 6, 9, 11, 12, 16, 19, 23]",76,0.4098939929328622,-1
713,4141,"[1, 2, 3, 5, 6, 10, 12, 13, 15, 16, 23]",343,"[1, 3, 4, 5, 7, 8, 9, 11, 17, 21, 23]",0,0.8069129916567342,0
714,4141,"[1, 2, 3, 5, 6, 10, 12, 13, 15, 16, 23]",343,"[1, 3, 4, 5, 7, 8, 9, 11, 17, 21, 23]",18,0.7869674185463659,0
715,4141,"[1, 2, 3, 5, 6, 10, 12, 13, 15, 16, 23]",343,"[1, 3, 4, 5, 7, 8, 9, 11, 17, 21, 23]",27,0.7676923076923077,2
716,4411,"[1, 2, 3, 5, 6, 9, 11, 12, 16, 19, 23]",343,"[1, 3, 4, 5, 7, 8, 9, 11, 17, 21, 23]",45,0.6351118760757315,0
717,4411,"[1, 2, 3, 5, 6, 9, 11, 12, 16, 19, 23]",343,"[1, 3, 4, 5, 7, 8, 9, 11, 17, 21, 23]",57,0.5,0
718,4411,"[1, 2, 3, 5, 6, 9, 11, 12, 16, 19, 23]",343,"[1, 3, 4, 5, 7, 8, 9, 11, 17, 21, 23]",57,0.75,1
719,4411,"[1, 2, 3, 5, 6, 9, 11, 12, 16, 19, 23]",343,"[1, 3, 4, 5, 7, 8, 9, 11, 17, 21, 23]",65,0.6943089430894309,1
720,442,"[1, 2, 3, 5, 6, 9, 11, 12, 16, 22, 24]",4231,"[1, 2, 3, 5, 6, 9, 11, 17, 19, 21, 23]",0,0.4615044247787611,0
721,442,"[1, 2, 3, 5, 6, 9, 11, 12, 16, 22, 24]",4231,"[1, 2, 3, 5, 6, 9, 11, 17, 19, 21, 23]",64,0.4461538461538462,0
722,442,"[1, 2, 3, 5, 6, 9, 11, 12, 16, 22, 24]",4231,"[1, 2, 3, 5, 6, 9, 11, 17, 19, 21, 23]",70,0.4403292181069959,0
723,442,"[1, 2, 3, 5, 6, 9, 11, 12, 16, 22, 24]",4231,"[1, 2, 3, 5, 6, 9, 11, 17, 19, 21, 23]",0,0.6183022275737508,-1
724,442,"[1, 2, 3, 5, 6, 9, 11, 12, 16, 22, 24]",4231,"[1, 2, 3, 5, 6, 9, 11, 17, 19, 21, 23]",45,0.445916114790287,0
725,442,"[1, 2, 3, 5, 6, 9, 11, 12, 16, 22, 24]",4231,"[1, 2, 3, 5, 6, 9, 11, 17, 19, 21, 23]",57,0.7439024390243902,0
726,4141,"[1, 2, 3, 5, 6, 10, 12, 13, 15, 16, 23]",4231,"[1, 2, 3, 5, 6, 9, 11, 17, 19, 21, 23]",61,0.7518987341772152,0
727,41212,"[1, 2, 3, 5, 6, 10, 13, 15, 19, 22, 24]",4231,"[1, 2, 3, 5, 6, 9, 11, 17, 19, 21, 23]",74,0.6476190476190476,0
728,4231,"[1, 2, 3, 5, 6, 9, 11, 17, 19, 21, 23]",4231,"[1, 2, 3, 5, 6, 9, 11, 17, 19, 21, 23]",0,0.5875591615956728,0
729,4231,"[1, 2, 3, 5, 6, 9, 11, 17, 19, 21, 23]",433,"[1, 2, 3, 5, 6, 10, 13, 15, 17, 21, 23]",45,0.45507246376811594,1
730,4231,"[1, 2, 3, 5, 6, 9, 11, 17, 19, 21, 23]",433,"[1, 2, 3, 5, 6, 10, 13, 15, 17, 21, 23]",72,0.40037243947858475,0
731,4231,"[1, 2, 3, 5, 6, 9, 11, 17, 19, 21, 23]",442,"[1, 2, 3, 5, 6, 9, 11, 12, 16, 22, 24]",0,0.45969202898550726,0
732,4231,"[1, 2, 3, 5, 6, 9, 11, 17, 19, 21, 23]",442,"[1, 2, 3, 5, 6, 9, 11, 12, 16, 22, 24]",58,0.507168458781362,0
733,4231,"[1, 2, 3, 5, 6, 9, 11, 17, 19, 21, 23]",442,"[1, 2, 3, 5, 6, 9, 11, 12, 16, 22, 24]",76,0.5989304812834224,0
734,442,"[1, 2, 3, 5, 6, 9, 11, 12, 16, 22, 24]",442,"[1, 2, 3, 5, 6, 9, 11, 12, 16, 22, 24]",0,0.6542553191489362,0
735,442,"[1, 2, 3, 5, 6, 9, 11, 12, 16, 22, 24]",4411,"[1, 2, 3, 5, 6, 9, 11, 12, 13, 16, 23]",20,0.46786922209695603,1
736,442,"[1, 2, 3, 5, 6, 9, 11, 12, 16, 22, 24]",4411,"[1, 2, 3, 5, 6, 9, 11, 12, 16, 19, 23]",45,0.5474956822107081,0
737,442,"[1, 2, 3, 5, 6, 9, 11, 12, 16, 22, 24]",4411,"[1, 2, 3, 5, 6, 9, 11, 12, 16, 19, 23]",61,0.5251046025104602,-1
738,4321,"[1, 2, 3, 5, 6, 10, 13, 15, 18, 20, 23]",4411,"[1, 2, 3, 5, 6, 9, 11, 12, 16, 19, 23]",75,0.7434052757793765,0
739,4231,"[1, 2, 3, 5, 6, 9, 11, 17, 19, 21, 23]",442,"[1, 2, 3, 5, 6, 9, 11, 12, 16, 22, 24]",0,0.6326530612244898,2
740,4231,"[1, 2, 3, 5, 6, 9, 11, 17, 19, 21, 23]",442,"[1, 2, 3, 5, 6, 9, 11, 12, 16, 22, 24]",23,0.48532289628180036,-1
741,4231,"[1, 2, 3, 5, 6, 9, 11, 17, 19, 21, 23]",442,"[1, 2, 3, 5, 6, 9, 11, 12, 16, 22, 24]",66,0.460431654676259,1
742,41212,"[1, 2, 3, 5, 6, 10, 13, 15, 19, 22, 24]",442,"[1, 2, 3, 5, 6, 9, 11, 12, 16, 22, 24]",0,0.44953742640874683,-2
743,4231,"[1, 2, 3, 5, 6, 9, 11, 17, 19, 21, 23]",442,"[1, 2, 3, 5, 6, 9, 11, 12, 16, 22, 24]",0,0.7045609257998638,-2
744,442,"[1, 2, 3, 5, 6, 9, 11, 12, 16, 22, 24]",442,"[1, 2, 3, 5, 6, 9, 11, 12, 16, 22, 24]",45,0.7100371747211895,0
745,4141,"[1, 2, 3, 5, 6, 10, 12, 13, 15, 16, 23]",4141,"[1, 2, 3, 5, 6, 10, 12, 13, 15, 16, 23]",0,0.19400352733686066,0
746,4141,"[1, 2, 3, 5, 6, 10, 12, 13, 15, 16, 23]",4141,"[1, 2, 3, 5, 6, 10, 12, 13, 15, 16, 23]",13,0.18502519798416125,-1
747,442,"[1, 2, 3, 5, 6, 9, 11, 12, 16, 22, 24]",4141,"[1, 2, 3, 5, 6, 10, 12, 13, 15, 16, 23]",77,0.0,0
748,4231,"[1, 2, 3, 5, 6, 9, 11, 17, 19, 21, 23]",4231,"[1, 2, 3, 5, 6, 9, 11, 17, 19, 21, 23]",0,0.4932898077620602,-1
749,4231,"[1, 2, 3, 5, 6, 9, 11, 17, 19, 21, 23]",4231,"[1, 2, 3, 5, 6, 9, 11, 17, 19, 21, 23]",69,0.7687687687687688,0
750,4231,"[1, 2, 3, 5, 6, 9, 11, 17, 19, 21, 23]",4231,"[1, 2, 3, 5, 6, 9, 11, 17, 19, 21, 23]",78,0.634703196347032,-1
751,4231,"[1, 2, 3, 5, 6, 9, 11, 17, 19, 21, 23]",433,"[1, 2, 3, 5, 6, 10, 13, 15, 17, 21, 23]",82,0.9545454545454546,0
752,442,"[1, 2, 3, 5, 6, 9, 11, 12, 16, 22, 24]",4231,"[1, 2, 3, 5, 6, 9, 11, 17, 19, 21, 23]",0,0.6807339449541284,0
753,3511,"[1, 3, 4, 5, 7, 8, 10, 13, 15, 19, 23]",41212,"[1, 2, 3, 5, 6, 10, 13, 15, 19, 22, 24]",0,0.558695652173913,0
754,3511,"[1, 3, 4, 5, 7, 8, 10, 13, 15, 19, 23]",41212,"[1, 2, 3, 5, 6, 10, 13, 15, 19, 22, 24]",12,0.6695544554455446,1
755,3511,"[1, 3, 4, 5, 7, 8, 10, 13, 15, 19, 23]",4231,"[1, 2, 3, 5, 6, 9, 11, 17, 19, 21, 23]",31,0.6029411764705882,0
756,4231,"[1, 2, 3, 5, 6, 9, 11, 17, 19, 21, 23]",4231,"[1, 2, 3, 5, 6, 9, 11, 17, 19, 21, 23]",45,0.7517006802721088,1
757,4231,"[1, 2, 3, 5, 6, 9, 11, 17, 19, 21, 23]",4231,"[1, 2, 3, 5, 6, 9, 11, 17, 19, 21, 23]",52,0.4896489648964896,2
758,433,"[1, 2, 3, 5, 6, 10, 13, 15, 17, 21, 23]",4231,"[1, 2, 3, 5, 6, 9, 11, 17, 19, 21, 23]",79,0.6512261580381471,0
759,442,"[1, 2, 3, 5, 6, 9, 11, 12, 16, 22, 24]",4411,"[1, 2, 3, 5, 6, 9, 11, 12, 16, 19, 23]",0,0.6409176029962547,-1
760,442,"[1, 2, 3, 5, 6, 9, 11, 12, 16, 22, 24]",4411,"[1, 2, 3, 5, 6, 9, 11, 12, 16, 19, 23]",57,0.7806451612903226,0
761,41212,"[1, 2, 3, 5, 6, 10, 13, 15, 19, 22, 24]",4411,"[1, 2, 3, 5, 6, 9, 11, 12, 16, 19, 23]",65,0.48,0
762,41212,"[1, 2, 3, 5, 6, 10, 13, 15, 19, 22, 24]",343,"[1, 3, 4, 5, 7, 8, 9, 11, 17, 21, 23]",69,0.9736842105263158,0
763,3412,"[1, 3, 4, 5, 7, 8, 9, 11, 19, 22, 24]",343,"[1, 3, 4, 5, 7, 8, 9, 11, 17, 21, 23]",77,0.6653543307086615,-2
764,442,"[1, 2, 3, 5, 6, 9, 11, 12, 16, 22, 24]",4231,"[1, 2, 3, 5, 6, 9, 11, 17, 19, 21, 23]",0,0.451295799821269,1
765,442,"[1, 2, 3, 5, 6, 9, 11, 12, 16, 22, 24]",41212,"[1, 2, 3, 5, 6, 10, 13, 15, 19, 22, 24]",63,0.36065573770491804,-1
766,442,"[1, 2, 3, 5, 6, 9, 11, 12, 16, 22, 24]",41212,"[1, 2, 3, 5, 6, 10, 13, 15, 19, 22, 24]",68,0.35544430538172717,1
767,433,"[1, 2, 3, 5, 6, 10, 13, 15, 17, 21, 23]",41212,"[1, 2, 3, 5, 6, 10, 13, 15, 19, 22, 24]",0,0.4478424801005446,0
768,433,"[1, 2, 3, 5, 6, 10, 13, 15, 17, 21, 23]",41212,"[1, 2, 3, 5, 6, 10, 13, 15, 19, 22, 24]",58,0.22867513611615245,0
769,433,"[1, 2, 3, 5, 6, 10, 13, 15, 17, 21, 23]",41212,"[1, 2, 3, 5, 6, 10, 13, 15, 19, 22, 24]",72,0.5257142857142857,2
770,4231,"[1, 2, 3, 5, 6, 9, 11, 17, 19, 21, 23]",41212,"[1, 2, 3, 5, 6, 10, 13, 15, 19, 22, 24]",0,0.5299055613850997,1
771,4231,"[1, 2, 3, 5, 6, 9, 11, 17, 19, 21, 23]",41212,"[1, 2, 3, 5, 6, 10, 13, 15, 19, 22, 24]",58,0.31215161649944256,0
772,442,"[1, 2, 3, 5, 6, 9, 11, 12, 16, 22, 24]",4411,"[1, 2, 3, 5, 6, 9, 11, 12, 16, 19, 23]",0,0.4133784291619692,1
773,442,"[1, 2, 3, 5, 6, 9, 11, 12, 16, 22, 24]",4411,"[1, 2, 3, 5, 6, 9, 11, 12, 16, 19, 23]",61,0.450261780104712,0
774,442,"[1, 2, 3, 5, 6, 9, 11, 12, 16, 22, 24]",4141,"[1, 2, 3, 5, 6, 10, 12, 13, 15, 16, 23]",0,0.4964344487109161,0
775,442,"[1, 2, 3, 5, 6, 9, 11, 12, 16, 22, 24]",442,"[1, 2, 3, 5, 6, 9, 11, 12, 16, 22, 24]",46,0.5928934010152285,0
776,442,"[1, 2, 3, 5, 6, 9, 11, 12, 16, 22, 24]",442,"[1, 2, 3, 5, 6, 9, 11, 12, 16, 22, 24]",69,0.47540983606557374,2
777,442,"[1, 2, 3, 5, 6, 9, 11, 12, 16, 22, 24]",41212,"[1, 2, 3, 5, 6, 10, 13, 15, 19, 22, 24]",80,0.49185667752442996,0
778,4411,"[1, 2, 3, 5, 6, 9, 11, 12, 16, 19, 23]",4231,"[1, 2, 3, 5, 6, 9, 11, 17, 19, 21, 23]",0,0.3376010781671159,-1
779,4411,"[1, 2, 3, 5, 6, 9, 11, 12, 16, 19, 23]",4231,"[1, 2, 3, 5, 6, 9, 11, 17, 19, 21, 23]",45,0.42033898305084744,0
780,4411,"[1, 2, 3, 5, 6, 9, 11, 12, 16, 19, 23]",4231,"[1, 2, 3, 5, 6, 9, 11, 17, 19, 21, 23]",82,0.41739130434782606,0
781,433,"[1, 2, 3, 5, 6, 10, 13, 15, 17, 21, 23]",4411,"[1, 2, 3, 5, 6, 9, 11, 12, 16, 19, 23]",0,0.7017082785808147,-1
782,433,"[1, 2, 3, 5, 6, 10, 13, 15, 17, 21, 23]",451,"[1, 2, 3, 5, 6, 12, 13, 14, 15, 16, 23]",18,0.9722222222222222,0
783,433,"[1, 2, 3, 5, 6, 10, 13, 15, 17, 21, 23]",451,"[1, 2, 3, 5, 6, 12, 13, 14, 15, 16, 23]",20,0.7413441955193483,0
784,433,"[1, 2, 3, 5, 6, 10, 13, 15, 17, 21, 23]",451,"[1, 2, 3, 5, 6, 12, 13, 14, 15, 16, 23]",32,0.8012820512820513,0
785,433,"[1, 2, 3, 5, 6, 10, 13, 15, 17, 21, 23]",451,"[1, 2, 3, 5, 6, 12, 13, 14, 15, 16, 23]",45,0.7635359116022099,1
786,41212,"[1, 2, 3, 5, 6, 10, 13, 15, 19, 22, 24]",4231,"[1, 2, 3, 5, 6, 9, 11, 17, 19, 21, 23]",0,0.4842105263157895,1
787,41212,"[1, 2, 3, 5, 6, 10, 13, 15, 19, 22, 24]",4231,"[1, 2, 3, 5, 6, 9, 11, 17, 19, 21, 23]",45,0.345372460496614,0
788,41212,"[1, 2, 3, 5, 6, 10, 13, 15, 19, 22, 24]",4231,"[1, 2, 3, 5, 6, 9, 11, 17, 19, 21, 23]",67,0.37410071942446044,0
789,4141,"[1, 2, 3, 5, 6, 10, 12, 13, 15, 16, 23]",4411,"[1, 2, 3, 5, 6, 9, 11, 12, 16, 19, 23]",0,0.6920597714620569,0
790,442,"[1, 2, 3, 5, 6, 9, 11, 12, 16, 22, 24]",442,"[1, 2, 3, 5, 6, 9, 11, 12, 16, 22, 24]",0,0.34815373021853807,-2
791,41212,"[1, 2, 3, 5, 6, 10, 13, 15, 19, 22, 24]",442,"[1, 2, 3, 5, 6, 9, 11, 12, 16, 22, 24]",30,0.5804953560371517,1
792,41212,"[1, 2, 3, 5, 6, 10, 13, 15, 19, 22, 24]",442,"[1, 2, 3, 5, 6, 9, 11, 12, 16, 22, 24]",67,0.7701711491442543,0
793,41212,"[1, 2, 3, 5, 6, 10, 13, 15, 19, 22, 24]",442,"[1, 2, 3, 5, 6, 9, 11, 12, 16, 22, 24]",81,0.5188679245283019,0
794,4231,"[1, 2, 3, 5, 6, 9, 11, 17, 19, 21, 23]",4231,"[1, 2, 3, 5, 6, 9, 11, 17, 19, 21, 23]",0,0.2577777777777778,0
795,4231,"[1, 2, 3, 5, 6, 9, 11, 17, 19, 21, 23]",4231,"[1, 2, 3, 5, 6, 9, 11, 17, 19, 21, 23]",5,0.46150234741784035,-1
796,4231,"[1, 2, 3, 5, 6, 9, 11, 17, 19, 21, 23]",4231,"[1, 2, 3, 5, 6, 9, 11, 17, 19, 21, 23]",61,0.5031315240083507,0
797,4231,"[1, 2, 3, 5, 6, 9, 11, 17, 19, 21, 23]",4231,"[1, 2, 3, 5, 6, 9, 11, 17, 19, 21, 23]",72,0.8205128205128205,0
798,41212,"[1, 2, 3, 5, 6, 10, 13, 15, 19, 22, 24]",4231,"[1, 2, 3, 5, 6, 9, 11, 17, 19, 21, 23]",75,0.5619694397283531,0
799,442,"[1, 2, 3, 5, 6, 9, 11, 12, 16, 22, 24]",4231,"[1, 2, 3, 5, 6, 9, 11, 17, 19, 21, 23]",0,0.2724039829302987,0
800,442,"[1, 2, 3, 5, 6, 9, 11, 12, 16, 22, 24]",4231,"[1, 2, 3, 5, 6, 9, 11, 17, 19, 21, 23]",34,0.26721763085399447,0
801,442,"[1, 2, 3, 5, 6, 9, 11, 12, 16, 22, 24]",4231,"[1, 2, 3, 5, 6, 9, 11, 17, 19, 21, 23]",45,0.28557114228456915,-3
802,442,"[1, 2, 3, 5, 6, 9, 11, 12, 16, 22, 24]",4231,"[1, 2, 3, 5, 6, 9, 11, 17, 19, 21, 23]",68,0.34210526315789475,0
803,41212,"[1, 2, 3, 5, 6, 10, 13, 15, 19, 22, 24]",442,"[1, 2, 3, 5, 6, 9, 11, 12, 16, 22, 24]",0,0.3638565891472868,-1
804,41212,"[1, 2, 3, 5, 6, 10, 13, 15, 19, 22, 24]",442,"[1, 2, 3, 5, 6, 9, 11, 12, 16, 22, 24]",55,0.3,-1
805,41212,"[1, 2, 3, 5, 6, 10, 13, 15, 19, 22, 24]",442,"[1, 2, 3, 5, 6, 9, 11, 12, 16, 22, 24]",58,0.2821917808219178,-1
806,4231,"[1, 2, 3, 5, 6, 9, 11, 17, 19, 21, 23]",442,"[1, 2, 3, 5, 6, 9, 11, 12, 16, 22, 24]",0,0.623502567027952,0
807,4231,"[1, 2, 3, 5, 6, 9, 11, 17, 19, 21, 23]",442,"[1, 2, 3, 5, 6, 9, 11, 12, 16, 22, 24]",45,0.6539961013645225,-2
808,4231,"[1, 2, 3, 5, 6, 9, 11, 17, 19, 21, 23]",343,"[1, 3, 4, 5, 7, 8, 9, 11, 17, 21, 23]",81,0.7078651685393258,0
809,41212,"[1, 2, 3, 5, 6, 10, 13, 15, 19, 22, 24]",41212,"[1, 2, 3, 5, 6, 10, 13, 15, 19, 22, 24]",0,0.5902668759811617,0
810,41212,"[1, 2, 3, 5, 6, 10, 13, 15, 19, 22, 24]",442,"[1, 2, 3, 5, 6, 9, 11, 12, 16, 22, 24]",45,0.608793686583991,0
811,442,"[1, 2, 3, 5, 6, 9, 11, 12, 16, 22, 24]",442,"[1, 2, 3, 5, 6, 9, 11, 12, 16, 22, 24]",69,0.37572254335260113,1
812,442,"[1, 2, 3, 5, 6, 9, 11, 12, 16, 22, 24]",4231,"[1, 2, 3, 5, 6, 9, 11, 17, 19, 21, 23]",0,0.33142559833506763,1
813,442,"[1, 2, 3, 5, 6, 9, 11, 12, 16, 22, 24]",4231,"[1, 2, 3, 5, 6, 9, 11, 17, 19, 21, 23]",45,0.45038167938931295,-1
814,442,"[1, 2, 3, 5, 6, 9, 11, 12, 16, 22, 24]",4231,"[1, 2, 3, 5, 6, 9, 11, 17, 19, 21, 23]",56,0.3289156626506024,0
815,4321,"[1, 2, 3, 5, 6, 10, 13, 15, 18, 20, 23]",442,"[1, 2, 3, 5, 6, 9, 11, 12, 16, 22, 24]",0,0.6239695624603678,-1
816,4411,"[1, 2, 3, 5, 6, 9, 11, 12, 16, 19, 23]",442,"[1, 2, 3, 5, 6, 9, 11, 12, 16, 22, 24]",45,0.5421436004162331,0
817,442,"[1, 2, 3, 5, 6, 9, 11, 12, 16, 22, 24]",4231,"[1, 2, 3, 5, 6, 9, 11, 17, 19, 21, 23]",0,0.5811965811965812,4
818,442,"[1, 2, 3, 5, 6, 9, 11, 12, 16, 22, 24]",4231,"[1, 2, 3, 5, 6, 9, 11, 17, 19, 21, 23]",27,0.39849624060150374,-1
819,442,"[1, 2, 3, 5, 6, 9, 11, 12, 16, 22, 24]",4231,"[1, 2, 3, 5, 6, 9, 11, 17, 19, 21, 23]",67,0.5329087048832272,-1
820,4411,"[1, 2, 3, 5, 6, 9, 11, 12, 16, 19, 23]",442,"[1, 2, 3, 5, 6, 9, 11, 12, 16, 22, 24]",0,0.4073923639317628,1
821,442,"[1, 2, 3, 5, 6, 9, 11, 12, 16, 22, 24]",442,"[1, 2, 3, 5, 6, 9, 11, 12, 16, 22, 24]",0,0.5824720959073998,1
822,442,"[1, 2, 3, 5, 6, 9, 11, 12, 16, 22, 24]",442,"[1, 2, 3, 5, 6, 9, 11, 12, 16, 22, 24]",60,0.32044198895027626,0
823,433,"[1, 2, 3, 5, 6, 10, 13, 15, 17, 21, 23]",442,"[1, 2, 3, 5, 6, 9, 11, 12, 16, 22, 24]",0,0.5802804161013116,-1
824,4231,"[1, 2, 3, 5, 6, 9, 11, 17, 19, 21, 23]",442,"[1, 2, 3, 5, 6, 9, 11, 12, 16, 22, 24]",45,0.5678294573643411,4
825,4231,"[1, 2, 3, 5, 6, 9, 11, 17, 19, 21, 23]",442,"[1, 2, 3, 5, 6, 9, 11, 12, 16, 22, 24]",58,0.7193169690501601,1
826,4231,"[1, 2, 3, 5, 6, 9, 11, 17, 19, 21, 23]",442,"[1, 2, 3, 5, 6, 9, 11, 12, 16, 22, 24]",77,1.0,0
827,433,"[1, 2, 3, 5, 6, 10, 13, 15, 17, 21, 23]",4231,"[1, 2, 3, 5, 6, 9, 11, 17, 19, 21, 23]",0,0.5198924731182796,0
828,433,"[1, 2, 3, 5, 6, 10, 13, 15, 17, 21, 23]",4231,"[1, 2, 3, 5, 6, 9, 11, 17, 19, 21, 23]",49,0.7188679245283018,0
829,433,"[1, 2, 3, 5, 6, 10, 13, 15, 17, 21, 23]",4231,"[1, 2, 3, 5, 6, 9, 11, 17, 19, 21, 23]",65,0.25100401606425704,0
830,433,"[1, 2, 3, 5, 6, 10, 13, 15, 17, 21, 23]",4231,"[1, 2, 3, 5, 6, 9, 11, 17, 19, 21, 23]",80,0.06930693069306931,-1
831,433,"[1, 2, 3, 5, 6, 10, 13, 15, 17, 21, 23]",4231,"[1, 2, 3, 5, 6, 9, 11, 17, 19, 21, 23]",87,0.7037037037037037,0
832,442,"[1, 2, 3, 5, 6, 9, 11, 12, 16, 22, 24]",442,"[1, 2, 3, 5, 6, 9, 11, 12, 16, 22, 24]",0,0.43870967741935485,0
833,442,"[1, 2, 3, 5, 6, 9, 11, 12, 16, 22, 24]",442,"[1, 2, 3, 5, 6, 9, 11, 12, 16, 22, 24]",45,0.5638297872340425,-1
834,442,"[1, 2, 3, 5, 6, 9, 11, 12, 16, 22, 24]",442,"[1, 2, 3, 5, 6, 9, 11, 12, 16, 22, 24]",61,0.5826558265582655,0
835,442,"[1, 2, 3, 5, 6, 9, 11, 12, 16, 22, 24]",442,"[1, 2, 3, 5, 6, 9, 11, 12, 16, 22, 24]",70,0.5822784810126582,0
836,4231,"[1, 2, 3, 5, 6, 9, 11, 17, 19, 21, 23]",4231,"[1, 2, 3, 5, 6, 9, 11, 17, 19, 21, 23]",0,0.5352544451256898,2
837,4231,"[1, 2, 3, 5, 6, 9, 11, 17, 19, 21, 23]",4231,"[1, 2, 3, 5, 6, 9, 11, 17, 19, 21, 23]",44,1.0,0
838,4231,"[1, 2, 3, 5, 6, 9, 11, 17, 19, 21, 23]",4321,"[1, 2, 3, 5, 6, 10, 13, 15, 18, 20, 23]",45,1.0,0
839,4231,"[1, 2, 3, 5, 6, 9, 11, 17, 19, 21, 23]",4321,"[1, 2, 3, 5, 6, 10, 13, 15, 18, 20, 23]",45,0.43,0
840,4231,"[1, 2, 3, 5, 6, 9, 11, 17, 19, 21, 23]",4321,"[1, 2, 3, 5, 6, 10, 13, 15, 18, 20, 23]",69,0.38480392156862747,0
841,4231,"[1, 2, 3, 5, 6, 9, 11, 17, 19, 21, 23]",442,"[1, 2, 3, 5, 6, 9, 11, 12, 16, 22, 24]",0,0.5685759327377824,1
842,4231,"[1, 2, 3, 5, 6, 9, 11, 17, 19, 21, 23]",442,"[1, 2, 3, 5, 6, 9, 11, 12, 16, 22, 24]",45,0.5669975186104218,1
843,4231,"[1, 2, 3, 5, 6, 9, 11, 17, 19, 21, 23]",442,"[1, 2, 3, 5, 6, 9, 11, 12, 16, 22, 24]",63,0.5398886827458256,1
844,41212,"[1, 2, 3, 5, 6, 10, 13, 15, 19, 22, 24]",433,"[1, 2, 3, 5, 6, 10, 13, 15, 17, 21, 23]",0,0.5823529411764706,0
845,41212,"[1, 2, 3, 5, 6, 10, 13, 15, 19, 22, 24]",433,"[1, 2, 3, 5, 6, 10, 13, 15, 17, 21, 23]",3,0.5991735537190083,0
846,41212,"[1, 2, 3, 5, 6, 10, 13, 15, 19, 22, 24]",433,"[1, 2, 3, 5, 6, 10, 13, 15, 17, 21, 23]",45,0.44135429262394194,0
847,41212,"[1, 2, 3, 5, 6, 10, 13, 15, 19, 22, 24]",433,"[1, 2, 3, 5, 6, 10, 13, 15, 17, 21, 23]",72,0.6082677165354331,0
848,41212,"[1, 2, 3, 5, 6, 10, 13, 15, 19, 22, 24]",433,"[1, 2, 3, 5, 6, 10, 13, 15, 17, 21, 23]",87,0.7966101694915254,-1
849,4231,"[1, 2, 3, 5, 6, 9, 11, 17, 19, 21, 23]",442,"[1, 2, 3, 5, 6, 9, 11, 12, 16, 22, 24]",0,0.3984375,0
850,4141,"[1, 2, 3, 5, 6, 10, 12, 13, 15, 16, 23]",442,"[1, 2, 3, 5, 6, 9, 11, 12, 16, 22, 24]",45,0.46817420435510887,1
851,4141,"[1, 2, 3, 5, 6, 10, 12, 13, 15, 16, 23]",442,"[1, 2, 3, 5, 6, 9, 11, 12, 16, 22, 24]",71,0.39473684210526316,0
852,4141,"[1, 2, 3, 5, 6, 10, 12, 13, 15, 16, 23]",4321,"[1, 2, 3, 5, 6, 10, 13, 15, 18, 20, 23]",75,0.6785714285714286,0
853,4141,"[1, 2, 3, 5, 6, 10, 12, 13, 15, 16, 23]",4231,"[1, 2, 3, 5, 6, 9, 11, 17, 19, 21, 23]",0,0.49609375,0
854,4141,"[1, 2, 3, 5, 6, 10, 12, 13, 15, 16, 23]",4231,"[1, 2, 3, 5, 6, 9, 11, 17, 19, 21, 23]",25,0.5496828752642706,0
855,4141,"[1, 2, 3, 5, 6, 10, 12, 13, 15, 16, 23]",4231,"[1, 2, 3, 5, 6, 9, 11, 17, 19, 21, 23]",35,0.5714285714285714,0
856,4141,"[1, 2, 3, 5, 6, 10, 12, 13, 15, 16, 23]",4231,"[1, 2, 3, 5, 6, 9, 11, 17, 19, 21, 23]",45,0.0,0
857,4141,"[1, 2, 3, 5, 6, 10, 12, 13, 15, 16, 23]",4231,"[1, 2, 3, 5, 6, 9, 11, 17, 19, 21, 23]",45,0.41254125412541254,0
858,4141,"[1, 2, 3, 5, 6, 10, 12, 13, 15, 16, 23]",4231,"[1, 2, 3, 5, 6, 9, 11, 17, 19, 21, 23]",52,0.6970802919708029,0
859,442,"[1, 2, 3, 5, 6, 9, 11, 12, 16, 22, 24]",4231,"[1, 2, 3, 5, 6, 9, 11, 17, 19, 21, 23]",60,0.5406203840472673,1
860,442,"[1, 2, 3, 5, 6, 9, 11, 12, 16, 22, 24]",442,"[1, 2, 3, 5, 6, 9, 11, 12, 16, 22, 24]",76,0.4782608695652174,0
861,4411,"[1, 2, 3, 5, 6, 9, 11, 12, 16, 19, 23]",433,"[1, 2, 3, 5, 6, 10, 13, 15, 17, 21, 23]",0,0.24383164005805516,0
862,4411,"[1, 2, 3, 5, 6, 9, 11, 12, 16, 19, 23]",433,"[1, 2, 3, 5, 6, 10, 13, 15, 17, 21, 23]",17,0.2133676092544987,-1
863,4411,"[1, 2, 3, 5, 6, 9, 11, 12, 16, 19, 23]",433,"[1, 2, 3, 5, 6, 10, 13, 15, 17, 21, 23]",46,0.13686806411837238,-2
864,4411,"[1, 2, 3, 5, 6, 9, 11, 12, 16, 19, 23]",433,"[1, 2, 3, 5, 6, 10, 13, 15, 17, 21, 23]",69,0.17045454545454544,0
865,4411,"[1, 2, 3, 5, 6, 9, 11, 12, 16, 19, 23]",433,"[1, 2, 3, 5, 6, 10, 13, 15, 17, 21, 23]",71,0.11538461538461539,0
866,4231,"[1, 2, 3, 5, 6, 9, 11, 17, 19, 21, 23]",433,"[1, 2, 3, 5, 6, 10, 13, 15, 17, 21, 23]",0,0.609375,2
867,41212,"[1, 2, 3, 5, 6, 10, 13, 15, 19, 22, 24]",41212,"[1, 2, 3, 5, 6, 10, 13, 15, 19, 22, 24]",0,0.59129937034917,-1
868,442,"[1, 2, 3, 5, 6, 9, 11, 12, 16, 22, 24]",41212,"[1, 2, 3, 5, 6, 10, 13, 15, 19, 22, 24]",45,0.610248447204969,1
869,442,"[1, 2, 3, 5, 6, 9, 11, 12, 16, 22, 24]",4411,"[1, 2, 3, 5, 6, 9, 11, 12, 16, 19, 23]",63,0.6193415637860082,0
870,442,"[1, 2, 3, 5, 6, 9, 11, 12, 16, 22, 24]",4411,"[1, 2, 3, 5, 6, 9, 11, 12, 16, 19, 23]",81,0.6213592233009708,0
871,442,"[1, 2, 3, 5, 6, 9, 11, 12, 16, 22, 24]",4231,"[1, 2, 3, 5, 6, 9, 11, 17, 19, 21, 23]",0,0.6169447170428525,1
872,4321,"[1, 2, 3, 5, 6, 10, 13, 15, 18, 20, 23]",4231,"[1, 2, 3, 5, 6, 9, 11, 17, 19, 21, 23]",0,0.3021148036253776,0
873,4321,"[1, 2, 3, 5, 6, 10, 13, 15, 18, 20, 23]",433,"[1, 2, 3, 5, 6, 10, 13, 15, 17, 21, 23]",65,0.3076923076923077,-1
874,4321,"[1, 2, 3, 5, 6, 10, 13, 15, 18, 20, 23]",433,"[1, 2, 3, 5, 6, 10, 13, 15, 17, 21, 23]",73,0.2733333333333333,0
875,4321,"[1, 2, 3, 5, 6, 10, 13, 15, 18, 20, 23]",4231,"[1, 2, 3, 5, 6, 9, 11, 17, 19, 21, 23]",76,0.025,0
876,4321,"[1, 2, 3, 5, 6, 10, 13, 15, 18, 20, 23]",4231,"[1, 2, 3, 5, 6, 9, 11, 17, 19, 21, 23]",79,0.5,0
877,433,"[1, 2, 3, 5, 6, 10, 13, 15, 17, 21, 23]",4231,"[1, 2, 3, 5, 6, 9, 11, 17, 19, 21, 23]",0,0.3611111111111111,0
878,433,"[1, 2, 3, 5, 6, 10, 13, 15, 17, 21, 23]",4231,"[1, 2, 3, 5, 6, 9, 11, 17, 19, 21, 23]",45,0.32844932844932845,0
879,433,"[1, 2, 3, 5, 6, 10, 13, 15, 17, 21, 23]",4231,"[1, 2, 3, 5, 6, 9, 11, 17, 19, 21, 23]",66,0.8902439024390244,0
880,442,"[1, 2, 3, 5, 6, 9, 11, 12, 16, 22, 24]",4141,"[1, 2, 3, 5, 6, 10, 12, 13, 15, 16, 23]",0,0.5759787657597877,0
881,442,"[1, 2, 3, 5, 6, 9, 11, 12, 16, 22, 24]",4141,"[1, 2, 3, 5, 6, 10, 12, 13, 15, 16, 23]",44,0.4952919020715631,1
882,442,"[1, 2, 3, 5, 6, 9, 11, 12, 16, 22, 24]",4141,"[1, 2, 3, 5, 6, 10, 12, 13, 15, 16, 23]",72,0.5414012738853503,0
883,41212,"[1, 2, 3, 5, 6, 10, 13, 15, 19, 22, 24]",442,"[1, 2, 3, 5, 6, 9, 11, 12, 16, 22, 24]",0,0.5431767337807606,3
884,41212,"[1, 2, 3, 5, 6, 10, 13, 15, 19, 22, 24]",352,"[1, 3, 4, 5, 7, 8, 10, 13, 15, 22, 24]",52,0.4976958525345622,1
885,4411,"[1, 2, 3, 5, 6, 9, 11, 12, 16, 19, 23]",4411,"[1, 2, 3, 5, 6, 9, 11, 12, 16, 19, 23]",0,0.7262265293761356,-1
886,4411,"[1, 2, 3, 5, 6, 9, 11, 12, 16, 19, 23]",4411,"[1, 2, 3, 5, 6, 9, 11, 12, 16, 19, 23]",45,0.8079777365491652,0
887,442,"[1, 2, 3, 5, 6, 9, 11, 12, 16, 22, 24]",4231,"[1, 2, 3, 5, 6, 9, 11, 17, 19, 21, 23]",0,0.550531914893617,-3
888,442,"[1, 2, 3, 5, 6, 9, 11, 12, 16, 22, 24]",4231,"[1, 2, 3, 5, 6, 9, 11, 17, 19, 21, 23]",54,0.5977011494252874,0
889,442,"[1, 2, 3, 5, 6, 9, 11, 12, 16, 22, 24]",4231,"[1, 2, 3, 5, 6, 9, 11, 17, 19, 21, 23]",64,0.762214983713355,0
890,41212,"[1, 2, 3, 5, 6, 10, 13, 15, 19, 22, 24]",442,"[1, 2, 3, 5, 6, 9, 11, 12, 16, 22, 24]",0,0.8470588235294118,0
891,41212,"[1, 2, 3, 5, 6, 10, 13, 15, 19, 22, 24]",442,"[1, 2, 3, 5, 6, 9, 11, 12, 16, 22, 24]",4,0.381053525913339,1
892,41212,"[1, 2, 3, 5, 6, 10, 13, 15, 19, 22, 24]",442,"[1, 2, 3, 5, 6, 9, 11, 12, 16, 22, 24]",72,0.2571976967370441,0
893,433,"[1, 2, 3, 5, 6, 10, 13, 15, 17, 21, 23]",343,"[1, 3, 4, 5, 7, 8, 9, 11, 17, 21, 23]",0,0.5734072022160664,0
894,433,"[1, 2, 3, 5, 6, 10, 13, 15, 17, 21, 23]",343,"[1, 3, 4, 5, 7, 8, 9, 11, 17, 21, 23]",16,0.5608695652173913,1
895,433,"[1, 2, 3, 5, 6, 10, 13, 15, 17, 21, 23]",343,"[1, 3, 4, 5, 7, 8, 9, 11, 17, 21, 23]",30,0.6882255389718076,0
896,433,"[1, 2, 3, 5, 6, 10, 13, 15, 17, 21, 23]",343,"[1, 3, 4, 5, 7, 8, 9, 11, 17, 21, 23]",45,0.7033898305084746,1
897,433,"[1, 2, 3, 5, 6, 10, 13, 15, 17, 21, 23]",442,"[1, 2, 3, 5, 6, 9, 11, 12, 16, 22, 24]",61,0.5628140703517588,0
898,433,"[1, 2, 3, 5, 6, 10, 13, 15, 17, 21, 23]",442,"[1, 2, 3, 5, 6, 9, 11, 12, 16, 22, 24]",72,0.4967532467532468,-1
899,4411,"[1, 2, 3, 5, 6, 9, 11, 12, 16, 19, 23]",4411,"[1, 2, 3, 5, 6, 9, 11, 12, 16, 19, 23]",0,0.3423889607589478,0
900,4231,"[1, 2, 3, 5, 6, 9, 11, 17, 19, 21, 23]",433,"[1, 2, 3, 5, 6, 10, 13, 15, 17, 21, 23]",0,0.583498023715415,0
901,4231,"[1, 2, 3, 5, 6, 9, 11, 17, 19, 21, 23]",433,"[1, 2, 3, 5, 6, 10, 13, 15, 17, 21, 23]",56,0.6658031088082902,-1
902,442,"[1, 2, 3, 5, 6, 9, 11, 12, 16, 22, 24]",4411,"[1, 2, 3, 5, 6, 9, 11, 12, 16, 19, 23]",0,0.4612005856515373,0
903,442,"[1, 2, 3, 5, 6, 9, 11, 12, 16, 22, 24]",4231,"[1, 2, 3, 5, 6, 9, 11, 17, 19, 21, 23]",39,0.40472673559822747,-1
904,41212,"[1, 2, 3, 5, 6, 10, 13, 15, 19, 22, 24]",4231,"[1, 2, 3, 5, 6, 9, 11, 17, 19, 21, 23]",58,0.7282229965156795,0
905,4141,"[1, 2, 3, 5, 6, 10, 12, 13, 15, 16, 23]",4231,"[1, 2, 3, 5, 6, 9, 11, 17, 19, 21, 23]",65,0.4051724137931034,2
906,4411,"[1, 2, 3, 5, 6, 9, 11, 12, 16, 19, 23]",4231,"[1, 2, 3, 5, 6, 9, 11, 17, 19, 21, 23]",80,0.0,0
907,442,"[1, 2, 3, 5, 6, 9, 11, 12, 16, 22, 24]",442,"[1, 2, 3, 5, 6, 9, 11, 12, 16, 22, 24]",0,0.5276932440657334,-1
908,442,"[1, 2, 3, 5, 6, 9, 11, 12, 16, 22, 24]",442,"[1, 2, 3, 5, 6, 9, 11, 12, 16, 22, 24]",45,0.564276048714479,0
909,41212,"[1, 2, 3, 5, 6, 10, 13, 15, 19, 22, 24]",442,"[1, 2, 3, 5, 6, 9, 11, 12, 16, 22, 24]",67,0.6894075403949731,-1
910,3511,"[1, 3, 4, 5, 7, 8, 10, 13, 15, 19, 23]",442,"[1, 2, 3, 5, 6, 9, 11, 12, 16, 22, 24]",0,0.6263282172373081,1
911,3511,"[1, 3, 4, 5, 7, 8, 10, 13, 15, 19, 23]",442,"[1, 2, 3, 5, 6, 9, 11, 12, 16, 22, 24]",45,0.3686635944700461,0
912,3511,"[1, 3, 4, 5, 7, 8, 10, 13, 15, 19, 23]",442,"[1, 2, 3, 5, 6, 9, 11, 12, 16, 22, 24]",50,0.751060820367751,2
913,3511,"[1, 3, 4, 5, 7, 8, 10, 13, 15, 19, 23]",442,"[1, 2, 3, 5, 6, 9, 11, 12, 16, 22, 24]",72,0.7863636363636364,0
914,4231,"[1, 2, 3, 5, 6, 9, 11, 17, 19, 21, 23]",4231,"[1, 2, 3, 5, 6, 9, 11, 17, 19, 21, 23]",0,0.6079245283018868,2
915,442,"[1, 2, 3, 5, 6, 9, 11, 12, 16, 22, 24]",4231,"[1, 2, 3, 5, 6, 9, 11, 17, 19, 21, 23]",0,0.6716867469879518,-1
916,442,"[1, 2, 3, 5, 6, 9, 11, 12, 16, 22, 24]",4231,"[1, 2, 3, 5, 6, 9, 11, 17, 19, 21, 23]",81,1.0,0
917,442,"[1, 2, 3, 5, 6, 9, 11, 12, 16, 22, 24]",4231,"[1, 2, 3, 5, 6, 9, 11, 17, 19, 21, 23]",82,0.706060606060606,0
918,4141,"[1, 2, 3, 5, 6, 10, 12, 13, 15, 16, 23]",433,"[1, 2, 3, 5, 6, 10, 13, 15, 17, 21, 23]",0,0.29924242424242425,0
919,4141,"[1, 2, 3, 5, 6, 10, 12, 13, 15, 16, 23]",433,"[1, 2, 3, 5, 6, 10, 13, 15, 17, 21, 23]",45,0.274822695035461,-2
920,4141,"[1, 2, 3, 5, 6, 10, 12, 13, 15, 16, 23]",433,"[1, 2, 3, 5, 6, 10, 13, 15, 17, 21, 23]",60,0.43004115226337447,0
921,442,"[1, 2, 3, 5, 6, 9, 11, 12, 16, 22, 24]",4231,"[1, 2, 3, 5, 6, 9, 11, 17, 19, 21, 23]",0,0.30952380952380953,0
922,442,"[1, 2, 3, 5, 6, 9, 11, 12, 16, 22, 24]",442,"[1, 2, 3, 5, 6, 9, 11, 12, 16, 22, 24]",15,0.22569027611044418,1
923,442,"[1, 2, 3, 5, 6, 9, 11, 12, 16, 22, 24]",442,"[1, 2, 3, 5, 6, 9, 11, 12, 16, 22, 24]",35,0.232620320855615,0
924,442,"[1, 2, 3, 5, 6, 9, 11, 12, 16, 22, 24]",41212,"[1, 2, 3, 5, 6, 10, 13, 15, 19, 22, 24]",45,0.3212669683257919,0
925,442,"[1, 2, 3, 5, 6, 9, 11, 12, 16, 22, 24]",41212,"[1, 2, 3, 5, 6, 10, 13, 15, 19, 22, 24]",74,0.4646017699115044,0
926,4231,"[1, 2, 3, 5, 6, 9, 11, 17, 19, 21, 23]",41212,"[1, 2, 3, 5, 6, 10, 13, 15, 19, 22, 24]",80,0.15584415584415584,0
927,4231,"[1, 2, 3, 5, 6, 9, 11, 17, 19, 21, 23]",4231,"[1, 2, 3, 5, 6, 9, 11, 17, 19, 21, 23]",0,0.2996742671009772,0
928,4231,"[1, 2, 3, 5, 6, 9, 11, 17, 19, 21, 23]",4231,"[1, 2, 3, 5, 6, 9, 11, 17, 19, 21, 23]",4,0.3789868667917448,-1
929,4231,"[1, 2, 3, 5, 6, 9, 11, 17, 19, 21, 23]",4231,"[1, 2, 3, 5, 6, 9, 11, 17, 19, 21, 23]",18,0.35714285714285715,0
930,4231,"[1, 2, 3, 5, 6, 9, 11, 17, 19, 21, 23]",4231,"[1, 2, 3, 5, 6, 9, 11, 17, 19, 21, 23]",51,0.4166666666666667,0
931,4231,"[1, 2, 3, 5, 6, 9, 11, 17, 19, 21, 23]",4231,"[1, 2, 3, 5, 6, 9, 11, 17, 19, 21, 23]",59,0.5945945945945946,0
932,4231,"[1, 2, 3, 5, 6, 9, 11, 17, 19, 21, 23]",4231,"[1, 2, 3, 5, 6, 9, 11, 17, 19, 21, 23]",70,0.45845697329376855,0
933,442,"[1, 2, 3, 5, 6, 9, 11, 12, 16, 22, 24]",4231,"[1, 2, 3, 5, 6, 9, 11, 17, 19, 21, 23]",0,0.565438373570521,-1
934,442,"[1, 2, 3, 5, 6, 9, 11, 12, 16, 22, 24]",4411,"[1, 2, 3, 5, 6, 9, 11, 12, 16, 19, 23]",0,0.8418664938431627,-1
935,442,"[1, 2, 3, 5, 6, 9, 11, 12, 16, 22, 24]",4411,"[1, 2, 3, 5, 6, 9, 11, 12, 16, 19, 23]",45,0.6472819216182049,1
936,4231,"[1, 2, 3, 5, 6, 9, 11, 17, 19, 21, 23]",4411,"[1, 2, 3, 5, 6, 9, 11, 12, 16, 19, 23]",72,0.8289473684210527,0
937,4231,"[1, 2, 3, 5, 6, 9, 11, 17, 19, 21, 23]",4411,"[1, 2, 3, 5, 6, 9, 11, 12, 16, 19, 23]",79,0.9272727272727272,0
938,41212,"[1, 2, 3, 5, 6, 10, 13, 15, 19, 22, 24]",3511,"[1, 3, 4, 5, 7, 8, 10, 13, 15, 19, 23]",0,0.28007699711260825,0
939,41212,"[1, 2, 3, 5, 6, 10, 13, 15, 19, 22, 24]",3511,"[1, 3, 4, 5, 7, 8, 10, 13, 15, 19, 23]",58,0.11587982832618025,0
940,41212,"[1, 2, 3, 5, 6, 10, 13, 15, 19, 22, 24]",3511,"[1, 3, 4, 5, 7, 8, 10, 13, 15, 19, 23]",66,0.22897196261682243,0
941,41212,"[1, 2, 3, 5, 6, 10, 13, 15, 19, 22, 24]",3511,"[1, 3, 4, 5, 7, 8, 10, 13, 15, 19, 23]",77,0.3608815426997245,-1
942,4231,"[1, 2, 3, 5, 6, 9, 11, 17, 19, 21, 23]",442,"[1, 2, 3, 5, 6, 9, 11, 12, 16, 22, 24]",0,0.6374865735767992,1
943,4231,"[1, 2, 3, 5, 6, 9, 11, 17, 19, 21, 23]",442,"[1, 2, 3, 5, 6, 9, 11, 12, 16, 22, 24]",45,1.0,0
944,4231,"[1, 2, 3, 5, 6, 9, 11, 17, 19, 21, 23]",4141,"[1, 2, 3, 5, 6, 10, 12, 13, 15, 16, 23]",45,0.5861136158701533,0
945,4231,"[1, 2, 3, 5, 6, 9, 11, 17, 19, 21, 23]",442,"[1, 2, 3, 5, 6, 9, 11, 12, 16, 22, 24]",75,0.6209150326797386,0
946,442,"[1, 2, 3, 5, 6, 9, 11, 12, 16, 22, 24]",4141,"[1, 2, 3, 5, 6, 10, 12, 13, 15, 16, 23]",0,0.5709739019732655,0
947,442,"[1, 2, 3, 5, 6, 9, 11, 12, 16, 22, 24]",4411,"[1, 2, 3, 5, 6, 9, 11, 12, 16, 19, 23]",45,0.6304675716440422,0
948,442,"[1, 2, 3, 5, 6, 9, 11, 12, 16, 22, 24]",4411,"[1, 2, 3, 5, 6, 9, 11, 12, 16, 19, 23]",67,0.5517928286852589,-1
949,4231,"[1, 2, 3, 5, 6, 9, 11, 17, 19, 21, 23]",4141,"[1, 2, 3, 5, 6, 10, 12, 13, 15, 16, 23]",0,0.47186932849364793,0
950,4411,"[1, 2, 3, 5, 6, 9, 11, 12, 16, 19, 23]",4141,"[1, 2, 3, 5, 6, 10, 12, 13, 15, 16, 23]",45,0.29784537389100124,-1
951,4411,"[1, 2, 3, 5, 6, 9, 11, 12, 16, 19, 23]",4411,"[1, 2, 3, 5, 6, 9, 11, 12, 16, 19, 23]",67,0.6428571428571429,0
952,4411,"[1, 2, 3, 5, 6, 9, 11, 12, 16, 19, 23]",4411,"[1, 2, 3, 5, 6, 9, 11, 12, 16, 19, 23]",73,0.7865612648221344,0
953,442,"[1, 2, 3, 5, 6, 9, 11, 12, 16, 22, 24]",442,"[1, 2, 3, 5, 6, 9, 11, 12, 16, 22, 24]",0,0.5743740795287187,-1
954,442,"[1, 2, 3, 5, 6, 9, 11, 12, 16, 22, 24]",4231,"[1, 2, 3, 5, 6, 9, 11, 17, 19, 21, 23]",61,0.571656050955414,-1
955,442,"[1, 2, 3, 5, 6, 9, 11, 12, 16, 22, 24]",4231,"[1, 2, 3, 5, 6, 9, 11, 17, 19, 21, 23]",81,0.5465116279069767,0
956,4231,"[1, 2, 3, 5, 6, 9, 11, 17, 19, 21, 23]",433,"[1, 2, 3, 5, 6, 10, 13, 15, 17, 21, 23]",0,0.5260487144790257,-1
957,4411,"[1, 2, 3, 5, 6, 9, 11, 12, 16, 19, 23]",4231,"[1, 2, 3, 5, 6, 9, 11, 17, 19, 21, 23]",0,0.39587242026266417,0
958,4411,"[1, 2, 3, 5, 6, 9, 11, 12, 16, 19, 23]",4231,"[1, 2, 3, 5, 6, 9, 11, 17, 19, 21, 23]",19,0.2971768202080238,1
959,4411,"[1, 2, 3, 5, 6, 9, 11, 12, 16, 19, 23]",4231,"[1, 2, 3, 5, 6, 9, 11, 17, 19, 21, 23]",43,0.25471698113207547,0
960,4411,"[1, 2, 3, 5, 6, 9, 11, 12, 16, 19, 23]",442,"[1, 2, 3, 5, 6, 9, 11, 12, 16, 22, 24]",45,0.375,-1
961,4411,"[1, 2, 3, 5, 6, 9, 11, 12, 16, 19, 23]",442,"[1, 2, 3, 5, 6, 9, 11, 12, 16, 22, 24]",64,0.5550660792951542,0
962,4231,"[1, 2, 3, 5, 6, 9, 11, 17, 19, 21, 23]",442,"[1, 2, 3, 5, 6, 9, 11, 12, 16, 22, 24]",0,0.5788002033553635,4
963,4231,"[1, 2, 3, 5, 6, 9, 11, 17, 19, 21, 23]",41212,"[1, 2, 3, 5, 6, 10, 13, 15, 19, 22, 24]",0,0.6553755522827688,0
964,4231,"[1, 2, 3, 5, 6, 9, 11, 17, 19, 21, 23]",41212,"[1, 2, 3, 5, 6, 10, 13, 15, 19, 22, 24]",59,0.8235294117647058,0
965,442,"[1, 2, 3, 5, 6, 9, 11, 12, 16, 22, 24]",41212,"[1, 2, 3, 5, 6, 10, 13, 15, 19, 22, 24]",60,0.3443708609271523,1
966,442,"[1, 2, 3, 5, 6, 9, 11, 12, 16, 22, 24]",41212,"[1, 2, 3, 5, 6, 10, 13, 15, 19, 22, 24]",72,0.6224137931034482,0
967,4141,"[1, 2, 3, 5, 6, 10, 12, 13, 15, 16, 23]",4141,"[1, 2, 3, 5, 6, 10, 12, 13, 15, 16, 23]",0,0.7847472924187726,2
968,4141,"[1, 2, 3, 5, 6, 10, 12, 13, 15, 16, 23]",4141,"[1, 2, 3, 5, 6, 10, 12, 13, 15, 16, 23]",55,0.7256637168141593,0
969,4141,"[1, 2, 3, 5, 6, 10, 12, 13, 15, 16, 23]",442,"[1, 2, 3, 5, 6, 9, 11, 12, 16, 22, 24]",60,0.6782178217821783,0
970,4141,"[1, 2, 3, 5, 6, 10, 12, 13, 15, 16, 23]",442,"[1, 2, 3, 5, 6, 9, 11, 12, 16, 22, 24]",65,0.5920398009950248,1
971,41221,"[1, 2, 3, 5, 6, 10, 13, 15, 17, 21, 23]",4222,"[1, 2, 3, 5, 6, 9, 11, 12, 16, 22, 24]",0,0.660377358490566,0
972,41221,"[1, 2, 3, 5, 6, 10, 13, 15, 17, 21, 23]",4222,"[1, 2, 3, 5, 6, 9, 11, 12, 16, 22, 24]",1,0.4766045548654244,1
973,41221,"[1, 2, 3, 5, 6, 10, 13, 15, 17, 21, 23]",4222,"[1, 2, 3, 5, 6, 9, 11, 12, 16, 22, 24]",62,0.4261954261954262,0
974,4231,"[1, 2, 3, 5, 6, 9, 15, 17, 19, 21, 23]",433,"[1, 2, 3, 5, 6, 10, 13, 15, 17, 21, 23]",0,0.6938250428816467,-1
975,442,"[1, 2, 3, 5, 6, 12, 13, 15, 16, 22, 24]",433,"[1, 2, 3, 5, 6, 10, 13, 15, 17, 21, 23]",65,0.6995412844036697,0
976,442,"[1, 2, 3, 5, 6, 12, 13, 15, 16, 22, 24]",4141,"[1, 2, 3, 5, 6, 10, 12, 13, 15, 16, 23]",77,0.7514450867052023,0
977,442,"[1, 2, 3, 5, 6, 12, 13, 15, 16, 22, 24]",4141,"[1, 2, 3, 5, 6, 10, 12, 13, 15, 16, 23]",82,0.4375,-1
978,41212,"[1, 2, 3, 5, 6, 10, 13, 15, 19, 22, 24]",433,"[1, 2, 3, 5, 6, 10, 13, 15, 17, 21, 23]",0,0.5567736883320282,0
979,41212,"[1, 2, 3, 5, 6, 10, 13, 15, 19, 22, 24]",433,"[1, 2, 3, 5, 6, 10, 13, 15, 17, 21, 23]",31,0.7857762359063313,0
980,433,"[1, 2, 3, 5, 6, 10, 13, 15, 17, 21, 23]",433,"[1, 2, 3, 5, 6, 10, 13, 15, 17, 21, 23]",61,0.5277475516866159,2
981,4231,"[1, 2, 3, 5, 6, 9, 11, 17, 19, 21, 23]",41212,"[1, 2, 3, 5, 6, 10, 13, 15, 19, 22, 24]",0,0.42630937880633374,0
982,4231,"[1, 2, 3, 5, 6, 9, 11, 17, 19, 21, 23]",41212,"[1, 2, 3, 5, 6, 10, 13, 15, 19, 22, 24]",16,0.45168667810177243,-2
983,41212,"[1, 2, 3, 5, 6, 10, 13, 15, 22, 24, 25]",41221,"[1, 2, 3, 5, 6, 10, 13, 15, 17, 21, 23]",0,0.3917108133374883,-1
984,312112,"[1, 3, 4, 5, 10, 13, 15, 19, 22, 24, 25]",41221,"[1, 2, 3, 5, 6, 10, 13, 15, 17, 21, 23]",88,0.5730337078651685,0
985,4231,"[1, 2, 3, 5, 6, 9, 11, 17, 19, 21, 23]",4231,"[1, 2, 3, 5, 6, 9, 11, 17, 19, 21, 23]",0,0.59958071278826,0
986,4231,"[1, 2, 3, 5, 6, 9, 11, 17, 19, 21, 23]",4231,"[1, 2, 3, 5, 6, 9, 11, 17, 19, 21, 23]",11,0.5120274914089347,0
987,4231,"[1, 2, 3, 5, 6, 9, 11, 17, 19, 21, 23]",4231,"[1, 2, 3, 5, 6, 9, 11, 17, 19, 21, 23]",17,0.5496124031007752,0
988,41221,"[1, 2, 3, 5, 6, 10, 13, 15, 17, 21, 23]",4222,"[1, 2, 3, 5, 6, 9, 11, 17, 21, 22, 24]",0,0.6101694915254238,0
989,41221,"[1, 2, 3, 5, 6, 10, 13, 15, 17, 21, 23]",4222,"[1, 2, 3, 5, 6, 9, 11, 17, 21, 22, 24]",1,0.7083333333333334,0
990,41221,"[1, 2, 3, 5, 6, 10, 13, 15, 17, 21, 23]",42211,"[1, 2, 3, 5, 6, 9, 11, 12, 16, 23, 25]",45,0.7339593114241002,1
991,41221,"[1, 2, 3, 5, 6, 10, 13, 15, 17, 21, 23]",42211,"[1, 2, 3, 5, 6, 9, 11, 12, 16, 23, 25]",62,0.9152542372881356,0
992,41221,"[1, 2, 3, 5, 6, 10, 13, 15, 17, 21, 23]",42211,"[1, 2, 3, 5, 6, 9, 11, 12, 16, 23, 25]",68,0.6338199513381995,1
993,41221,"[1, 2, 3, 5, 6, 10, 13, 15, 17, 21, 23]",42211,"[1, 2, 3, 5, 6, 9, 11, 12, 16, 23, 25]",87,0.10714285714285714,0
994,4222,"[1, 2, 3, 5, 6, 9, 11, 17, 21, 22, 24]",4231,"[1, 2, 3, 5, 6, 9, 11, 17, 19, 21, 23]",0,0.6756978653530378,-1
995,4222,"[1, 2, 3, 5, 6, 9, 11, 17, 21, 22, 24]",4231,"[1, 2, 3, 5, 6, 9, 11, 17, 19, 21, 23]",63,0.7622377622377622,0
996,4222,"[1, 2, 3, 5, 6, 9, 11, 17, 21, 22, 24]",4231,"[1, 2, 3, 5, 6, 9, 11, 17, 19, 21, 23]",68,0.7234848484848485,-1
997,433,"[1, 2, 3, 5, 6, 10, 13, 15, 17, 21, 23]",451,"[1, 2, 3, 5, 6, 10, 12, 13, 15, 16, 23]",0,1.0,0
998,433,"[1, 2, 3, 5, 6, 10, 13, 15, 17, 21, 23]",451,"[1, 2, 3, 5, 6, 10, 12, 13, 15, 16, 23]",0,0.3,0
999,433,"[1, 2, 3, 5, 6, 10, 13, 15, 17, 21, 23]",451,"[1, 2, 3, 5, 6, 10, 12, 13, 15, 16, 23]",4,0.5520043336944745,1
1000,433,"[1, 2, 3, 5, 6, 10, 13, 15, 17, 21, 23]",442,"[1, 2, 3, 5, 6, 9, 11, 12, 16, 22, 24]",50,0.45918367346938777,1
1001,433,"[1, 2, 3, 5, 6, 10, 13, 15, 17, 21, 23]",442,"[1, 2, 3, 5, 6, 9, 11, 12, 16, 22, 24]",75,0.5813148788927336,0
1002,4321,"[1, 2, 3, 5, 6, 10, 13, 15, 18, 20, 23]",4231,"[1, 2, 3, 5, 6, 13, 15, 17, 19, 21, 23]",0,0.5383141762452107,1
1003,41212,"[1, 2, 3, 5, 6, 10, 13, 15, 19, 22, 24]",4411,"[1, 2, 3, 5, 6, 11, 12, 13, 16, 19, 23]",0,0.5455465587044535,1
1004,433,"[1, 2, 3, 5, 6, 10, 13, 15, 17, 21, 23]",41212,"[1, 2, 3, 5, 6, 10, 13, 15, 19, 22, 24]",0,0.5749224939717533,-3
1005,433,"[1, 2, 3, 5, 6, 10, 13, 15, 17, 21, 23]",343,"[1, 3, 4, 5, 7, 8, 13, 15, 17, 21, 23]",84,0.8529411764705882,0
1006,433,"[1, 2, 3, 5, 6, 10, 13, 15, 17, 21, 23]",433,"[1, 2, 3, 5, 6, 10, 13, 15, 17, 21, 23]",0,0.5172608941709111,1
1007,4231,"[1, 2, 3, 5, 6, 9, 11, 17, 19, 21, 23]",433,"[1, 2, 3, 5, 6, 10, 13, 15, 17, 21, 23]",0,0.45,1
1008,4231,"[1, 2, 3, 5, 6, 9, 11, 17, 19, 21, 23]",442,"[1, 2, 3, 5, 6, 9, 11, 12, 16, 22, 24]",0,0.3411764705882353,0
1009,343,"[1, 3, 4, 5, 7, 8, 9, 11, 17, 21, 23]",3421,"[1, 3, 4, 5, 7, 8, 9, 11, 18, 20, 23]",0,0.4473684210526316,2
1010,4231,"[1, 2, 3, 5, 6, 13, 15, 17, 19, 21, 23]",41221,"[1, 2, 3, 5, 6, 10, 13, 15, 17, 21, 23]",0,0.4258064516129032,0
1011,4231,"[1, 2, 3, 5, 6, 13, 15, 17, 19, 21, 23]",41221,"[1, 2, 3, 5, 6, 10, 13, 15, 17, 21, 23]",10,0.5403225806451613,1
1012,4231,"[1, 2, 3, 5, 6, 13, 15, 17, 19, 21, 23]",41221,"[1, 2, 3, 5, 6, 10, 13, 15, 17, 21, 23]",20,0.4819563152896486,1
1013,4231,"[1, 2, 3, 5, 6, 13, 15, 17, 19, 21, 23]",41221,"[1, 2, 3, 5, 6, 10, 13, 15, 17, 21, 23]",76,0.8372093023255814,0
1014,4231,"[1, 2, 3, 5, 6, 13, 15, 17, 19, 21, 23]",4231,"[1, 2, 3, 5, 6, 13, 15, 17, 19, 21, 23]",77,0.42190305206463197,0
1015,433,"[1, 2, 3, 5, 6, 10, 13, 15, 17, 21, 23]",4411,"[1, 2, 3, 5, 6, 9, 11, 12, 16, 19, 23]",0,0.4,-1
1016,4231,"[1, 2, 3, 5, 6, 9, 11, 17, 19, 21, 23]",41221,"[1, 2, 3, 5, 6, 10, 13, 15, 17, 21, 23]",0,0.5798882681564246,0
1017,4231,"[1, 2, 3, 5, 6, 13, 15, 17, 19, 21, 23]",41221,"[1, 2, 3, 5, 6, 10, 13, 15, 17, 21, 23]",45,0.8732394366197183,0
1018,433,"[1, 2, 3, 5, 6, 13, 14, 15, 17, 21, 23]",352,"[1, 3, 4, 5, 12, 13, 14, 15, 16, 22, 24]",0,0.41092436974789914,-2
1019,433,"[1, 2, 3, 5, 6, 13, 14, 15, 17, 21, 23]",352,"[1, 3, 4, 5, 12, 13, 14, 15, 16, 22, 24]",29,0.464,0
1020,433,"[1, 2, 3, 5, 6, 13, 14, 15, 17, 21, 23]",352,"[1, 4, 4, 5, 12, 13, 14, 15, 16, 22, 24]",31,0.5246445497630332,1
1021,4231,"[1, 2, 3, 5, 6, 9, 11, 17, 19, 21, 23]",4411,"[1, 2, 3, 5, 6, 12, 13, 15, 16, 19, 23]",0,0.698019801980198,0
1022,4231,"[1, 2, 3, 5, 6, 9, 11, 17, 19, 21, 23]",4411,"[1, 2, 3, 5, 6, 12, 13, 15, 16, 19, 23]",4,0.8017492711370262,0
1023,4231,"[1, 2, 3, 5, 6, 9, 11, 17, 19, 21, 23]",4411,"[1, 2, 3, 5, 6, 12, 13, 15, 16, 19, 23]",14,0.7573696145124716,1
1024,4132,"[1, 2, 3, 5, 6, 10, 17, 19, 21, 22, 24]",4411,"[1, 2, 3, 5, 6, 12, 13, 15, 16, 19, 23]",68,0.1590909090909091,0
1025,4132,"[1, 2, 3, 5, 6, 10, 17, 19, 21, 22, 24]",4411,"[1, 2, 3, 5, 6, 12, 13, 15, 16, 19, 23]",69,0.8327067669172933,1
1026,4132,"[1, 2, 3, 5, 6, 10, 17, 19, 21, 22, 24]",343,"[1, 3, 4, 5, 12, 13, 15, 16, 22, 23, 24]",86,0.5632911392405063,0
1027,41221,"[1, 2, 3, 5, 6, 10, 13, 15, 17, 21, 23]",4231,"[1, 2, 3, 5, 6, 9, 11, 17, 19, 21, 23]",0,0.5593551538837322,-4
1028,41221,"[1, 2, 3, 5, 6, 10, 13, 15, 17, 21, 23]",4231,"[1, 2, 3, 5, 6, 9, 11, 17, 19, 21, 23]",64,0.5717884130982368,-1
1029,32221,"[1, 3, 4, 5, 9, 11, 12, 16, 18, 20, 23]",41221,"[1, 2, 3, 5, 6, 10, 13, 15, 17, 21, 23]",0,0.7739130434782608,0
1030,32221,"[1, 3, 4, 5, 9, 11, 12, 16, 18, 20, 23]",41221,"[1, 2, 3, 5, 6, 10, 13, 15, 17, 21, 23]",10,0.6501501501501501,0
1031,32221,"[1, 3, 4, 5, 9, 11, 12, 16, 18, 20, 23]",41221,"[1, 2, 3, 5, 6, 10, 13, 15, 17, 21, 23]",30,0.6382645060115003,2
1032,41212,"[1, 2, 3, 5, 6, 10, 13, 15, 19, 22, 24]",4141,"[1, 2, 3, 5, 6, 10, 12, 13, 15, 16, 23]",0,0.6015037593984962,2
1033,41212,"[1, 2, 3, 5, 6, 10, 13, 15, 19, 22, 24]",32221,"[1, 3, 4, 5, 7, 8, 13, 15, 17, 21, 23]",6,0.6345381526104418,3
1034,4222,"[1, 2, 3, 5, 6, 9, 11, 12, 16, 22, 24]",41221,"[1, 2, 3, 5, 6, 10, 13, 15, 17, 21, 23]",0,0.7481884057971014,2
1035,4222,"[1, 2, 3, 5, 6, 9, 11, 12, 16, 22, 24]",41221,"[1, 2, 3, 5, 6, 10, 13, 15, 17, 21, 23]",45,0.6874084919472914,1
1036,5221,"[1, 2, 3, 4, 5, 6, 13, 15, 17, 21, 23]",41221,"[1, 2, 3, 5, 6, 10, 13, 15, 17, 21, 23]",0,0.4964471814306016,1
1037,5221,"[1, 2, 3, 4, 5, 6, 13, 15, 17, 21, 23]",41221,"[1, 2, 3, 5, 6, 10, 13, 15, 17, 21, 23]",45,0.2967032967032967,0
1038,5221,"[1, 2, 3, 4, 5, 6, 13, 15, 17, 21, 23]",41221,"[1, 2, 3, 5, 6, 10, 13, 15, 17, 21, 23]",53,0.5180995475113123,-1
1039,5221,"[1, 2, 3, 4, 5, 6, 13, 15, 17, 21, 23]",41221,"[1, 2, 3, 5, 6, 10, 13, 15, 17, 21, 23]",78,0.0,0
1040,4321,"[1, 2, 3, 5, 6, 13, 14, 15, 17, 21, 23]",3511,"[1, 3, 4, 5, 12, 13, 14, 15, 16, 23, 25]",0,0.6903954802259887,4
1041,4321,"[1, 2, 3, 5, 6, 13, 14, 15, 17, 21, 23]",3511,"[1, 3, 4, 5, 12, 13, 14, 15, 16, 23, 25]",45,0.681184668989547,0
1042,4231,"[1, 2, 3, 5, 6, 9, 11, 17, 19, 21, 23]",3511,"[1, 3, 4, 5, 12, 13, 14, 15, 16, 23, 25]",76,0.44583333333333336,0
1043,4231,"[1, 2, 3, 5, 6, 9, 11, 17, 19, 21, 23]",3511,"[1, 3, 4, 5, 12, 13, 14, 15, 16, 23, 25]",82,0.5871212121212122,1
1044,4231,"[1, 2, 3, 5, 6, 9, 11, 17, 19, 21, 23]",3421,"[1, 3, 4, 5, 12, 13, 15, 16, 17, 21, 23]",0,0.6530382595648913,1
1045,42211,"[1, 2, 3, 5, 6, 9, 11, 12, 16, 19, 23]",3421,"[1, 3, 4, 5, 12, 13, 15, 16, 17, 21, 23]",68,0.5774647887323944,0
1046,433,"[1, 2, 3, 5, 6, 10, 13, 15, 17, 21, 23]",451,"[1, 2, 3, 5, 6, 12, 13, 14, 15, 16, 23]",0,0.5431535269709543,3
1047,4231,"[1, 2, 3, 5, 6, 9, 11, 17, 19, 21, 23]",42211,"[1, 2, 3, 5, 6, 9, 11, 12, 16, 19, 23]",0,0.6292016806722689,0
1048,4231,"[1, 2, 3, 5, 6, 9, 11, 17, 19, 21, 23]",42211,"[1, 2, 3, 5, 6, 9, 11, 12, 16, 19, 23]",25,0.5601415094339622,0
1049,4231,"[1, 2, 3, 5, 6, 9, 11, 17, 19, 21, 23]",42211,"[1, 2, 3, 5, 6, 9, 11, 12, 16, 19, 23]",64,0.5580029368575624,0
1050,433,"[1, 2, 3, 5, 6, 10, 13, 15, 17, 21, 23]",4411,"[1, 2, 3, 5, 6, 9, 11, 12, 16, 19, 23]",0,0.7451403887688985,1
1051,4141,"[1, 2, 3, 5, 6, 10, 12, 13, 15, 16, 23]",4321,"[1, 2, 3, 5, 6, 13, 14, 15, 17, 21, 23]",0,0.448210922787194,0
1052,4141,"[1, 2, 3, 5, 6, 10, 12, 13, 15, 16, 23]",4321,"[1, 2, 3, 5, 6, 13, 14, 15, 17, 21, 23]",13,0.25706666666666667,-2
1053,4231,"[1, 2, 3, 5, 6, 13, 15, 17, 19, 21, 23]",42121,"[1, 2, 3, 5, 6, 9, 11, 14, 17, 21, 23]",0,0.7682596934174932,1
1054,442,"[1, 2, 3, 5, 6, 12, 13, 15, 16, 22, 24]",442,"[1, 2, 3, 5, 6, 9, 11, 12, 16, 22, 24]",0,0.32685965555148405,-2
1055,42211,"[1, 2, 3, 5, 6, 9, 11, 12, 16, 19, 23]",41221,"[1, 2, 3, 5, 6, 10, 13, 15, 17, 21, 23]",0,0.4316069057104914,0
1056,42211,"[1, 2, 3, 5, 6, 9, 11, 12, 16, 19, 23]",41221,"[1, 2, 3, 5, 6, 10, 13, 15, 17, 21, 23]",20,0.4346978557504873,-1
1057,42211,"[1, 2, 3, 5, 6, 9, 11, 12, 16, 19, 23]",41221,"[1, 2, 3, 5, 6, 10, 13, 15, 17, 21, 23]",45,0.6991150442477876,0
1058,42211,"[1, 2, 3, 5, 6, 9, 11, 12, 16, 19, 23]",41221,"[1, 2, 3, 5, 6, 10, 13, 15, 17, 21, 23]",50,0.5558510638297872,-1
1059,42211,"[1, 2, 3, 5, 6, 9, 11, 12, 16, 19, 23]",41221,"[1, 2, 3, 5, 6, 10, 13, 15, 17, 21, 23]",71,0.6226415094339622,1
1060,4231,"[1, 2, 3, 5, 6, 13, 15, 17, 19, 21, 23]",4231,"[1, 2, 3, 5, 6, 13, 15, 17, 19, 21, 23]",0,0.3851851851851852,0
1061,4231,"[1, 2, 3, 5, 6, 13, 15, 17, 19, 21, 23]",4231,"[1, 2, 3, 5, 6, 13, 15, 17, 19, 21, 23]",8,0.330188679245283,0
1062,4231,"[1, 2, 3, 5, 6, 13, 15, 17, 19, 21, 23]",4231,"[1, 2, 3, 5, 6, 13, 15, 17, 19, 21, 23]",18,0.4760900140646976,0
1063,4231,"[1, 2, 3, 5, 6, 13, 15, 17, 19, 21, 23]",4231,"[1, 2, 3, 5, 6, 13, 15, 17, 19, 21, 23]",54,0.5785482123510293,1
1064,3232,"[1, 3, 4, 5, 7, 8, 13, 14, 15, 22, 24]",4231,"[1, 2, 3, 5, 6, 13, 15, 17, 19, 21, 23]",0,0.3811129848229342,0
1065,4222,"[1, 2, 3, 5, 6, 13, 15, 17, 21, 22, 24]",4231,"[1, 2, 3, 5, 6, 13, 15, 17, 19, 21, 23]",50,0.40301724137931033,-1
1066,4231,"[1, 2, 3, 5, 6, 13, 15, 17, 19, 21, 23]",4231,"[1, 2, 3, 5, 6, 9, 11, 17, 19, 21, 23]",0,0.21910331384015594,-2
1067,4231,"[1, 2, 3, 5, 6, 13, 15, 17, 19, 21, 23]",4141,"[1, 2, 3, 5, 6, 10, 12, 13, 15, 16, 23]",0,0.4673721340388007,1
1068,4231,"[1, 2, 3, 5, 6, 13, 15, 17, 19, 21, 23]",4141,"[1, 2, 3, 5, 6, 10, 12, 13, 15, 16, 23]",10,0.42142857142857143,-1
1069,4231,"[1, 2, 3, 5, 6, 13, 15, 17, 19, 21, 23]",4141,"[1, 2, 3, 5, 6, 10, 12, 13, 15, 16, 23]",14,0.3333333333333333,0
1070,4231,"[1, 2, 3, 5, 6, 13, 15, 17, 19, 21, 23]",4141,"[1, 2, 3, 5, 6, 10, 12, 13, 15, 16, 23]",17,0.4348422496570645,0
1071,4231,"[1, 2, 3, 5, 6, 13, 15, 17, 19, 21, 23]",4141,"[1, 2, 3, 5, 6, 10, 12, 13, 15, 16, 23]",37,0.5828571428571429,1
1072,4231,"[1, 2, 3, 5, 6, 13, 15, 17, 19, 21, 23]",4141,"[1, 2, 3, 5, 6, 10, 12, 13, 15, 16, 23]",42,0.6096096096096096,0
1073,4231,"[1, 2, 3, 5, 6, 13, 15, 17, 19, 21, 23]",4141,"[1, 2, 3, 5, 6, 10, 12, 13, 15, 16, 23]",48,0.4929906542056075,0
1074,4231,"[1, 2, 3, 5, 6, 13, 15, 17, 19, 21, 23]",4141,"[1, 2, 3, 5, 6, 10, 12, 13, 15, 16, 23]",59,0.7874015748031497,0
1075,4231,"[1, 2, 3, 5, 6, 13, 15, 17, 19, 21, 23]",4141,"[1, 2, 3, 5, 6, 10, 12, 13, 15, 16, 23]",62,0.18974358974358974,0
1076,4231,"[1, 2, 3, 5, 6, 13, 15, 17, 19, 21, 23]",4231,"[1, 2, 3, 5, 6, 13, 15, 17, 19, 21, 23]",67,1.0,0
1077,451,"[1, 2, 3, 5, 6, 12, 13, 14, 15, 16, 23]",4231,"[1, 2, 3, 5, 6, 13, 15, 17, 19, 21, 23]",68,0.6027397260273972,0
1078,4231,"[1, 2, 3, 5, 6, 13, 15, 17, 19, 21, 23]",41221,"[1, 2, 3, 5, 6, 10, 13, 15, 17, 21, 23]",0,0.6793557833089312,3
1079,4231,"[1, 2, 3, 5, 6, 13, 15, 17, 19, 21, 23]",41221,"[1, 2, 3, 5, 6, 10, 13, 15, 17, 21, 23]",69,0.3148148148148148,0
1080,4231,"[1, 2, 3, 5, 6, 13, 15, 17, 19, 21, 23]",41221,"[1, 2, 3, 5, 6, 10, 13, 15, 17, 21, 23]",73,1.0,0
1081,4231,"[1, 2, 3, 5, 6, 13, 15, 17, 19, 21, 23]",4231,"[1, 2, 3, 5, 6, 9, 11, 17, 19, 21, 23]",0,0.3543061133422579,0
1082,442,"[1, 2, 3, 5, 6, 12, 13, 15, 16, 22, 24]",41221,"[1, 2, 3, 5, 6, 10, 13, 15, 17, 21, 23]",0,0.3565954013715208,-1
1083,41221,"[1, 2, 3, 5, 6, 10, 13, 15, 17, 21, 23]",4321,"[1, 2, 3, 5, 6, 13, 14, 15, 17, 21, 23]",0,0.05970149253731343,0
1084,41221,"[1, 2, 3, 5, 6, 10, 13, 15, 17, 21, 23]",4321,"[1, 2, 3, 5, 6, 13, 14, 15, 17, 21, 23]",1,0.3565989847715736,-3
1085,41221,"[1, 2, 3, 5, 6, 10, 13, 15, 17, 21, 23]",4321,"[1, 2, 3, 5, 6, 13, 14, 15, 17, 21, 23]",45,0.782608695652174,0
1086,442,"[1, 2, 3, 5, 6, 9, 11, 12, 16, 22, 24]",4231,"[1, 2, 3, 5, 6, 9, 11, 17, 19, 21, 23]",0,0.3363431151241535,0
1087,442,"[1, 2, 3, 5, 6, 9, 11, 12, 16, 22, 24]",4231,"[1, 2, 3, 5, 6, 9, 11, 17, 19, 21, 23]",11,0.24979389942291838,-1
1088,4411,"[1, 2, 3, 5, 6, 9, 11, 12, 16, 19, 23]",4231,"[1, 2, 3, 5, 6, 9, 11, 17, 19, 21, 23]",45,0.0,0
1089,4411,"[1, 2, 3, 5, 6, 9, 11, 12, 16, 19, 23]",4231,"[1, 2, 3, 5, 6, 9, 11, 17, 19, 21, 23]",45,0.23529411764705882,0
1090,4411,"[1, 2, 3, 5, 6, 9, 11, 12, 16, 19, 23]",4231,"[1, 2, 3, 5, 6, 9, 11, 17, 19, 21, 23]",45,0.36027713625866054,-1
1091,4411,"[1, 2, 3, 5, 6, 9, 11, 12, 16, 19, 23]",4231,"[1, 2, 3, 5, 6, 9, 11, 17, 19, 21, 23]",58,0.5,0
1092,442,"[1, 2, 3, 5, 6, 9, 11, 12, 16, 22, 24]",442,"[1, 2, 3, 5, 6, 9, 11, 12, 16, 22, 24]",0,0.4269449715370019,-1
1093,442,"[1, 2, 3, 5, 6, 9, 11, 12, 16, 22, 24]",442,"[1, 2, 3, 5, 6, 9, 11, 12, 16, 22, 24]",50,0.4488817891373802,1
1094,433,"[1, 2, 3, 5, 6, 10, 13, 15, 17, 21, 23]",3421,"[1, 3, 4, 5, 7, 8, 9, 11, 18, 20, 23]",0,0.5295262816353018,0
1095,433,"[1, 2, 3, 5, 6, 10, 13, 15, 17, 21, 23]",3421,"[1, 3, 4, 5, 7, 8, 9, 11, 18, 20, 23]",45,0.44574780058651026,0
1096,433,"[1, 2, 3, 5, 6, 10, 13, 15, 17, 21, 23]",3421,"[1, 3, 4, 5, 7, 8, 9, 11, 18, 20, 23]",70,0.4980237154150198,0
1097,433,"[1, 2, 3, 5, 6, 10, 13, 15, 17, 21, 23]",3421,"[1, 3, 4, 5, 7, 8, 9, 11, 18, 20, 23]",85,0.5475285171102662,-1
1098,4231,"[1, 2, 3, 5, 6, 9, 11, 17, 19, 21, 23]",4231,"[1, 2, 3, 5, 6, 9, 11, 17, 19, 21, 23]",0,0.6260162601626016,1
1099,4231,"[1, 2, 3, 5, 6, 9, 11, 17, 19, 21, 23]",4231,"[1, 2, 3, 5, 6, 9, 11, 17, 19, 21, 23]",27,0.6890243902439024,1
1100,4231,"[1, 2, 3, 5, 6, 9, 11, 17, 19, 21, 23]",4231,"[1, 2, 3, 5, 6, 9, 11, 17, 19, 21, 23]",32,0.5476923076923077,0
1101,4231,"[1, 2, 3, 5, 6, 9, 11, 17, 19, 21, 23]",4231,"[1, 2, 3, 5, 6, 9, 11, 17, 19, 21, 23]",40,0.5903919089759798,-1
1102,4231,"[1, 2, 3, 5, 6, 9, 11, 17, 19, 21, 23]",4231,"[1, 2, 3, 5, 6, 9, 11, 17, 19, 21, 23]",61,0.6438356164383562,0
1103,4231,"[1, 2, 3, 5, 6, 9, 11, 17, 19, 21, 23]",4231,"[1, 2, 3, 5, 6, 9, 11, 17, 19, 21, 23]",82,0.34191176470588236,0
1104,4231,"[1, 2, 3, 5, 6, 13, 15, 17, 19, 21, 23]",433,"[1, 2, 3, 5, 6, 10, 13, 15, 17, 21, 23]",0,0.5154185022026432,0
1105,4141,"[1, 2, 3, 5, 6, 10, 12, 13, 15, 16, 23]",41221,"[1, 2, 3, 5, 6, 10, 13, 15, 17, 21, 23]",0,0.2629179331306991,0
1106,4321,"[1, 2, 3, 5, 6, 12, 14, 16, 18, 20, 23]",4231,"[1, 2, 3, 5, 6, 9, 11, 17, 19, 21, 23]",0,0.622152395915161,0
1107,41221,"[1, 2, 3, 5, 6, 10, 13, 15, 17, 21, 23]",4231,"[1, 2, 3, 5, 6, 13, 15, 17, 19, 21, 23]",0,0.6173965936739659,4
1108,41221,"[1, 2, 3, 5, 6, 10, 13, 15, 17, 21, 23]",4141,"[1, 2, 3, 5, 6, 10, 12, 13, 15, 16, 23]",0,0.7448060941828255,-1
1109,4231,"[1, 2, 3, 5, 6, 13, 15, 17, 19, 21, 23]",4321,"[1, 2, 3, 5, 6, 12, 14, 16, 18, 20, 23]",0,0.2967289719626168,1
1110,4231,"[1, 2, 3, 5, 6, 13, 15, 17, 19, 21, 23]",4321,"[1, 2, 3, 5, 6, 12, 14, 16, 18, 20, 23]",10,0.5285234899328859,0
1111,41221,"[1, 2, 3, 5, 6, 10, 13, 15, 17, 21, 23]",4231,"[1, 2, 3, 5, 6, 9, 11, 17, 19, 21, 23]",0,0.29796511627906974,-2
1112,41221,"[1, 2, 3, 5, 6, 10, 13, 15, 17, 21, 23]",4231,"[1, 2, 3, 5, 6, 9, 11, 17, 19, 21, 23]",0,0.3665241295051924,-1
1113,41221,"[1, 2, 3, 5, 6, 10, 13, 15, 17, 21, 23]",4231,"[1, 2, 3, 5, 6, 9, 11, 17, 19, 21, 23]",45,0.23135755258126195,0
1114,41221,"[1, 2, 3, 5, 6, 10, 13, 15, 17, 21, 23]",4231,"[1, 2, 3, 5, 6, 9, 11, 17, 19, 21, 23]",63,0.0,0
1115,41221,"[1, 2, 3, 5, 6, 10, 13, 15, 17, 21, 25]",4231,"[1, 2, 3, 5, 6, 9, 11, 17, 19, 21, 23]",63,0.17543859649122806,0
1116,4222,"[1, 2, 3, 5, 6, 9, 11, 17, 21, 23, 24]",4231,"[1, 2, 3, 5, 6, 9, 11, 17, 19, 21, 23]",69,0.21739130434782608,0
1117,442,"[1, 2, 3, 5, 6, 12, 13, 15, 16, 22, 24]",4231,"[1, 2, 3, 5, 6, 13, 15, 17, 19, 21, 23]",0,0.6495689655172414,3
1118,442,"[1, 2, 3, 5, 6, 12, 13, 15, 16, 22, 24]",4231,"[1, 2, 3, 5, 6, 13, 15, 17, 19, 21, 23]",65,0.5522388059701493,0
1119,4222,"[1, 2, 3, 5, 6, 13, 15, 17, 21, 22, 24]",4231,"[1, 2, 3, 5, 6, 13, 15, 17, 19, 21, 23]",67,0.6070381231671554,0
1120,4222,"[1, 2, 3, 5, 6, 13, 15, 17, 21, 22, 24]",4231,"[1, 2, 3, 5, 6, 13, 15, 17, 19, 21, 23]",76,0.484304932735426,0
1121,32221,"[1, 3, 4, 5, 7, 8, 13, 15, 17, 21, 23]",41221,"[1, 2, 3, 5, 6, 10, 13, 15, 17, 21, 23]",0,0.25210555867490175,0
1122,32221,"[1, 3, 4, 5, 7, 8, 13, 15, 17, 21, 23]",41221,"[1, 2, 3, 5, 6, 10, 13, 15, 17, 21, 23]",45,0.21888412017167383,0
1123,32221,"[1, 3, 4, 5, 7, 8, 13, 15, 17, 21, 23]",41221,"[1, 2, 3, 5, 6, 10, 13, 15, 17, 21, 23]",67,0.18471337579617833,0
1124,4222,"[1, 2, 3, 5, 6, 9, 11, 17, 21, 22, 24]",442,"[1, 2, 3, 5, 6, 12, 13, 15, 16, 22, 24]",0,0.4608695652173913,0
1125,4222,"[1, 2, 3, 5, 6, 9, 11, 17, 21, 22, 24]",442,"[1, 2, 3, 5, 6, 12, 13, 15, 16, 22, 24]",2,0.7,0
1126,4222,"[1, 2, 3, 5, 6, 9, 11, 17, 21, 22, 24]",442,"[1, 2, 3, 5, 6, 12, 13, 15, 16, 22, 24]",3,0.4418604651162791,0
1127,4222,"[1, 2, 3, 5, 6, 9, 11, 17, 21, 22, 24]",442,"[1, 2, 3, 5, 6, 12, 13, 15, 16, 22, 24]",7,0.38389886892880903,0
1128,32221,"[1, 3, 4, 5, 9, 11, 12, 16, 17, 21, 23]",4321,"[1, 2, 3, 5, 6, 13, 14, 15, 17, 21, 23]",0,0.3587121212121212,-2
1129,3421,"[1, 3, 4, 5, 12, 13, 15, 16, 18, 20, 23]",4321,"[1, 2, 3, 5, 6, 13, 14, 15, 17, 21, 23]",67,0.29245283018867924,-1
1130,41221,"[1, 2, 3, 5, 6, 10, 13, 15, 18, 20, 23]",41221,"[1, 2, 3, 5, 6, 10, 13, 15, 17, 21, 23]",0,0.20631067961165048,-4
1131,442,"[1, 2, 3, 5, 6, 12, 13, 15, 16, 22, 24]",4231,"[1, 2, 3, 5, 6, 9, 11, 17, 19, 21, 23]",0,0.6494345718901454,-1
1132,442,"[1, 2, 3, 5, 6, 12, 13, 15, 16, 22, 24]",4231,"[1, 2, 3, 5, 6, 9, 11, 17, 19, 21, 23]",58,0.6666666666666666,0
1133,41221,"[1, 2, 3, 5, 6, 10, 13, 15, 17, 21, 23]",4222,"[1, 2, 3, 5, 6, 9, 11, 12, 16, 22, 24]",0,0.7987915407854985,0
1134,4231,"[1, 2, 3, 5, 6, 9, 11, 17, 19, 21, 23]",433,"[1, 2, 3, 5, 6, 13, 14, 15, 22, 23, 24]",0,0.648854961832061,0
1135,4231,"[1, 2, 3, 5, 6, 9, 11, 17, 19, 21, 23]",433,"[1, 2, 3, 5, 6, 13, 14, 15, 22, 23, 24]",1,0.5034965034965035,0
1136,4231,"[1, 2, 3, 5, 6, 9, 11, 17, 19, 21, 23]",433,"[1, 2, 3, 5, 6, 13, 14, 15, 22, 23, 24]",8,0.2518703241895262,0
1137,4231,"[1, 2, 3, 5, 6, 9, 11, 17, 19, 21, 23]",433,"[1, 2, 3, 5, 6, 13, 14, 15, 22, 23, 24]",17,0.42857142857142855,0
1138,4231,"[1, 2, 3, 5, 6, 9, 11, 17, 19, 21, 23]",433,"[1, 2, 3, 5, 6, 13, 14, 15, 22, 23, 24]",21,0.33962264150943394,0
1139,4231,"[1, 2, 3, 5, 6, 9, 11, 17, 19, 21, 23]",433,"[1, 2, 3, 5, 6, 13, 14, 15, 22, 23, 24]",28,0.5260416666666666,0
1140,4231,"[1, 2, 3, 5, 6, 9, 11, 17, 19, 21, 23]",433,"[1, 2, 3, 5, 6, 13, 14, 15, 22, 23, 24]",46,0.4083969465648855,0
1141,4231,"[1, 2, 3, 5, 6, 9, 11, 17, 19, 21, 23]",433,"[1, 2, 3, 5, 6, 13, 14, 15, 22, 23, 24]",54,0.36678200692041524,0
1142,4231,"[1, 2, 3, 5, 6, 9, 11, 17, 19, 21, 23]",433,"[1, 2, 3, 5, 6, 13, 14, 15, 22, 23, 24]",64,0.5373961218836565,0
1143,442,"[1, 2, 3, 5, 6, 12, 13, 15, 16, 22, 24]",433,"[1, 2, 3, 5, 6, 13, 14, 15, 22, 23, 24]",77,0.8865979381443299,0
1144,4321,"[1, 2, 3, 5, 6, 12, 14, 16, 17, 21, 23]",32221,"[1, 3, 4, 5, 7, 8, 13, 15, 17, 21, 23]",0,0.7662196447988402,-2
1145,4321,"[1, 2, 3, 5, 6, 12, 14, 16, 17, 21, 23]",4411,"[1, 2, 3, 5, 6, 12, 13, 15, 16, 19, 23]",78,0.7785234899328859,1
1146,32221,"[1, 3, 4, 5, 7, 8, 13, 15, 17, 21, 23]",41221,"[1, 2, 3, 5, 6, 10, 13, 15, 17, 21, 23]",0,0.43087971274685816,0
1147,32221,"[1, 3, 4, 5, 7, 8, 13, 15, 17, 21, 23]",41221,"[1, 2, 3, 5, 6, 10, 13, 15, 17, 21, 23]",14,0.2786352558895207,0
1148,32221,"[1, 3, 4, 5, 7, 8, 13, 15, 17, 21, 23]",41221,"[1, 2, 3, 5, 6, 10, 13, 15, 17, 21, 23]",49,0.42779291553133514,0
1149,4321,"[1, 2, 3, 5, 6, 13, 14, 15, 17, 21, 23]",4321,"[1, 2, 3, 5, 6, 13, 14, 15, 17, 21, 23]",0,0.5991091314031181,0
1150,442,"[1, 2, 3, 5, 6, 12, 13, 15, 16, 22, 24]",4321,"[1, 2, 3, 5, 6, 13, 14, 15, 17, 21, 23]",0,0.2328321820398212,-3
1151,442,"[1, 2, 3, 5, 6, 12, 13, 15, 16, 22, 24]",4321,"[1, 2, 3, 5, 6, 13, 14, 15, 17, 21, 23]",62,0.2915309446254072,-1
1152,442,"[1, 2, 3, 5, 6, 12, 13, 15, 16, 22, 24]",41131,"[1, 2, 3, 5, 6, 10, 14, 17, 19, 21, 23]",78,0.4564459930313589,0
1153,4231,"[1, 2, 3, 5, 6, 9, 11, 17, 19, 21, 23]",32221,"[1, 3, 4, 5, 9, 11, 12, 16, 18, 20, 23]",0,0.35732984293193715,1
1154,4231,"[1, 2, 3, 5, 6, 9, 11, 17, 19, 21, 23]",32221,"[1, 3, 4, 5, 9, 11, 12, 16, 18, 20, 23]",28,0.28870292887029286,0
1155,4231,"[1, 2, 3, 5, 6, 9, 11, 17, 19, 21, 23]",32221,"[1, 3, 4, 5, 9, 11, 12, 16, 18, 20, 23]",48,0.241917502787068,0
1156,4231,"[1, 2, 3, 5, 6, 9, 11, 17, 19, 21, 23]",32221,"[1, 3, 4, 5, 9, 11, 12, 16, 18, 20, 23]",83,0.0,0
1157,4231,"[1, 2, 3, 5, 6, 13, 15, 17, 19, 21, 23]",4141,"[1, 2, 3, 5, 6, 10, 12, 13, 15, 16, 23]",0,0.40364880273660203,1
1158,4231,"[1, 2, 3, 5, 6, 13, 15, 17, 19, 21, 23]",4141,"[1, 2, 3, 5, 6, 10, 12, 13, 15, 16, 23]",53,0.40384615384615385,0
1159,4231,"[1, 2, 3, 5, 6, 13, 15, 17, 19, 21, 23]",4141,"[1, 2, 3, 5, 6, 10, 12, 13, 15, 16, 23]",70,0.5481171548117155,0
1160,451,"[1, 2, 3, 5, 6, 12, 13, 14, 15, 16, 23]",41221,"[1, 2, 3, 5, 6, 10, 13, 15, 17, 21, 23]",0,0.37522636725823977,-2
1161,4231,"[1, 2, 3, 5, 6, 9, 11, 17, 19, 21, 23]",32221,"[1, 3, 4, 5, 7, 8, 13, 15, 17, 21, 23]",0,0.6279406442272891,2
1162,4231,"[1, 2, 3, 5, 6, 9, 11, 17, 19, 21, 23]",42211,"[1, 2, 3, 5, 6, 13, 15, 17, 21, 23, 25]",74,0.6218487394957983,1
1163,41221,"[1, 2, 3, 5, 6, 10, 13, 15, 17, 21, 23]",4231,"[1, 2, 3, 5, 6, 9, 11, 17, 19, 21, 23]",0,0.6185258964143426,1
1164,4141,"[1, 2, 3, 5, 6, 10, 12, 13, 15, 16, 23]",4231,"[1, 2, 3, 5, 6, 13, 15, 17, 19, 21, 23]",0,0.3222094361334868,0
1165,4141,"[1, 2, 3, 5, 6, 10, 12, 13, 15, 16, 23]",4231,"[1, 2, 3, 5, 6, 13, 15, 17, 19, 21, 23]",62,0.37822349570200575,-3
1166,41221,"[1, 2, 3, 5, 6, 10, 13, 15, 17, 21, 23]",4222,"[1, 2, 3, 5, 6, 9, 11, 17, 21, 22, 24]",0,0.7011615628299894,1
1167,41221,"[1, 2, 3, 5, 6, 10, 13, 15, 17, 21, 23]",4222,"[1, 2, 3, 5, 6, 9, 11, 17, 21, 22, 24]",27,0.6314699792960663,-1
1168,41221,"[1, 2, 3, 5, 6, 10, 13, 15, 17, 21, 23]",4222,"[1, 2, 3, 5, 6, 9, 11, 17, 21, 22, 24]",56,0.7175,0
1169,4222,"[1, 2, 3, 5, 6, 13, 15, 17, 21, 22, 24]",5221,"[1, 2, 3, 4, 5, 6, 13, 15, 17, 21, 23]",0,0.7090768037238169,2
1170,41221,"[1, 2, 3, 5, 6, 10, 13, 15, 17, 21, 23]",4411,"[1, 2, 3, 5, 6, 12, 13, 15, 16, 19, 23]",0,0.6634146341463415,0
1171,41221,"[1, 2, 3, 5, 6, 10, 13, 15, 17, 21, 23]",4411,"[1, 2, 3, 5, 6, 12, 13, 15, 16, 19, 23]",4,0.5028571428571429,0
1172,41221,"[1, 2, 3, 5, 6, 10, 13, 15, 17, 21, 23]",4411,"[1, 2, 3, 5, 6, 12, 13, 15, 16, 19, 23]",59,0.6262295081967213,-1
1173,4222,"[1, 2, 3, 5, 6, 9, 11, 17, 21, 22, 24]",41221,"[1, 2, 3, 5, 6, 10, 13, 15, 17, 21, 23]",0,0.5307692307692308,-1
1174,41221,"[1, 2, 3, 5, 6, 10, 13, 15, 17, 21, 23]",32221,"[1, 3, 4, 5, 7, 8, 13, 15, 17, 21, 23]",0,0.832353957829243,3
1175,4141,"[1, 2, 3, 5, 6, 10, 17, 18, 20, 21, 23]",4231,"[1, 2, 3, 5, 6, 9, 11, 17, 19, 21, 23]",0,0.3585434173669468,-1
1176,4231,"[1, 2, 3, 5, 6, 9, 11, 17, 19, 21, 23]",4231,"[1, 2, 3, 5, 6, 9, 11, 17, 19, 21, 23]",45,0.3795620437956204,-1
1177,4231,"[1, 2, 3, 5, 6, 9, 11, 17, 19, 21, 23]",4222,"[1, 2, 3, 5, 6, 9, 11, 12, 16, 22, 24]",0,0.24424366074030895,0
1178,4231,"[1, 2, 3, 5, 6, 13, 15, 17, 19, 21, 23]",4231,"[1, 2, 3, 5, 6, 9, 11, 17, 19, 21, 23]",0,0.49429807314195834,0
1179,4141,"[1, 2, 3, 5, 6, 10, 12, 13, 15, 16, 23]",4231,"[1, 2, 3, 5, 6, 9, 11, 17, 19, 21, 23]",0,0.6002896451846488,0
1180,4141,"[1, 2, 3, 5, 6, 10, 12, 13, 15, 16, 23]",4231,"[1, 2, 3, 5, 6, 9, 11, 17, 19, 21, 23]",37,0.61659333752357,-1
1181,4222,"[1, 2, 3, 5, 6, 9, 11, 12, 16, 22, 24]",4231,"[1, 2, 3, 5, 6, 13, 15, 17, 19, 21, 23]",0,0.38671294000991574,0
1182,4222,"[1, 2, 3, 5, 6, 9, 11, 12, 16, 22, 24]",4231,"[1, 2, 3, 5, 6, 13, 15, 17, 19, 21, 23]",59,0.33444444444444443,0
1183,4231,"[1, 2, 3, 5, 6, 9, 11, 17, 19, 21, 23]",442,"[1, 2, 3, 5, 6, 12, 13, 15, 16, 22, 24]",0,0.7072847682119205,0
1184,433,"[1, 2, 3, 5, 6, 10, 13, 15, 17, 21, 23]",4231,"[1, 2, 3, 5, 6, 9, 11, 17, 19, 21, 23]",0,0.4312925170068027,1
1185,433,"[1, 2, 3, 5, 6, 10, 13, 15, 17, 21, 23]",4231,"[1, 2, 3, 5, 6, 9, 11, 17, 19, 21, 23]",42,0.4007308160779537,-1
1186,433,"[1, 2, 3, 5, 6, 10, 13, 15, 17, 21, 23]",4231,"[1, 2, 3, 5, 6, 9, 11, 17, 19, 21, 23]",63,0.4032697547683924,-1
1187,4141,"[1, 2, 3, 5, 6, 10, 12, 13, 15, 16, 23]",4141,"[1, 2, 3, 5, 6, 10, 12, 13, 15, 16, 23]",0,0.7235824742268041,2
1188,4141,"[1, 2, 3, 5, 6, 10, 12, 13, 15, 16, 23]",4141,"[1, 2, 3, 5, 6, 10, 12, 13, 15, 16, 23]",37,0.7288135593220338,0
1189,4141,"[1, 2, 3, 5, 6, 10, 12, 13, 15, 16, 23]",4141,"[1, 2, 3, 5, 6, 10, 12, 13, 15, 16, 23]",46,0.6488294314381271,0
1190,442,"[1, 2, 3, 5, 6, 9, 11, 12, 16, 22, 24]",433,"[1, 2, 3, 5, 6, 10, 13, 15, 17, 21, 23]",0,0.5441633377718598,1
1191,442,"[1, 2, 3, 5, 6, 9, 11, 12, 16, 22, 24]",433,"[1, 2, 3, 5, 6, 10, 13, 15, 17, 21, 23]",67,0.5,0
1192,442,"[1, 2, 3, 5, 6, 9, 11, 12, 16, 22, 24]",433,"[1, 2, 3, 5, 6, 10, 13, 15, 17, 21, 23]",69,0.5309734513274337,0
1193,4141,"[1, 2, 3, 5, 6, 10, 12, 13, 15, 16, 23]",4141,"[1, 2, 3, 5, 6, 10, 12, 13, 15, 16, 23]",0,0.24452554744525548,-1
1194,4141,"[1, 2, 3, 5, 6, 10, 12, 13, 15, 16, 23]",4141,"[1, 2, 3, 5, 6, 10, 12, 13, 15, 16, 23]",7,0.17097170971709716,-1
1195,4141,"[1, 2, 3, 5, 6, 10, 12, 13, 15, 16, 23]",4141,"[1, 2, 3, 5, 6, 10, 12, 13, 15, 16, 23]",45,0.0,0
1196,4141,"[1, 2, 3, 5, 6, 10, 12, 13, 15, 16, 23]",4141,"[1, 2, 3, 5, 6, 10, 12, 13, 15, 16, 23]",46,0.3493975903614458,-2
1197,4141,"[1, 2, 3, 5, 6, 10, 12, 13, 15, 16, 23]",4141,"[1, 2, 3, 5, 6, 10, 12, 13, 15, 16, 23]",77,0.4368421052631579,0
1198,4231,"[1, 2, 3, 5, 6, 13, 15, 17, 19, 21, 23]",4231,"[1, 2, 3, 5, 6, 13, 15, 17, 19, 21, 23]",0,0.3648566198901769,1
1199,442,"[1, 2, 3, 5, 6, 12, 13, 15, 16, 22, 24]",4411,"[1, 2, 3, 5, 6, 12, 13, 15, 16, 19, 23]",0,0.7624777183600713,0
1200,442,"[1, 2, 3, 5, 6, 12, 13, 15, 16, 22, 24]",4411,"[1, 2, 3, 5, 6, 12, 13, 15, 16, 19, 23]",55,0.6557377049180327,0
1201,4141,"[1, 2, 3, 5, 6, 10, 12, 13, 15, 16, 23]",442,"[1, 2, 3, 5, 6, 9, 11, 12, 16, 22, 24]",0,0.6155526430755789,-2
1202,4231,"[1, 2, 3, 5, 6, 9, 11, 17, 19, 21, 23]",433,"[1, 2, 3, 5, 6, 10, 13, 15, 17, 21, 23]",0,0.45734597156398105,0
1203,4231,"[1, 2, 3, 5, 6, 9, 11, 17, 19, 21, 23]",442,"[1, 2, 3, 5, 6, 9, 11, 12, 16, 22, 24]",50,0.5843558282208589,0
1204,41212,"[1, 2, 3, 5, 6, 10, 13, 15, 19, 22, 24]",4231,"[1, 2, 3, 5, 6, 13, 15, 17, 19, 21, 23]",0,0.592173017507724,-2
1205,3142,"[1, 3, 4, 5, 10, 12, 13, 15, 16, 22, 24]",4222,"[1, 2, 3, 5, 6, 9, 11, 17, 21, 22, 24]",0,0.5862068965517241,4
1206,3142,"[1, 3, 4, 5, 10, 12, 13, 15, 16, 22, 24]",42211,"[1, 2, 3, 5, 6, 9, 11, 12, 16, 19, 23]",54,0.5370629370629371,1
1207,442,"[1, 2, 3, 5, 6, 12, 13, 15, 16, 22, 24]",42211,"[1, 2, 3, 5, 6, 9, 11, 12, 16, 19, 23]",79,0.1875,0
1208,3412,"[1, 3, 4, 5, 7, 8, 9, 11, 19, 22, 24]",4231,"[1, 2, 3, 5, 6, 9, 11, 17, 19, 21, 23]",0,0.49615055603079555,-2
1209,41221,"[1, 2, 3, 5, 6, 10, 13, 15, 17, 21, 23]",4321,"[1, 2, 3, 5, 6, 13, 14, 15, 18, 20, 25]",0,0.6584327086882453,-1
1210,41221,"[1, 2, 3, 5, 6, 10, 13, 15, 17, 21, 23]",4321,"[1, 2, 3, 5, 6, 13, 14, 15, 18, 20, 25]",37,0.6522506619593998,2
1211,4231,"[1, 2, 3, 5, 6, 13, 15, 17, 19, 21, 23]",4141,"[1, 2, 3, 5, 6, 10, 12, 13, 15, 16, 23]",0,0.4716834755624515,0
1212,4231,"[1, 2, 3, 5, 6, 13, 15, 17, 19, 21, 23]",4141,"[1, 2, 3, 5, 6, 10, 12, 13, 15, 16, 23]",32,0.3687315634218289,0
1213,4231,"[1, 2, 3, 5, 6, 13, 15, 17, 19, 21, 23]",4141,"[1, 2, 3, 5, 6, 10, 12, 13, 15, 16, 23]",58,0.3696172248803828,0
1214,4222,"[1, 2, 3, 5, 6, 9, 11, 12, 16, 22, 24]",4231,"[1, 2, 3, 5, 6, 9, 11, 17, 19, 21, 23]",0,0.25287356321839083,0
1215,4222,"[1, 2, 3, 5, 6, 9, 11, 12, 16, 22, 24]",4231,"[1, 2, 3, 5, 6, 9, 11, 17, 19, 21, 23]",3,0.297514033680834,0
1216,4222,"[1, 2, 3, 5, 6, 9, 11, 12, 16, 22, 24]",4231,"[1, 2, 3, 5, 6, 9, 11, 17, 19, 21, 23]",33,0.3260135135135135,0
1217,4222,"[1, 2, 3, 5, 6, 9, 11, 12, 16, 22, 24]",4231,"[1, 2, 3, 5, 6, 9, 11, 17, 19, 21, 23]",46,0.20152091254752852,0
1218,4222,"[1, 2, 3, 5, 6, 9, 11, 12, 16, 22, 24]",4231,"[1, 2, 3, 5, 6, 9, 11, 17, 19, 21, 23]",58,0.3924914675767918,0
1219,4222,"[1, 2, 3, 5, 6, 9, 11, 12, 16, 22, 24]",4231,"[1, 2, 3, 5, 6, 9, 11, 17, 19, 21, 23]",66,0.3593220338983051,1
1220,4222,"[1, 2, 3, 5, 6, 9, 11, 12, 16, 22, 24]",4231,"[1, 2, 3, 5, 6, 9, 11, 17, 19, 21, 23]",77,0.0,0
1221,4222,"[1, 2, 3, 5, 6, 9, 11, 12, 16, 22, 24]",4231,"[1, 2, 3, 5, 6, 9, 11, 17, 19, 21, 23]",77,0.25842696629213485,0
1222,4411,"[1, 2, 3, 5, 6, 12, 13, 15, 16, 19, 23]",343,"[1, 3, 4, 5, 7, 8, 9, 11, 17, 21, 23]",0,0.7163677130044843,1
1223,4411,"[1, 2, 3, 5, 6, 12, 13, 15, 16, 19, 23]",343,"[1, 3, 4, 5, 7, 8, 9, 11, 17, 21, 23]",45,0.6059979317476732,0
1224,352,"[1, 3, 4, 5, 7, 8, 10, 13, 15, 22, 24]",4231,"[1, 2, 3, 5, 6, 9, 11, 17, 19, 21, 23]",0,0.3128760529482551,1
1225,433,"[1, 2, 3, 5, 6, 10, 13, 15, 17, 21, 23]",352,"[1, 3, 4, 5, 7, 8, 10, 13, 15, 22, 24]",0,0.14285714285714285,0
1226,4231,"[1, 2, 3, 5, 6, 13, 15, 17, 19, 21, 23]",352,"[1, 3, 4, 5, 7, 8, 10, 13, 15, 22, 24]",0,0.0,0
1227,4231,"[1, 2, 3, 5, 6, 13, 15, 17, 19, 21, 23]",343,"[1, 3, 4, 5, 7, 8, 9, 11, 17, 21, 23]",0,0.6280360860513532,1
1228,4231,"[1, 2, 3, 5, 6, 13, 15, 17, 19, 21, 23]",343,"[1, 3, 4, 5, 7, 8, 9, 11, 17, 21, 23]",40,0.6631908237747653,1
1229,4231,"[1, 2, 3, 5, 6, 13, 15, 17, 19, 21, 23]",343,"[1, 3, 4, 5, 7, 8, 9, 11, 17, 21, 23]",62,0.72,0
1230,4141,"[1, 2, 3, 5, 6, 10, 12, 13, 15, 16, 23]",433,"[1, 2, 3, 5, 6, 10, 13, 15, 17, 21, 23]",0,0.5207852193995381,0
1231,4141,"[1, 2, 3, 5, 6, 10, 12, 13, 15, 16, 23]",433,"[1, 2, 3, 5, 6, 10, 13, 15, 17, 21, 23]",45,0.44155844155844154,0
1232,451,"[1, 2, 3, 5, 6, 12, 13, 14, 15, 16, 23]",433,"[1, 2, 3, 5, 6, 10, 13, 15, 17, 21, 23]",46,0.5351170568561873,1
1233,451,"[1, 2, 3, 5, 6, 12, 13, 14, 15, 16, 23]",433,"[1, 2, 3, 5, 6, 10, 13, 15, 17, 21, 23]",54,0.3257918552036199,0
1234,451,"[1, 2, 3, 5, 6, 12, 13, 14, 15, 16, 23]",442,"[1, 2, 3, 5, 6, 11, 12, 13, 16, 22, 24]",61,0.3511008111239861,0
1235,4231,"[1, 2, 3, 5, 6, 9, 11, 17, 19, 21, 23]",433,"[1, 2, 3, 5, 6, 10, 13, 15, 17, 21, 23]",0,0.44841269841269843,0
1236,4231,"[1, 2, 3, 5, 6, 9, 11, 17, 19, 21, 23]",433,"[1, 2, 3, 5, 6, 10, 13, 15, 17, 21, 23]",5,0.556390977443609,4
1237,4231,"[1, 2, 3, 5, 6, 9, 11, 17, 19, 21, 23]",433,"[1, 2, 3, 5, 6, 10, 13, 15, 17, 21, 23]",61,0.3103448275862069,0
1238,4141,"[1, 2, 3, 5, 6, 10, 12, 13, 15, 16, 23]",433,"[1, 2, 3, 5, 6, 10, 13, 15, 17, 21, 23]",0,0.4056437389770723,0
1239,4141,"[1, 2, 3, 5, 6, 10, 12, 13, 15, 16, 23]",433,"[1, 2, 3, 5, 6, 10, 13, 15, 17, 21, 23]",47,0.49284253578732107,-1
1240,433,"[1, 2, 3, 5, 6, 10, 13, 15, 17, 21, 23]",451,"[1, 2, 3, 5, 6, 10, 12, 13, 15, 16, 23]",0,0.845360824742268,0
1241,433,"[1, 2, 3, 5, 6, 10, 13, 15, 17, 21, 23]",451,"[1, 2, 3, 5, 6, 10, 12, 13, 15, 16, 23]",5,0.4222222222222222,0
1242,433,"[1, 2, 3, 5, 6, 10, 13, 15, 17, 21, 23]",451,"[1, 2, 3, 5, 6, 10, 12, 13, 15, 16, 23]",6,0.734023402340234,2
1243,433,"[1, 2, 3, 5, 6, 10, 13, 15, 17, 21, 23]",4141,"[1, 2, 3, 5, 6, 10, 12, 13, 15, 16, 23]",0,0.644927536231884,0
1244,433,"[1, 2, 3, 5, 6, 10, 13, 15, 17, 21, 23]",41212,"[1, 2, 3, 5, 6, 10, 13, 15, 19, 22, 24]",27,0.5766908212560387,-1
1245,433,"[1, 2, 3, 5, 6, 10, 13, 15, 17, 21, 23]",41212,"[1, 2, 3, 5, 6, 10, 13, 15, 19, 22, 24]",75,0.1,0
1246,433,"[1, 2, 3, 5, 6, 10, 13, 15, 17, 21, 23]",4141,"[1, 2, 3, 5, 6, 10, 12, 13, 15, 16, 23]",0,0.5753064798598949,0
1247,4231,"[1, 2, 3, 5, 6, 9, 11, 17, 19, 21, 23]",4141,"[1, 2, 3, 5, 6, 10, 12, 13, 15, 16, 23]",0,0.4339846062759029,-2
1248,4231,"[1, 2, 3, 5, 6, 9, 11, 17, 19, 21, 23]",4141,"[1, 2, 3, 5, 6, 10, 12, 13, 15, 16, 23]",45,0.532520325203252,-1
1249,4231,"[1, 2, 3, 5, 6, 13, 15, 17, 19, 21, 23]",4231,"[1, 2, 3, 5, 6, 13, 15, 17, 19, 21, 23]",0,0.6213872832369942,0
1250,4231,"[1, 2, 3, 5, 6, 13, 15, 17, 19, 21, 23]",4231,"[1, 2, 3, 5, 6, 13, 15, 17, 19, 21, 23]",18,0.29853479853479853,-3
1251,4231,"[1, 2, 3, 5, 6, 9, 11, 17, 19, 21, 23]",4141,"[1, 2, 3, 5, 6, 10, 12, 13, 15, 16, 23]",0,0.5314009661835749,-1
1252,4411,"[1, 2, 3, 5, 6, 9, 11, 12, 16, 19, 23]",4141,"[1, 2, 3, 5, 6, 10, 12, 13, 15, 16, 23]",46,0.655,0
1253,4411,"[1, 2, 3, 5, 6, 9, 11, 12, 16, 19, 23]",4141,"[1, 2, 3, 5, 6, 10, 12, 13, 15, 16, 23]",52,0.75,0
1254,4231,"[1, 2, 3, 5, 6, 9, 11, 17, 19, 21, 23]",4141,"[1, 2, 3, 5, 6, 10, 12, 13, 15, 16, 23]",53,0.5103448275862069,1
1255,4231,"[1, 2, 3, 5, 6, 9, 11, 17, 19, 21, 23]",4231,"[1, 2, 3, 5, 6, 9, 11, 17, 19, 21, 23]",68,0.5347222222222222,0
1256,343,"[1, 3, 4, 5, 7, 8, 9, 11, 17, 21, 23]",4231,"[1, 2, 3, 5, 6, 9, 11, 17, 19, 21, 23]",0,0.4928762243989314,0
1257,343,"[1, 3, 4, 5, 7, 8, 9, 11, 17, 21, 23]",4231,"[1, 2, 3, 5, 6, 9, 11, 17, 19, 21, 23]",64,0.710727969348659,1
1258,4141,"[1, 2, 3, 5, 6, 10, 12, 13, 15, 16, 23]",4231,"[1, 2, 3, 5, 6, 13, 15, 17, 19, 21, 23]",0,0.4606459705236751,-3
1259,4141,"[1, 2, 3, 5, 6, 10, 12, 13, 15, 16, 23]",4231,"[1, 2, 3, 5, 6, 13, 15, 17, 19, 21, 23]",86,0.37209302325581395,0
1260,4231,"[1, 2, 3, 5, 6, 9, 11, 17, 19, 21, 23]",451,"[1, 2, 3, 5, 6, 12, 13, 14, 15, 16, 23]",0,0.7597690941385435,1
1261,4141,"[1, 2, 3, 5, 6, 10, 12, 13, 15, 16, 23]",3511,"[1, 3, 4, 5, 7, 8, 10, 13, 15, 19, 23]",0,0.7674815235929505,0
1262,352,"[1, 3, 4, 5, 7, 8, 10, 13, 15, 22, 24]",3511,"[1, 3, 4, 5, 7, 8, 10, 13, 15, 19, 23]",45,0.8276291225886746,0
1263,451,"[1, 2, 3, 5, 6, 10, 12, 13, 15, 16, 23]",4231,"[1, 2, 3, 5, 6, 9, 11, 17, 19, 21, 23]",0,0.35439449169704335,-3
1264,4231,"[1, 2, 3, 5, 6, 13, 15, 17, 19, 21, 23]",41212,"[1, 2, 3, 5, 6, 10, 13, 15, 19, 22, 24]",0,0.5260115606936416,3
1265,4231,"[1, 2, 3, 5, 6, 13, 15, 17, 19, 21, 23]",41212,"[1, 2, 3, 5, 6, 10, 13, 15, 19, 22, 24]",52,0.648936170212766,1
1266,4231,"[1, 2, 3, 5, 6, 9, 11, 17, 19, 21, 23]",4231,"[1, 2, 3, 5, 6, 9, 11, 17, 19, 21, 23]",0,0.5,0
1267,4231,"[1, 2, 3, 5, 6, 9, 11, 17, 19, 21, 23]",451,"[1, 2, 3, 5, 6, 10, 12, 13, 15, 16, 23]",0,0.6030881017257039,3
1268,4231,"[1, 2, 3, 5, 6, 9, 11, 17, 19, 21, 23]",451,"[1, 2, 3, 5, 6, 10, 12, 13, 15, 16, 23]",58,0.42328042328042326,2
1269,433,"[1, 2, 3, 5, 6, 10, 13, 15, 17, 21, 23]",433,"[1, 2, 3, 5, 6, 10, 13, 15, 17, 21, 23]",0,0.5972222222222222,0
1270,433,"[1, 2, 3, 5, 6, 10, 13, 15, 17, 21, 23]",433,"[1, 2, 3, 5, 6, 10, 13, 15, 17, 21, 23]",3,0.4593562465902891,-1
1271,433,"[1, 2, 3, 5, 6, 10, 13, 15, 17, 21, 23]",433,"[1, 2, 3, 5, 6, 10, 13, 15, 17, 21, 23]",60,0.45114345114345117,0
1272,4231,"[1, 2, 3, 5, 6, 9, 11, 17, 19, 21, 23]",433,"[1, 2, 3, 5, 6, 10, 13, 15, 17, 21, 23]",0,0.7016129032258065,0
1273,442,"[1, 2, 3, 5, 6, 9, 11, 12, 16, 22, 24]",4231,"[1, 2, 3, 5, 6, 9, 11, 17, 19, 21, 23]",0,0.5057192374350087,-4
1274,4231,"[1, 2, 3, 5, 6, 9, 11, 17, 19, 21, 23]",4231,"[1, 2, 3, 5, 6, 9, 11, 17, 19, 21, 23]",0,0.5577100646352724,1
1275,4231,"[1, 2, 3, 5, 6, 9, 11, 17, 19, 21, 23]",4231,"[1, 2, 3, 5, 6, 9, 11, 17, 19, 21, 23]",30,0.420863309352518,0
1276,352,"[1, 3, 4, 5, 7, 8, 10, 13, 15, 22, 24]",4231,"[1, 2, 3, 5, 6, 9, 11, 17, 19, 21, 23]",0,1.0,0
1277,352,"[1, 3, 4, 5, 7, 8, 10, 13, 15, 22, 24]",4231,"[1, 2, 3, 5, 6, 9, 11, 17, 19, 21, 23]",0,0.4095774647887324,0
1278,352,"[1, 3, 4, 5, 7, 8, 10, 13, 15, 22, 24]",4231,"[1, 2, 3, 5, 6, 9, 11, 17, 19, 21, 23]",45,0.340632603406326,0
1279,451,"[1, 2, 3, 5, 6, 10, 12, 13, 15, 16, 23]",442,"[1, 2, 3, 5, 6, 9, 11, 12, 16, 22, 24]",0,0.3175333640128854,1
1280,4231,"[1, 2, 3, 5, 6, 9, 11, 17, 19, 21, 23]",433,"[1, 2, 3, 5, 6, 10, 13, 15, 17, 21, 23]",0,0.5326123690435958,0
1281,433,"[1, 2, 3, 5, 6, 10, 13, 15, 17, 21, 23]",4231,"[1, 2, 3, 5, 6, 13, 15, 17, 19, 21, 23]",0,0.6750289463527596,0
1282,433,"[1, 2, 3, 5, 6, 10, 13, 15, 17, 21, 23]",4231,"[1, 2, 3, 5, 6, 13, 15, 17, 19, 21, 23]",64,0.719551282051282,0
1283,4231,"[1, 2, 3, 5, 6, 9, 11, 17, 19, 21, 23]",4231,"[1, 2, 3, 5, 6, 9, 11, 17, 19, 21, 23]",0,0.4749568221070812,0
1284,4231,"[1, 2, 3, 5, 6, 9, 11, 17, 19, 21, 23]",4231,"[1, 2, 3, 5, 6, 9, 11, 17, 19, 21, 23]",45,0.6345177664974619,0
1285,41212,"[1, 2, 3, 5, 6, 10, 13, 15, 19, 22, 24]",433,"[1, 2, 3, 5, 6, 10, 13, 15, 17, 21, 23]",0,0.5921824104234528,3
1286,433,"[1, 2, 3, 5, 6, 10, 13, 15, 17, 21, 23]",433,"[1, 2, 3, 5, 6, 10, 13, 15, 17, 21, 23]",0,0.5622266401590458,2
1287,433,"[1, 2, 3, 5, 6, 10, 13, 15, 17, 21, 23]",433,"[1, 2, 3, 5, 6, 10, 13, 15, 17, 21, 23]",65,0.4377880184331797,0
1288,433,"[1, 2, 3, 5, 6, 10, 13, 15, 17, 21, 23]",433,"[1, 2, 3, 5, 6, 10, 13, 15, 17, 21, 23]",0,0.3471255950201391,-2
1289,433,"[1, 2, 3, 5, 6, 10, 13, 15, 17, 21, 23]",433,"[1, 2, 3, 5, 6, 10, 13, 15, 17, 21, 23]",66,0.536745406824147,0
1290,4231,"[1, 2, 3, 5, 6, 9, 11, 17, 19, 21, 23]",433,"[1, 2, 3, 5, 6, 10, 13, 15, 17, 21, 23]",0,0.5028142589118199,1
1291,4231,"[1, 2, 3, 5, 6, 9, 11, 17, 19, 21, 23]",433,"[1, 2, 3, 5, 6, 10, 13, 15, 17, 21, 23]",90,0.5209580838323353,0
1292,442,"[1, 2, 3, 5, 6, 9, 11, 12, 16, 22, 24]",442,"[1, 2, 3, 5, 6, 9, 11, 12, 16, 22, 24]",0,0.4811156304474143,2
1293,442,"[1, 2, 3, 5, 6, 9, 11, 12, 16, 22, 24]",442,"[1, 2, 3, 5, 6, 9, 11, 12, 16, 22, 24]",47,0.4648648648648649,0
1294,442,"[1, 2, 3, 5, 6, 9, 11, 12, 16, 22, 24]",442,"[1, 2, 3, 5, 6, 9, 11, 12, 16, 22, 24]",71,0.3296903460837887,-1
1295,4231,"[1, 2, 3, 5, 6, 9, 11, 17, 19, 21, 23]",41212,"[1, 2, 3, 5, 6, 10, 13, 15, 19, 22, 24]",0,0.4998378203048978,-2
1296,4231,"[1, 2, 3, 5, 6, 9, 11, 17, 19, 21, 23]",41212,"[1, 2, 3, 5, 6, 10, 13, 15, 19, 22, 24]",71,0.5660377358490566,-1
1297,4231,"[1, 2, 3, 5, 6, 9, 11, 17, 19, 21, 23]",41212,"[1, 2, 3, 5, 6, 10, 13, 15, 19, 22, 24]",85,0.6888888888888889,0
1298,433,"[1, 2, 3, 5, 6, 10, 13, 15, 17, 21, 23]",4231,"[1, 2, 3, 5, 6, 9, 11, 17, 19, 21, 23]",0,0.6946236559139785,4
1299,433,"[1, 2, 3, 5, 6, 10, 13, 15, 17, 21, 23]",4231,"[1, 2, 3, 5, 6, 9, 11, 17, 19, 21, 23]",68,0.8457943925233645,0
1300,4231,"[1, 2, 3, 5, 6, 9, 11, 17, 19, 21, 23]",433,"[1, 2, 3, 5, 6, 10, 13, 15, 17, 21, 23]",0,0.5836909871244635,0
1301,433,"[1, 2, 3, 5, 6, 10, 13, 15, 17, 21, 23]",433,"[1, 2, 3, 5, 6, 10, 13, 15, 17, 21, 23]",5,0.5146103896103896,0
1302,433,"[1, 2, 3, 5, 6, 10, 13, 15, 17, 21, 23]",433,"[1, 2, 3, 5, 6, 10, 13, 15, 17, 21, 23]",20,0.35177865612648224,0
1303,433,"[1, 2, 3, 5, 6, 10, 13, 15, 17, 21, 23]",433,"[1, 2, 3, 5, 6, 10, 13, 15, 17, 21, 23]",28,0.5510996119016818,0
1304,433,"[1, 2, 3, 5, 6, 10, 13, 15, 17, 21, 23]",433,"[1, 2, 3, 5, 6, 10, 13, 15, 17, 21, 23]",50,0.49094202898550726,-1
1305,433,"[1, 2, 3, 5, 6, 10, 13, 15, 17, 21, 23]",433,"[1, 2, 3, 5, 6, 10, 13, 15, 17, 21, 23]",67,0.8014184397163121,0
1306,433,"[1, 2, 3, 5, 6, 10, 13, 15, 17, 21, 23]",4231,"[1, 2, 3, 5, 6, 9, 11, 17, 19, 21, 23]",0,0.4950455806579469,-6
1307,433,"[1, 2, 3, 5, 6, 10, 13, 15, 17, 21, 23]",4231,"[1, 2, 3, 5, 6, 9, 11, 17, 19, 21, 23]",59,0.4896907216494845,0
1308,433,"[1, 2, 3, 5, 6, 10, 13, 15, 17, 21, 23]",4231,"[1, 2, 3, 5, 6, 9, 11, 17, 19, 21, 23]",64,0.38898163606010017,0
1309,4231,"[1, 2, 3, 5, 6, 9, 11, 17, 19, 21, 23]",4231,"[1, 2, 3, 5, 6, 9, 11, 17, 19, 21, 23]",0,0.517115804806992,1
1310,4231,"[1, 2, 3, 5, 6, 9, 11, 17, 19, 21, 23]",442,"[1, 2, 3, 5, 6, 12, 13, 15, 16, 22, 24]",45,0.5377604166666666,1
1311,4231,"[1, 2, 3, 5, 6, 9, 11, 17, 19, 21, 23]",442,"[1, 2, 3, 5, 6, 12, 13, 15, 16, 22, 24]",70,0.46686746987951805,0
1312,433,"[1, 2, 3, 5, 6, 10, 13, 15, 17, 21, 23]",4231,"[1, 2, 3, 5, 6, 9, 11, 17, 19, 21, 23]",0,0.6190476190476191,0
1313,433,"[1, 2, 3, 5, 6, 10, 13, 15, 17, 21, 23]",4231,"[1, 2, 3, 5, 6, 9, 11, 17, 19, 21, 23]",0,0.5927306616961789,-2
1314,4231,"[1, 2, 3, 5, 6, 13, 15, 17, 19, 21, 23]",4231,"[1, 2, 3, 5, 6, 9, 11, 17, 19, 21, 23]",0,0.5732113144758736,0
1315,4231,"[1, 2, 3, 5, 6, 9, 11, 17, 19, 21, 23]",433,"[1, 2, 3, 5, 6, 10, 13, 15, 17, 21, 23]",0,0.5095995611629183,-1
1316,433,"[1, 2, 3, 5, 6, 10, 13, 15, 17, 21, 23]",442,"[1, 2, 3, 5, 6, 9, 11, 12, 16, 22, 24]",0,0.7154558404558404,1
1317,433,"[1, 2, 3, 5, 6, 10, 13, 15, 17, 21, 23]",442,"[1, 2, 3, 5, 6, 9, 11, 12, 16, 22, 24]",70,0.6153846153846154,0
1318,433,"[1, 2, 3, 5, 6, 10, 13, 15, 17, 21, 23]",352,"[1, 3, 4, 5, 7, 8, 10, 13, 15, 22, 24]",0,0.7374245472837022,0
1319,433,"[1, 2, 3, 5, 6, 10, 13, 15, 17, 21, 23]",352,"[1, 3, 4, 5, 7, 8, 10, 13, 15, 22, 24]",27,0.7506234413965087,0
1320,433,"[1, 2, 3, 5, 6, 10, 13, 15, 17, 21, 23]",352,"[1, 3, 4, 5, 7, 8, 10, 13, 15, 22, 24]",47,0.7538461538461538,0
1321,433,"[1, 2, 3, 5, 6, 10, 13, 15, 17, 21, 23]",352,"[1, 3, 4, 5, 7, 8, 10, 13, 15, 22, 24]",48,0.5092592592592593,0
1322,4141,"[1, 2, 3, 5, 6, 10, 12, 13, 15, 16, 23]",433,"[1, 2, 3, 5, 6, 10, 13, 15, 17, 21, 23]",0,0.2113863995782815,-2
1323,4141,"[1, 2, 3, 5, 6, 10, 12, 13, 15, 16, 23]",433,"[1, 2, 3, 5, 6, 10, 13, 15, 17, 21, 23]",45,0.27612655800575264,-2
1324,4141,"[1, 2, 3, 5, 6, 10, 12, 13, 15, 16, 23]",433,"[1, 2, 3, 5, 6, 10, 13, 15, 17, 21, 23]",75,0.2786177105831533,0
1325,4231,"[1, 2, 3, 5, 6, 9, 11, 17, 19, 21, 23]",433,"[1, 2, 3, 5, 6, 10, 13, 15, 17, 21, 23]",0,0.30317040951122853,2
1326,4231,"[1, 2, 3, 5, 6, 9, 11, 17, 19, 21, 23]",433,"[1, 2, 3, 5, 6, 10, 13, 15, 17, 21, 23]",74,0.6,0
1327,433,"[1, 2, 3, 5, 6, 10, 13, 15, 17, 21, 23]",352,"[1, 3, 4, 5, 7, 8, 10, 13, 15, 22, 24]",0,0.5340838023764853,-1
1328,433,"[1, 2, 3, 5, 6, 10, 13, 15, 17, 21, 23]",343,"[1, 3, 4, 5, 7, 8, 13, 15, 17, 21, 23]",0,0.5006788866259335,1
1329,433,"[1, 2, 3, 5, 6, 10, 13, 15, 17, 21, 23]",343,"[1, 3, 4, 5, 7, 8, 13, 15, 17, 21, 23]",70,0.6763005780346821,0
1330,433,"[1, 2, 3, 5, 6, 10, 13, 15, 17, 21, 23]",442,"[1, 2, 3, 5, 6, 12, 13, 15, 16, 22, 24]",78,0.43636363636363634,0
1331,433,"[1, 2, 3, 5, 6, 10, 13, 15, 17, 21, 23]",433,"[1, 2, 3, 5, 6, 10, 13, 15, 17, 21, 23]",0,0.42674927113702626,-2
1332,451,"[1, 2, 3, 5, 6, 10, 12, 13, 15, 16, 23]",433,"[1, 2, 3, 5, 6, 10, 13, 15, 17, 21, 23]",0,0.35368421052631577,0
1333,4141,"[1, 2, 3, 5, 6, 10, 12, 13, 15, 16, 23]",433,"[1, 2, 3, 5, 6, 10, 13, 15, 17, 21, 23]",14,0.24983563445101906,0
1334,4141,"[1, 2, 3, 5, 6, 10, 12, 13, 15, 16, 23]",433,"[1, 2, 3, 5, 6, 10, 13, 15, 17, 21, 23]",55,0.29936305732484075,0
1335,4141,"[1, 2, 3, 5, 6, 10, 12, 13, 15, 16, 23]",433,"[1, 2, 3, 5, 6, 10, 13, 15, 17, 21, 23]",0,0.26672458731537796,-1
1336,4231,"[1, 2, 3, 5, 6, 9, 11, 17, 19, 21, 23]",343,"[1, 3, 4, 5, 7, 8, 9, 11, 13, 15, 23]",0,0.8449367088607594,0
1337,4231,"[1, 2, 3, 5, 6, 9, 11, 17, 19, 21, 23]",343,"[1, 3, 4, 5, 7, 8, 9, 11, 13, 15, 23]",9,0.7302032235459005,2
1338,4231,"[1, 2, 3, 5, 6, 9, 11, 17, 19, 21, 23]",352,"[1, 3, 4, 5, 7, 8, 10, 13, 15, 22, 24]",47,0.6935483870967742,0
1339,4231,"[1, 2, 3, 5, 6, 9, 11, 17, 19, 21, 23]",352,"[1, 3, 4, 5, 7, 8, 10, 13, 15, 22, 24]",64,0.9080459770114943,0
1340,4231,"[1, 2, 3, 5, 6, 9, 11, 17, 19, 21, 23]",352,"[1, 3, 4, 5, 7, 8, 10, 13, 15, 22, 24]",71,0.7357954545454546,1
1341,433,"[1, 2, 3, 5, 6, 10, 13, 15, 17, 21, 23]",4231,"[1, 2, 3, 5, 6, 9, 11, 17, 19, 21, 23]",0,0.5116822429906542,0
1342,433,"[1, 2, 3, 5, 6, 10, 13, 15, 17, 21, 23]",4231,"[1, 2, 3, 5, 6, 9, 11, 17, 19, 21, 23]",49,0.47013274336283184,1
1343,433,"[1, 2, 3, 5, 6, 10, 13, 15, 17, 21, 23]",4231,"[1, 2, 3, 5, 6, 9, 11, 17, 19, 21, 23]",0,0.6572154041472704,5
1344,433,"[1, 2, 3, 5, 6, 10, 13, 15, 17, 21, 23]",4231,"[1, 2, 3, 5, 6, 9, 11, 17, 19, 21, 23]",63,0.6170212765957447,1
1345,4231,"[1, 2, 3, 5, 6, 9, 11, 17, 19, 21, 23]",4231,"[1, 2, 3, 5, 6, 9, 11, 17, 19, 21, 23]",0,0.31474358974358974,-1
1346,4231,"[1, 2, 3, 5, 6, 9, 11, 17, 19, 21, 23]",4231,"[1, 2, 3, 5, 6, 9, 11, 17, 19, 21, 23]",33,0.26970227670753066,0
1347,433,"[1, 2, 3, 5, 6, 10, 13, 15, 17, 21, 23]",451,"[1, 2, 3, 5, 6, 12, 13, 14, 15, 16, 23]",0,1.0,0
1348,433,"[1, 2, 3, 5, 6, 10, 13, 15, 17, 21, 23]",451,"[1, 2, 3, 5, 6, 12, 13, 14, 15, 16, 23]",0,0.6733909702209414,1
1349,433,"[1, 2, 3, 5, 6, 10, 13, 15, 17, 21, 23]",451,"[1, 2, 3, 5, 6, 12, 13, 14, 15, 16, 23]",27,0.6836248012718601,-1
1350,433,"[1, 2, 3, 5, 6, 10, 13, 15, 17, 21, 23]",442,"[1, 2, 3, 5, 6, 9, 11, 12, 16, 22, 24]",0,0.3709411117226197,-1
1351,442,"[1, 2, 3, 5, 6, 12, 13, 15, 16, 22, 24]",3421,"[1, 3, 4, 5, 7, 8, 9, 11, 18, 20, 23]",0,0.4915254237288136,0
1352,442,"[1, 2, 3, 5, 6, 12, 13, 15, 16, 22, 24]",3421,"[1, 3, 4, 5, 7, 8, 9, 11, 18, 20, 23]",3,0.49056603773584906,0
1353,442,"[1, 2, 3, 5, 6, 12, 13, 15, 16, 22, 24]",433,"[1, 2, 3, 5, 6, 10, 13, 15, 17, 21, 23]",45,0.2003046458492003,0
1354,442,"[1, 2, 3, 5, 6, 12, 13, 15, 16, 22, 24]",433,"[1, 2, 3, 5, 6, 10, 13, 15, 17, 21, 23]",0,0.5175718849840255,0
1355,442,"[1, 2, 3, 5, 6, 12, 13, 15, 16, 22, 24]",433,"[1, 2, 3, 5, 6, 10, 13, 15, 17, 21, 23]",14,0.4901129943502825,1
1356,442,"[1, 2, 3, 5, 6, 12, 13, 15, 16, 22, 24]",433,"[1, 2, 3, 5, 6, 10, 13, 15, 17, 21, 23]",35,0.37268359643102267,-1
1357,4141,"[1, 2, 3, 5, 6, 10, 12, 13, 15, 16, 23]",433,"[1, 2, 3, 5, 6, 10, 13, 15, 17, 21, 23]",0,0.3234312416555407,-2
1358,433,"[1, 2, 3, 5, 6, 10, 13, 15, 17, 21, 23]",343,"[1, 3, 4, 5, 7, 8, 13, 15, 17, 21, 23]",0,0.8193521594684385,2
1359,343,"[1, 3, 4, 5, 7, 8, 9, 11, 17, 21, 23]",433,"[1, 2, 3, 5, 6, 10, 13, 15, 17, 21, 23]",0,0.1800302571860817,0
1360,433,"[1, 2, 3, 5, 6, 10, 13, 15, 17, 21, 23]",433,"[1, 2, 3, 5, 6, 10, 13, 15, 17, 21, 23]",0,0.45687926193341355,2
1361,4231,"[1, 2, 3, 5, 6, 13, 15, 17, 19, 21, 23]",3421,"[1, 3, 4, 5, 7, 8, 13, 15, 18, 20, 23]",0,0.7692307692307693,2
1362,4231,"[1, 2, 3, 5, 6, 13, 15, 17, 19, 21, 23]",3421,"[1, 3, 4, 5, 7, 8, 13, 15, 18, 20, 23]",67,0.7728813559322034,0
1363,4231,"[1, 2, 3, 5, 6, 13, 15, 17, 19, 21, 23]",3421,"[1, 3, 4, 5, 7, 8, 13, 15, 18, 20, 23]",79,0.775438596491228,0
1364,4141,"[1, 2, 3, 5, 6, 10, 12, 13, 15, 16, 23]",451,"[1, 2, 3, 5, 6, 12, 13, 14, 15, 16, 23]",0,0.2832314129385259,0
1365,4231,"[1, 2, 3, 5, 6, 9, 11, 17, 19, 21, 23]",4231,"[1, 2, 3, 5, 6, 9, 11, 17, 19, 21, 23]",0,0.46086320409656184,0
1366,4231,"[1, 2, 3, 5, 6, 9, 11, 17, 19, 21, 23]",4231,"[1, 2, 3, 5, 6, 9, 11, 17, 19, 21, 23]",45,0.39444444444444443,0
1367,4231,"[1, 2, 3, 5, 6, 9, 11, 17, 19, 21, 23]",4231,"[1, 2, 3, 5, 6, 9, 11, 17, 19, 21, 23]",55,0.4358600583090379,-1
1368,3421,"[1, 3, 4, 5, 7, 8, 13, 15, 18, 20, 23]",433,"[1, 2, 3, 5, 6, 10, 13, 15, 17, 21, 23]",0,0.43424536628420124,-1
1369,3421,"[1, 3, 4, 5, 7, 8, 13, 15, 18, 20, 23]",433,"[1, 2, 3, 5, 6, 10, 13, 15, 17, 21, 23]",54,0.47638888888888886,-3
1370,451,"[1, 2, 3, 5, 6, 12, 13, 14, 15, 16, 23]",433,"[1, 2, 3, 5, 6, 10, 13, 15, 17, 21, 23]",0,0.32569204152249137,-1
1371,41212,"[1, 2, 3, 5, 6, 10, 13, 15, 19, 22, 24]",442,"[1, 2, 3, 5, 6, 9, 11, 12, 16, 22, 24]",0,0.7153502235469449,0
1372,41212,"[1, 2, 3, 5, 6, 10, 13, 15, 19, 22, 24]",343,"[1, 3, 4, 5, 7, 8, 9, 11, 17, 21, 23]",60,0.7663157894736842,0
1373,433,"[1, 2, 3, 5, 6, 10, 13, 15, 17, 21, 23]",4141,"[1, 2, 3, 5, 6, 10, 12, 13, 15, 16, 23]",0,0.7262044653349001,2
1374,433,"[1, 2, 3, 5, 6, 10, 13, 15, 17, 21, 23]",4141,"[1, 2, 3, 5, 6, 10, 12, 13, 15, 16, 23]",46,0.684640522875817,2
1375,343,"[1, 3, 4, 5, 7, 8, 9, 11, 17, 21, 23]",4231,"[1, 2, 3, 5, 6, 9, 11, 17, 19, 21, 23]",0,0.3437939110070258,-2
1376,442,"[1, 2, 3, 5, 6, 9, 11, 12, 16, 22, 24]",4231,"[1, 2, 3, 5, 6, 9, 11, 17, 19, 21, 23]",63,0.47085201793721976,-2
1377,41212,"[1, 2, 3, 5, 6, 10, 13, 15, 19, 22, 24]",433,"[1, 2, 3, 5, 6, 10, 13, 15, 17, 21, 23]",0,0.4473469387755102,-3
1378,442,"[1, 2, 3, 5, 6, 9, 11, 12, 16, 22, 24]",433,"[1, 2, 3, 5, 6, 10, 13, 15, 17, 21, 23]",0,0.2815347721822542,-3
1379,4411,"[1, 2, 3, 5, 6, 9, 11, 12, 16, 19, 23]",433,"[1, 2, 3, 5, 6, 10, 13, 15, 17, 21, 23]",45,0.0962406015037594,-2
1380,4411,"[1, 2, 3, 5, 6, 9, 11, 12, 16, 19, 23]",433,"[1, 2, 3, 5, 6, 10, 13, 15, 17, 21, 23]",76,0.42786069651741293,-1
1381,4231,"[1, 2, 3, 5, 6, 9, 11, 17, 19, 21, 23]",442,"[1, 2, 3, 5, 6, 9, 11, 12, 16, 22, 24]",0,0.43183897529734677,0
1382,4231,"[1, 2, 3, 5, 6, 9, 11, 17, 19, 21, 23]",4231,"[1, 2, 3, 5, 6, 9, 11, 17, 19, 21, 23]",0,0.6568758344459279,3
1383,433,"[1, 2, 3, 5, 6, 10, 13, 15, 17, 21, 23]",4231,"[1, 2, 3, 5, 6, 9, 11, 17, 19, 21, 23]",0,0.6300102774922919,6
1384,433,"[1, 2, 3, 5, 6, 10, 13, 15, 17, 21, 23]",4231,"[1, 2, 3, 5, 6, 9, 11, 17, 19, 21, 23]",45,1.0,0
1385,4231,"[1, 2, 3, 5, 6, 9, 11, 17, 19, 21, 23]",343,"[1, 3, 4, 5, 7, 8, 13, 15, 17, 21, 23]",0,0.4574314574314574,1
1386,4231,"[1, 2, 3, 5, 6, 9, 11, 17, 19, 21, 23]",343,"[1, 3, 4, 5, 7, 8, 13, 15, 17, 21, 23]",37,0.4808259587020649,0
1387,442,"[1, 2, 3, 5, 6, 9, 11, 12, 16, 22, 24]",433,"[1, 2, 3, 5, 6, 10, 13, 15, 17, 21, 23]",0,0.33960871170173496,-3
1388,352,"[1, 3, 4, 5, 7, 8, 10, 13, 15, 22, 24]",4231,"[1, 2, 3, 5, 6, 9, 11, 17, 19, 21, 23]",0,0.6245954692556634,0
1389,4231,"[1, 2, 3, 5, 6, 13, 15, 17, 19, 21, 23]",433,"[1, 2, 3, 5, 6, 10, 13, 15, 17, 21, 23]",0,0.38794084186575656,-1
1390,4231,"[1, 2, 3, 5, 6, 13, 15, 17, 19, 21, 23]",433,"[1, 2, 3, 5, 6, 10, 13, 15, 17, 21, 23]",84,0.2803738317757009,0
1391,451,"[1, 2, 3, 5, 6, 12, 13, 14, 15, 16, 23]",4231,"[1, 2, 3, 5, 6, 13, 15, 17, 19, 21, 23]",0,0.23306689103912495,-2
1392,451,"[1, 2, 3, 5, 6, 12, 13, 14, 15, 16, 23]",4231,"[1, 2, 3, 5, 6, 13, 15, 17, 19, 21, 23]",63,0.21960072595281308,0
1393,433,"[1, 2, 3, 5, 6, 10, 13, 15, 17, 21, 23]",3412,"[1, 3, 4, 5, 7, 8, 9, 11, 19, 22, 24]",0,0.7608695652173914,3
1394,4141,"[1, 2, 3, 5, 6, 10, 12, 13, 15, 16, 23]",3412,"[1, 3, 4, 5, 7, 8, 9, 11, 19, 22, 24]",64,0.8493870402802102,1
1395,433,"[1, 2, 3, 5, 6, 10, 13, 15, 17, 21, 23]",3412,"[1, 3, 4, 5, 7, 8, 9, 11, 19, 22, 24]",76,0.8423645320197044,0
1396,3511,"[1, 3, 4, 5, 7, 8, 10, 13, 15, 19, 23]",433,"[1, 2, 3, 5, 6, 10, 13, 15, 17, 21, 23]",0,0.39069767441860465,0
1397,3511,"[1, 3, 4, 5, 7, 8, 10, 13, 15, 19, 23]",433,"[1, 2, 3, 5, 6, 10, 13, 15, 17, 21, 23]",50,0.3230593607305936,0
1398,4231,"[1, 2, 3, 5, 6, 9, 11, 17, 19, 21, 23]",433,"[1, 2, 3, 5, 6, 10, 13, 15, 17, 21, 23]",0,0.6484929078014184,1
1399,451,"[1, 2, 3, 5, 6, 10, 12, 13, 15, 16, 23]",4231,"[1, 2, 3, 5, 6, 9, 11, 17, 19, 21, 23]",0,0.48166607333570666,0
1400,433,"[1, 2, 3, 5, 6, 10, 13, 15, 17, 21, 23]",433,"[1, 2, 3, 5, 6, 10, 13, 15, 17, 21, 23]",0,0.35955746773202213,1
1401,433,"[1, 2, 3, 5, 6, 10, 13, 15, 17, 21, 23]",433,"[1, 2, 3, 5, 6, 10, 13, 15, 17, 21, 23]",45,0.21612349914236706,-1
1402,433,"[1, 2, 3, 5, 6, 10, 13, 15, 17, 21, 23]",433,"[1, 2, 3, 5, 6, 10, 13, 15, 17, 21, 23]",59,0.444,0
1403,433,"[1, 2, 3, 5, 6, 10, 13, 15, 17, 21, 23]",433,"[1, 2, 3, 5, 6, 10, 13, 15, 17, 21, 23]",75,0.23660714285714285,0
1404,433,"[1, 2, 3, 5, 6, 10, 13, 15, 17, 21, 23]",442,"[1, 2, 3, 5, 6, 12, 13, 15, 16, 22, 24]",0,0.7880864522930944,0
1405,433,"[1, 2, 3, 5, 6, 10, 13, 15, 17, 21, 23]",343,"[1, 3, 4, 5, 7, 8, 13, 15, 17, 21, 23]",46,0.857910906298003,1
1406,343,"[1, 3, 4, 5, 7, 8, 9, 11, 17, 21, 23]",343,"[1, 3, 4, 5, 7, 8, 13, 15, 17, 21, 23]",74,0.8870673952641166,1
1407,433,"[1, 2, 3, 5, 6, 10, 13, 15, 17, 21, 23]",4231,"[1, 2, 3, 5, 6, 9, 11, 17, 19, 21, 23]",0,0.5656307129798903,3
1408,433,"[1, 2, 3, 5, 6, 10, 13, 15, 17, 21, 23]",4231,"[1, 2, 3, 5, 6, 9, 11, 17, 19, 21, 23]",79,0.6763005780346821,0
1409,433,"[1, 2, 3, 5, 6, 10, 13, 15, 17, 21, 23]",4141,"[1, 2, 3, 5, 6, 10, 12, 13, 15, 16, 23]",0,0.5846153846153846,0
1410,433,"[1, 2, 3, 5, 6, 10, 13, 15, 17, 21, 23]",343,"[1, 3, 4, 5, 7, 8, 9, 11, 17, 21, 23]",1,0.6507884362680684,0
1411,352,"[1, 3, 4, 5, 7, 8, 10, 13, 15, 22, 24]",4231,"[1, 2, 3, 5, 6, 9, 11, 17, 19, 21, 23]",0,0.49405405405405406,-1
1412,4231,"[1, 2, 3, 5, 6, 9, 11, 17, 19, 21, 23]",442,"[1, 2, 3, 5, 6, 9, 11, 12, 16, 22, 24]",0,0.4702842377260982,0
1413,4231,"[1, 2, 3, 5, 6, 9, 11, 17, 19, 21, 23]",442,"[1, 2, 3, 5, 6, 9, 11, 12, 16, 22, 24]",45,0.3736111111111111,-2
1414,433,"[1, 2, 3, 5, 6, 10, 13, 15, 17, 21, 23]",4231,"[1, 2, 3, 5, 6, 13, 15, 17, 19, 21, 23]",0,0.5759605216778287,1
1415,433,"[1, 2, 3, 5, 6, 10, 13, 15, 17, 21, 23]",4231,"[1, 2, 3, 5, 6, 9, 11, 17, 19, 21, 23]",0,0.6418676244227809,0
1416,433,"[1, 2, 3, 5, 6, 10, 13, 15, 17, 21, 23]",4231,"[1, 2, 3, 5, 6, 9, 11, 17, 19, 21, 23]",67,0.18691588785046728,-1
1417,433,"[1, 2, 3, 5, 6, 10, 13, 15, 17, 21, 23]",4231,"[1, 2, 3, 5, 6, 9, 11, 17, 19, 21, 23]",70,0.5227963525835866,0
1418,4231,"[1, 2, 3, 5, 6, 13, 15, 17, 19, 21, 23]",4141,"[1, 2, 3, 5, 6, 10, 12, 13, 15, 16, 23]",0,0.614498319731157,0
1419,4231,"[1, 2, 3, 5, 6, 13, 15, 17, 19, 21, 23]",4141,"[1, 2, 3, 5, 6, 10, 12, 13, 15, 16, 23]",63,0.587737843551797,0
1420,343,"[1, 3, 4, 5, 7, 8, 9, 11, 17, 21, 23]",433,"[1, 2, 3, 5, 6, 10, 13, 15, 17, 21, 23]",0,0.2377104377104377,-1
1421,4141,"[1, 2, 3, 5, 6, 10, 12, 13, 15, 16, 23]",433,"[1, 2, 3, 5, 6, 10, 13, 15, 17, 21, 23]",45,0.0,0
1422,4141,"[1, 2, 3, 5, 6, 10, 12, 13, 15, 16, 23]",433,"[1, 2, 3, 5, 6, 10, 13, 15, 17, 21, 23]",45,0.20733944954128442,-3
1423,4141,"[1, 2, 3, 5, 6, 10, 12, 13, 15, 16, 23]",433,"[1, 2, 3, 5, 6, 10, 13, 15, 17, 21, 23]",74,0.25,0
1424,4141,"[1, 2, 3, 5, 6, 10, 12, 13, 15, 16, 23]",433,"[1, 2, 3, 5, 6, 10, 13, 15, 17, 21, 23]",74,0.1489795918367347,0
1425,433,"[1, 2, 3, 5, 6, 10, 13, 15, 17, 21, 23]",4231,"[1, 2, 3, 5, 6, 9, 11, 17, 19, 21, 23]",0,0.5903655620088828,-2
1426,433,"[1, 2, 3, 5, 6, 10, 13, 15, 17, 21, 23]",4231,"[1, 2, 3, 5, 6, 9, 11, 17, 19, 21, 23]",71,0.7451612903225806,0
1427,433,"[1, 2, 3, 5, 6, 10, 13, 15, 17, 21, 23]",4231,"[1, 2, 3, 5, 6, 9, 11, 17, 19, 21, 23]",79,0.4956521739130435,0
1428,4141,"[1, 2, 3, 5, 6, 10, 12, 13, 15, 16, 23]",4231,"[1, 2, 3, 5, 6, 9, 11, 17, 19, 21, 23]",0,0.3925962006819289,2
1429,4141,"[1, 2, 3, 5, 6, 10, 12, 13, 15, 16, 23]",4231,"[1, 2, 3, 5, 6, 9, 11, 17, 19, 21, 23]",50,0.47738693467336685,1
1430,4141,"[1, 2, 3, 5, 6, 10, 12, 13, 15, 16, 23]",4231,"[1, 2, 3, 5, 6, 9, 11, 17, 19, 21, 23]",60,0.4722222222222222,0
1431,433,"[1, 2, 3, 5, 6, 10, 13, 15, 17, 21, 23]",433,"[1, 2, 3, 5, 6, 10, 13, 15, 17, 21, 23]",0,0.2742857142857143,-1
1432,433,"[1, 2, 3, 5, 6, 10, 13, 15, 17, 21, 23]",433,"[1, 2, 3, 5, 6, 10, 13, 15, 17, 21, 23]",4,0.418939166916392,-2
1433,4231,"[1, 2, 3, 5, 6, 9, 11, 17, 19, 21, 23]",343,"[1, 3, 4, 5, 7, 8, 13, 15, 17, 21, 23]",0,0.6941747572815534,3
1434,4231,"[1, 2, 3, 5, 6, 9, 11, 17, 19, 21, 23]",343,"[1, 3, 4, 5, 7, 8, 13, 15, 17, 21, 23]",88,0.577639751552795,0
1435,4231,"[1, 2, 3, 5, 6, 9, 11, 17, 19, 21, 23]",4231,"[1, 2, 3, 5, 6, 9, 11, 17, 19, 21, 23]",0,0.3526615969581749,1
1436,4231,"[1, 2, 3, 5, 6, 9, 11, 17, 19, 21, 23]",451,"[1, 2, 3, 5, 6, 10, 12, 13, 15, 16, 23]",0,0.688641425389755,4
1437,4231,"[1, 2, 3, 5, 6, 9, 11, 17, 19, 21, 23]",451,"[1, 2, 3, 5, 6, 10, 12, 13, 15, 16, 23]",62,0.7142857142857143,0
1438,433,"[1, 2, 3, 5, 6, 10, 13, 15, 17, 21, 23]",433,"[1, 2, 3, 5, 6, 10, 13, 15, 17, 21, 23]",0,0.6188477680274704,0
1439,433,"[1, 2, 3, 5, 6, 10, 13, 15, 17, 21, 23]",433,"[1, 2, 3, 5, 6, 10, 13, 15, 17, 21, 23]",62,0.4466230936819172,0
1440,3511,"[1, 3, 4, 5, 7, 8, 10, 13, 15, 19, 23]",4141,"[1, 2, 3, 5, 6, 10, 12, 13, 15, 16, 23]",0,0.6771148036253777,4
1441,4141,"[1, 2, 3, 5, 6, 10, 12, 13, 15, 16, 23]",4141,"[1, 2, 3, 5, 6, 10, 12, 13, 15, 16, 23]",68,0.36796536796536794,0
1442,3412,"[1, 3, 4, 5, 7, 8, 9, 11, 19, 22, 24]",4231,"[1, 2, 3, 5, 6, 9, 11, 17, 19, 21, 23]",0,0.4499735309687665,-1
1443,343,"[1, 3, 4, 5, 7, 8, 13, 15, 17, 21, 23]",352,"[1, 3, 4, 5, 7, 8, 10, 13, 15, 22, 24]",0,0.6059147180192572,0
1444,343,"[1, 3, 4, 5, 7, 8, 13, 15, 17, 21, 23]",352,"[1, 3, 4, 5, 7, 8, 10, 13, 15, 22, 24]",45,0.5319693094629157,0
1445,433,"[1, 2, 3, 5, 6, 10, 13, 15, 17, 21, 23]",4231,"[1, 2, 3, 5, 6, 9, 11, 17, 19, 21, 23]",0,0.43252595155709345,-3
1446,4411,"[1, 2, 3, 5, 6, 12, 13, 15, 16, 19, 23]",433,"[1, 2, 3, 5, 6, 10, 13, 15, 17, 21, 23]",0,0.533273782938812,1
1447,4411,"[1, 2, 3, 5, 6, 12, 13, 15, 16, 19, 23]",3511,"[1, 3, 4, 5, 7, 8, 10, 13, 15, 19, 23]",55,0.7621212121212121,0
1448,442,"[1, 2, 3, 5, 6, 9, 11, 12, 16, 22, 24]",4231,"[1, 2, 3, 5, 6, 13, 15, 17, 19, 21, 23]",0,0.5454130534002738,1
1449,442,"[1, 2, 3, 5, 6, 9, 11, 12, 16, 22, 24]",4231,"[1, 2, 3, 5, 6, 13, 15, 17, 19, 21, 23]",67,0.49625935162094764,0
1450,4231,"[1, 2, 3, 5, 6, 9, 11, 17, 19, 21, 23]",4231,"[1, 2, 3, 5, 6, 9, 11, 17, 19, 21, 23]",0,0.5649671052631579,2
1451,4231,"[1, 2, 3, 5, 6, 9, 11, 17, 19, 21, 23]",4231,"[1, 2, 3, 5, 6, 9, 11, 17, 19, 21, 23]",64,0.6134453781512605,0
1452,4231,"[1, 2, 3, 5, 6, 13, 15, 17, 19, 21, 23]",4141,"[1, 2, 3, 5, 6, 10, 12, 13, 15, 16, 23]",0,0.6901315789473684,-1
1453,4231,"[1, 2, 3, 5, 6, 13, 15, 17, 19, 21, 23]",442,"[1, 2, 3, 5, 6, 9, 11, 12, 16, 22, 24]",0,0.9069767441860465,0
1454,4231,"[1, 2, 3, 5, 6, 13, 15, 17, 19, 21, 23]",442,"[1, 2, 3, 5, 6, 9, 11, 12, 16, 22, 24]",3,0.6766880236569739,1
1455,4231,"[1, 2, 3, 5, 6, 13, 15, 17, 19, 21, 23]",442,"[1, 2, 3, 5, 6, 9, 11, 12, 16, 22, 24]",58,0.8352941176470589,0
1456,4231,"[1, 2, 3, 5, 6, 13, 15, 17, 19, 21, 23]",442,"[1, 2, 3, 5, 6, 9, 11, 12, 16, 22, 24]",63,0.697084917617237,2
1457,4231,"[1, 2, 3, 5, 6, 13, 15, 17, 19, 21, 23]",442,"[1, 2, 3, 5, 6, 9, 11, 12, 16, 22, 24]",87,0.07142857142857142,0
1458,4231,"[1, 2, 3, 5, 6, 9, 11, 17, 19, 21, 23]",4231,"[1, 2, 3, 5, 6, 13, 15, 17, 19, 21, 23]",0,0.5247099269445639,-3
1459,4231,"[1, 2, 3, 5, 6, 9, 11, 17, 19, 21, 23]",4231,"[1, 2, 3, 5, 6, 13, 15, 17, 19, 21, 23]",65,0.5,1
1460,4231,"[1, 2, 3, 5, 6, 9, 11, 17, 19, 21, 23]",4231,"[1, 2, 3, 5, 6, 13, 15, 17, 19, 21, 23]",67,0.4979757085020243,0
1461,4231,"[1, 2, 3, 5, 6, 9, 11, 17, 19, 21, 23]",4231,"[1, 2, 3, 5, 6, 13, 15, 17, 19, 21, 23]",78,1.0,0
1462,4231,"[1, 2, 3, 5, 6, 9, 11, 17, 19, 21, 23]",433,"[1, 2, 3, 5, 6, 10, 13, 15, 17, 21, 23]",0,0.4596690796277146,-1
1463,4231,"[1, 2, 3, 5, 6, 9, 11, 17, 19, 21, 23]",433,"[1, 2, 3, 5, 6, 10, 13, 15, 17, 21, 23]",59,0.3663220088626292,-1
1464,4141,"[1, 2, 3, 5, 6, 10, 12, 13, 15, 16, 23]",4411,"[1, 2, 3, 5, 6, 9, 11, 12, 16, 19, 23]",0,0.6351259360108917,1
1465,4141,"[1, 2, 3, 5, 6, 10, 12, 13, 15, 16, 23]",4411,"[1, 2, 3, 5, 6, 9, 11, 12, 16, 19, 23]",35,0.6961325966850829,0
1466,4141,"[1, 2, 3, 5, 6, 10, 12, 13, 15, 16, 23]",4411,"[1, 2, 3, 5, 6, 9, 11, 12, 16, 19, 23]",39,0.5413260672116258,0
1467,4231,"[1, 2, 3, 5, 6, 9, 11, 17, 19, 21, 23]",4411,"[1, 2, 3, 5, 6, 12, 13, 15, 16, 19, 23]",0,0.5847013622074747,1
1468,442,"[1, 2, 3, 5, 6, 9, 11, 12, 16, 22, 24]",41212,"[1, 2, 3, 5, 6, 10, 13, 15, 19, 22, 24]",0,0.4512939808083745,0
1469,4411,"[1, 2, 3, 5, 6, 12, 13, 15, 16, 19, 23]",4231,"[1, 2, 3, 5, 6, 9, 11, 17, 19, 21, 23]",0,0.42918032786885246,0
1470,4231,"[1, 2, 3, 5, 6, 9, 11, 17, 19, 21, 23]",442,"[1, 2, 3, 5, 6, 12, 13, 15, 16, 22, 24]",0,0.5571428571428572,-1
1471,442,"[1, 2, 3, 5, 6, 12, 13, 15, 16, 22, 24]",442,"[1, 2, 3, 5, 6, 9, 11, 12, 16, 22, 24]",0,0.3586906408483172,-3
1472,433,"[1, 2, 3, 5, 6, 10, 13, 15, 17, 21, 23]",442,"[1, 2, 3, 5, 6, 9, 11, 12, 16, 22, 24]",53,0.4671968190854871,0
1473,4231,"[1, 2, 3, 5, 6, 9, 11, 17, 19, 21, 23]",4411,"[1, 2, 3, 5, 6, 12, 13, 15, 16, 19, 23]",0,0.5513972055888223,-1
1474,4231,"[1, 2, 3, 5, 6, 9, 11, 17, 19, 21, 23]",4411,"[1, 2, 3, 5, 6, 12, 13, 15, 16, 19, 23]",58,0.706984667802385,0
1475,4231,"[1, 2, 3, 5, 6, 9, 11, 17, 19, 21, 23]",4411,"[1, 2, 3, 5, 6, 12, 13, 15, 16, 19, 23]",75,0.4391691394658754,2
1476,433,"[1, 2, 3, 5, 6, 10, 13, 15, 17, 21, 23]",4231,"[1, 2, 3, 5, 6, 9, 15, 17, 19, 21, 23]",0,0.43848797250859106,0
1477,433,"[1, 2, 3, 5, 6, 10, 13, 15, 17, 21, 23]",4231,"[1, 2, 3, 5, 6, 9, 15, 17, 19, 21, 23]",37,0.6232876712328768,-1
1478,433,"[1, 2, 3, 5, 6, 10, 13, 15, 17, 21, 23]",4231,"[1, 2, 3, 5, 6, 9, 15, 17, 19, 21, 23]",42,0.6445783132530121,0
1479,442,"[1, 2, 3, 5, 6, 12, 13, 15, 16, 22, 24]",352,"[1, 3, 4, 5, 7, 8, 10, 13, 15, 22, 24]",0,0.47769848349687777,6
1480,442,"[1, 2, 3, 5, 6, 9, 11, 12, 16, 22, 24]",433,"[1, 2, 3, 5, 6, 10, 13, 15, 17, 21, 23]",0,0.5285433070866141,-1
1481,41212,"[1, 2, 3, 5, 6, 10, 13, 15, 19, 22, 24]",433,"[1, 2, 3, 5, 6, 10, 13, 15, 17, 21, 23]",65,0.8207792207792208,1
1482,4231,"[1, 2, 3, 5, 6, 13, 15, 17, 19, 21, 23]",433,"[1, 2, 3, 5, 6, 10, 13, 15, 17, 21, 23]",0,0.5294117647058824,0
1483,4231,"[1, 2, 3, 5, 6, 13, 15, 17, 19, 21, 23]",433,"[1, 2, 3, 5, 6, 10, 13, 15, 17, 21, 23]",0,0.6106194690265486,0
1484,4231,"[1, 2, 3, 5, 6, 13, 15, 17, 19, 21, 23]",433,"[1, 2, 3, 5, 6, 10, 13, 15, 17, 21, 23]",3,0.44881889763779526,1
1485,4231,"[1, 2, 3, 5, 6, 13, 15, 17, 19, 21, 23]",433,"[1, 2, 3, 5, 6, 10, 13, 15, 17, 21, 23]",33,0.351288056206089,0
1486,4231,"[1, 2, 3, 5, 6, 13, 15, 17, 19, 21, 23]",433,"[1, 2, 3, 5, 6, 10, 13, 15, 17, 21, 23]",45,0.0,0
1487,4231,"[1, 2, 3, 5, 6, 9, 11, 17, 19, 21, 23]",41212,"[1, 2, 3, 5, 6, 10, 13, 15, 19, 22, 24]",0,0.422980431510286,2
1488,4231,"[1, 2, 3, 5, 6, 9, 11, 17, 19, 21, 23]",41212,"[1, 2, 3, 5, 6, 10, 13, 15, 19, 22, 24]",65,0.34710743801652894,0
1489,4231,"[1, 2, 3, 5, 6, 9, 11, 17, 19, 21, 23]",433,"[1, 2, 3, 5, 6, 10, 13, 15, 17, 21, 23]",0,0.23868046571798188,-1
1490,4231,"[1, 2, 3, 5, 6, 9, 11, 17, 19, 21, 23]",433,"[1, 2, 3, 5, 6, 10, 13, 15, 17, 21, 23]",42,0.38969072164948454,-2
1491,4231,"[1, 2, 3, 5, 6, 9, 11, 17, 19, 21, 23]",433,"[1, 2, 3, 5, 6, 10, 13, 15, 17, 21, 23]",67,0.5045871559633027,0
1492,4411,"[1, 2, 3, 5, 6, 9, 11, 12, 16, 19, 23]",4141,"[1, 2, 3, 5, 6, 10, 12, 13, 15, 16, 23]",0,0.41274468971261974,-2
1493,433,"[1, 2, 3, 5, 6, 10, 13, 15, 17, 21, 23]",4141,"[1, 2, 3, 5, 6, 10, 12, 13, 15, 16, 23]",0,0.710287443267776,1
1494,442,"[1, 2, 3, 5, 6, 12, 13, 15, 16, 22, 24]",442,"[1, 2, 3, 5, 6, 12, 13, 15, 16, 22, 24]",0,0.34782608695652173,1
1495,4231,"[1, 2, 3, 5, 6, 13, 15, 17, 19, 21, 23]",433,"[1, 2, 3, 5, 6, 10, 13, 15, 17, 21, 23]",0,0.4662212323682257,-6
1496,433,"[1, 2, 3, 5, 6, 10, 13, 15, 17, 21, 23]",433,"[1, 2, 3, 5, 6, 10, 13, 15, 17, 21, 23]",0,0.7043189368770764,0
1497,433,"[1, 2, 3, 5, 6, 10, 13, 15, 17, 21, 23]",4141,"[1, 2, 3, 5, 6, 10, 12, 13, 15, 16, 23]",0,0.38115330520393814,0
1498,433,"[1, 2, 3, 5, 6, 10, 13, 15, 17, 21, 23]",4231,"[1, 2, 3, 5, 6, 13, 15, 17, 19, 21, 23]",42,0.2510822510822511,0
1499,433,"[1, 2, 3, 5, 6, 10, 13, 15, 17, 21, 23]",4231,"[1, 2, 3, 5, 6, 13, 15, 17, 19, 21, 23]",46,0.31805157593123207,0
1500,433,"[1, 2, 3, 5, 6, 10, 13, 15, 17, 21, 23]",4231,"[1, 2, 3, 5, 6, 13, 15, 17, 19, 21, 23]",57,0.501628664495114,0
1501,433,"[1, 2, 3, 5, 6, 10, 13, 15, 17, 21, 23]",4231,"[1, 2, 3, 5, 6, 13, 15, 17, 19, 21, 23]",66,0.1267605633802817,0
1502,433,"[1, 2, 3, 5, 6, 10, 13, 15, 17, 21, 23]",4231,"[1, 2, 3, 5, 6, 13, 15, 17, 19, 21, 23]",0,0.41723136495643753,1
1503,4231,"[1, 2, 3, 5, 6, 13, 15, 17, 19, 21, 23]",4141,"[1, 2, 3, 5, 6, 10, 12, 13, 15, 16, 23]",0,0.7857142857142857,4
1504,4231,"[1, 2, 3, 5, 6, 13, 15, 17, 19, 21, 23]",4141,"[1, 2, 3, 5, 6, 10, 12, 13, 15, 16, 23]",63,0.56,0
1505,4231,"[1, 2, 3, 5, 6, 13, 15, 17, 19, 21, 23]",4141,"[1, 2, 3, 5, 6, 10, 12, 13, 15, 16, 23]",72,0.48639455782312924,0
1506,451,"[1, 2, 3, 5, 6, 10, 12, 13, 15, 16, 23]",3511,"[1, 3, 4, 5, 7, 8, 10, 13, 15, 19, 23]",0,0.30221465076660986,-3
1507,451,"[1, 2, 3, 5, 6, 10, 12, 13, 15, 16, 23]",4231,"[1, 2, 3, 5, 6, 11, 13, 17, 19, 21, 23]",65,0.16018306636155608,0
1508,4231,"[1, 2, 3, 5, 6, 13, 15, 17, 19, 21, 23]",4231,"[1, 2, 3, 5, 6, 9, 11, 17, 19, 21, 23]",0,0.5119718309859155,-1
1509,4231,"[1, 2, 3, 5, 6, 13, 15, 17, 19, 21, 23]",4231,"[1, 2, 3, 5, 6, 9, 11, 17, 19, 21, 23]",45,0.4759746146872167,-1
1510,4411,"[1, 2, 3, 5, 6, 12, 13, 15, 16, 19, 23]",4231,"[1, 2, 3, 5, 6, 9, 11, 17, 19, 21, 23]",0,0.7323064113238967,-1
1511,4411,"[1, 2, 3, 5, 6, 12, 13, 15, 16, 19, 23]",4231,"[1, 2, 3, 5, 6, 9, 11, 17, 19, 21, 23]",68,0.5489795918367347,1
1512,4411,"[1, 2, 3, 5, 6, 12, 13, 15, 16, 19, 23]",4231,"[1, 2, 3, 5, 6, 9, 11, 17, 19, 21, 23]",86,1.0,0
1513,4231,"[1, 2, 3, 5, 6, 9, 11, 17, 19, 21, 23]",4231,"[1, 2, 3, 5, 6, 9, 11, 17, 19, 21, 23]",0,0.5558312655086849,0
1514,4231,"[1, 2, 3, 5, 6, 9, 11, 17, 19, 21, 23]",4231,"[1, 2, 3, 5, 6, 9, 11, 17, 19, 21, 23]",34,0.5518518518518518,2
1515,4231,"[1, 2, 3, 5, 6, 9, 11, 17, 19, 21, 23]",4231,"[1, 2, 3, 5, 6, 9, 11, 17, 19, 21, 23]",75,0.4553191489361702,0
1516,4141,"[1, 2, 3, 5, 6, 10, 12, 13, 15, 16, 23]",433,"[1, 2, 3, 5, 6, 10, 13, 15, 17, 21, 23]",0,0.42550655542312277,-1
1517,4231,"[1, 2, 3, 5, 6, 9, 11, 17, 19, 21, 23]",433,"[1, 2, 3, 5, 6, 10, 13, 15, 17, 21, 23]",27,0.534688995215311,0
1518,4231,"[1, 2, 3, 5, 6, 9, 11, 17, 19, 21, 23]",433,"[1, 2, 3, 5, 6, 10, 13, 15, 17, 21, 23]",53,0.598014888337469,0
1519,3421,"[1, 3, 4, 5, 7, 8, 9, 11, 18, 20, 23]",433,"[1, 2, 3, 5, 6, 10, 13, 15, 17, 21, 23]",68,0.3253968253968254,0
1520,3421,"[1, 3, 4, 5, 7, 8, 9, 11, 18, 20, 23]",433,"[1, 2, 3, 5, 6, 10, 13, 15, 17, 21, 23]",71,0.44808743169398907,0
1521,4411,"[1, 2, 3, 5, 6, 9, 11, 12, 16, 19, 23]",4231,"[1, 2, 3, 5, 6, 9, 11, 17, 19, 21, 23]",0,0.5366993922393641,5
1522,4411,"[1, 2, 3, 5, 6, 9, 11, 12, 16, 19, 23]",4231,"[1, 2, 3, 5, 6, 9, 11, 17, 19, 21, 23]",62,0.8301886792452831,0
1523,4411,"[1, 2, 3, 5, 6, 9, 11, 12, 16, 19, 23]",4231,"[1, 2, 3, 5, 6, 9, 11, 17, 19, 21, 23]",64,0.44574780058651026,0
1524,442,"[1, 2, 3, 5, 6, 9, 11, 12, 16, 22, 24]",4231,"[1, 2, 3, 5, 6, 9, 11, 17, 19, 21, 23]",0,0.32256115977046207,-2
1525,433,"[1, 2, 3, 5, 6, 10, 13, 15, 17, 21, 23]",4231,"[1, 2, 3, 5, 6, 9, 11, 17, 19, 21, 23]",0,0.5846153846153846,0
1526,343,"[1, 3, 4, 5, 7, 8, 13, 15, 17, 21, 23]",3412,"[1, 3, 4, 5, 7, 8, 9, 11, 19, 22, 24]",0,0.5419141914191419,1
1527,343,"[1, 3, 4, 5, 7, 8, 13, 15, 17, 21, 23]",3412,"[1, 3, 4, 5, 7, 8, 9, 11, 19, 22, 24]",46,0.4975,1
1528,4231,"[1, 2, 3, 5, 6, 13, 15, 17, 19, 21, 23]",442,"[1, 2, 3, 5, 6, 12, 13, 15, 16, 22, 24]",0,0.6741337066853342,1
1529,4141,"[1, 2, 3, 5, 6, 10, 12, 13, 15, 16, 23]",4231,"[1, 2, 3, 5, 6, 13, 15, 17, 19, 21, 23]",0,0.5708041958041958,0
1530,4141,"[1, 2, 3, 5, 6, 10, 12, 13, 15, 16, 23]",4231,"[1, 2, 3, 5, 6, 13, 15, 17, 19, 21, 23]",31,0.547798066595059,1
1531,4141,"[1, 2, 3, 5, 6, 10, 12, 13, 15, 16, 23]",4231,"[1, 2, 3, 5, 6, 13, 15, 17, 19, 21, 23]",52,0.4417808219178082,0
1532,4141,"[1, 2, 3, 5, 6, 10, 12, 13, 15, 16, 23]",4231,"[1, 2, 3, 5, 6, 13, 15, 17, 19, 21, 23]",61,0.631578947368421,0
1533,4141,"[1, 2, 3, 5, 6, 10, 12, 13, 15, 16, 23]",4231,"[1, 2, 3, 5, 6, 13, 15, 17, 19, 21, 23]",67,0.477124183006536,0
1534,4141,"[1, 2, 3, 5, 6, 10, 12, 13, 15, 16, 23]",4231,"[1, 2, 3, 5, 6, 13, 15, 17, 19, 21, 23]",79,0.7633587786259542,0
1535,4141,"[1, 2, 3, 5, 6, 10, 12, 13, 15, 16, 23]",4231,"[1, 2, 3, 5, 6, 13, 15, 17, 19, 21, 23]",87,0.8717948717948718,0
1536,442,"[1, 2, 3, 5, 6, 12, 13, 15, 16, 22, 24]",442,"[1, 2, 3, 5, 6, 12, 13, 15, 16, 22, 24]",0,0.27882173692229556,-1
1537,4411,"[1, 2, 3, 5, 6, 12, 13, 15, 16, 19, 23]",442,"[1, 2, 3, 5, 6, 12, 13, 15, 16, 22, 24]",47,0.24372230428360414,-2
1538,4411,"[1, 2, 3, 5, 6, 12, 13, 15, 16, 19, 23]",442,"[1, 2, 3, 5, 6, 12, 13, 15, 16, 22, 24]",83,0.4444444444444444,0
1539,433,"[1, 2, 3, 5, 6, 10, 13, 15, 17, 21, 23]",4231,"[1, 2, 3, 5, 6, 11, 13, 17, 19, 21, 23]",0,0.6100656455142232,2
1540,433,"[1, 2, 3, 5, 6, 10, 13, 15, 17, 21, 23]",4231,"[1, 2, 3, 5, 6, 11, 13, 17, 19, 21, 23]",58,0.5743589743589743,0
1541,433,"[1, 2, 3, 5, 6, 10, 13, 15, 17, 21, 23]",4231,"[1, 2, 3, 5, 6, 11, 13, 17, 19, 21, 23]",69,0.6554809843400448,0
1542,433,"[1, 2, 3, 5, 6, 10, 13, 15, 17, 21, 23]",4231,"[1, 2, 3, 5, 6, 11, 13, 17, 19, 21, 23]",80,0.8252688172043011,0
1543,442,"[1, 2, 3, 5, 6, 12, 13, 15, 16, 22, 24]",4231,"[1, 2, 3, 5, 6, 13, 15, 17, 19, 21, 23]",0,0.4960545193687231,1
1544,4231,"[1, 2, 3, 5, 6, 9, 11, 17, 19, 21, 23]",4231,"[1, 2, 3, 5, 6, 9, 11, 17, 19, 21, 23]",0,0.7185185185185186,0
1545,4231,"[1, 2, 3, 5, 6, 9, 11, 17, 19, 21, 23]",4231,"[1, 2, 3, 5, 6, 9, 11, 17, 19, 21, 23]",2,0.5194444444444445,-1
1546,4231,"[1, 2, 3, 5, 6, 9, 11, 17, 19, 21, 23]",4231,"[1, 2, 3, 5, 6, 9, 11, 17, 19, 21, 23]",45,0.4305993690851735,1
1547,4231,"[1, 2, 3, 5, 6, 13, 15, 17, 19, 21, 23]",433,"[1, 2, 3, 5, 6, 10, 13, 15, 17, 21, 23]",0,0.38247011952191234,-1
1548,4231,"[1, 2, 3, 5, 6, 13, 15, 17, 19, 21, 23]",433,"[1, 2, 3, 5, 6, 10, 13, 15, 17, 21, 23]",0,0.3626968503937008,0
1549,4231,"[1, 2, 3, 5, 6, 13, 15, 17, 19, 21, 23]",433,"[1, 2, 3, 5, 6, 10, 13, 15, 17, 21, 23]",53,0.31976744186046513,0
1550,4231,"[1, 2, 3, 5, 6, 13, 15, 17, 19, 21, 23]",433,"[1, 2, 3, 5, 6, 10, 13, 15, 17, 21, 23]",0,0.5140123034859877,-1
1551,433,"[1, 2, 3, 5, 6, 10, 13, 15, 17, 21, 23]",4141,"[1, 2, 3, 5, 6, 10, 12, 13, 15, 16, 23]",0,0.7965517241379311,1
1552,433,"[1, 2, 3, 5, 6, 10, 13, 15, 17, 21, 23]",4141,"[1, 2, 3, 5, 6, 10, 12, 13, 15, 16, 23]",11,0.7336217552533992,1
1553,433,"[1, 2, 3, 5, 6, 10, 13, 15, 17, 21, 23]",4411,"[1, 2, 3, 5, 6, 12, 13, 15, 16, 19, 23]",46,0.7360912981455064,2
1554,433,"[1, 2, 3, 5, 6, 10, 13, 15, 17, 21, 23]",4411,"[1, 2, 3, 5, 6, 12, 13, 15, 16, 19, 23]",75,1.0,0
1555,433,"[1, 2, 3, 5, 6, 10, 13, 15, 17, 21, 23]",4411,"[1, 2, 3, 5, 6, 12, 13, 15, 16, 19, 23]",77,0.673469387755102,0
1556,442,"[1, 2, 3, 5, 6, 12, 13, 15, 16, 22, 24]",4231,"[1, 2, 3, 5, 6, 13, 15, 17, 19, 21, 23]",0,0.43936806148590946,2
1557,433,"[1, 2, 3, 5, 6, 10, 13, 15, 17, 21, 23]",433,"[1, 2, 3, 5, 6, 10, 13, 15, 17, 21, 23]",0,0.7563150074294205,0
1558,433,"[1, 2, 3, 5, 6, 10, 13, 15, 17, 21, 23]",433,"[1, 2, 3, 5, 6, 10, 13, 15, 17, 21, 23]",15,0.7291361639824304,1
1559,433,"[1, 2, 3, 5, 6, 10, 13, 15, 17, 21, 23]",433,"[1, 2, 3, 5, 6, 10, 13, 15, 17, 21, 23]",33,0.7193675889328063,0
1560,433,"[1, 2, 3, 5, 6, 10, 13, 15, 17, 21, 23]",433,"[1, 2, 3, 5, 6, 10, 13, 15, 17, 21, 23]",56,0.5889212827988338,0
1561,442,"[1, 2, 3, 5, 6, 12, 13, 15, 16, 22, 24]",352,"[1, 3, 4, 5, 7, 8, 10, 13, 15, 22, 24]",0,0.42344706911636043,-1
1562,4231,"[1, 2, 3, 5, 6, 13, 15, 17, 19, 21, 23]",442,"[1, 2, 3, 5, 6, 9, 11, 12, 16, 22, 24]",0,0.6044747819491847,3
1563,442,"[1, 2, 3, 5, 6, 12, 13, 15, 16, 22, 24]",442,"[1, 2, 3, 5, 6, 9, 11, 12, 16, 22, 24]",72,0.4715909090909091,0
1564,433,"[1, 2, 3, 5, 6, 10, 13, 15, 17, 21, 23]",4141,"[1, 2, 3, 5, 6, 10, 12, 13, 15, 16, 23]",0,0.48399348887683125,1
1565,433,"[1, 2, 3, 5, 6, 10, 13, 15, 17, 21, 23]",4141,"[1, 2, 3, 5, 6, 10, 12, 13, 15, 16, 23]",50,0.42857142857142855,1
1566,433,"[1, 2, 3, 5, 6, 10, 13, 15, 17, 21, 23]",442,"[1, 2, 3, 5, 6, 9, 11, 12, 16, 22, 24]",0,0.4515474378488077,1
1567,433,"[1, 2, 3, 5, 6, 10, 13, 15, 17, 21, 23]",442,"[1, 2, 3, 5, 6, 12, 13, 15, 16, 22, 24]",0,0.5677966101694916,1
1568,433,"[1, 2, 3, 5, 6, 10, 13, 15, 17, 21, 23]",442,"[1, 2, 3, 5, 6, 12, 13, 15, 16, 22, 24]",67,0.2516778523489933,0
1569,442,"[1, 2, 3, 5, 6, 9, 11, 12, 16, 22, 24]",4231,"[1, 2, 3, 5, 6, 13, 15, 17, 19, 21, 23]",0,0.23853211009174313,0
1570,442,"[1, 2, 3, 5, 6, 9, 11, 12, 16, 22, 24]",4231,"[1, 2, 3, 5, 6, 13, 15, 17, 19, 21, 23]",10,0.4724025974025974,0
1571,433,"[1, 2, 3, 5, 6, 10, 13, 15, 17, 21, 23]",4231,"[1, 2, 3, 5, 6, 9, 11, 17, 19, 21, 23]",0,0.5838309600367478,4
1572,4231,"[1, 2, 3, 5, 6, 13, 15, 17, 19, 21, 23]",433,"[1, 2, 3, 5, 6, 10, 13, 15, 17, 21, 23]",0,0.6038575667655787,-1
1573,4231,"[1, 2, 3, 5, 6, 13, 15, 17, 19, 21, 23]",433,"[1, 2, 3, 5, 6, 10, 13, 15, 17, 21, 23]",54,0.70817843866171,0
1574,4231,"[1, 2, 3, 5, 6, 13, 15, 17, 19, 21, 23]",433,"[1, 2, 3, 5, 6, 10, 13, 15, 17, 21, 23]",71,0.7296296296296296,0
1575,4231,"[1, 2, 3, 5, 6, 13, 15, 17, 19, 21, 23]",433,"[1, 2, 3, 5, 6, 10, 13, 15, 17, 21, 23]",83,0.72,0
1576,433,"[1, 2, 3, 5, 6, 10, 13, 15, 17, 21, 23]",4141,"[1, 2, 3, 5, 6, 10, 12, 13, 15, 16, 23]",0,0.5593110172245694,2
1577,433,"[1, 2, 3, 5, 6, 10, 13, 15, 17, 21, 23]",4141,"[1, 2, 3, 5, 6, 10, 12, 13, 15, 16, 23]",71,0.5898305084745763,1
1578,433,"[1, 2, 3, 5, 6, 10, 13, 15, 17, 21, 23]",4141,"[1, 2, 3, 5, 6, 10, 12, 13, 15, 16, 23]",80,0.45454545454545453,0
1579,4231,"[1, 2, 3, 5, 6, 9, 11, 17, 19, 21, 23]",433,"[1, 2, 3, 5, 6, 10, 13, 15, 17, 21, 23]",0,0.41456582633053224,0
1580,4231,"[1, 2, 3, 5, 6, 9, 11, 17, 19, 21, 23]",433,"[1, 2, 3, 5, 6, 10, 13, 15, 17, 21, 23]",0,0.5,0
1581,4231,"[1, 2, 3, 5, 6, 9, 11, 17, 19, 21, 23]",433,"[1, 2, 3, 5, 6, 10, 13, 15, 17, 21, 23]",20,0.6151226158038147,-1
1582,4231,"[1, 2, 3, 5, 6, 9, 11, 17, 19, 21, 23]",433,"[1, 2, 3, 5, 6, 10, 13, 15, 17, 21, 23]",0,0.6808598594460521,-1
1583,3412,"[1, 3, 4, 5, 7, 8, 9, 11, 19, 22, 24]",4231,"[1, 2, 3, 5, 6, 9, 11, 17, 19, 21, 23]",0,0.5430032543003255,-1
1584,3412,"[1, 3, 4, 5, 7, 8, 9, 11, 19, 22, 24]",4231,"[1, 2, 3, 5, 6, 9, 11, 17, 19, 21, 23]",67,1.0,0
1585,433,"[1, 2, 3, 5, 6, 10, 13, 15, 17, 21, 23]",442,"[1, 2, 3, 5, 6, 9, 11, 12, 16, 22, 24]",0,0.6441539578794481,0
1586,442,"[1, 2, 3, 5, 6, 9, 11, 12, 16, 22, 24]",442,"[1, 2, 3, 5, 6, 9, 11, 12, 16, 22, 24]",26,0.639386189258312,1
1587,442,"[1, 2, 3, 5, 6, 9, 11, 12, 16, 22, 24]",4231,"[1, 2, 3, 5, 6, 9, 11, 17, 19, 21, 23]",45,0.7854984894259819,0
1588,352,"[1, 3, 4, 5, 7, 8, 10, 13, 15, 22, 24]",4231,"[1, 2, 3, 5, 6, 9, 11, 17, 19, 21, 23]",51,0.7886792452830189,1
1589,352,"[1, 3, 4, 5, 7, 8, 10, 13, 15, 22, 24]",442,"[1, 2, 3, 5, 6, 9, 11, 12, 16, 22, 24]",57,0.6175908221797323,0
1590,352,"[1, 3, 4, 5, 7, 8, 10, 13, 15, 22, 24]",442,"[1, 2, 3, 5, 6, 9, 11, 12, 16, 22, 24]",71,0.4868804664723032,-1
1591,442,"[1, 2, 3, 5, 6, 9, 11, 12, 16, 22, 24]",433,"[1, 2, 3, 5, 6, 10, 13, 15, 17, 21, 23]",0,0.35812964930924546,0
1592,4231,"[1, 2, 3, 5, 6, 9, 11, 17, 19, 21, 23]",433,"[1, 2, 3, 5, 6, 10, 13, 15, 17, 21, 23]",46,0.24545454545454545,1
1593,4231,"[1, 2, 3, 5, 6, 9, 11, 17, 19, 21, 23]",433,"[1, 2, 3, 5, 6, 10, 13, 15, 17, 21, 23]",65,0.574468085106383,0
1594,4231,"[1, 2, 3, 5, 6, 9, 11, 17, 19, 21, 23]",442,"[1, 2, 3, 5, 6, 9, 11, 12, 16, 22, 24]",69,0.09803921568627451,0
1595,4231,"[1, 2, 3, 5, 6, 9, 11, 17, 19, 21, 23]",442,"[1, 2, 3, 5, 6, 9, 11, 12, 16, 22, 24]",70,0.07526881720430108,0
1596,4231,"[1, 2, 3, 5, 6, 9, 11, 17, 19, 21, 23]",3421,"[1, 3, 4, 5, 7, 8, 9, 11, 18, 20, 23]",0,0.6062097690268837,1
1597,4231,"[1, 2, 3, 5, 6, 9, 11, 17, 19, 21, 23]",3412,"[1, 3, 4, 5, 7, 8, 9, 11, 19, 22, 24]",66,0.3759124087591241,1
1598,4231,"[1, 2, 3, 5, 6, 9, 11, 17, 19, 21, 23]",3412,"[1, 3, 4, 5, 7, 8, 9, 11, 19, 22, 24]",79,0.8663366336633663,0
1599,4231,"[1, 2, 3, 5, 6, 9, 11, 17, 19, 21, 23]",352,"[1, 3, 4, 5, 7, 8, 10, 13, 15, 22, 24]",82,0.8592592592592593,0
1600,3421,"[1, 3, 4, 5, 7, 8, 9, 11, 18, 20, 23]",442,"[1, 2, 3, 5, 6, 9, 11, 12, 16, 22, 24]",0,0.4846008799497172,-1
1601,433,"[1, 2, 3, 5, 6, 10, 13, 15, 17, 21, 23]",442,"[1, 2, 3, 5, 6, 9, 11, 12, 16, 22, 24]",45,0.7379912663755459,0
1602,433,"[1, 2, 3, 5, 6, 10, 13, 15, 17, 21, 23]",442,"[1, 2, 3, 5, 6, 9, 11, 12, 16, 22, 24]",63,0.472,0
1603,433,"[1, 2, 3, 5, 6, 10, 13, 15, 17, 21, 23]",4231,"[1, 2, 3, 5, 6, 9, 11, 17, 19, 21, 23]",0,0.5075161059413028,-1
1604,442,"[1, 2, 3, 5, 6, 9, 11, 12, 16, 22, 24]",4231,"[1, 2, 3, 5, 6, 9, 11, 17, 19, 21, 23]",45,0.6675461741424802,0
1605,442,"[1, 2, 3, 5, 6, 9, 11, 12, 16, 22, 24]",4231,"[1, 2, 3, 5, 6, 9, 11, 17, 19, 21, 23]",74,0.5980707395498392,0
1606,3412,"[1, 3, 4, 5, 7, 8, 9, 11, 19, 22, 24]",352,"[1, 3, 4, 5, 7, 8, 10, 13, 15, 22, 24]",0,0.5547981122181437,-1
1607,3412,"[1, 3, 4, 5, 7, 8, 9, 11, 19, 22, 24]",352,"[1, 3, 4, 5, 7, 8, 10, 13, 15, 22, 24]",45,0.544392523364486,0
1608,4231,"[1, 2, 3, 5, 6, 9, 11, 17, 19, 21, 23]",352,"[1, 3, 4, 5, 7, 8, 10, 13, 15, 22, 24]",64,0.5526315789473685,0
1609,4231,"[1, 2, 3, 5, 6, 9, 11, 17, 19, 21, 23]",352,"[1, 3, 4, 5, 7, 8, 10, 13, 15, 22, 24]",66,0.7028112449799196,-1
1610,442,"[1, 2, 3, 5, 6, 9, 11, 12, 16, 22, 24]",352,"[1, 3, 4, 5, 7, 8, 10, 13, 15, 22, 24]",78,0.44992175273865415,2
1611,433,"[1, 2, 3, 5, 6, 10, 13, 15, 17, 21, 23]",4231,"[1, 2, 3, 5, 6, 9, 11, 17, 19, 21, 23]",0,0.4930675909878683,0
1612,442,"[1, 2, 3, 5, 6, 9, 11, 12, 16, 22, 24]",4231,"[1, 2, 3, 5, 6, 9, 11, 17, 19, 21, 23]",63,0.6782608695652174,0
1613,4141,"[1, 2, 3, 5, 6, 10, 12, 13, 15, 16, 23]",433,"[1, 2, 3, 5, 6, 10, 13, 15, 17, 21, 23]",0,0.31908237747653806,1
1614,4141,"[1, 2, 3, 5, 6, 10, 12, 13, 15, 16, 23]",4231,"[1, 2, 3, 5, 6, 9, 11, 17, 19, 21, 23]",51,0.25757575757575757,0
1615,4141,"[1, 2, 3, 5, 6, 10, 12, 13, 15, 16, 23]",4231,"[1, 2, 3, 5, 6, 9, 11, 17, 19, 21, 23]",57,0.24,0
1616,343,"[1, 3, 4, 5, 7, 8, 9, 11, 17, 21, 23]",4231,"[1, 2, 3, 5, 6, 9, 11, 17, 19, 21, 23]",64,0.13513513513513514,0
1617,343,"[1, 3, 4, 5, 7, 8, 9, 11, 17, 21, 23]",4231,"[1, 2, 3, 5, 6, 9, 11, 17, 19, 21, 23]",68,0.16711590296495957,0
1618,343,"[1, 3, 4, 5, 7, 8, 9, 11, 17, 21, 23]",4231,"[1, 2, 3, 5, 6, 9, 11, 17, 19, 21, 23]",78,0.13829787234042554,0
1619,343,"[1, 3, 4, 5, 7, 8, 9, 11, 17, 21, 23]",4231,"[1, 2, 3, 5, 6, 9, 11, 17, 19, 21, 23]",80,0.10122699386503067,0
1620,433,"[1, 2, 3, 5, 6, 10, 13, 15, 17, 21, 23]",4231,"[1, 2, 3, 5, 6, 9, 11, 17, 19, 21, 23]",0,0.6546242774566474,2
1621,433,"[1, 2, 3, 5, 6, 10, 13, 15, 17, 21, 23]",4231,"[1, 2, 3, 5, 6, 9, 11, 17, 19, 21, 23]",41,0.4444444444444444,0
1622,433,"[1, 2, 3, 5, 6, 10, 13, 15, 17, 21, 23]",4231,"[1, 2, 3, 5, 6, 9, 11, 17, 19, 21, 23]",64,0.3392857142857143,0
1623,433,"[1, 2, 3, 5, 6, 10, 13, 15, 17, 21, 23]",442,"[1, 2, 3, 5, 6, 9, 11, 12, 16, 22, 24]",72,0.0,0
1624,433,"[1, 2, 3, 5, 6, 10, 13, 15, 17, 21, 23]",442,"[1, 2, 3, 5, 6, 9, 11, 12, 16, 22, 24]",74,0.5543071161048689,-2
1625,433,"[1, 2, 3, 5, 6, 10, 13, 15, 17, 21, 23]",442,"[1, 2, 3, 5, 6, 9, 11, 12, 16, 22, 24]",102,0.6882022471910112,1
1626,352,"[1, 3, 4, 5, 7, 8, 10, 13, 15, 22, 24]",442,"[1, 2, 3, 5, 6, 9, 11, 12, 16, 22, 24]",115,0.6506024096385542,-1
1627,442,"[1, 2, 3, 5, 6, 9, 11, 12, 16, 22, 24]",4231,"[1, 2, 3, 5, 6, 9, 11, 17, 19, 21, 23]",0,0.3146067415730337,0
1628,442,"[1, 2, 3, 5, 6, 9, 11, 12, 16, 22, 24]",4231,"[1, 2, 3, 5, 6, 9, 11, 17, 19, 21, 23]",37,0.46496815286624205,0
1629,442,"[1, 2, 3, 5, 6, 9, 11, 12, 16, 22, 24]",4231,"[1, 2, 3, 5, 6, 9, 11, 17, 19, 21, 23]",45,0.8260869565217391,0
1630,343,"[1, 3, 4, 5, 7, 8, 9, 11, 17, 21, 23]",4231,"[1, 2, 3, 5, 6, 9, 11, 17, 19, 21, 23]",45,0.506198347107438,-2
1631,343,"[1, 3, 4, 5, 7, 8, 9, 11, 17, 21, 23]",4231,"[1, 2, 3, 5, 6, 9, 11, 17, 19, 21, 23]",63,0.33053691275167785,0
1632,343,"[1, 3, 4, 5, 7, 8, 9, 11, 17, 21, 23]",442,"[1, 2, 3, 5, 6, 9, 11, 12, 16, 22, 24]",86,0.34065934065934067,0
1633,343,"[1, 3, 4, 5, 7, 8, 9, 11, 17, 21, 23]",442,"[1, 2, 3, 5, 6, 9, 11, 12, 16, 22, 24]",90,0.0,0
1634,442,"[1, 2, 3, 5, 6, 9, 11, 12, 16, 22, 24]",433,"[1, 2, 3, 5, 6, 10, 13, 15, 17, 21, 23]",0,0.4357405140758874,0
1635,442,"[1, 2, 3, 5, 6, 9, 11, 12, 16, 22, 24]",433,"[1, 2, 3, 5, 6, 10, 13, 15, 17, 21, 23]",20,0.19413919413919414,0
1636,442,"[1, 2, 3, 5, 6, 9, 11, 12, 16, 22, 24]",433,"[1, 2, 3, 5, 6, 10, 13, 15, 17, 21, 23]",26,0.2157676348547718,0
1637,442,"[1, 2, 3, 5, 6, 9, 11, 12, 16, 22, 24]",433,"[1, 2, 3, 5, 6, 10, 13, 15, 17, 21, 23]",45,0.34516129032258064,-1
1638,442,"[1, 2, 3, 5, 6, 9, 11, 12, 16, 22, 24]",433,"[1, 2, 3, 5, 6, 10, 13, 15, 17, 21, 23]",59,0.21859903381642512,-1
1639,442,"[1, 2, 3, 5, 6, 9, 11, 12, 16, 22, 24]",343,"[1, 3, 4, 5, 7, 8, 9, 11, 17, 21, 23]",78,0.0,0
1640,4231,"[1, 2, 3, 5, 6, 9, 11, 17, 19, 21, 23]",343,"[1, 3, 4, 5, 7, 8, 9, 11, 17, 21, 23]",0,0.5111244738424534,0
1641,4231,"[1, 2, 3, 5, 6, 9, 11, 17, 19, 21, 23]",352,"[1, 3, 4, 5, 7, 8, 10, 13, 15, 22, 24]",84,0.5765472312703583,1
1642,442,"[1, 2, 3, 5, 6, 9, 11, 12, 16, 22, 24]",352,"[1, 3, 4, 5, 7, 8, 10, 13, 15, 22, 24]",0,0.6483652066625539,0
1643,442,"[1, 2, 3, 5, 6, 9, 11, 12, 16, 22, 24]",352,"[1, 3, 4, 5, 7, 8, 10, 13, 15, 22, 24]",45,0.7868421052631579,1
1644,442,"[1, 2, 3, 5, 6, 9, 11, 12, 16, 22, 24]",4231,"[1, 2, 3, 5, 6, 9, 11, 17, 19, 21, 23]",65,0.17894736842105263,0
1645,433,"[1, 2, 3, 5, 6, 10, 13, 15, 17, 21, 23]",4231,"[1, 2, 3, 5, 6, 9, 11, 17, 19, 21, 23]",0,0.5288220551378446,0
1646,433,"[1, 2, 3, 5, 6, 10, 13, 15, 17, 21, 23]",4231,"[1, 2, 3, 5, 6, 9, 11, 17, 19, 21, 23]",19,0.2773722627737226,0
1647,4411,"[1, 2, 3, 5, 6, 9, 11, 12, 16, 19, 23]",4231,"[1, 2, 3, 5, 6, 9, 11, 17, 19, 21, 23]",24,0.6608247422680412,0
1648,4411,"[1, 2, 3, 5, 6, 9, 11, 12, 16, 19, 23]",4231,"[1, 2, 3, 5, 6, 9, 11, 17, 19, 21, 23]",45,0.5203252032520326,1
1649,3412,"[1, 3, 4, 5, 7, 8, 9, 11, 19, 22, 24]",352,"[1, 3, 4, 5, 7, 8, 10, 13, 15, 22, 24]",0,0.6764705882352942,0
1650,3412,"[1, 3, 4, 5, 7, 8, 9, 11, 19, 22, 24]",352,"[1, 3, 4, 5, 7, 8, 10, 13, 15, 22, 24]",10,0.6303751143641354,1
1651,3412,"[1, 3, 4, 5, 7, 8, 9, 11, 19, 22, 24]",352,"[1, 3, 4, 5, 7, 8, 10, 13, 15, 22, 24]",36,0.7450271247739603,0
1652,3412,"[1, 3, 4, 5, 7, 8, 9, 11, 19, 22, 24]",352,"[1, 3, 4, 5, 7, 8, 10, 13, 15, 22, 24]",45,0.5116676152532726,1
1653,433,"[1, 2, 3, 5, 6, 10, 13, 15, 17, 21, 23]",352,"[1, 3, 4, 5, 7, 8, 10, 13, 15, 22, 24]",0,0.509031959240389,3
1654,433,"[1, 2, 3, 5, 6, 10, 13, 15, 17, 21, 23]",442,"[1, 2, 3, 5, 6, 9, 11, 12, 16, 22, 24]",58,0.38271604938271603,1
1655,433,"[1, 2, 3, 5, 6, 10, 13, 15, 17, 21, 23]",442,"[1, 2, 3, 5, 6, 9, 11, 12, 16, 22, 24]",74,0.27492447129909364,0
1656,433,"[1, 2, 3, 5, 6, 10, 13, 15, 17, 21, 23]",442,"[1, 2, 3, 5, 6, 9, 11, 12, 16, 22, 24]",83,0.5246913580246914,0
1657,433,"[1, 2, 3, 5, 6, 10, 13, 15, 17, 21, 23]",4231,"[1, 2, 3, 5, 6, 9, 11, 17, 19, 21, 23]",0,0.6761850371216448,2
1658,433,"[1, 2, 3, 5, 6, 10, 13, 15, 17, 21, 23]",4231,"[1, 2, 3, 5, 6, 9, 11, 17, 19, 21, 23]",45,0.6300970873786408,1
1659,433,"[1, 2, 3, 5, 6, 10, 13, 15, 17, 21, 23]",4231,"[1, 2, 3, 5, 6, 9, 11, 17, 19, 21, 23]",71,0.582010582010582,0
1660,4231,"[1, 2, 3, 5, 6, 9, 11, 17, 19, 21, 23]",433,"[1, 2, 3, 5, 6, 10, 13, 15, 17, 21, 23]",0,0.5779467680608364,1
1661,4231,"[1, 2, 3, 5, 6, 9, 11, 17, 19, 21, 23]",433,"[1, 2, 3, 5, 6, 10, 13, 15, 17, 21, 23]",43,0.7531645569620253,0
1662,4231,"[1, 2, 3, 5, 6, 9, 11, 17, 19, 21, 23]",433,"[1, 2, 3, 5, 6, 10, 13, 15, 17, 21, 23]",45,0.5672268907563025,0
1663,4231,"[1, 2, 3, 5, 6, 9, 11, 17, 19, 21, 23]",433,"[1, 2, 3, 5, 6, 10, 13, 15, 17, 21, 23]",56,0.2796352583586626,0
1664,442,"[1, 2, 3, 5, 6, 9, 11, 12, 16, 22, 24]",433,"[1, 2, 3, 5, 6, 10, 13, 15, 17, 21, 23]",0,0.40020314880650076,2
1665,442,"[1, 2, 3, 5, 6, 9, 11, 12, 16, 22, 24]",433,"[1, 2, 3, 5, 6, 10, 13, 15, 17, 21, 23]",45,0.625,0
1666,442,"[1, 2, 3, 5, 6, 9, 11, 12, 16, 22, 24]",4231,"[1, 2, 3, 5, 6, 9, 11, 17, 19, 21, 23]",49,0.30742049469964666,0
1667,433,"[1, 2, 3, 5, 6, 10, 13, 15, 17, 21, 23]",4231,"[1, 2, 3, 5, 6, 9, 11, 17, 19, 21, 23]",0,0.5810301507537688,-1
1668,4231,"[1, 2, 3, 5, 6, 9, 11, 17, 19, 21, 23]",343,"[1, 3, 4, 5, 7, 8, 9, 11, 17, 21, 23]",0,0.4047058823529412,1
1669,4231,"[1, 2, 3, 5, 6, 9, 11, 17, 19, 21, 23]",433,"[1, 2, 3, 5, 6, 10, 13, 15, 17, 21, 23]",20,0.4568868980963046,0
1670,4231,"[1, 2, 3, 5, 6, 9, 11, 17, 19, 21, 23]",433,"[1, 2, 3, 5, 6, 10, 13, 15, 17, 21, 23]",45,0.2909987669543773,0
1671,433,"[1, 2, 3, 5, 6, 10, 13, 15, 17, 21, 23]",433,"[1, 2, 3, 5, 6, 10, 13, 15, 17, 21, 23]",64,0.4461883408071749,0
1672,433,"[1, 2, 3, 5, 6, 10, 13, 15, 17, 21, 23]",4411,"[1, 2, 3, 5, 6, 9, 11, 12, 16, 19, 23]",0,0.42421602787456447,0
1673,433,"[1, 2, 3, 5, 6, 10, 13, 15, 17, 21, 23]",4411,"[1, 2, 3, 5, 6, 9, 11, 12, 16, 19, 23]",26,0.5077054794520548,-1
1674,433,"[1, 2, 3, 5, 6, 10, 13, 15, 17, 21, 23]",4411,"[1, 2, 3, 5, 6, 9, 11, 12, 16, 19, 23]",105,0.984375,0
1675,433,"[1, 2, 3, 5, 6, 10, 13, 15, 17, 21, 23]",433,"[1, 2, 3, 5, 6, 10, 13, 15, 17, 21, 23]",0,0.34440677966101696,0
1676,433,"[1, 2, 3, 5, 6, 10, 13, 15, 17, 21, 23]",433,"[1, 2, 3, 5, 6, 10, 13, 15, 17, 21, 23]",35,0.24341507720254316,0
1677,433,"[1, 2, 3, 5, 6, 10, 13, 15, 17, 21, 23]",433,"[1, 2, 3, 5, 6, 10, 13, 15, 17, 21, 23]",65,0.2170212765957447,0
1678,433,"[1, 2, 3, 5, 6, 10, 13, 15, 17, 21, 23]",433,"[1, 2, 3, 5, 6, 10, 13, 15, 17, 21, 23]",84,0.24397590361445784,0
1679,343,"[1, 3, 4, 5, 7, 8, 9, 11, 17, 21, 23]",433,"[1, 2, 3, 5, 6, 10, 13, 15, 17, 21, 23]",0,0.4139059304703476,0
1680,343,"[1, 3, 4, 5, 7, 8, 9, 11, 17, 21, 23]",433,"[1, 2, 3, 5, 6, 10, 13, 15, 17, 21, 23]",59,0.30833333333333335,0
1681,343,"[1, 3, 4, 5, 7, 8, 9, 11, 17, 21, 23]",433,"[1, 2, 3, 5, 6, 10, 13, 15, 17, 21, 23]",68,0.40106951871657753,0
1682,343,"[1, 3, 4, 5, 7, 8, 9, 11, 17, 21, 23]",433,"[1, 2, 3, 5, 6, 10, 13, 15, 17, 21, 23]",74,0.3076923076923077,0
1683,4231,"[1, 2, 3, 5, 6, 9, 11, 17, 19, 21, 23]",442,"[1, 2, 3, 5, 6, 9, 11, 12, 16, 22, 24]",0,0.5626223091976517,4
1684,4231,"[1, 2, 3, 5, 6, 9, 11, 17, 19, 21, 23]",4141,"[1, 2, 3, 5, 6, 10, 12, 13, 15, 16, 23]",45,0.5483405483405484,-1
1685,4411,"[1, 2, 3, 5, 6, 9, 11, 12, 16, 19, 23]",4141,"[1, 2, 3, 5, 6, 10, 12, 13, 15, 16, 23]",80,0.0,0
1686,4231,"[1, 2, 3, 5, 6, 9, 11, 17, 19, 21, 23]",4141,"[1, 2, 3, 5, 6, 10, 12, 13, 15, 16, 23]",0,0.5799765350019555,1
1687,4231,"[1, 2, 3, 5, 6, 9, 11, 17, 19, 21, 23]",4231,"[1, 2, 3, 5, 6, 9, 11, 17, 19, 21, 23]",63,0.358695652173913,1
1688,3412,"[1, 3, 4, 5, 7, 8, 9, 11, 19, 22, 24]",433,"[1, 2, 3, 5, 6, 10, 13, 15, 17, 21, 23]",0,0.4720965309200603,1
1689,3412,"[1, 3, 4, 5, 7, 8, 9, 11, 19, 22, 24]",433,"[1, 2, 3, 5, 6, 10, 13, 15, 17, 21, 23]",18,0.25364963503649635,1
1690,3412,"[1, 3, 4, 5, 7, 8, 9, 11, 19, 22, 24]",433,"[1, 2, 3, 5, 6, 10, 13, 15, 17, 21, 23]",45,0.512853470437018,0
1691,3412,"[1, 3, 4, 5, 7, 8, 9, 11, 19, 22, 24]",433,"[1, 2, 3, 5, 6, 10, 13, 15, 17, 21, 23]",67,0.4640820980615735,0
1692,3412,"[1, 3, 4, 5, 7, 8, 9, 11, 19, 22, 24]",433,"[1, 2, 3, 5, 6, 10, 13, 15, 17, 21, 23]",91,0.060240963855421686,0
1693,41212,"[1, 2, 3, 5, 6, 10, 13, 15, 19, 22, 24]",352,"[1, 3, 4, 5, 7, 8, 10, 13, 15, 22, 24]",0,0.7655137334689726,1
1694,433,"[1, 2, 3, 5, 6, 10, 13, 15, 17, 21, 23]",352,"[1, 3, 4, 5, 7, 8, 10, 13, 15, 22, 24]",55,0.472,0
1695,433,"[1, 2, 3, 5, 6, 10, 13, 15, 17, 21, 23]",442,"[1, 2, 3, 5, 6, 9, 11, 12, 16, 22, 24]",61,0.33496332518337407,0
1696,433,"[1, 2, 3, 5, 6, 10, 13, 15, 17, 21, 23]",442,"[1, 2, 3, 5, 6, 9, 11, 12, 16, 22, 24]",72,0.3884057971014493,0
1697,433,"[1, 2, 3, 5, 6, 10, 13, 15, 17, 21, 23]",4231,"[1, 2, 3, 5, 6, 9, 11, 17, 19, 21, 23]",0,0.661751563896336,0
1698,433,"[1, 2, 3, 5, 6, 10, 13, 15, 17, 21, 23]",4231,"[1, 2, 3, 5, 6, 9, 11, 17, 19, 21, 23]",53,0.5323076923076923,1
1699,433,"[1, 2, 3, 5, 6, 10, 13, 15, 17, 21, 23]",4231,"[1, 2, 3, 5, 6, 9, 11, 17, 19, 21, 23]",65,0.3618421052631579,0
1700,433,"[1, 2, 3, 5, 6, 10, 13, 15, 17, 21, 23]",3421,"[1, 3, 4, 5, 7, 8, 9, 11, 18, 20, 23]",0,0.45491803278688525,-1
1701,433,"[1, 2, 3, 5, 6, 10, 13, 15, 17, 21, 23]",3421,"[1, 3, 4, 5, 7, 8, 9, 11, 18, 20, 23]",49,0.3037974683544304,-1
1702,433,"[1, 2, 3, 5, 6, 10, 13, 15, 17, 21, 23]",3421,"[1, 3, 4, 5, 7, 8, 9, 11, 18, 20, 23]",54,0.4634146341463415,0
1703,4231,"[1, 2, 3, 5, 6, 9, 11, 17, 19, 21, 23]",3421,"[1, 3, 4, 5, 7, 8, 9, 11, 18, 20, 23]",59,0.49586776859504134,2
1704,4231,"[1, 2, 3, 5, 6, 9, 11, 17, 19, 21, 23]",3421,"[1, 3, 4, 5, 7, 8, 9, 11, 18, 20, 23]",67,0.37861915367483295,0
1705,442,"[1, 2, 3, 5, 6, 9, 11, 12, 16, 22, 24]",343,"[1, 3, 4, 5, 7, 8, 9, 11, 17, 21, 23]",0,0.4332566168009206,0
1706,343,"[1, 3, 4, 5, 7, 8, 9, 11, 17, 21, 23]",343,"[1, 3, 4, 5, 7, 8, 9, 11, 17, 21, 23]",37,0.5949494949494949,0
1707,343,"[1, 3, 4, 5, 7, 8, 9, 11, 17, 21, 23]",343,"[1, 3, 4, 5, 7, 8, 9, 11, 17, 21, 23]",61,0.9629629629629629,0
1708,343,"[1, 3, 4, 5, 7, 8, 9, 11, 17, 21, 23]",343,"[1, 3, 4, 5, 7, 8, 9, 11, 17, 21, 23]",64,0.6329787234042553,-1
1709,343,"[1, 3, 4, 5, 7, 8, 9, 11, 17, 21, 23]",343,"[1, 3, 4, 5, 7, 8, 9, 11, 17, 21, 23]",81,0.868421052631579,0
1710,343,"[1, 3, 4, 5, 7, 8, 9, 11, 17, 21, 23]",343,"[1, 3, 4, 5, 7, 8, 9, 11, 17, 21, 23]",89,0.75625,0
1711,4231,"[1, 2, 3, 5, 6, 9, 11, 17, 19, 21, 23]",433,"[1, 2, 3, 5, 6, 10, 13, 15, 17, 21, 23]",0,0.6546153846153846,0
1712,4231,"[1, 2, 3, 5, 6, 9, 11, 17, 19, 21, 23]",433,"[1, 2, 3, 5, 6, 10, 13, 15, 17, 21, 23]",62,0.6209850107066381,-1
1713,4231,"[1, 2, 3, 5, 6, 9, 11, 17, 19, 21, 23]",343,"[1, 3, 4, 5, 7, 8, 9, 11, 17, 21, 23]",78,0.9578947368421052,0
1714,4231,"[1, 2, 3, 5, 6, 9, 11, 17, 19, 21, 23]",4231,"[1, 2, 3, 5, 6, 9, 11, 17, 19, 21, 23]",0,0.8200709579320831,1
1715,4231,"[1, 2, 3, 5, 6, 9, 11, 17, 19, 21, 23]",343,"[1, 3, 4, 5, 7, 8, 9, 11, 17, 21, 23]",45,0.58679706601467,0
1716,4231,"[1, 2, 3, 5, 6, 9, 11, 17, 19, 21, 23]",343,"[1, 3, 4, 5, 7, 8, 9, 11, 17, 21, 23]",67,0.6294964028776978,0
1717,4231,"[1, 2, 3, 5, 6, 9, 11, 17, 19, 21, 23]",343,"[1, 3, 4, 5, 7, 8, 9, 11, 17, 21, 23]",73,0.7146464646464646,-2
1718,433,"[1, 2, 3, 5, 6, 10, 13, 15, 17, 21, 23]",352,"[1, 3, 4, 5, 7, 8, 10, 13, 15, 22, 24]",0,0.5690499510284035,1
1719,352,"[1, 3, 4, 5, 7, 8, 10, 13, 15, 22, 24]",442,"[1, 2, 3, 5, 6, 9, 11, 12, 16, 22, 24]",0,0.46397807361002347,-2
1720,352,"[1, 3, 4, 5, 7, 8, 10, 13, 15, 22, 24]",442,"[1, 2, 3, 5, 6, 9, 11, 12, 16, 22, 24]",71,0.5782312925170068,0
1721,352,"[1, 3, 4, 5, 7, 8, 10, 13, 15, 22, 24]",4231,"[1, 2, 3, 5, 6, 9, 11, 17, 19, 21, 23]",0,0.4202319072371052,-2
1722,352,"[1, 3, 4, 5, 7, 8, 10, 13, 15, 22, 24]",433,"[1, 2, 3, 5, 6, 10, 13, 15, 17, 21, 23]",64,0.5276073619631901,0
1723,352,"[1, 3, 4, 5, 7, 8, 10, 13, 15, 22, 24]",433,"[1, 2, 3, 5, 6, 10, 13, 15, 17, 21, 23]",74,0.41025641025641024,0
1724,352,"[1, 3, 4, 5, 7, 8, 10, 13, 15, 22, 24]",433,"[1, 2, 3, 5, 6, 10, 13, 15, 17, 21, 23]",75,1.0,0
1725,352,"[1, 3, 4, 5, 7, 8, 10, 13, 15, 22, 24]",433,"[1, 2, 3, 5, 6, 10, 13, 15, 17, 21, 23]",77,0.18543046357615894,0
1726,442,"[1, 2, 3, 5, 6, 9, 11, 12, 16, 22, 24]",4141,"[1, 2, 3, 5, 6, 10, 12, 13, 15, 16, 23]",0,0.6210732984293194,1
1727,442,"[1, 2, 3, 5, 6, 9, 11, 12, 16, 22, 24]",4411,"[1, 2, 3, 5, 6, 9, 11, 12, 16, 19, 23]",47,0.7304492512479202,-2
1728,442,"[1, 2, 3, 5, 6, 9, 11, 12, 16, 22, 24]",4411,"[1, 2, 3, 5, 6, 9, 11, 12, 16, 19, 23]",58,0.6684027777777778,0
1729,442,"[1, 2, 3, 5, 6, 9, 11, 12, 16, 22, 24]",4411,"[1, 2, 3, 5, 6, 9, 11, 12, 16, 19, 23]",77,0.8716981132075472,0
1730,4231,"[1, 2, 3, 5, 6, 9, 11, 17, 19, 21, 23]",4231,"[1, 2, 3, 5, 6, 9, 11, 17, 19, 21, 23]",0,0.6018465089440277,-2
1731,4231,"[1, 2, 3, 5, 6, 9, 11, 17, 19, 21, 23]",4231,"[1, 2, 3, 5, 6, 9, 11, 17, 19, 21, 23]",45,0.6456211812627292,1
1732,4231,"[1, 2, 3, 5, 6, 9, 11, 17, 19, 21, 23]",4231,"[1, 2, 3, 5, 6, 9, 11, 17, 19, 21, 23]",78,0.2184873949579832,0
1733,4231,"[1, 2, 3, 5, 6, 9, 11, 17, 19, 21, 23]",3421,"[1, 3, 4, 5, 7, 8, 9, 11, 18, 20, 23]",82,0.7021276595744681,0
1734,433,"[1, 2, 3, 5, 6, 10, 13, 15, 17, 21, 23]",352,"[1, 3, 4, 5, 7, 8, 10, 13, 15, 22, 24]",0,0.6281323087203475,0
1735,433,"[1, 2, 3, 5, 6, 10, 13, 15, 17, 21, 23]",352,"[1, 3, 4, 5, 7, 8, 10, 13, 15, 22, 24]",76,0.3793103448275862,0
1736,4231,"[1, 2, 3, 5, 6, 9, 11, 17, 19, 21, 23]",352,"[1, 3, 4, 5, 7, 8, 10, 13, 15, 22, 24]",77,0.425414364640884,2
1737,433,"[1, 2, 3, 5, 6, 10, 13, 15, 17, 21, 23]",352,"[1, 3, 4, 5, 7, 8, 10, 13, 15, 22, 24]",87,0.16666666666666666,-1
1738,442,"[1, 2, 3, 5, 6, 9, 11, 12, 16, 22, 24]",4231,"[1, 2, 3, 5, 6, 9, 11, 17, 19, 21, 23]",0,0.38461538461538464,0
1739,4411,"[1, 2, 3, 5, 6, 9, 11, 12, 16, 19, 23]",4231,"[1, 2, 3, 5, 6, 9, 11, 17, 19, 21, 23]",24,0.44653349001175086,1
1740,4411,"[1, 2, 3, 5, 6, 9, 11, 12, 16, 19, 23]",4231,"[1, 2, 3, 5, 6, 9, 11, 17, 19, 21, 23]",45,0.23175182481751824,0
1741,442,"[1, 2, 3, 5, 6, 9, 11, 12, 16, 22, 24]",4231,"[1, 2, 3, 5, 6, 9, 11, 17, 19, 21, 23]",63,0.3623417721518987,1
1742,442,"[1, 2, 3, 5, 6, 9, 11, 12, 16, 22, 24]",4231,"[1, 2, 3, 5, 6, 9, 11, 17, 19, 21, 23]",85,0.3890577507598784,0
1743,433,"[1, 2, 3, 5, 6, 10, 13, 15, 17, 21, 23]",4231,"[1, 2, 3, 5, 6, 9, 11, 17, 19, 21, 23]",0,0.47574187470560525,0
1744,433,"[1, 2, 3, 5, 6, 10, 13, 15, 17, 21, 23]",4231,"[1, 2, 3, 5, 6, 9, 11, 17, 19, 21, 23]",45,0.5316184351554126,0
1745,433,"[1, 2, 3, 5, 6, 10, 13, 15, 17, 21, 23]",4231,"[1, 2, 3, 5, 6, 9, 11, 17, 19, 21, 23]",66,0.5638297872340425,0
1746,433,"[1, 2, 3, 5, 6, 10, 13, 15, 17, 21, 23]",4231,"[1, 2, 3, 5, 6, 9, 11, 17, 19, 21, 23]",72,0.5159474671669794,0
1747,4231,"[1, 2, 3, 5, 6, 9, 11, 17, 19, 21, 23]",442,"[1, 2, 3, 5, 6, 9, 11, 12, 16, 22, 24]",0,0.45759162303664924,-2
1748,4231,"[1, 2, 3, 5, 6, 9, 11, 17, 19, 21, 23]",442,"[1, 2, 3, 5, 6, 9, 11, 12, 16, 22, 24]",32,0.4681753889674682,0
1749,4231,"[1, 2, 3, 5, 6, 9, 11, 17, 19, 21, 23]",442,"[1, 2, 3, 5, 6, 9, 11, 12, 16, 22, 24]",45,0.6078274760383386,0
1750,4231,"[1, 2, 3, 5, 6, 9, 11, 17, 19, 21, 23]",442,"[1, 2, 3, 5, 6, 9, 11, 12, 16, 22, 24]",79,0.5849056603773585,0
1751,343,"[1, 3, 4, 5, 7, 8, 9, 11, 17, 21, 23]",4231,"[1, 2, 3, 5, 6, 9, 11, 17, 19, 21, 23]",0,0.30606995884773663,-1
1752,343,"[1, 3, 4, 5, 7, 8, 9, 11, 17, 21, 23]",4231,"[1, 2, 3, 5, 6, 9, 11, 17, 19, 21, 23]",45,1.0,0
1753,343,"[1, 3, 4, 5, 7, 8, 9, 11, 17, 21, 23]",4231,"[1, 2, 3, 5, 6, 9, 11, 17, 19, 21, 23]",45,0.3211845102505695,0
1754,343,"[1, 3, 4, 5, 7, 8, 9, 11, 17, 21, 23]",442,"[1, 2, 3, 5, 6, 9, 11, 12, 16, 22, 24]",53,0.34048257372654156,1
1755,343,"[1, 3, 4, 5, 7, 8, 9, 11, 17, 21, 23]",352,"[1, 3, 4, 5, 7, 8, 10, 13, 15, 22, 24]",66,0.32108843537414966,-2
1756,433,"[1, 2, 3, 5, 6, 10, 13, 15, 17, 21, 23]",442,"[1, 2, 3, 5, 6, 9, 11, 12, 16, 22, 24]",0,0.8393939393939394,2
1757,433,"[1, 2, 3, 5, 6, 10, 13, 15, 17, 21, 23]",4231,"[1, 2, 3, 5, 6, 9, 11, 17, 19, 21, 23]",24,0.8831168831168831,1
1758,433,"[1, 2, 3, 5, 6, 10, 13, 15, 17, 21, 23]",343,"[1, 3, 4, 5, 7, 8, 13, 15, 17, 21, 23]",33,0.6147540983606558,0
1759,433,"[1, 2, 3, 5, 6, 10, 13, 15, 17, 21, 23]",343,"[1, 3, 4, 5, 7, 8, 13, 15, 17, 21, 23]",37,0.9056099732858415,1
1760,433,"[1, 2, 3, 5, 6, 10, 13, 15, 17, 21, 23]",343,"[1, 3, 4, 5, 7, 8, 13, 15, 17, 21, 23]",56,0.936,0
1761,4231,"[1, 2, 3, 5, 6, 9, 11, 17, 19, 21, 23]",433,"[1, 2, 3, 5, 6, 10, 13, 15, 17, 21, 23]",0,0.5925925925925926,0
1762,4231,"[1, 2, 3, 5, 6, 9, 11, 17, 19, 21, 23]",433,"[1, 2, 3, 5, 6, 10, 13, 15, 17, 21, 23]",29,0.3861788617886179,0
1763,4231,"[1, 2, 3, 5, 6, 9, 11, 17, 19, 21, 23]",3412,"[1, 3, 4, 5, 7, 8, 9, 11, 19, 22, 24]",0,0.47111319868482854,0
1764,4231,"[1, 2, 3, 5, 6, 9, 11, 17, 19, 21, 23]",3412,"[1, 3, 4, 5, 7, 8, 9, 11, 19, 22, 24]",61,0.4954128440366973,0
1765,433,"[1, 2, 3, 5, 6, 10, 13, 15, 17, 21, 23]",3412,"[1, 3, 4, 5, 7, 8, 9, 11, 19, 22, 24]",65,0.45255474452554745,0
1766,433,"[1, 2, 3, 5, 6, 10, 13, 15, 17, 21, 23]",3412,"[1, 3, 4, 5, 7, 8, 9, 11, 19, 22, 24]",78,0.5221052631578947,-1
1767,433,"[1, 2, 3, 5, 6, 10, 13, 15, 17, 21, 23]",442,"[1, 2, 3, 5, 6, 9, 11, 12, 16, 22, 24]",0,0.5719406041986688,1
1768,433,"[1, 2, 3, 5, 6, 10, 13, 15, 17, 21, 23]",352,"[1, 3, 4, 5, 7, 8, 10, 13, 15, 22, 24]",45,0.4815950920245399,0
1769,433,"[1, 2, 3, 5, 6, 10, 13, 15, 17, 21, 23]",352,"[1, 3, 4, 5, 7, 8, 10, 13, 15, 22, 24]",61,0.3888888888888889,1
1770,433,"[1, 2, 3, 5, 6, 10, 13, 15, 17, 21, 23]",3412,"[1, 3, 4, 5, 7, 8, 9, 11, 19, 22, 24]",72,0.27884615384615385,0
1771,442,"[1, 2, 3, 5, 6, 9, 11, 12, 16, 22, 24]",4231,"[1, 2, 3, 5, 6, 9, 11, 17, 19, 21, 23]",0,0.3506898086337339,0
1772,4231,"[1, 2, 3, 5, 6, 9, 11, 17, 19, 21, 23]",4141,"[1, 2, 3, 5, 6, 10, 12, 13, 15, 16, 23]",0,0.6260898725687458,3
1773,4231,"[1, 2, 3, 5, 6, 9, 11, 17, 19, 21, 23]",4141,"[1, 2, 3, 5, 6, 10, 12, 13, 15, 16, 23]",73,0.5582089552238806,0
1774,4411,"[1, 2, 3, 5, 6, 9, 11, 12, 16, 19, 23]",433,"[1, 2, 3, 5, 6, 10, 13, 15, 17, 21, 23]",0,0.31583011583011583,0
1775,4141,"[1, 2, 3, 5, 6, 10, 12, 13, 15, 16, 23]",433,"[1, 2, 3, 5, 6, 10, 13, 15, 17, 21, 23]",30,0.4186666666666667,-1
1776,4141,"[1, 2, 3, 5, 6, 10, 12, 13, 15, 16, 23]",433,"[1, 2, 3, 5, 6, 10, 13, 15, 17, 21, 23]",47,0.29411764705882354,0
1777,433,"[1, 2, 3, 5, 6, 10, 13, 15, 17, 21, 23]",433,"[1, 2, 3, 5, 6, 10, 13, 15, 17, 21, 23]",45,0.23214285714285715,0
1778,433,"[1, 2, 3, 5, 6, 10, 13, 15, 17, 21, 23]",433,"[1, 2, 3, 5, 6, 10, 13, 15, 17, 21, 23]",50,0.7352941176470589,0
1779,433,"[1, 2, 3, 5, 6, 10, 13, 15, 17, 21, 23]",442,"[1, 2, 3, 5, 6, 9, 11, 12, 16, 22, 24]",51,0.42091152815013405,0
1780,433,"[1, 2, 3, 5, 6, 10, 13, 15, 17, 21, 23]",442,"[1, 2, 3, 5, 6, 9, 11, 12, 16, 22, 24]",62,0.49008498583569404,0
1781,442,"[1, 2, 3, 5, 6, 9, 11, 12, 16, 22, 24]",442,"[1, 2, 3, 5, 6, 9, 11, 12, 16, 22, 24]",78,0.9418604651162791,0
1782,442,"[1, 2, 3, 5, 6, 9, 11, 12, 16, 22, 24]",442,"[1, 2, 3, 5, 6, 9, 11, 12, 16, 22, 24]",81,1.0,0
1783,4141,"[1, 2, 3, 5, 6, 10, 12, 13, 15, 16, 23]",433,"[1, 2, 3, 5, 6, 10, 13, 15, 17, 21, 23]",0,0.35906470211402947,0
1784,4141,"[1, 2, 3, 5, 6, 10, 12, 13, 15, 16, 23]",4231,"[1, 2, 3, 5, 6, 9, 11, 17, 19, 21, 23]",80,0.3333333333333333,0
1785,4141,"[1, 2, 3, 5, 6, 10, 12, 13, 15, 16, 23]",4231,"[1, 2, 3, 5, 6, 9, 11, 17, 19, 21, 23]",81,0.532033426183844,0
1786,4411,"[1, 2, 3, 5, 6, 9, 11, 12, 16, 19, 23]",433,"[1, 2, 3, 5, 6, 10, 13, 15, 17, 21, 23]",0,0.4739952718676123,-2
1787,4411,"[1, 2, 3, 5, 6, 9, 11, 12, 16, 19, 23]",433,"[1, 2, 3, 5, 6, 10, 13, 15, 17, 21, 23]",24,0.602757715036113,1
1788,4411,"[1, 2, 3, 5, 6, 9, 11, 12, 16, 19, 23]",433,"[1, 2, 3, 5, 6, 10, 13, 15, 17, 21, 23]",60,0.7983870967741935,0
1789,442,"[1, 2, 3, 5, 6, 9, 11, 12, 16, 22, 24]",433,"[1, 2, 3, 5, 6, 10, 13, 15, 17, 21, 23]",66,0.5604838709677419,0
1790,442,"[1, 2, 3, 5, 6, 9, 11, 12, 16, 22, 24]",343,"[1, 3, 4, 5, 7, 8, 9, 11, 17, 21, 23]",76,0.8454545454545455,0
1791,3421,"[1, 3, 4, 5, 7, 8, 9, 11, 18, 20, 23]",433,"[1, 2, 3, 5, 6, 10, 13, 15, 17, 21, 23]",0,0.4819542253521127,1
1792,3421,"[1, 3, 4, 5, 7, 8, 9, 11, 18, 20, 23]",433,"[1, 2, 3, 5, 6, 10, 13, 15, 17, 21, 23]",63,0.23848238482384823,0
1793,3421,"[1, 3, 4, 5, 7, 8, 9, 11, 18, 20, 23]",4231,"[1, 2, 3, 5, 6, 9, 11, 17, 19, 21, 23]",73,0.04954954954954955,0
1794,3421,"[1, 3, 4, 5, 7, 8, 9, 11, 18, 20, 23]",4231,"[1, 2, 3, 5, 6, 9, 11, 17, 19, 21, 23]",84,0.21830985915492956,0
1795,3412,"[1, 3, 4, 5, 7, 8, 9, 11, 19, 22, 24]",3421,"[1, 3, 4, 5, 7, 8, 9, 11, 18, 20, 23]",0,0.5174216027874564,0
1796,352,"[1, 3, 4, 5, 7, 8, 10, 13, 15, 22, 24]",4411,"[1, 2, 3, 5, 6, 9, 11, 12, 16, 19, 23]",0,0.6805755395683454,0
1797,442,"[1, 2, 3, 5, 6, 9, 11, 12, 16, 22, 24]",4411,"[1, 2, 3, 5, 6, 9, 11, 12, 16, 19, 23]",60,0.6607431340872375,0
1798,442,"[1, 2, 3, 5, 6, 9, 11, 12, 16, 22, 24]",4411,"[1, 2, 3, 5, 6, 9, 11, 12, 16, 19, 23]",82,0.7857142857142857,0
1799,4231,"[1, 2, 3, 5, 6, 9, 11, 17, 19, 21, 23]",343,"[1, 3, 4, 5, 7, 8, 9, 11, 17, 21, 23]",0,0.9514563106796117,0
1800,4231,"[1, 2, 3, 5, 6, 9, 11, 17, 19, 21, 23]",343,"[1, 3, 4, 5, 7, 8, 9, 11, 17, 21, 23]",19,1.0,0
1801,4231,"[1, 2, 3, 5, 6, 9, 11, 17, 19, 21, 23]",343,"[1, 3, 4, 5, 7, 8, 9, 11, 17, 21, 23]",19,0.7833787465940054,3
1802,4231,"[1, 2, 3, 5, 6, 9, 11, 17, 19, 21, 23]",3421,"[1, 3, 4, 5, 7, 8, 9, 11, 18, 20, 23]",45,0.7491349480968859,1
1803,4231,"[1, 2, 3, 5, 6, 9, 11, 17, 19, 21, 23]",3421,"[1, 3, 4, 5, 7, 8, 9, 11, 18, 20, 23]",62,0.5502645502645502,0
1804,3421,"[1, 3, 4, 5, 7, 8, 9, 11, 18, 20, 23]",3421,"[1, 3, 4, 5, 7, 8, 9, 11, 18, 20, 23]",0,0.5140806184428492,1
1805,3421,"[1, 3, 4, 5, 7, 8, 9, 11, 18, 20, 23]",3421,"[1, 3, 4, 5, 7, 8, 9, 11, 18, 20, 23]",45,0.6522842639593909,0
1806,3421,"[1, 3, 4, 5, 7, 8, 9, 11, 18, 20, 23]",3421,"[1, 3, 4, 5, 7, 8, 9, 11, 18, 20, 23]",58,0.5168141592920354,0
1807,3421,"[1, 3, 4, 5, 7, 8, 9, 11, 18, 20, 23]",3421,"[1, 3, 4, 5, 7, 8, 9, 11, 18, 20, 23]",73,0.2507936507936508,0
1808,433,"[1, 2, 3, 5, 6, 10, 13, 15, 17, 21, 23]",4141,"[1, 2, 3, 5, 6, 10, 12, 13, 15, 16, 23]",0,0.6044152744630071,0
1809,433,"[1, 2, 3, 5, 6, 10, 13, 15, 17, 21, 23]",4411,"[1, 2, 3, 5, 6, 9, 11, 12, 16, 19, 23]",45,0.5866543095458758,0
1810,433,"[1, 2, 3, 5, 6, 10, 13, 15, 17, 21, 23]",4411,"[1, 2, 3, 5, 6, 9, 11, 12, 16, 19, 23]",83,0.47474747474747475,0
1811,433,"[1, 2, 3, 5, 6, 10, 13, 15, 17, 21, 23]",433,"[1, 2, 3, 5, 6, 10, 13, 15, 17, 21, 23]",0,0.4959871589085072,-1
1812,433,"[1, 2, 3, 5, 6, 10, 13, 15, 17, 21, 23]",433,"[1, 2, 3, 5, 6, 10, 13, 15, 17, 21, 23]",14,0.6381909547738693,1
1813,433,"[1, 2, 3, 5, 6, 10, 13, 15, 17, 21, 23]",433,"[1, 2, 3, 5, 6, 10, 13, 15, 17, 21, 23]",27,0.28364688856729375,0
1814,433,"[1, 2, 3, 5, 6, 10, 13, 15, 17, 21, 23]",433,"[1, 2, 3, 5, 6, 10, 13, 15, 17, 21, 23]",45,0.20024125452352232,0
1815,433,"[1, 2, 3, 5, 6, 10, 13, 15, 17, 21, 23]",433,"[1, 2, 3, 5, 6, 10, 13, 15, 17, 21, 23]",67,0.4185303514376997,0
1816,442,"[1, 2, 3, 5, 6, 9, 11, 12, 16, 22, 24]",433,"[1, 2, 3, 5, 6, 10, 13, 15, 17, 21, 23]",81,0.4760705289672544,1
1817,4231,"[1, 2, 3, 5, 6, 9, 11, 17, 19, 21, 23]",433,"[1, 2, 3, 5, 6, 10, 13, 15, 17, 21, 23]",0,0.23935558112773303,0
1818,4231,"[1, 2, 3, 5, 6, 9, 11, 17, 19, 21, 23]",433,"[1, 2, 3, 5, 6, 10, 13, 15, 17, 21, 23]",45,0.3721590909090909,-2
1819,4231,"[1, 2, 3, 5, 6, 9, 11, 17, 19, 21, 23]",433,"[1, 2, 3, 5, 6, 10, 13, 15, 17, 21, 23]",59,0.6622998544395924,-1
1820,343,"[1, 3, 4, 5, 7, 8, 9, 11, 17, 21, 23]",433,"[1, 2, 3, 5, 6, 10, 13, 15, 17, 21, 23]",0,0.208130081300813,1
1821,343,"[1, 3, 4, 5, 7, 8, 9, 11, 17, 21, 23]",433,"[1, 2, 3, 5, 6, 10, 13, 15, 17, 21, 23]",68,1.0,0
1822,343,"[1, 3, 4, 5, 7, 8, 9, 11, 17, 21, 23]",433,"[1, 2, 3, 5, 6, 10, 13, 15, 17, 21, 23]",68,0.056195965417867436,0
1823,352,"[1, 3, 4, 5, 7, 8, 10, 13, 15, 22, 24]",343,"[1, 3, 4, 5, 7, 8, 9, 11, 17, 21, 23]",0,0.5936751317680882,0
1824,3421,"[1, 3, 4, 5, 7, 8, 9, 11, 18, 20, 23]",343,"[1, 3, 4, 5, 7, 8, 9, 11, 17, 21, 23]",50,0.48159057437407954,0
1825,4231,"[1, 2, 3, 5, 6, 9, 11, 17, 19, 21, 23]",343,"[1, 3, 4, 5, 7, 8, 9, 11, 17, 21, 23]",66,0.6905311778290993,0
1826,433,"[1, 2, 3, 5, 6, 10, 13, 15, 19, 22, 24]",352,"[1, 3, 4, 5, 10, 12, 16, 18, 20, 22, 24]",0,0.45502392344497605,-1
1827,352,"[1, 3, 4, 5, 10, 12, 16, 18, 20, 22, 24]",343,"[1, 3, 4, 5, 12, 13, 15, 16, 17, 21, 23]",0,0.5289672544080605,0
1828,352,"[1, 3, 4, 5, 10, 12, 16, 18, 20, 22, 24]",343,"[1, 3, 4, 5, 12, 13, 15, 16, 17, 21, 23]",45,0.47781299524564186,-1
1829,352,"[1, 3, 4, 5, 10, 12, 16, 18, 20, 22, 24]",343,"[1, 3, 4, 5, 12, 13, 15, 16, 17, 21, 23]",75,0.31496062992125984,0
1830,442,"[1, 2, 3, 5, 6, 13, 15, 16, 17, 22, 24]",4231,"[1, 2, 3, 5, 6, 13, 15, 17, 19, 21, 23]",0,0.324907063197026,1
1831,442,"[1, 2, 3, 5, 6, 12, 13, 15, 16, 22, 24]",4231,"[1, 2, 3, 5, 6, 9, 11, 17, 19, 21, 23]",0,0.44465721945614706,1
1832,4141,"[1, 2, 3, 5, 6, 14, 17, 18, 20, 21, 23]",352,"[1, 3, 4, 5, 7, 8, 10, 13, 15, 22, 24]",0,0.5619596541786743,1
1833,352,"[1, 3, 4, 5, 10, 12, 13, 15, 16, 22, 24]",4141,"[1, 2, 3, 5, 6, 10, 13, 15, 17, 21, 23]",0,0.5635576544667453,6
1834,352,"[1, 3, 4, 5, 10, 12, 13, 15, 16, 22, 24]",4141,"[1, 2, 3, 5, 6, 10, 13, 15, 17, 21, 23]",69,0.0,0
1835,4231,"[1, 2, 3, 5, 6, 13, 15, 17, 19, 21, 23]",4231,"[1, 2, 3, 5, 6, 13, 15, 17, 19, 21, 25]",0,0.3921374297984803,0
1836,433,"[1, 2, 3, 5, 6, 10, 13, 15, 17, 21, 23]",343,"[1, 3, 4, 5, 7, 8, 13, 15, 17, 21, 23]",0,0.7394957983193278,0
1837,433,"[1, 2, 3, 5, 6, 10, 13, 15, 17, 21, 23]",343,"[1, 3, 4, 5, 7, 8, 13, 15, 17, 21, 23]",54,0.7108433734939759,0
1838,433,"[1, 2, 3, 5, 6, 10, 17, 18, 20, 21, 23]",343,"[1, 3, 4, 5, 7, 8, 13, 15, 17, 21, 23]",68,0.64375,0
1839,433,"[1, 2, 3, 5, 6, 10, 17, 18, 20, 21, 23]",343,"[1, 3, 4, 5, 7, 8, 13, 16, 17, 21, 23]",74,0.8139963167587477,1
1840,433,"[1, 2, 3, 5, 6, 9, 11, 17, 19, 21, 23]",4231,"[1, 2, 3, 5, 6, 9, 11, 17, 19, 21, 23]",0,0.3181159420289855,-1
1841,442,"[1, 2, 3, 5, 6, 9, 11, 12, 16, 22, 24]",4231,"[1, 2, 3, 5, 6, 9, 11, 17, 19, 21, 23]",41,0.5046728971962616,0
1842,433,"[1, 2, 3, 5, 6, 9, 11, 17, 19, 21, 23]",4231,"[1, 2, 3, 5, 6, 9, 11, 17, 19, 21, 23]",45,0.4672754946727549,0
1843,442,"[1, 2, 3, 5, 6, 12, 13, 15, 16, 22, 24]",4231,"[1, 2, 3, 5, 6, 9, 11, 17, 19, 21, 23]",64,0.5511551155115512,-1
1844,442,"[1, 2, 3, 5, 6, 12, 13, 15, 16, 22, 24]",433,"[1, 2, 3, 5, 6, 10, 13, 15, 17, 21, 23]",74,0.36065573770491804,0
1845,442,"[1, 2, 3, 5, 6, 12, 13, 15, 16, 22, 24]",433,"[1, 2, 3, 5, 6, 10, 13, 15, 17, 21, 23]",77,0.689119170984456,0
1846,442,"[1, 2, 3, 5, 6, 13, 15, 17, 21, 22, 24]",4231,"[1, 2, 3, 5, 6, 13, 15, 17, 19, 21, 23]",0,0.44470938897168405,1
1847,3421,"[1, 3, 4, 5, 7, 8, 13, 15, 18, 20, 23]",4141,"[1, 2, 3, 5, 6, 10, 13, 15, 17, 21, 23]",0,0.6507402422611036,2
1848,4231,"[1, 2, 3, 5, 6, 13, 15, 17, 19, 21, 23]",4231,"[1, 2, 3, 5, 6, 9, 11, 12, 16, 19, 23]",0,0.45652173913043476,1
1849,4231,"[1, 2, 3, 5, 6, 13, 15, 17, 19, 21, 23]",442,"[1, 2, 3, 5, 6, 13, 15, 17, 21, 22, 24]",0,0.5477109762824048,-1
1850,3511,"[1, 3, 4, 5, 7, 8, 9, 11, 14, 23, 25]",442,"[1, 2, 3, 5, 6, 13, 15, 17, 21, 22, 24]",45,0.729253112033195,-1
1851,442,"[1, 2, 3, 5, 6, 12, 13, 15, 16, 22, 24]",433,"[1, 2, 3, 5, 6, 10, 13, 15, 17, 21, 23]",0,0.5626373626373626,0
1852,442,"[1, 2, 3, 5, 6, 12, 13, 15, 16, 22, 24]",4141,"[1, 2, 3, 5, 6, 10, 13, 15, 17, 21, 23]",27,0.677570093457944,1
1853,442,"[1, 2, 3, 5, 6, 12, 13, 15, 16, 22, 24]",4231,"[1, 2, 3, 5, 6, 13, 15, 17, 19, 21, 23]",66,0.7563025210084033,0
1854,4231,"[1, 2, 3, 5, 6, 9, 11, 17, 19, 21, 23]",433,"[1, 2, 3, 5, 6, 10, 13, 15, 17, 21, 23]",0,0.404723564143854,-2
1855,4321,"[1, 2, 3, 5, 6, 9, 11, 17, 19, 21, 23]",442,"[1, 2, 3, 5, 6, 12, 13, 15, 16, 22, 24]",0,0.761414503133393,0
1856,4231,"[1, 2, 3, 5, 6, 9, 11, 17, 19, 21, 23]",442,"[1, 2, 3, 5, 6, 12, 13, 15, 16, 22, 24]",58,0.7077244258872651,0
1857,4141,"[1, 2, 3, 5, 6, 10, 12, 13, 15, 16, 23]",352,"[1, 3, 4, 5, 10, 12, 13, 15, 16, 22, 24]",0,0.41517241379310343,0
1858,541,"[1, 3, 4, 5, 7, 8, 9, 11, 12, 16, 23]",352,"[1, 3, 4, 5, 10, 12, 13, 15, 16, 22, 24]",72,0.22445561139028475,-1
1859,4231,"[1, 2, 3, 5, 6, 7, 9, 11, 17, 21, 23]",433,"[1, 2, 3, 5, 6, 10, 13, 15, 17, 21, 23]",0,0.3876984126984127,1
1860,433,"[1, 2, 3, 5, 6, 12, 14, 16, 17, 21, 23]",433,"[1, 2, 3, 5, 6, 13, 14, 15, 17, 21, 25]",0,0.5624315443592552,-2
1861,433,"[1, 2, 3, 5, 6, 12, 14, 16, 17, 21, 23]",433,"[1, 2, 3, 5, 6, 13, 14, 15, 17, 21, 25]",45,0.6752072343632253,1
1862,433,"[1, 2, 3, 5, 6, 12, 14, 16, 17, 21, 23]",532,"[1, 2, 3, 4, 5, 6, 10, 13, 15, 22, 24]",82,0.3333333333333333,0
1863,4141,"[1, 2, 3, 5, 6, 10, 12, 13, 15, 16, 23]",4411,"[1, 2, 3, 5, 6, 13, 15, 17, 21, 23, 25]",0,0.5212435233160622,0
1864,352,"[1, 3, 4, 5, 12, 13, 14, 15, 16, 22, 24]",442,"[1, 2, 3, 5, 6, 9, 11, 12, 16, 22, 24]",0,0.6081242532855436,1
1865,352,"[1, 3, 4, 5, 12, 13, 14, 15, 16, 22, 24]",4411,"[1, 2, 3, 5, 6, 9, 11, 12, 16, 19, 23]",73,0.8651685393258427,1
1866,352,"[1, 3, 4, 5, 12, 13, 14, 15, 16, 22, 24]",442,"[1, 2, 3, 5, 6, 9, 11, 12, 16, 22, 24]",76,0.5898123324396782,0
1867,3412,"[1, 3, 4, 6, 10, 12, 14, 16, 19, 22, 24]",442,"[1, 2, 3, 5, 6, 9, 11, 12, 16, 22, 24]",89,0.5853658536585366,0
1868,4231,"[1, 2, 3, 5, 6, 13, 15, 17, 19, 21, 23]",433,"[1, 2, 3, 5, 6, 11, 13, 15, 17, 19, 23]",0,0.48323647742512293,1
1869,4231,"[1, 2, 3, 5, 6, 13, 15, 17, 19, 21, 23]",433,"[1, 2, 3, 5, 6, 11, 13, 15, 17, 19, 23]",61,0.5894160583941606,1
1870,4231,"[1, 2, 3, 5, 6, 13, 15, 17, 19, 21, 23]",4231,"[1, 2, 3, 5, 6, 13, 15, 17, 19, 21, 23]",0,0.5970649895178197,-1
1871,4231,"[1, 2, 3, 5, 6, 13, 15, 17, 19, 21, 23]",4231,"[1, 2, 3, 5, 6, 13, 15, 17, 19, 21, 23]",58,1.0,0
1872,433,"[1, 2, 3, 5, 6, 10, 13, 15, 19, 22, 24]",4231,"[1, 2, 3, 5, 6, 13, 15, 17, 19, 21, 23]",60,0.8314285714285714,0
1873,433,"[1, 2, 3, 5, 6, 10, 13, 15, 19, 22, 24]",541,"[1, 2, 3, 4, 5, 6, 9, 11, 12, 16, 23]",78,1.0,0
1874,352,"[1, 3, 4, 5, 10, 13, 15, 17, 21, 22, 24]",541,"[1, 2, 3, 4, 5, 6, 9, 11, 12, 16, 23]",79,0.5221843003412969,0
1875,4411,"[1, 2, 3, 5, 6, 12, 13, 15, 16, 19, 23]",4231,"[1, 2, 3, 5, 6, 9, 11, 12, 16, 19, 23]",0,0.5689482470784641,-2
1876,442,"[1, 2, 3, 5, 6, 13, 15, 17, 21, 22, 24]",4231,"[1, 2, 3, 5, 6, 13, 15, 17, 19, 21, 23]",0,0.4017857142857143,-1
1877,4141,"[1, 2, 3, 5, 6, 10, 13, 15, 17, 21, 23]",4141,"[1, 2, 3, 5, 6, 10, 12, 13, 15, 16, 23]",0,0.27258566978193144,1
1878,442,"[1, 2, 3, 5, 6, 13, 15, 17, 21, 22, 24]",4141,"[1, 2, 3, 5, 6, 10, 12, 13, 15, 16, 23]",46,0.27507163323782235,-1
1879,4231,"[1, 2, 3, 5, 6, 13, 15, 17, 19, 21, 25]",4141,"[1, 2, 3, 5, 6, 10, 12, 13, 15, 16, 23]",56,0.4419713831478537,-1
1880,4231,"[1, 2, 3, 5, 6, 9, 11, 17, 19, 21, 23]",343,"[1, 3, 4, 5, 7, 8, 13, 15, 17, 21, 23]",0,0.6479338842975206,0
1881,442,"[1, 2, 3, 5, 6, 10, 12, 16, 19, 22, 24]",4231,"[1, 2, 3, 5, 6, 9, 11, 17, 19, 21, 23]",0,0.5150136487716106,2
1882,442,"[1, 2, 3, 5, 6, 10, 12, 16, 19, 22, 24]",4231,"[1, 2, 3, 5, 6, 9, 11, 17, 19, 21, 23]",37,0.6193625977149729,0
1883,442,"[1, 2, 3, 5, 6, 13, 15, 17, 21, 22, 24]",433,"[1, 2, 3, 5, 6, 12, 14, 16, 17, 21, 23]",0,0.523725834797891,0
1884,442,"[1, 2, 3, 5, 6, 13, 15, 17, 21, 22, 24]",433,"[1, 2, 3, 5, 6, 10, 13, 15, 17, 21, 23]",45,0.478369384359401,1
1885,4231,"[1, 2, 3, 5, 6, 13, 15, 17, 19, 21, 23]",433,"[1, 2, 3, 5, 6, 10, 13, 15, 17, 21, 23]",81,0.3829787234042553,1
1886,343,"[1, 3, 4, 5, 7, 8, 13, 15, 17, 21, 23]",451,"[1, 2, 3, 5, 6, 12, 13, 15, 16, 19, 23]",0,0.4774774774774775,-1
1887,3421,"[1, 3, 4, 5, 12, 13, 15, 16, 18, 20, 23]",4141,"[1, 2, 3, 5, 6, 10, 12, 13, 15, 16, 23]",0,0.62,0
1888,3412,"[1, 3, 4, 5, 10, 12, 14, 16, 18, 20, 23]",4141,"[1, 2, 3, 5, 6, 10, 12, 13, 15, 16, 23]",14,0.5071740486587648,-1
1889,4411,"[1, 2, 3, 5, 6, 9, 11, 12, 16, 19, 23]",4141,"[1, 2, 3, 5, 6, 10, 12, 13, 15, 16, 23]",57,0.7570621468926554,0
1890,4411,"[1, 2, 3, 5, 6, 9, 11, 12, 16, 19, 23]",4141,"[1, 2, 3, 5, 6, 10, 12, 13, 15, 16, 23]",70,0.6797752808988764,-1
1891,4411,"[1, 2, 3, 5, 6, 9, 11, 12, 16, 19, 23]",4141,"[1, 2, 3, 5, 6, 10, 12, 13, 15, 16, 23]",81,0.525974025974026,-1
1892,433,"[1, 2, 3, 5, 6, 10, 13, 15, 19, 22, 24]",4231,"[1, 2, 3, 5, 6, 13, 15, 17, 19, 21, 23]",0,0.39037675896504764,-1
1893,442,"[1, 2, 3, 5, 6, 13, 15, 17, 21, 22, 24]",4231,"[1, 2, 3, 5, 6, 13, 15, 17, 19, 21, 23]",58,0.41253644314868804,-1
1894,442,"[1, 2, 3, 5, 6, 9, 11, 12, 16, 22, 24]",433,"[1, 2, 3, 5, 6, 10, 13, 15, 17, 21, 23]",0,0.37689614935822635,2
1895,4231,"[1, 2, 3, 5, 6, 9, 11, 17, 19, 21, 23]",4321,"[1, 2, 3, 5, 6, 10, 13, 15, 17, 21, 23]",0,0.35486185862935055,-1
1896,352,"[1, 3, 4, 5, 10, 13, 15, 17, 21, 22, 24]",4321,"[1, 2, 3, 5, 6, 10, 13, 15, 17, 21, 23]",70,0.7058823529411765,0
1897,451,"[1, 2, 3, 5, 6, 12, 13, 15, 16, 19, 23]",4411,"[1, 2, 3, 5, 6, 9, 11, 12, 16, 23, 25]",0,0.7639664804469274,0
1898,451,"[1, 2, 3, 5, 6, 10, 13, 15, 18, 20, 23]",4411,"[1, 2, 3, 5, 6, 9, 11, 12, 16, 23, 25]",55,0.821954484605087,0
1899,451,"[1, 2, 3, 5, 6, 10, 13, 15, 18, 20, 23]",4411,"[1, 2, 3, 5, 6, 9, 11, 12, 16, 23, 25]",75,0.672566371681416,0
1900,4231,"[1, 2, 3, 5, 6, 9, 11, 12, 16, 19, 23]",343,"[1, 3, 4, 5, 12, 13, 15, 16, 22, 23, 24]",0,0.7152847152847153,0
1901,4231,"[1, 2, 3, 5, 6, 9, 11, 12, 16, 19, 23]",451,"[1, 2, 3, 5, 6, 10, 12, 13, 15, 16, 25]",45,0.8412914961346066,0
1902,343,"[1, 2, 4, 5, 12, 13, 15, 16, 17, 21, 23]",433,"[1, 2, 3, 5, 6, 10, 13, 15, 17, 23, 24]",0,0.5948979591836735,1
1903,343,"[1, 2, 4, 5, 12, 13, 15, 16, 17, 21, 23]",433,"[1, 2, 3, 5, 6, 10, 13, 15, 17, 21, 23]",29,0.5417185554171855,1
1904,343,"[1, 2, 4, 5, 12, 13, 15, 16, 17, 21, 23]",433,"[1, 2, 3, 5, 6, 10, 13, 15, 17, 21, 23]",47,0.3873239436619718,1
1905,352,"[1, 3, 4, 5, 10, 12, 13, 15, 16, 22, 24]",433,"[1, 2, 3, 5, 6, 10, 13, 15, 17, 21, 23]",58,0.5161887141535615,0
1906,433,"[1, 2, 3, 5, 6, 12, 14, 16, 17, 21, 23]",4141,"[1, 2, 3, 5, 6, 10, 12, 13, 15, 16, 23]",0,0.744542772861357,-1
1907,4132,"[1, 2, 3, 5, 6, 10, 12, 16, 19, 22, 24]",4141,"[1, 2, 3, 5, 6, 10, 12, 13, 15, 16, 23]",84,1.0,0
1908,352,"[1, 3, 4, 5, 7, 8, 10, 13, 15, 22, 24]",442,"[1, 2, 3, 5, 6, 13, 15, 17, 21, 22, 24]",0,0.3245341614906832,0
1909,352,"[1, 3, 4, 5, 7, 8, 10, 13, 15, 22, 24]",4141,"[1, 2, 3, 5, 6, 10, 17, 18, 20, 21, 23]",84,0.0,-1
1910,352,"[1, 3, 4, 5, 7, 8, 10, 13, 15, 22, 24]",442,"[1, 2, 3, 5, 6, 13, 15, 17, 21, 22, 24]",86,0.45588235294117646,0
1911,442,"[1, 2, 3, 5, 6, 10, 12, 16, 19, 22, 24]",442,"[1, 2, 3, 5, 6, 12, 13, 15, 16, 22, 24]",0,0.37563131313131315,1
1912,442,"[1, 2, 3, 5, 6, 10, 12, 16, 19, 22, 24]",442,"[1, 2, 3, 5, 6, 12, 13, 15, 16, 22, 24]",45,0.23616236162361623,0
1913,442,"[1, 2, 3, 5, 6, 9, 11, 12, 16, 22, 24]",442,"[1, 2, 3, 5, 6, 12, 13, 15, 16, 22, 24]",62,0.016666666666666666,0
1914,442,"[1, 2, 3, 5, 6, 9, 11, 12, 16, 22, 24]",442,"[1, 2, 3, 5, 6, 12, 13, 15, 16, 22, 24]",64,0.20921985815602837,0
1915,442,"[1, 2, 3, 5, 6, 12, 13, 15, 16, 22, 24]",433,"[1, 2, 3, 5, 6, 9, 11, 17, 19, 21, 23]",0,0.487758346581876,-1
1916,4231,"[1, 2, 3, 5, 6, 13, 15, 17, 19, 21, 23]",4141,"[1, 2, 3, 5, 6, 10, 12, 13, 15, 16, 23]",0,0.65141527723924,0
1917,451,"[1, 2, 3, 5, 6, 12, 13, 15, 16, 19, 23]",4141,"[1, 2, 3, 5, 6, 10, 12, 13, 15, 16, 23]",0,0.4780426599749059,1
1918,451,"[1, 2, 3, 5, 6, 12, 13, 15, 16, 19, 23]",4141,"[1, 2, 3, 5, 6, 10, 12, 13, 15, 16, 23]",23,0.33191230207064554,1
1919,4231,"[1, 2, 3, 5, 6, 9, 11, 17, 19, 21, 23]",442,"[1, 2, 3, 5, 6, 12, 13, 15, 16, 22, 24]",0,0.6744868035190615,-2
1920,4141,"[1, 2, 3, 5, 6, 10, 13, 15, 17, 21, 23]",442,"[1, 2, 3, 5, 6, 12, 13, 15, 16, 22, 24]",65,0.8170731707317073,-1
1921,433,"[1, 2, 3, 5, 6, 13, 15, 17, 19, 21, 23]",442,"[1, 2, 3, 5, 6, 12, 13, 15, 16, 22, 24]",77,0.7927631578947368,0
1922,442,"[1, 2, 3, 5, 6, 13, 15, 17, 21, 22, 24]",352,"[1, 3, 4, 5, 10, 12, 16, 18, 20, 22, 24]",0,0.3992673992673993,-2
1923,442,"[1, 2, 3, 5, 6, 12, 13, 15, 16, 22, 24]",4231,"[1, 2, 3, 5, 6, 13, 15, 17, 19, 21, 23]",0,0.23184121621621623,0
1924,442,"[1, 2, 3, 5, 6, 12, 13, 15, 16, 22, 24]",4231,"[1, 2, 3, 5, 6, 13, 15, 17, 19, 21, 23]",58,0.4484848484848485,0
1925,442,"[1, 2, 3, 5, 6, 12, 13, 15, 16, 22, 24]",4222,"[1, 2, 3, 5, 6, 13, 15, 17, 21, 23, 25]",62,0.2761437908496732,0
1926,4231,"[1, 2, 3, 5, 6, 13, 15, 17, 19, 21, 23]",4231,"[1, 2, 3, 5, 6, 13, 15, 17, 19, 21, 23]",0,0.7871287128712872,-1
1927,4411,"[1, 2, 3, 5, 6, 11, 12, 13, 15, 16, 23]",4231,"[1, 2, 3, 5, 6, 13, 15, 17, 19, 21, 23]",6,0.5098619329388561,0
1928,4411,"[1, 2, 3, 5, 6, 11, 12, 13, 15, 16, 23]",4231,"[1, 2, 3, 5, 6, 13, 15, 17, 19, 21, 23]",31,0.3625632377740304,1
1929,433,"[1, 2, 3, 5, 6, 10, 13, 15, 17, 21, 23]",4231,"[1, 2, 3, 5, 6, 13, 15, 17, 19, 21, 23]",58,0.245136186770428,0
1930,4231,"[1, 2, 3, 5, 6, 9, 11, 17, 19, 21, 23]",433,"[1, 2, 3, 5, 6, 13, 15, 17, 19, 21, 23]",0,0.44104609929078015,1
1931,4231,"[1, 2, 3, 5, 6, 9, 11, 17, 19, 21, 23]",433,"[1, 2, 3, 5, 6, 13, 15, 17, 19, 21, 23]",59,0.2126081582200247,0
1932,343,"[1, 3, 4, 5, 7, 8, 9, 11, 17, 21, 23]",352,"[1, 3, 4, 5, 7, 8, 10, 13, 15, 22, 24]",0,0.43100097181729835,1
1933,343,"[1, 3, 4, 5, 7, 8, 9, 11, 17, 21, 23]",352,"[1, 3, 4, 5, 7, 8, 10, 13, 15, 22, 24]",39,0.6239554317548747,0
1934,4231,"[1, 2, 3, 5, 6, 9, 11, 17, 19, 21, 23]",4231,"[1, 2, 3, 5, 6, 9, 11, 17, 19, 21, 23]",0,0.49932462854570014,3
1935,4231,"[1, 2, 3, 5, 6, 13, 15, 17, 19, 21, 23]",4231,"[1, 2, 3, 5, 6, 9, 11, 17, 19, 21, 23]",0,0.29531442663378543,0
1936,4231,"[1, 2, 3, 5, 6, 9, 11, 12, 16, 19, 23]",4141,"[1, 2, 3, 5, 6, 10, 13, 15, 17, 21, 23]",0,0.5412942438326779,0
1937,4141,"[1, 2, 3, 5, 6, 10, 12, 13, 15, 16, 23]",4231,"[1, 2, 3, 5, 6, 13, 15, 17, 19, 21, 23]",0,0.505586592178771,0
1938,4141,"[1, 2, 3, 5, 6, 10, 12, 13, 15, 16, 23]",442,"[1, 2, 3, 5, 6, 13, 15, 17, 21, 22, 24]",13,0.7402862985685071,0
1939,4141,"[1, 2, 3, 5, 6, 10, 12, 13, 15, 16, 23]",4231,"[1, 2, 3, 5, 6, 13, 15, 17, 19, 21, 23]",63,0.0,0
1940,4231,"[1, 2, 3, 5, 6, 10, 13, 15, 17, 21, 23]",4231,"[1, 2, 3, 5, 6, 13, 15, 17, 19, 21, 23]",64,0.3193916349809886,0
1941,4231,"[1, 2, 3, 5, 6, 10, 13, 15, 19, 21, 23]",4231,"[1, 2, 3, 5, 6, 13, 15, 17, 19, 21, 23]",78,1.0,0
1942,3412,"[1, 3, 4, 5, 7, 8, 9, 11, 19, 22, 24]",4411,"[1, 2, 3, 5, 6, 9, 11, 12, 16, 19, 23]",0,0.6030082041932543,0
1943,3412,"[1, 3, 4, 5, 7, 8, 9, 11, 19, 22, 24]",3412,"[1, 3, 4, 5, 7, 8, 9, 11, 19, 22, 24]",62,0.644718792866941,-1
1944,352,"[1, 3, 4, 5, 7, 8, 10, 13, 15, 22, 24]",352,"[1, 3, 4, 5, 7, 8, 10, 13, 15, 22, 24]",0,0.577227200843437,1
1945,3511,"[1, 3, 4, 5, 7, 8, 10, 13, 15, 19, 23]",442,"[1, 2, 3, 5, 6, 9, 11, 12, 16, 22, 24]",0,0.5986005089058524,0
1946,352,"[1, 3, 4, 5, 7, 8, 10, 13, 15, 22, 24]",442,"[1, 2, 3, 5, 6, 9, 11, 12, 16, 22, 24]",45,0.43609022556390975,2
1947,433,"[1, 2, 3, 5, 6, 10, 13, 15, 17, 21, 23]",442,"[1, 2, 3, 5, 6, 9, 11, 12, 16, 22, 24]",0,0.5413026211278793,-1
1948,433,"[1, 2, 3, 5, 6, 10, 13, 15, 17, 21, 23]",442,"[1, 2, 3, 5, 6, 9, 11, 12, 16, 22, 24]",0,0.5632065775950668,0
1949,433,"[1, 2, 3, 5, 6, 10, 13, 15, 17, 21, 23]",3421,"[1, 3, 4, 5, 7, 8, 9, 11, 18, 20, 23]",0,0.5673933067239791,3
1950,433,"[1, 2, 3, 5, 6, 10, 13, 15, 17, 21, 23]",442,"[1, 2, 3, 5, 6, 9, 11, 12, 16, 22, 24]",0,0.5744807121661721,0
1951,433,"[1, 2, 3, 5, 6, 10, 13, 15, 17, 21, 23]",442,"[1, 2, 3, 5, 6, 9, 11, 12, 16, 22, 24]",45,0.6526674233825198,0
1952,442,"[1, 2, 3, 5, 6, 9, 11, 12, 16, 22, 24]",442,"[1, 2, 3, 5, 6, 9, 11, 12, 16, 22, 24]",0,0.509212730318258,2
1953,442,"[1, 2, 3, 5, 6, 9, 11, 12, 16, 22, 24]",442,"[1, 2, 3, 5, 6, 9, 11, 12, 16, 22, 24]",59,0.4634146341463415,0
1954,442,"[1, 2, 3, 5, 6, 9, 11, 12, 16, 22, 24]",442,"[1, 2, 3, 5, 6, 9, 11, 12, 16, 22, 24]",0,0.601010101010101,2
1955,442,"[1, 2, 3, 5, 6, 9, 11, 12, 16, 22, 24]",442,"[1, 2, 3, 5, 6, 9, 11, 12, 16, 22, 24]",28,0.40404040404040403,-1
1956,442,"[1, 2, 3, 5, 6, 9, 11, 12, 16, 22, 24]",442,"[1, 2, 3, 5, 6, 9, 11, 12, 16, 22, 24]",33,0.47928994082840237,0
1957,4411,"[1, 2, 3, 5, 6, 9, 11, 12, 16, 19, 23]",442,"[1, 2, 3, 5, 6, 9, 11, 12, 16, 22, 24]",45,0.5087001023541453,1
1958,442,"[1, 2, 3, 5, 6, 9, 11, 12, 16, 22, 24]",352,"[1, 3, 4, 5, 7, 8, 10, 13, 15, 22, 24]",0,0.6097733711048159,0
1959,442,"[1, 2, 3, 5, 6, 9, 11, 12, 16, 22, 24]",433,"[1, 2, 3, 5, 6, 10, 13, 15, 17, 21, 23]",0,0.5880829015544041,0
1960,442,"[1, 2, 3, 5, 6, 9, 11, 12, 16, 22, 24]",442,"[1, 2, 3, 5, 6, 9, 11, 12, 16, 22, 24]",0,0.5460738615991395,2
1961,442,"[1, 2, 3, 5, 6, 9, 11, 12, 16, 22, 24]",442,"[1, 2, 3, 5, 6, 9, 11, 12, 16, 22, 24]",0,0.548349739432542,1
1962,442,"[1, 2, 3, 5, 6, 9, 11, 12, 16, 22, 24]",442,"[1, 2, 3, 5, 6, 9, 11, 12, 16, 22, 24]",45,0.5750160978750805,3
1963,442,"[1, 2, 3, 5, 6, 9, 11, 12, 16, 22, 24]",442,"[1, 2, 3, 5, 6, 9, 11, 12, 16, 22, 24]",0,0.43069833392414036,-1
1964,442,"[1, 2, 3, 5, 6, 9, 11, 12, 16, 22, 24]",442,"[1, 2, 3, 5, 6, 9, 11, 12, 16, 22, 24]",85,0.5555555555555556,1
1965,433,"[1, 2, 3, 5, 6, 10, 13, 15, 17, 21, 23]",442,"[1, 2, 3, 5, 6, 9, 11, 12, 16, 22, 24]",0,0.6829268292682927,0
1966,433,"[1, 2, 3, 5, 6, 10, 13, 15, 17, 21, 23]",4231,"[1, 2, 3, 5, 6, 9, 11, 17, 19, 21, 23]",65,0.7971014492753623,0
1967,442,"[1, 2, 3, 5, 6, 9, 11, 12, 16, 22, 24]",4231,"[1, 2, 3, 5, 6, 9, 11, 17, 19, 21, 23]",68,0.5220883534136547,0
1968,442,"[1, 2, 3, 5, 6, 9, 11, 12, 16, 22, 24]",4231,"[1, 2, 3, 5, 6, 9, 11, 17, 19, 21, 23]",77,0.5567765567765568,1
1969,4231,"[1, 2, 3, 5, 6, 9, 11, 17, 19, 21, 23]",4231,"[1, 2, 3, 5, 6, 9, 11, 17, 19, 21, 23]",0,0.48874061718098416,2
1970,4231,"[1, 2, 3, 5, 6, 9, 11, 17, 19, 21, 23]",4231,"[1, 2, 3, 5, 6, 9, 11, 17, 19, 21, 23]",64,0.4107142857142857,0
1971,4231,"[1, 2, 3, 5, 6, 9, 11, 17, 19, 21, 23]",4231,"[1, 2, 3, 5, 6, 9, 11, 17, 19, 21, 23]",81,0.375,0
1972,4231,"[1, 2, 3, 5, 6, 9, 11, 17, 19, 21, 23]",442,"[1, 2, 3, 5, 6, 9, 11, 12, 16, 22, 24]",0,0.4348060344827586,-1
1973,4231,"[1, 2, 3, 5, 6, 9, 11, 17, 19, 21, 23]",442,"[1, 2, 3, 5, 6, 9, 11, 12, 16, 22, 24]",64,0.5874439461883408,0
1974,4231,"[1, 2, 3, 5, 6, 9, 11, 17, 19, 21, 23]",442,"[1, 2, 3, 5, 6, 9, 11, 12, 16, 22, 24]",81,0.6808510638297872,0
1975,4231,"[1, 2, 3, 5, 6, 9, 11, 17, 19, 21, 23]",4231,"[1, 2, 3, 5, 6, 9, 11, 17, 19, 21, 23]",0,0.6788177339901478,-1
1976,433,"[1, 2, 3, 5, 6, 10, 13, 15, 17, 21, 23]",4231,"[1, 2, 3, 5, 6, 9, 11, 17, 19, 21, 23]",62,0.6620583717357911,0
1977,442,"[1, 2, 3, 5, 6, 9, 11, 12, 16, 22, 24]",433,"[1, 2, 3, 5, 6, 10, 13, 15, 17, 21, 23]",0,0.22627737226277372,-1
1978,442,"[1, 2, 3, 5, 6, 9, 11, 12, 16, 22, 24]",433,"[1, 2, 3, 5, 6, 10, 13, 15, 17, 21, 23]",30,0.4464385866517106,0
1979,352,"[1, 3, 4, 5, 7, 8, 10, 13, 15, 22, 24]",442,"[1, 2, 3, 5, 6, 9, 11, 12, 16, 22, 24]",0,0.6085941148995796,0
1980,352,"[1, 3, 4, 5, 7, 8, 10, 13, 15, 22, 24]",442,"[1, 2, 3, 5, 6, 9, 11, 12, 16, 22, 24]",64,0.6695464362850972,0
1981,352,"[1, 3, 4, 5, 7, 8, 10, 13, 15, 22, 24]",442,"[1, 2, 3, 5, 6, 9, 11, 12, 16, 22, 24]",77,0.7638888888888888,1
1982,4231,"[1, 2, 3, 5, 6, 9, 11, 17, 19, 21, 23]",4231,"[1, 2, 3, 5, 6, 9, 11, 17, 19, 21, 23]",0,0.5703283340089177,3
1983,4231,"[1, 2, 3, 5, 6, 9, 11, 17, 19, 21, 23]",4231,"[1, 2, 3, 5, 6, 9, 11, 17, 19, 21, 23]",83,0.6716417910447762,1
1984,4231,"[1, 2, 3, 5, 6, 9, 11, 17, 19, 21, 23]",4231,"[1, 2, 3, 5, 6, 9, 11, 17, 19, 21, 23]",87,0.06666666666666667,0
1985,442,"[1, 2, 3, 5, 6, 9, 11, 12, 16, 22, 24]",4231,"[1, 2, 3, 5, 6, 9, 11, 17, 19, 21, 23]",0,0.5251177394034537,2
1986,442,"[1, 2, 3, 5, 6, 9, 11, 12, 16, 22, 24]",352,"[1, 3, 4, 5, 7, 8, 10, 13, 15, 22, 24]",45,0.4228110599078341,0
1987,442,"[1, 2, 3, 5, 6, 9, 11, 12, 16, 22, 24]",352,"[1, 3, 4, 5, 7, 8, 10, 13, 15, 22, 24]",77,0.3389121338912134,0
1988,442,"[1, 2, 3, 5, 6, 9, 11, 12, 16, 22, 24]",352,"[1, 3, 4, 5, 7, 8, 10, 13, 15, 22, 24]",85,0.1724137931034483,0
1989,4141,"[1, 2, 3, 5, 6, 10, 12, 13, 15, 16, 23]",41212,"[1, 2, 3, 5, 6, 10, 13, 15, 19, 22, 24]",0,0.360447381799695,-1
1990,4141,"[1, 2, 3, 5, 6, 10, 12, 13, 15, 16, 23]",4231,"[1, 2, 3, 5, 6, 9, 11, 17, 19, 21, 23]",45,0.34424603174603174,0
1991,4231,"[1, 2, 3, 5, 6, 9, 11, 17, 19, 21, 23]",4231,"[1, 2, 3, 5, 6, 9, 11, 17, 19, 21, 23]",0,0.4208710651142734,2
1992,4231,"[1, 2, 3, 5, 6, 9, 11, 17, 19, 21, 23]",4231,"[1, 2, 3, 5, 6, 9, 11, 17, 19, 21, 23]",66,0.5201238390092879,-1
1993,433,"[1, 2, 3, 5, 6, 10, 13, 15, 17, 21, 23]",4231,"[1, 2, 3, 5, 6, 9, 11, 17, 19, 21, 23]",0,0.5546134663341646,1
1994,433,"[1, 2, 3, 5, 6, 10, 13, 15, 17, 21, 23]",4231,"[1, 2, 3, 5, 6, 9, 11, 17, 19, 21, 23]",60,1.0,0
1995,433,"[1, 2, 3, 5, 6, 10, 13, 15, 17, 21, 23]",4231,"[1, 2, 3, 5, 6, 9, 11, 17, 19, 21, 23]",61,0.47297297297297297,0
1996,433,"[1, 2, 3, 5, 6, 10, 13, 15, 17, 21, 23]",4231,"[1, 2, 3, 5, 6, 9, 11, 17, 19, 21, 23]",64,0.37340619307832423,0
1997,433,"[1, 2, 3, 5, 6, 10, 13, 15, 17, 21, 23]",3412,"[1, 3, 4, 5, 7, 8, 9, 11, 19, 22, 24]",86,0.18181818181818182,0
1998,4321,"[1, 2, 3, 5, 6, 10, 13, 15, 18, 20, 23]",4231,"[1, 2, 3, 5, 6, 9, 11, 17, 19, 21, 23]",0,0.44317563893420336,-3
1999,442,"[1, 2, 3, 5, 6, 9, 11, 12, 16, 22, 24]",4231,"[1, 2, 3, 5, 6, 9, 11, 17, 19, 21, 23]",0,0.5231895850284785,0
2000,442,"[1, 2, 3, 5, 6, 9, 11, 12, 16, 22, 24]",4231,"[1, 2, 3, 5, 6, 9, 11, 17, 19, 21, 23]",35,0.6024844720496895,0
2001,442,"[1, 2, 3, 5, 6, 9, 11, 12, 16, 22, 24]",4231,"[1, 2, 3, 5, 6, 9, 11, 17, 19, 21, 23]",45,0.30719794344473006,1
2002,433,"[1, 2, 3, 5, 6, 10, 13, 15, 17, 21, 23]",4231,"[1, 2, 3, 5, 6, 9, 11, 17, 19, 21, 23]",0,0.4024084295032614,0
2003,433,"[1, 2, 3, 5, 6, 10, 13, 15, 17, 21, 23]",4231,"[1, 2, 3, 5, 6, 9, 11, 17, 19, 21, 23]",57,0.1561771561771562,-1
2004,442,"[1, 2, 3, 5, 6, 9, 11, 12, 16, 22, 24]",4231,"[1, 2, 3, 5, 6, 9, 11, 17, 19, 21, 23]",69,0.4716981132075472,1
2005,4231,"[1, 2, 3, 5, 6, 9, 11, 17, 19, 21, 23]",4231,"[1, 2, 3, 5, 6, 9, 11, 17, 19, 21, 23]",0,0.3598247809762203,2
2006,4231,"[1, 2, 3, 5, 6, 9, 11, 17, 19, 21, 23]",4231,"[1, 2, 3, 5, 6, 9, 11, 17, 19, 21, 23]",45,0.3953488372093023,0
2007,4231,"[1, 2, 3, 5, 6, 9, 11, 17, 19, 21, 23]",4141,"[1, 2, 3, 5, 6, 10, 12, 13, 15, 16, 23]",49,0.210727969348659,-1
2008,4231,"[1, 2, 3, 5, 6, 9, 11, 17, 19, 21, 23]",4141,"[1, 2, 3, 5, 6, 10, 12, 13, 15, 16, 23]",74,0.14912280701754385,0
2009,442,"[1, 2, 3, 5, 6, 9, 11, 12, 16, 22, 24]",4231,"[1, 2, 3, 5, 6, 9, 11, 17, 19, 21, 23]",0,0.6036842105263158,1
2010,442,"[1, 2, 3, 5, 6, 9, 11, 12, 16, 22, 24]",4231,"[1, 2, 3, 5, 6, 9, 11, 17, 19, 21, 23]",63,0.5,0
2011,442,"[1, 2, 3, 5, 6, 9, 11, 12, 16, 22, 24]",4231,"[1, 2, 3, 5, 6, 9, 11, 17, 19, 21, 23]",78,0.1836734693877551,0
2012,442,"[1, 2, 3, 5, 6, 9, 11, 12, 16, 22, 24]",4231,"[1, 2, 3, 5, 6, 9, 11, 17, 19, 21, 23]",87,0.8,0
2013,442,"[1, 2, 3, 5, 6, 9, 11, 12, 16, 22, 24]",4231,"[1, 2, 3, 5, 6, 9, 11, 17, 19, 21, 23]",88,0.10416666666666667,0
2014,4231,"[1, 2, 3, 5, 6, 9, 11, 17, 19, 21, 23]",4231,"[1, 2, 3, 5, 6, 9, 11, 17, 19, 21, 23]",0,0.5777049180327869,4
2015,352,"[1, 3, 4, 5, 7, 8, 10, 13, 15, 22, 24]",433,"[1, 2, 3, 5, 6, 10, 13, 15, 17, 21, 23]",0,0.5813411078717201,1
2016,352,"[1, 3, 4, 5, 7, 8, 10, 13, 15, 22, 24]",433,"[1, 2, 3, 5, 6, 10, 13, 15, 17, 21, 23]",48,0.5815160955347871,1
2017,433,"[1, 2, 3, 5, 6, 10, 13, 15, 17, 21, 23]",4231,"[1, 2, 3, 5, 6, 9, 11, 17, 19, 21, 23]",0,0.5702436495593571,-2
2018,433,"[1, 2, 3, 5, 6, 10, 13, 15, 17, 21, 23]",4231,"[1, 2, 3, 5, 6, 9, 11, 17, 19, 21, 23]",61,0.6153846153846154,0
2019,4411,"[1, 2, 3, 5, 6, 9, 11, 12, 16, 19, 23]",442,"[1, 2, 3, 5, 6, 9, 11, 12, 16, 22, 24]",0,0.537007874015748,3
2020,4411,"[1, 2, 3, 5, 6, 9, 11, 12, 16, 19, 23]",442,"[1, 2, 3, 5, 6, 9, 11, 12, 16, 22, 24]",73,0.43041237113402064,0
2021,352,"[1, 3, 4, 5, 7, 8, 10, 13, 15, 22, 24]",4231,"[1, 2, 3, 5, 6, 9, 11, 17, 19, 21, 23]",0,0.3754646840148699,-5
2022,352,"[1, 3, 4, 5, 7, 8, 10, 13, 15, 22, 24]",4231,"[1, 2, 3, 5, 6, 9, 11, 17, 19, 21, 23]",57,0.3066465256797583,0
2023,352,"[1, 3, 4, 5, 7, 8, 10, 13, 15, 22, 24]",4231,"[1, 2, 3, 5, 6, 9, 11, 17, 19, 21, 23]",74,0.35964912280701755,0
2024,4231,"[1, 2, 3, 5, 6, 9, 11, 17, 19, 21, 23]",4231,"[1, 2, 3, 5, 6, 9, 11, 17, 19, 21, 23]",0,0.39092055485498106,0
2025,4231,"[1, 2, 3, 5, 6, 9, 11, 17, 19, 21, 23]",4231,"[1, 2, 3, 5, 6, 9, 11, 17, 19, 21, 23]",45,0.40425531914893614,-2
2026,4231,"[1, 2, 3, 5, 6, 9, 11, 17, 19, 21, 23]",4231,"[1, 2, 3, 5, 6, 9, 11, 17, 19, 21, 23]",63,0.6,1
2027,4231,"[1, 2, 3, 5, 6, 9, 11, 17, 19, 21, 23]",4231,"[1, 2, 3, 5, 6, 9, 11, 17, 19, 21, 23]",74,0.46774193548387094,0
2028,3421,"[1, 3, 4, 5, 7, 8, 9, 11, 18, 20, 23]",4231,"[1, 2, 3, 5, 6, 9, 11, 17, 19, 21, 23]",0,0.44547028274668204,-1
2029,3421,"[1, 3, 4, 5, 7, 8, 9, 11, 18, 20, 23]",4231,"[1, 2, 3, 5, 6, 9, 11, 17, 19, 21, 23]",45,0.6370967741935484,0
2030,3421,"[1, 3, 4, 5, 7, 8, 9, 11, 18, 20, 23]",4231,"[1, 2, 3, 5, 6, 9, 11, 17, 19, 21, 23]",63,0.1095890410958904,1
2031,3421,"[1, 3, 4, 5, 7, 8, 9, 11, 18, 20, 23]",4231,"[1, 2, 3, 5, 6, 9, 11, 17, 19, 21, 23]",66,0.2070063694267516,-1
2032,3421,"[1, 3, 4, 5, 7, 8, 9, 11, 18, 20, 23]",4231,"[1, 2, 3, 5, 6, 9, 11, 17, 19, 21, 23]",76,0.3534136546184739,0
2033,4231,"[1, 2, 3, 5, 6, 9, 11, 17, 19, 21, 23]",4231,"[1, 2, 3, 5, 6, 9, 11, 17, 19, 21, 23]",83,0.6256684491978609,0
2034,352,"[1, 3, 4, 5, 7, 8, 10, 13, 15, 22, 24]",4231,"[1, 2, 3, 5, 6, 9, 11, 17, 19, 21, 23]",0,0.43518951801591016,0
2035,352,"[1, 3, 4, 5, 7, 8, 10, 13, 15, 22, 24]",4231,"[1, 2, 3, 5, 6, 9, 11, 17, 19, 21, 23]",63,0.5189393939393939,-1
2036,352,"[1, 3, 4, 5, 7, 8, 10, 13, 15, 22, 24]",4231,"[1, 2, 3, 5, 6, 9, 11, 17, 19, 21, 23]",88,0.03508771929824561,0
2037,433,"[1, 2, 3, 5, 6, 10, 13, 15, 17, 21, 23]",4231,"[1, 2, 3, 5, 6, 9, 11, 17, 19, 21, 23]",0,0.6156533892382949,-1
2038,433,"[1, 2, 3, 5, 6, 10, 13, 15, 17, 21, 23]",4231,"[1, 2, 3, 5, 6, 9, 11, 17, 19, 21, 23]",47,0.5185873605947955,2
2039,433,"[1, 2, 3, 5, 6, 10, 13, 15, 17, 21, 23]",442,"[1, 2, 3, 5, 6, 9, 11, 12, 16, 22, 24]",63,0.5696969696969697,0
2040,442,"[1, 2, 3, 5, 6, 9, 11, 12, 16, 22, 24]",433,"[1, 2, 3, 5, 6, 10, 13, 15, 17, 21, 23]",0,0.5332845647403073,2
2041,4231,"[1, 2, 3, 5, 6, 9, 11, 17, 19, 21, 23]",4231,"[1, 2, 3, 5, 6, 9, 11, 17, 19, 21, 23]",0,0.475968992248062,0
2042,4231,"[1, 2, 3, 5, 6, 9, 11, 17, 19, 21, 23]",4231,"[1, 2, 3, 5, 6, 9, 11, 17, 19, 21, 23]",55,0.5822550831792976,0
2043,4231,"[1, 2, 3, 5, 6, 9, 11, 17, 19, 21, 23]",4231,"[1, 2, 3, 5, 6, 9, 11, 17, 19, 21, 23]",73,0.3422459893048128,0
2044,433,"[1, 2, 3, 5, 6, 10, 13, 15, 17, 21, 23]",352,"[1, 3, 4, 5, 7, 8, 10, 13, 15, 22, 24]",0,0.35639097744360904,-2
2045,343,"[1, 3, 4, 5, 7, 8, 9, 11, 17, 21, 23]",352,"[1, 3, 4, 5, 7, 8, 10, 13, 15, 22, 24]",17,0.49494097807757165,0
2046,343,"[1, 3, 4, 5, 7, 8, 9, 11, 17, 21, 23]",352,"[1, 3, 4, 5, 7, 8, 10, 13, 15, 22, 24]",46,0.5573770491803278,1
2047,343,"[1, 3, 4, 5, 7, 8, 9, 11, 17, 21, 23]",352,"[1, 3, 4, 5, 7, 8, 10, 13, 15, 22, 24]",66,0.5216284987277354,0
2048,442,"[1, 2, 3, 5, 6, 9, 11, 12, 16, 22, 24]",433,"[1, 2, 3, 5, 6, 10, 13, 15, 17, 21, 23]",0,0.4583333333333333,-1
2049,442,"[1, 2, 3, 5, 6, 9, 11, 12, 16, 22, 24]",433,"[1, 2, 3, 5, 6, 10, 13, 15, 17, 21, 23]",67,0.9154929577464789,0
2050,442,"[1, 2, 3, 5, 6, 9, 11, 12, 16, 22, 24]",433,"[1, 2, 3, 5, 6, 10, 13, 15, 17, 21, 23]",76,0.36065573770491804,0
2051,4231,"[1, 2, 3, 5, 6, 9, 11, 17, 19, 21, 23]",442,"[1, 2, 3, 5, 6, 9, 11, 12, 16, 22, 24]",0,0.6875,0
2052,4231,"[1, 2, 3, 5, 6, 9, 11, 17, 19, 21, 23]",442,"[1, 2, 3, 5, 6, 9, 11, 12, 16, 22, 24]",67,0.3958333333333333,0
2053,442,"[1, 2, 3, 5, 6, 9, 11, 12, 16, 22, 24]",4231,"[1, 2, 3, 5, 6, 9, 11, 17, 19, 21, 23]",0,0.28989139515455303,1
2054,442,"[1, 2, 3, 5, 6, 9, 11, 12, 16, 22, 24]",4231,"[1, 2, 3, 5, 6, 9, 11, 17, 19, 21, 23]",74,0.28994082840236685,0
2055,442,"[1, 2, 3, 5, 6, 9, 11, 12, 16, 22, 24]",4231,"[1, 2, 3, 5, 6, 9, 11, 17, 19, 21, 23]",81,0.4,0
2056,433,"[1, 2, 3, 5, 6, 10, 13, 15, 17, 21, 23]",352,"[1, 3, 4, 5, 7, 8, 10, 13, 15, 22, 24]",0,0.47670118343195267,3
2057,433,"[1, 2, 3, 5, 6, 10, 13, 15, 17, 21, 23]",352,"[1, 3, 4, 5, 7, 8, 10, 13, 15, 22, 24]",79,0.4877126654064272,0
2058,442,"[1, 2, 3, 5, 6, 9, 11, 12, 16, 22, 24]",442,"[1, 2, 3, 5, 6, 9, 11, 12, 16, 22, 24]",0,0.495114006514658,1
2059,4231,"[1, 2, 3, 5, 6, 9, 11, 17, 19, 21, 23]",4231,"[1, 2, 3, 5, 6, 9, 11, 17, 19, 21, 23]",0,0.5604448742746615,0
2060,3412,"[1, 3, 4, 5, 7, 8, 9, 11, 19, 22, 24]",4231,"[1, 2, 3, 5, 6, 9, 11, 17, 19, 21, 23]",0,0.7022106631989596,0
2061,3412,"[1, 3, 4, 5, 7, 8, 9, 11, 19, 22, 24]",4231,"[1, 2, 3, 5, 6, 9, 11, 17, 19, 21, 23]",45,0.63913470993117,0
2062,4411,"[1, 2, 3, 5, 6, 9, 11, 12, 16, 19, 23]",4231,"[1, 2, 3, 5, 6, 9, 11, 17, 19, 21, 23]",0,0.5214489990467112,1
2063,4411,"[1, 2, 3, 5, 6, 9, 11, 12, 16, 19, 23]",4231,"[1, 2, 3, 5, 6, 9, 11, 17, 19, 21, 23]",62,0.33444816053511706,0
2064,4231,"[1, 2, 3, 5, 6, 9, 11, 17, 19, 21, 23]",4231,"[1, 2, 3, 5, 6, 9, 11, 17, 19, 21, 23]",0,0.4222560975609756,-2
2065,4231,"[1, 2, 3, 5, 6, 9, 11, 17, 19, 21, 23]",4231,"[1, 2, 3, 5, 6, 9, 11, 17, 19, 21, 23]",45,0.6336996336996337,-1
2066,4231,"[1, 2, 3, 5, 6, 9, 11, 17, 19, 21, 23]",4231,"[1, 2, 3, 5, 6, 9, 11, 17, 19, 21, 23]",67,1.0,0
2067,4231,"[1, 2, 3, 5, 6, 9, 11, 17, 19, 21, 23]",4231,"[1, 2, 3, 5, 6, 9, 11, 17, 19, 21, 23]",68,0.8566775244299675,0
2068,4231,"[1, 2, 3, 5, 6, 9, 11, 17, 19, 21, 23]",4231,"[1, 2, 3, 5, 6, 9, 11, 17, 19, 21, 23]",78,0.6939890710382514,0
2069,4231,"[1, 2, 3, 5, 6, 9, 11, 17, 19, 21, 23]",4231,"[1, 2, 3, 5, 6, 9, 11, 17, 19, 21, 23]",82,0.8377581120943953,0
2070,4231,"[1, 2, 3, 5, 6, 9, 11, 17, 19, 21, 23]",4231,"[1, 2, 3, 5, 6, 9, 11, 17, 19, 21, 23]",0,0.5925361766945926,-1
2071,4231,"[1, 2, 3, 5, 6, 9, 11, 17, 19, 21, 23]",4231,"[1, 2, 3, 5, 6, 9, 11, 17, 19, 21, 23]",45,0.7702503681885126,0
2072,4231,"[1, 2, 3, 5, 6, 9, 11, 17, 19, 21, 23]",4231,"[1, 2, 3, 5, 6, 9, 11, 17, 19, 21, 23]",66,0.6197183098591549,0
2073,4231,"[1, 2, 3, 5, 6, 9, 11, 17, 19, 21, 23]",4231,"[1, 2, 3, 5, 6, 9, 11, 17, 19, 21, 23]",68,0.5128205128205128,0
2074,4231,"[1, 2, 3, 5, 6, 9, 11, 17, 19, 21, 23]",4231,"[1, 2, 3, 5, 6, 9, 11, 17, 19, 21, 23]",70,0.8532423208191127,0
2075,442,"[1, 2, 3, 5, 6, 9, 11, 12, 16, 22, 24]",4231,"[1, 2, 3, 5, 6, 9, 11, 17, 19, 21, 23]",0,0.42701149425287355,-1
2076,442,"[1, 2, 3, 5, 6, 9, 11, 12, 16, 22, 24]",4231,"[1, 2, 3, 5, 6, 9, 11, 17, 19, 21, 23]",45,0.608058608058608,1
2077,4231,"[1, 2, 3, 5, 6, 9, 11, 17, 19, 21, 23]",4231,"[1, 2, 3, 5, 6, 9, 11, 17, 19, 21, 23]",56,0.47678018575851394,0
2078,4231,"[1, 2, 3, 5, 6, 9, 11, 17, 19, 21, 23]",4231,"[1, 2, 3, 5, 6, 9, 11, 17, 19, 21, 23]",70,0.6257796257796258,0
2079,3412,"[1, 3, 4, 5, 7, 8, 9, 11, 19, 22, 24]",433,"[1, 2, 3, 5, 6, 10, 13, 15, 17, 21, 23]",0,0.5718774548311076,0
2080,3412,"[1, 3, 4, 5, 7, 8, 9, 11, 19, 22, 24]",433,"[1, 2, 3, 5, 6, 10, 13, 15, 17, 21, 23]",39,0.5273972602739726,1
2081,3412,"[1, 3, 4, 5, 7, 8, 9, 11, 19, 22, 24]",433,"[1, 2, 3, 5, 6, 10, 13, 15, 17, 21, 23]",50,0.4715909090909091,0
2082,3412,"[1, 3, 4, 5, 7, 8, 9, 11, 19, 22, 24]",451,"[1, 2, 3, 5, 6, 10, 12, 13, 15, 16, 23]",63,0.4854368932038835,0
2083,4231,"[1, 2, 3, 5, 6, 9, 11, 17, 19, 21, 23]",4231,"[1, 2, 3, 5, 6, 9, 11, 17, 19, 21, 23]",0,0.469164265129683,0
2084,4231,"[1, 2, 3, 5, 6, 9, 11, 17, 19, 21, 23]",4231,"[1, 2, 3, 5, 6, 9, 11, 17, 19, 21, 23]",45,0.25259515570934254,0
2085,4231,"[1, 2, 3, 5, 6, 9, 11, 17, 19, 21, 23]",4231,"[1, 2, 3, 5, 6, 9, 11, 17, 19, 21, 23]",54,0.3444782168186423,0
2086,4321,"[1, 2, 3, 5, 6, 10, 13, 15, 18, 20, 23]",4231,"[1, 2, 3, 5, 6, 9, 11, 17, 19, 21, 23]",0,0.5773776027011818,-2
2087,4321,"[1, 2, 3, 5, 6, 10, 13, 15, 18, 20, 23]",4231,"[1, 2, 3, 5, 6, 9, 11, 17, 19, 21, 23]",59,0.596551724137931,2
2088,442,"[1, 2, 3, 5, 6, 9, 11, 12, 16, 22, 24]",4141,"[1, 2, 3, 5, 6, 10, 12, 13, 15, 16, 23]",0,0.6113172541743971,2
2089,442,"[1, 2, 3, 5, 6, 9, 11, 12, 16, 22, 24]",442,"[1, 2, 3, 5, 6, 9, 11, 12, 16, 22, 24]",60,0.5630712979890311,0
2090,442,"[1, 2, 3, 5, 6, 9, 11, 12, 16, 22, 24]",442,"[1, 2, 3, 5, 6, 9, 11, 12, 16, 22, 24]",76,0.8461538461538461,0
2091,442,"[1, 2, 3, 5, 6, 9, 11, 12, 16, 22, 24]",442,"[1, 2, 3, 5, 6, 9, 11, 12, 16, 22, 24]",78,0.4981549815498155,0
2092,442,"[1, 2, 3, 5, 6, 9, 11, 12, 16, 22, 24]",442,"[1, 2, 3, 5, 6, 9, 11, 12, 16, 22, 24]",84,0.5497076023391813,1
2093,4231,"[1, 2, 3, 5, 6, 9, 11, 17, 19, 21, 23]",442,"[1, 2, 3, 5, 6, 9, 11, 12, 16, 22, 24]",0,0.4754022988505747,1
2094,4231,"[1, 2, 3, 5, 6, 9, 11, 17, 19, 21, 23]",442,"[1, 2, 3, 5, 6, 9, 11, 12, 16, 22, 24]",66,0.38424821002386633,0
2095,433,"[1, 2, 3, 5, 6, 10, 13, 15, 17, 21, 23]",442,"[1, 2, 3, 5, 6, 9, 11, 12, 16, 22, 24]",0,0.6206425153793574,0
2096,433,"[1, 2, 3, 5, 6, 10, 13, 15, 17, 21, 23]",4231,"[1, 2, 3, 5, 6, 9, 11, 17, 19, 21, 23]",45,0.6098726114649682,1
2097,433,"[1, 2, 3, 5, 6, 10, 13, 15, 17, 21, 23]",4231,"[1, 2, 3, 5, 6, 9, 11, 17, 19, 21, 23]",64,0.5250737463126843,0
2098,442,"[1, 2, 3, 5, 6, 9, 11, 12, 16, 22, 24]",4231,"[1, 2, 3, 5, 6, 9, 11, 17, 19, 21, 23]",0,0.5453964194373402,-3
2099,352,"[1, 3, 4, 5, 7, 8, 10, 13, 15, 22, 24]",433,"[1, 2, 3, 5, 6, 10, 13, 15, 17, 21, 23]",0,0.5772552783109405,1
2100,352,"[1, 3, 4, 5, 7, 8, 10, 13, 15, 22, 24]",442,"[1, 2, 3, 5, 6, 9, 11, 12, 16, 22, 24]",63,0.41422594142259417,0
2101,352,"[1, 3, 4, 5, 7, 8, 10, 13, 15, 22, 24]",442,"[1, 2, 3, 5, 6, 9, 11, 12, 16, 22, 24]",71,0.3679417122040073,0
2102,442,"[1, 2, 3, 5, 6, 9, 11, 12, 16, 22, 24]",4231,"[1, 2, 3, 5, 6, 9, 11, 17, 19, 21, 23]",0,0.43267776096822996,1
2103,442,"[1, 2, 3, 5, 6, 9, 11, 12, 16, 22, 24]",4231,"[1, 2, 3, 5, 6, 9, 11, 17, 19, 21, 23]",45,0.4024802705749718,0
2104,442,"[1, 2, 3, 5, 6, 9, 11, 12, 16, 22, 24]",4231,"[1, 2, 3, 5, 6, 9, 11, 17, 19, 21, 23]",72,0.06666666666666667,0
2105,442,"[1, 2, 3, 5, 6, 9, 11, 12, 16, 22, 24]",442,"[1, 2, 3, 5, 6, 9, 11, 12, 16, 22, 24]",74,0.4253968253968254,0
2106,3412,"[1, 3, 4, 5, 7, 8, 9, 11, 19, 22, 24]",352,"[1, 3, 4, 5, 7, 8, 10, 13, 15, 22, 24]",0,0.7006472491909385,0
2107,4231,"[1, 2, 3, 5, 6, 9, 11, 17, 19, 21, 23]",352,"[1, 3, 4, 5, 7, 8, 10, 13, 15, 22, 24]",0,0.6006178287731686,-1
2108,4231,"[1, 2, 3, 5, 6, 9, 11, 17, 19, 21, 23]",352,"[1, 3, 4, 5, 7, 8, 10, 13, 15, 22, 24]",67,0.5154639175257731,0
2109,4231,"[1, 2, 3, 5, 6, 9, 11, 17, 19, 21, 23]",3412,"[1, 3, 4, 5, 7, 8, 9, 11, 19, 22, 24]",0,0.5426917510853835,1
2110,4231,"[1, 2, 3, 5, 6, 9, 11, 17, 19, 21, 23]",4141,"[1, 2, 3, 5, 6, 10, 12, 13, 15, 16, 23]",0,0.637909581086686,0
2111,352,"[1, 3, 4, 5, 7, 8, 10, 13, 15, 22, 24]",433,"[1, 2, 3, 5, 6, 10, 13, 15, 17, 21, 23]",0,0.49136069114470843,1
2112,352,"[1, 3, 4, 5, 7, 8, 10, 13, 15, 22, 24]",352,"[1, 3, 4, 5, 7, 8, 10, 13, 15, 22, 24]",25,0.25474254742547425,-1
2113,442,"[1, 2, 3, 5, 6, 9, 11, 12, 16, 22, 24]",352,"[1, 3, 4, 5, 7, 8, 10, 13, 15, 22, 24]",41,0.6482758620689655,-1
2114,433,"[1, 2, 3, 5, 6, 10, 13, 15, 17, 21, 23]",352,"[1, 3, 4, 5, 7, 8, 10, 13, 15, 22, 24]",45,0.4700854700854701,1
2115,442,"[1, 2, 3, 5, 6, 9, 11, 12, 16, 22, 24]",4411,"[1, 2, 3, 5, 6, 9, 11, 12, 16, 19, 23]",0,0.5366859027205276,0
2116,352,"[1, 3, 4, 5, 7, 8, 10, 13, 15, 22, 24]",442,"[1, 2, 3, 5, 6, 9, 11, 12, 16, 22, 24]",0,0.4325371207230471,-2
2117,442,"[1, 2, 3, 5, 6, 12, 13, 15, 16, 22, 24]",442,"[1, 2, 3, 5, 6, 9, 11, 12, 16, 22, 24]",45,0.5102260495156081,0
2118,442,"[1, 2, 3, 5, 6, 12, 13, 15, 16, 22, 24]",442,"[1, 2, 3, 5, 6, 9, 11, 12, 16, 22, 24]",70,0.8704663212435233,-1
2119,442,"[1, 2, 3, 5, 6, 12, 13, 15, 16, 22, 24]",442,"[1, 2, 3, 5, 6, 9, 11, 12, 16, 22, 24]",78,0.5689655172413793,0
2120,4231,"[1, 2, 3, 5, 6, 9, 11, 17, 19, 21, 23]",4141,"[1, 2, 3, 5, 6, 10, 12, 13, 15, 16, 23]",0,0.620429483459083,2
2121,4231,"[1, 2, 3, 5, 6, 9, 11, 17, 19, 21, 23]",4141,"[1, 2, 3, 5, 6, 10, 12, 13, 15, 16, 23]",54,0.4928571428571429,2
2122,4231,"[1, 2, 3, 5, 6, 9, 11, 17, 19, 21, 23]",442,"[1, 2, 3, 5, 6, 9, 11, 12, 16, 22, 24]",0,0.5757575757575758,-3
2123,4231,"[1, 2, 3, 5, 6, 9, 11, 17, 19, 21, 23]",442,"[1, 2, 3, 5, 6, 9, 11, 12, 16, 22, 24]",54,0.676530612244898,0
2124,4231,"[1, 2, 3, 5, 6, 9, 11, 17, 19, 21, 23]",4231,"[1, 2, 3, 5, 6, 9, 11, 17, 19, 21, 23]",0,0.6157662624035282,-4
2125,4231,"[1, 2, 3, 5, 6, 9, 11, 17, 19, 21, 23]",4231,"[1, 2, 3, 5, 6, 9, 11, 17, 19, 21, 23]",54,0.7272727272727273,0
2126,4231,"[1, 2, 3, 5, 6, 9, 11, 17, 19, 21, 23]",4231,"[1, 2, 3, 5, 6, 9, 11, 17, 19, 21, 23]",66,0.5692307692307692,0
2127,4231,"[1, 2, 3, 5, 6, 9, 11, 17, 19, 21, 23]",4231,"[1, 2, 3, 5, 6, 9, 11, 17, 19, 21, 23]",79,0.5,0
2128,433,"[1, 2, 3, 5, 6, 10, 13, 15, 17, 21, 23]",3412,"[1, 3, 4, 5, 7, 8, 9, 11, 19, 22, 24]",0,0.3766623766623767,0
2129,433,"[1, 2, 3, 5, 6, 10, 13, 15, 17, 21, 23]",4231,"[1, 2, 3, 5, 6, 9, 11, 17, 19, 21, 23]",0,0.525649145028499,-2
2130,433,"[1, 2, 3, 5, 6, 10, 13, 15, 17, 21, 23]",4231,"[1, 2, 3, 5, 6, 9, 11, 17, 19, 21, 23]",45,0.5804749340369393,0
2131,433,"[1, 2, 3, 5, 6, 10, 13, 15, 17, 21, 23]",4231,"[1, 2, 3, 5, 6, 9, 11, 17, 19, 21, 23]",57,0.5819397993311036,0
2132,4231,"[1, 2, 3, 5, 6, 9, 11, 17, 19, 21, 23]",4231,"[1, 2, 3, 5, 6, 9, 11, 17, 19, 21, 23]",0,0.47319450598139123,0
2133,4231,"[1, 2, 3, 5, 6, 9, 11, 17, 19, 21, 23]",4231,"[1, 2, 3, 5, 6, 9, 11, 17, 19, 21, 23]",63,0.4140625,-2
2134,3412,"[1, 3, 4, 5, 7, 8, 9, 11, 19, 22, 24]",433,"[1, 2, 3, 5, 6, 10, 13, 15, 17, 21, 23]",0,0.6886446886446886,-1
2135,433,"[1, 2, 3, 5, 6, 10, 13, 15, 17, 21, 23]",442,"[1, 2, 3, 5, 6, 9, 11, 12, 16, 22, 24]",0,0.449438202247191,-2
2136,433,"[1, 2, 3, 5, 6, 10, 13, 15, 17, 21, 23]",442,"[1, 2, 3, 5, 6, 9, 11, 12, 16, 22, 24]",46,0.4940898345153664,0
2137,433,"[1, 2, 3, 5, 6, 10, 13, 15, 17, 21, 23]",442,"[1, 2, 3, 5, 6, 9, 11, 12, 16, 22, 24]",68,0.7283236994219653,0
2138,4231,"[1, 2, 3, 5, 6, 9, 11, 17, 19, 21, 23]",4141,"[1, 2, 3, 5, 6, 10, 12, 13, 15, 16, 23]",0,0.5216216216216216,0
2139,4231,"[1, 2, 3, 5, 6, 9, 11, 17, 19, 21, 23]",433,"[1, 2, 3, 5, 6, 10, 13, 15, 17, 21, 23]",0,0.5232896652110626,-3
2140,4231,"[1, 2, 3, 5, 6, 9, 11, 17, 19, 21, 23]",433,"[1, 2, 3, 5, 6, 10, 13, 15, 17, 21, 23]",45,0.5768169273229071,0
2141,4231,"[1, 2, 3, 5, 6, 9, 11, 17, 19, 21, 23]",433,"[1, 2, 3, 5, 6, 10, 13, 15, 17, 21, 23]",71,0.6113074204946997,0
2142,4231,"[1, 2, 3, 5, 6, 9, 11, 17, 19, 21, 23]",3412,"[1, 3, 4, 5, 7, 8, 9, 11, 19, 22, 24]",0,0.6495867768595042,-2
2143,4231,"[1, 2, 3, 5, 6, 9, 11, 17, 19, 21, 23]",3412,"[1, 3, 4, 5, 7, 8, 9, 11, 19, 22, 24]",51,0.8154761904761905,0
2144,4231,"[1, 2, 3, 5, 6, 9, 11, 17, 19, 21, 23]",4231,"[1, 2, 3, 5, 6, 9, 11, 17, 19, 21, 23]",56,0.5798319327731093,0
2145,4231,"[1, 2, 3, 5, 6, 9, 11, 17, 19, 21, 23]",442,"[1, 2, 3, 5, 6, 9, 11, 12, 16, 22, 24]",67,0.7878787878787878,0
2146,433,"[1, 2, 3, 5, 6, 10, 13, 15, 17, 21, 23]",4231,"[1, 2, 3, 5, 6, 9, 11, 17, 19, 21, 23]",0,0.3560818948213569,-1
2147,433,"[1, 2, 3, 5, 6, 10, 13, 15, 17, 21, 23]",4231,"[1, 2, 3, 5, 6, 9, 11, 17, 19, 21, 23]",77,0.42857142857142855,1
2148,4231,"[1, 2, 3, 5, 6, 9, 11, 17, 19, 21, 23]",4231,"[1, 2, 3, 5, 6, 9, 11, 17, 19, 21, 23]",0,0.4564766839378238,2
2149,4231,"[1, 2, 3, 5, 6, 9, 11, 17, 19, 21, 23]",4231,"[1, 2, 3, 5, 6, 9, 11, 17, 19, 21, 23]",0,0.43969072164948453,0
2150,4231,"[1, 2, 3, 5, 6, 9, 11, 17, 19, 21, 23]",4231,"[1, 2, 3, 5, 6, 13, 15, 17, 19, 21, 23]",72,0.20918367346938777,0
2151,352,"[1, 3, 4, 5, 7, 8, 10, 13, 15, 22, 24]",4231,"[1, 2, 3, 5, 6, 9, 11, 17, 19, 21, 23]",0,0.5897097625329816,1
2152,442,"[1, 2, 3, 5, 6, 9, 11, 12, 16, 22, 24]",352,"[1, 3, 4, 5, 7, 8, 10, 13, 15, 22, 24]",0,0.41915908105765065,0
2153,433,"[1, 2, 3, 5, 6, 10, 13, 15, 17, 21, 23]",4231,"[1, 2, 3, 5, 6, 9, 11, 17, 19, 21, 23]",0,0.4485294117647059,-1
2154,3412,"[1, 3, 4, 5, 7, 8, 9, 11, 19, 22, 24]",433,"[1, 2, 3, 5, 6, 10, 13, 15, 17, 21, 23]",0,0.5481406011207336,1
2155,3412,"[1, 3, 4, 5, 7, 8, 9, 11, 19, 22, 24]",433,"[1, 2, 3, 5, 6, 10, 13, 15, 17, 21, 23]",79,0.04519774011299435,0
2156,4231,"[1, 2, 3, 5, 6, 13, 15, 17, 19, 21, 23]",442,"[1, 2, 3, 5, 6, 9, 11, 12, 16, 22, 24]",0,0.5021250758955677,2
2157,4231,"[1, 2, 3, 5, 6, 13, 15, 17, 19, 21, 23]",442,"[1, 2, 3, 5, 6, 9, 11, 12, 16, 22, 24]",45,0.7175824175824176,1
2158,433,"[1, 2, 3, 5, 6, 10, 13, 15, 17, 21, 23]",4231,"[1, 2, 3, 5, 6, 9, 11, 17, 19, 21, 23]",0,0.2715179968701095,0
2159,433,"[1, 2, 3, 5, 6, 10, 13, 15, 17, 21, 23]",4231,"[1, 2, 3, 5, 6, 9, 11, 17, 19, 21, 23]",31,0.353125,0
2160,433,"[1, 2, 3, 5, 6, 10, 13, 15, 17, 21, 23]",4231,"[1, 2, 3, 5, 6, 9, 11, 17, 19, 21, 23]",57,0.38200339558573854,0
2161,4231,"[1, 2, 3, 5, 6, 9, 11, 17, 19, 21, 23]",442,"[1, 2, 3, 5, 6, 9, 11, 12, 16, 22, 24]",0,0.7816419612314709,-2
2162,3412,"[1, 3, 4, 5, 7, 8, 9, 11, 19, 22, 24]",442,"[1, 2, 3, 5, 6, 9, 11, 12, 16, 22, 24]",0,0.41535615171137835,2
2163,3412,"[1, 3, 4, 5, 7, 8, 9, 11, 19, 22, 24]",442,"[1, 2, 3, 5, 6, 9, 11, 12, 16, 22, 24]",69,0.45121951219512196,0
2164,343,"[1, 3, 4, 5, 7, 8, 9, 11, 17, 21, 23]",4231,"[1, 2, 3, 5, 6, 9, 11, 17, 19, 21, 23]",0,0.3755841121495327,-4
2165,4231,"[1, 2, 3, 5, 6, 9, 11, 17, 19, 21, 23]",4231,"[1, 2, 3, 5, 6, 9, 11, 17, 19, 21, 23]",50,0.36186440677966103,0
2166,442,"[1, 2, 3, 5, 6, 12, 13, 15, 16, 22, 24]",4141,"[1, 2, 3, 5, 6, 10, 12, 13, 15, 16, 23]",0,0.6136200716845878,0
2167,442,"[1, 2, 3, 5, 6, 12, 13, 15, 16, 22, 24]",4141,"[1, 2, 3, 5, 6, 10, 12, 13, 15, 16, 23]",46,0.6290322580645161,-1
2168,442,"[1, 2, 3, 5, 6, 12, 13, 15, 16, 22, 24]",4141,"[1, 2, 3, 5, 6, 10, 12, 13, 15, 16, 23]",77,1.0,0
2169,4141,"[1, 2, 3, 5, 6, 10, 12, 13, 15, 16, 23]",3412,"[1, 3, 4, 5, 7, 8, 9, 11, 19, 22, 24]",0,0.42093441150044925,0
2170,4141,"[1, 2, 3, 5, 6, 10, 12, 13, 15, 16, 23]",3412,"[1, 3, 4, 5, 7, 8, 9, 11, 19, 22, 24]",61,0.3953488372093023,0
2171,4231,"[1, 2, 3, 5, 6, 9, 11, 17, 19, 21, 23]",433,"[1, 2, 3, 5, 6, 10, 13, 15, 17, 21, 23]",0,0.6333815726000965,0
2172,4231,"[1, 2, 3, 5, 6, 9, 11, 17, 19, 21, 23]",433,"[1, 2, 3, 5, 6, 10, 13, 15, 17, 21, 23]",61,0.5716272600834492,1
2173,442,"[1, 2, 3, 5, 6, 9, 11, 12, 16, 22, 24]",4231,"[1, 2, 3, 5, 6, 9, 11, 17, 19, 21, 23]",0,0.5855897200550712,1
2174,442,"[1, 2, 3, 5, 6, 9, 11, 12, 16, 22, 24]",4231,"[1, 2, 3, 5, 6, 9, 11, 17, 19, 21, 23]",64,0.5753424657534246,0
2175,442,"[1, 2, 3, 5, 6, 9, 11, 12, 16, 22, 24]",4231,"[1, 2, 3, 5, 6, 9, 11, 17, 19, 21, 23]",75,0.0,0
2176,442,"[1, 2, 3, 5, 6, 9, 11, 12, 16, 22, 24]",4231,"[1, 2, 3, 5, 6, 9, 11, 17, 19, 21, 23]",76,0.0,0
2177,4231,"[1, 2, 3, 5, 6, 9, 11, 17, 19, 21, 23]",433,"[1, 2, 3, 5, 6, 10, 13, 15, 17, 21, 23]",0,0.47276422764227644,1
2178,4231,"[1, 2, 3, 5, 6, 9, 11, 17, 19, 21, 23]",433,"[1, 2, 3, 5, 6, 10, 13, 15, 17, 21, 23]",82,0.4225352112676056,0
2179,442,"[1, 2, 3, 5, 6, 9, 11, 12, 16, 22, 24]",433,"[1, 2, 3, 5, 6, 10, 13, 15, 17, 21, 23]",0,0.35366478728857,0
2180,442,"[1, 2, 3, 5, 6, 9, 11, 12, 16, 22, 24]",433,"[1, 2, 3, 5, 6, 10, 13, 15, 17, 21, 23]",61,0.31002331002331,0
2181,4231,"[1, 2, 3, 5, 6, 9, 11, 17, 19, 21, 23]",4231,"[1, 2, 3, 5, 6, 9, 11, 17, 19, 21, 23]",0,0.7006129184347006,1
2182,4231,"[1, 2, 3, 5, 6, 9, 11, 17, 19, 21, 23]",4231,"[1, 2, 3, 5, 6, 9, 11, 17, 19, 21, 23]",63,0.5942857142857143,0
2183,4231,"[1, 2, 3, 5, 6, 9, 11, 17, 19, 21, 23]",4231,"[1, 2, 3, 5, 6, 9, 11, 17, 19, 21, 23]",70,0.6761904761904762,0
2184,4231,"[1, 2, 3, 5, 6, 9, 11, 17, 19, 21, 23]",4231,"[1, 2, 3, 5, 6, 9, 11, 17, 19, 21, 23]",76,0.5583596214511041,1
2185,433,"[1, 2, 3, 5, 6, 10, 13, 15, 17, 21, 23]",4231,"[1, 2, 3, 5, 6, 9, 11, 17, 19, 21, 23]",0,0.610989010989011,0
2186,433,"[1, 2, 3, 5, 6, 10, 13, 15, 17, 21, 23]",4231,"[1, 2, 3, 5, 6, 9, 11, 17, 19, 21, 23]",25,0.40591397849462363,-1
2187,442,"[1, 2, 3, 5, 6, 9, 11, 12, 16, 22, 24]",4231,"[1, 2, 3, 5, 6, 9, 11, 17, 19, 21, 23]",45,0.4560878243512974,0
2188,3421,"[1, 3, 4, 5, 7, 8, 9, 11, 18, 20, 23]",442,"[1, 2, 3, 5, 6, 9, 11, 12, 16, 22, 24]",0,0.7358400761542123,0
2189,3421,"[1, 3, 4, 5, 7, 8, 9, 11, 18, 20, 23]",442,"[1, 2, 3, 5, 6, 9, 11, 12, 16, 22, 24]",62,0.680628272251309,0
2190,3421,"[1, 3, 4, 5, 7, 8, 9, 11, 18, 20, 23]",3421,"[1, 3, 4, 5, 7, 8, 9, 11, 18, 20, 23]",0,0.5470536499560247,-3
2191,3421,"[1, 3, 4, 5, 7, 8, 9, 11, 18, 20, 23]",3421,"[1, 3, 4, 5, 7, 8, 9, 11, 18, 20, 23]",33,0.5085470085470085,0
2192,3421,"[1, 3, 4, 5, 7, 8, 9, 11, 18, 20, 23]",3421,"[1, 3, 4, 5, 7, 8, 9, 11, 18, 20, 23]",46,0.48945147679324896,0
2193,3421,"[1, 3, 4, 5, 7, 8, 9, 11, 18, 20, 23]",3421,"[1, 3, 4, 5, 7, 8, 9, 11, 18, 20, 23]",51,0.3617021276595745,0
2194,442,"[1, 2, 3, 5, 6, 9, 11, 12, 16, 22, 24]",3421,"[1, 3, 4, 5, 7, 8, 9, 11, 18, 20, 23]",58,0.6932038834951456,0
2195,442,"[1, 2, 3, 5, 6, 9, 11, 12, 16, 22, 24]",3421,"[1, 3, 4, 5, 7, 8, 9, 11, 18, 20, 23]",75,0.5306666666666666,0
2196,4231,"[1, 2, 3, 5, 6, 9, 11, 17, 19, 21, 23]",433,"[1, 2, 3, 5, 6, 10, 13, 15, 17, 21, 23]",0,0.3164624400639318,1
2197,4231,"[1, 2, 3, 5, 6, 9, 11, 17, 19, 21, 23]",433,"[1, 2, 3, 5, 6, 10, 13, 15, 17, 21, 23]",56,1.0,0
2198,4231,"[1, 2, 3, 5, 6, 9, 11, 17, 19, 21, 23]",433,"[1, 2, 3, 5, 6, 10, 13, 15, 17, 21, 23]",56,0.5227272727272727,0
2199,4231,"[1, 2, 3, 5, 6, 9, 11, 17, 19, 21, 23]",433,"[1, 2, 3, 5, 6, 10, 13, 15, 17, 21, 23]",65,0.4375,0
2200,442,"[1, 2, 3, 5, 6, 9, 11, 12, 16, 22, 24]",4231,"[1, 2, 3, 5, 6, 9, 11, 17, 19, 21, 23]",0,0.39241857981847306,0
2201,442,"[1, 2, 3, 5, 6, 9, 11, 12, 16, 22, 24]",4231,"[1, 2, 3, 5, 6, 9, 11, 17, 19, 21, 23]",72,0.6038961038961039,0
2202,4231,"[1, 2, 3, 5, 6, 13, 15, 17, 19, 21, 23]",442,"[1, 2, 3, 5, 6, 9, 11, 12, 16, 22, 24]",0,0.6738973246565437,3
2203,4231,"[1, 2, 3, 5, 6, 13, 15, 17, 19, 21, 23]",442,"[1, 2, 3, 5, 6, 9, 11, 12, 16, 22, 24]",39,0.47333333333333333,-1
2204,4231,"[1, 2, 3, 5, 6, 13, 15, 17, 19, 21, 23]",442,"[1, 2, 3, 5, 6, 9, 11, 12, 16, 22, 24]",50,0.5024154589371981,-1
2205,4231,"[1, 2, 3, 5, 6, 13, 15, 17, 19, 21, 23]",442,"[1, 2, 3, 5, 6, 9, 11, 12, 16, 22, 24]",62,0.6124567474048442,1
2206,4141,"[1, 2, 3, 5, 6, 10, 12, 13, 15, 16, 23]",4411,"[1, 2, 3, 5, 6, 12, 13, 15, 16, 19, 23]",0,0.6110223642172524,0
2207,4141,"[1, 2, 3, 5, 6, 10, 12, 13, 15, 16, 23]",4411,"[1, 2, 3, 5, 6, 12, 13, 15, 16, 19, 23]",36,0.6432748538011696,0
2208,4141,"[1, 2, 3, 5, 6, 10, 12, 13, 15, 16, 23]",4411,"[1, 2, 3, 5, 6, 12, 13, 15, 16, 19, 23]",41,0.4661016949152542,0
2209,4141,"[1, 2, 3, 5, 6, 10, 12, 13, 15, 16, 23]",4411,"[1, 2, 3, 5, 6, 12, 13, 15, 16, 19, 23]",45,0.6258741258741258,0
2210,4141,"[1, 2, 3, 5, 6, 10, 12, 13, 15, 16, 23]",4411,"[1, 2, 3, 5, 6, 12, 13, 15, 16, 19, 23]",63,0.6698795180722892,0
2211,4231,"[1, 2, 3, 5, 6, 9, 11, 17, 19, 21, 23]",442,"[1, 2, 3, 5, 6, 9, 11, 12, 16, 22, 24]",0,0.6029753602975361,-1
2212,4411,"[1, 2, 3, 5, 6, 9, 11, 12, 16, 19, 23]",4141,"[1, 2, 3, 5, 6, 10, 12, 13, 15, 16, 23]",0,0.6305858987090367,0
2213,4411,"[1, 2, 3, 5, 6, 9, 11, 12, 16, 19, 23]",4141,"[1, 2, 3, 5, 6, 10, 12, 13, 15, 16, 23]",29,0.4876660341555977,0
2214,4411,"[1, 2, 3, 5, 6, 9, 11, 12, 16, 19, 23]",4141,"[1, 2, 3, 5, 6, 10, 12, 13, 15, 16, 23]",45,0.6828282828282828,1
2215,442,"[1, 2, 3, 5, 6, 9, 11, 12, 16, 22, 24]",4231,"[1, 2, 3, 5, 6, 9, 11, 17, 19, 21, 23]",0,1.0,0
2216,442,"[1, 2, 3, 5, 6, 9, 11, 12, 16, 22, 24]",4231,"[1, 2, 3, 5, 6, 9, 11, 17, 19, 21, 23]",0,0.3904382470119522,-1
2217,3412,"[1, 3, 4, 5, 7, 8, 9, 11, 19, 22, 24]",4231,"[1, 2, 3, 5, 6, 9, 11, 17, 19, 21, 23]",0,0.6478019201616978,-1
2218,3412,"[1, 3, 4, 5, 7, 8, 9, 11, 19, 22, 24]",4231,"[1, 2, 3, 5, 6, 9, 11, 17, 19, 21, 23]",60,0.6300448430493274,1
2219,442,"[1, 2, 3, 5, 6, 9, 11, 12, 16, 22, 24]",343,"[1, 3, 4, 5, 7, 8, 9, 11, 17, 21, 23]",0,0.4210264075734928,1
2220,442,"[1, 2, 3, 5, 6, 12, 13, 15, 16, 22, 24]",3412,"[1, 3, 4, 5, 7, 8, 9, 11, 19, 22, 24]",0,0.2972498537156232,-1
2221,442,"[1, 2, 3, 5, 6, 12, 13, 15, 16, 22, 24]",3412,"[1, 3, 4, 5, 7, 8, 9, 11, 19, 22, 24]",45,0.21808510638297873,1
2222,442,"[1, 2, 3, 5, 6, 12, 13, 15, 16, 22, 24]",3412,"[1, 3, 4, 5, 7, 8, 9, 11, 19, 22, 24]",62,0.36649214659685864,-1
2223,442,"[1, 2, 3, 5, 6, 12, 13, 15, 16, 22, 24]",3412,"[1, 3, 4, 5, 7, 8, 9, 11, 19, 22, 24]",80,0.4172661870503597,0
2224,4141,"[1, 2, 3, 5, 6, 10, 12, 13, 15, 16, 23]",4231,"[1, 2, 3, 5, 6, 9, 11, 17, 19, 21, 23]",0,0.3226480836236934,0
2225,4141,"[1, 2, 3, 5, 6, 10, 12, 13, 15, 16, 23]",4231,"[1, 2, 3, 5, 6, 9, 11, 17, 19, 21, 23]",46,0.2655786350148368,0
2226,4141,"[1, 2, 3, 5, 6, 10, 12, 13, 15, 16, 23]",4231,"[1, 2, 3, 5, 6, 9, 11, 17, 19, 21, 23]",68,0.4457831325301205,0
2227,4231,"[1, 2, 3, 5, 6, 9, 11, 17, 19, 21, 23]",4231,"[1, 2, 3, 5, 6, 9, 11, 17, 19, 21, 23]",0,0.5456831517183571,1
2228,4231,"[1, 2, 3, 5, 6, 9, 11, 17, 19, 21, 23]",4231,"[1, 2, 3, 5, 6, 9, 11, 17, 19, 21, 23]",69,0.35377358490566035,0
2229,352,"[1, 3, 4, 5, 7, 8, 10, 13, 15, 22, 24]",4231,"[1, 2, 3, 5, 6, 9, 11, 17, 19, 21, 23]",0,0.5838967424708051,-1
2230,433,"[1, 2, 3, 5, 6, 10, 13, 15, 17, 21, 23]",4231,"[1, 2, 3, 5, 6, 9, 11, 17, 19, 21, 23]",45,0.6165137614678899,0
2231,433,"[1, 2, 3, 5, 6, 10, 13, 15, 17, 21, 23]",4231,"[1, 2, 3, 5, 6, 9, 11, 17, 19, 21, 23]",72,0.48554913294797686,0
2232,352,"[1, 3, 4, 5, 7, 8, 10, 13, 15, 22, 24]",442,"[1, 2, 3, 5, 6, 9, 11, 12, 16, 22, 24]",0,0.5275958840037418,1
2233,352,"[1, 3, 4, 5, 7, 8, 10, 13, 15, 22, 24]",442,"[1, 2, 3, 5, 6, 9, 11, 12, 16, 22, 24]",63,0.39526411657559196,1
2234,442,"[1, 2, 3, 5, 6, 9, 11, 12, 16, 22, 24]",4141,"[1, 2, 3, 5, 6, 10, 12, 13, 15, 16, 23]",0,0.534740545294635,-1
2235,442,"[1, 2, 3, 5, 6, 9, 11, 12, 16, 22, 24]",4141,"[1, 2, 3, 5, 6, 10, 12, 13, 15, 16, 23]",64,0.10526315789473684,0
2236,442,"[1, 2, 3, 5, 6, 9, 11, 12, 16, 22, 24]",4141,"[1, 2, 3, 5, 6, 10, 12, 13, 15, 16, 23]",65,0.5407725321888412,0
2237,442,"[1, 2, 3, 5, 6, 9, 11, 12, 16, 22, 24]",4141,"[1, 2, 3, 5, 6, 10, 12, 13, 15, 16, 23]",72,0.4961636828644501,-1
2238,442,"[1, 2, 3, 5, 6, 9, 11, 12, 16, 22, 24]",442,"[1, 2, 3, 5, 6, 9, 11, 12, 16, 22, 24]",0,0.44983818770226536,0
2239,442,"[1, 2, 3, 5, 6, 9, 11, 12, 16, 22, 24]",442,"[1, 2, 3, 5, 6, 9, 11, 12, 16, 22, 24]",0,0.4734576757532281,1
2240,442,"[1, 2, 3, 5, 6, 9, 11, 12, 16, 22, 24]",442,"[1, 2, 3, 5, 6, 9, 11, 12, 16, 22, 24]",65,0.3653444676409186,1
2241,4231,"[1, 2, 3, 5, 6, 9, 11, 17, 19, 21, 23]",4141,"[1, 2, 3, 5, 6, 10, 12, 13, 15, 16, 23]",0,0.5393145161290323,2
2242,4141,"[1, 2, 3, 5, 6, 10, 12, 13, 15, 16, 23]",4141,"[1, 2, 3, 5, 6, 10, 12, 13, 15, 16, 23]",53,0.5473411154345007,0
2243,442,"[1, 2, 3, 5, 6, 9, 11, 12, 16, 22, 24]",433,"[1, 2, 3, 5, 6, 10, 13, 15, 17, 21, 23]",0,0.5410513880685174,0
2244,442,"[1, 2, 3, 5, 6, 9, 11, 12, 16, 22, 24]",433,"[1, 2, 3, 5, 6, 10, 13, 15, 17, 21, 23]",45,0.5596816976127321,1
2245,442,"[1, 2, 3, 5, 6, 9, 11, 12, 16, 22, 24]",433,"[1, 2, 3, 5, 6, 10, 13, 15, 17, 21, 23]",57,0.3217993079584775,0
2246,4231,"[1, 2, 3, 5, 6, 9, 11, 17, 19, 21, 23]",433,"[1, 2, 3, 5, 6, 10, 13, 15, 17, 21, 23]",64,0.6666666666666666,0
2247,4231,"[1, 2, 3, 5, 6, 9, 11, 17, 19, 21, 23]",433,"[1, 2, 3, 5, 6, 10, 13, 15, 17, 21, 23]",64,0.4117647058823529,0
2248,4231,"[1, 2, 3, 5, 6, 9, 11, 17, 19, 21, 23]",433,"[1, 2, 3, 5, 6, 10, 13, 15, 17, 21, 23]",67,0.7111111111111111,1
2249,451,"[1, 2, 3, 5, 6, 10, 12, 13, 15, 16, 23]",433,"[1, 2, 3, 5, 6, 10, 13, 15, 17, 21, 23]",0,0.3411494252873563,-2
2250,451,"[1, 2, 3, 5, 6, 10, 12, 13, 15, 16, 23]",433,"[1, 2, 3, 5, 6, 10, 13, 15, 17, 21, 23]",45,0.0,0
2251,4411,"[1, 2, 3, 5, 6, 9, 11, 12, 16, 19, 23]",433,"[1, 2, 3, 5, 6, 10, 13, 15, 17, 21, 23]",45,0.5199025182778229,0
2252,4231,"[1, 2, 3, 5, 6, 9, 11, 17, 19, 21, 23]",442,"[1, 2, 3, 5, 6, 9, 11, 12, 16, 22, 24]",0,0.5,2
2253,4231,"[1, 2, 3, 5, 6, 9, 11, 17, 19, 21, 23]",4231,"[1, 2, 3, 5, 6, 9, 11, 17, 19, 21, 23]",45,0.0,0
2254,4231,"[1, 2, 3, 5, 6, 9, 11, 17, 19, 21, 23]",4231,"[1, 2, 3, 5, 6, 9, 11, 17, 19, 21, 23]",48,0.48214285714285715,-1
2255,4231,"[1, 2, 3, 5, 6, 9, 11, 17, 19, 21, 23]",4321,"[1, 2, 3, 5, 6, 10, 13, 15, 18, 20, 23]",60,0.7318840579710145,1
2256,4231,"[1, 2, 3, 5, 6, 9, 11, 17, 19, 21, 23]",4321,"[1, 2, 3, 5, 6, 10, 13, 15, 18, 20, 23]",75,0.7705314009661836,0
2257,442,"[1, 2, 3, 5, 6, 9, 11, 12, 16, 22, 24]",4231,"[1, 2, 3, 5, 6, 9, 11, 17, 19, 21, 23]",0,0.4135645079041305,0
2258,442,"[1, 2, 3, 5, 6, 9, 11, 12, 16, 22, 24]",4231,"[1, 2, 3, 5, 6, 9, 11, 17, 19, 21, 23]",45,0.5180722891566265,2
2259,442,"[1, 2, 3, 5, 6, 9, 11, 12, 16, 22, 24]",4231,"[1, 2, 3, 5, 6, 9, 11, 17, 19, 21, 23]",59,0.41389728096676737,0
2260,442,"[1, 2, 3, 5, 6, 9, 11, 12, 16, 22, 24]",4231,"[1, 2, 3, 5, 6, 9, 11, 17, 19, 21, 23]",74,0.33620689655172414,0
2261,433,"[1, 2, 3, 5, 6, 10, 13, 15, 17, 21, 23]",4231,"[1, 2, 3, 5, 6, 9, 11, 17, 19, 21, 23]",0,0.47487113402061853,0
2262,433,"[1, 2, 3, 5, 6, 10, 13, 15, 17, 21, 23]",4231,"[1, 2, 3, 5, 6, 9, 11, 17, 19, 21, 23]",38,0.6426426426426426,0
2263,433,"[1, 2, 3, 5, 6, 10, 13, 15, 17, 21, 23]",4231,"[1, 2, 3, 5, 6, 9, 11, 17, 19, 21, 23]",45,1.0,0
2264,433,"[1, 2, 3, 5, 6, 10, 13, 15, 17, 21, 23]",4231,"[1, 2, 3, 5, 6, 9, 11, 17, 19, 21, 23]",45,0.4876543209876543,0
2265,433,"[1, 2, 3, 5, 6, 10, 13, 15, 17, 21, 23]",4231,"[1, 2, 3, 5, 6, 9, 11, 17, 19, 21, 23]",59,0.4427966101694915,0
2266,433,"[1, 2, 3, 5, 6, 10, 13, 15, 17, 21, 23]",4231,"[1, 2, 3, 5, 6, 9, 11, 17, 19, 21, 23]",75,0.688622754491018,0
2267,433,"[1, 2, 3, 5, 6, 10, 13, 15, 17, 21, 23]",4231,"[1, 2, 3, 5, 6, 9, 11, 17, 19, 21, 23]",84,0.5025906735751295,0
2268,4231,"[1, 2, 3, 5, 6, 9, 11, 17, 19, 21, 23]",442,"[1, 2, 3, 5, 6, 9, 11, 12, 16, 22, 24]",0,0.6153500897666068,0
2269,4411,"[1, 2, 3, 5, 6, 9, 11, 12, 16, 19, 23]",442,"[1, 2, 3, 5, 6, 9, 11, 12, 16, 22, 24]",0,0.5073375262054507,0
2270,4411,"[1, 2, 3, 5, 6, 9, 11, 12, 16, 19, 23]",442,"[1, 2, 3, 5, 6, 9, 11, 12, 16, 22, 24]",72,0.4875444839857651,0
2271,4411,"[1, 2, 3, 5, 6, 9, 11, 12, 16, 19, 23]",442,"[1, 2, 3, 5, 6, 9, 11, 12, 16, 22, 24]",81,0.37282229965156793,0
2272,442,"[1, 2, 3, 5, 6, 9, 11, 12, 16, 22, 24]",4231,"[1, 2, 3, 5, 6, 9, 11, 17, 19, 21, 23]",0,0.40399274047186934,1
2273,442,"[1, 2, 3, 5, 6, 9, 11, 12, 16, 22, 24]",442,"[1, 2, 3, 5, 6, 9, 11, 12, 16, 22, 24]",83,0.4225352112676056,-1
2274,442,"[1, 2, 3, 5, 6, 9, 11, 12, 16, 22, 24]",442,"[1, 2, 3, 5, 6, 9, 11, 12, 16, 22, 24]",0,0.5450188291680931,0
2275,442,"[1, 2, 3, 5, 6, 9, 11, 12, 16, 22, 24]",4231,"[1, 2, 3, 5, 6, 9, 11, 17, 19, 21, 23]",0,0.5262267343485617,1
2276,442,"[1, 2, 3, 5, 6, 9, 11, 12, 16, 22, 24]",433,"[1, 2, 3, 5, 6, 10, 13, 15, 17, 21, 23]",0,0.6666666666666666,2
2277,442,"[1, 2, 3, 5, 6, 9, 11, 12, 16, 22, 24]",442,"[1, 2, 3, 5, 6, 9, 11, 12, 16, 22, 24]",45,0.4549618320610687,-1
2278,442,"[1, 2, 3, 5, 6, 9, 11, 12, 16, 22, 24]",442,"[1, 2, 3, 5, 6, 9, 11, 12, 16, 22, 24]",65,0.4336283185840708,1
2279,442,"[1, 2, 3, 5, 6, 9, 11, 12, 16, 22, 24]",442,"[1, 2, 3, 5, 6, 9, 11, 12, 16, 22, 24]",68,0.58994708994709,2
2280,4231,"[1, 2, 3, 5, 6, 9, 11, 17, 19, 21, 23]",442,"[1, 2, 3, 5, 6, 9, 11, 12, 16, 22, 24]",81,0.5793650793650794,0
2281,442,"[1, 2, 3, 5, 6, 9, 11, 12, 16, 22, 24]",433,"[1, 2, 3, 5, 6, 10, 13, 15, 17, 21, 23]",0,0.3759512937595129,0
2282,442,"[1, 2, 3, 5, 6, 9, 11, 12, 16, 22, 24]",433,"[1, 2, 3, 5, 6, 10, 13, 15, 17, 21, 23]",67,0.5246212121212122,0
2283,442,"[1, 2, 3, 5, 6, 9, 11, 12, 16, 22, 24]",433,"[1, 2, 3, 5, 6, 10, 13, 15, 17, 21, 23]",82,0.5763888888888888,0
2284,442,"[1, 2, 3, 5, 6, 9, 11, 12, 16, 22, 24]",4231,"[1, 2, 3, 5, 6, 9, 11, 17, 19, 21, 23]",0,0.3360128617363344,1
2285,442,"[1, 2, 3, 5, 6, 9, 11, 12, 16, 22, 24]",4231,"[1, 2, 3, 5, 6, 9, 11, 17, 19, 21, 23]",56,0.3,0
2286,442,"[1, 2, 3, 5, 6, 9, 11, 12, 16, 22, 24]",4231,"[1, 2, 3, 5, 6, 9, 11, 17, 19, 21, 23]",65,0.7680412371134021,1
2287,442,"[1, 2, 3, 5, 6, 9, 11, 12, 16, 22, 24]",4231,"[1, 2, 3, 5, 6, 9, 11, 17, 19, 21, 23]",72,0.31329113924050633,0
2288,4231,"[1, 2, 3, 5, 6, 9, 11, 17, 19, 21, 23]",442,"[1, 2, 3, 5, 6, 9, 11, 12, 16, 22, 24]",0,0.5761589403973509,1
2289,4231,"[1, 2, 3, 5, 6, 9, 11, 17, 19, 21, 23]",4231,"[1, 2, 3, 5, 6, 9, 11, 17, 19, 21, 23]",45,0.5503080082135524,2
2290,4231,"[1, 2, 3, 5, 6, 9, 11, 17, 19, 21, 23]",4141,"[1, 2, 3, 5, 6, 10, 12, 13, 15, 16, 23]",58,0.43529411764705883,0
2291,4231,"[1, 2, 3, 5, 6, 9, 11, 17, 19, 21, 23]",442,"[1, 2, 3, 5, 6, 9, 11, 12, 16, 22, 24]",0,0.536096256684492,3
2292,433,"[1, 2, 3, 5, 6, 10, 13, 15, 17, 21, 23]",4231,"[1, 2, 3, 5, 6, 9, 11, 17, 19, 21, 23]",0,0.7347611202635914,0
2293,433,"[1, 2, 3, 5, 6, 10, 13, 15, 17, 21, 23]",4231,"[1, 2, 3, 5, 6, 9, 11, 17, 19, 21, 23]",17,0.5165266106442578,-1
2294,433,"[1, 2, 3, 5, 6, 10, 13, 15, 17, 21, 23]",4231,"[1, 2, 3, 5, 6, 9, 11, 17, 19, 21, 23]",60,0.578688524590164,0
2295,433,"[1, 2, 3, 5, 6, 10, 13, 15, 17, 21, 23]",4231,"[1, 2, 3, 5, 6, 9, 11, 17, 19, 21, 23]",77,0.40404040404040403,0
2296,442,"[1, 2, 3, 5, 6, 9, 11, 12, 16, 22, 24]",442,"[1, 2, 3, 5, 6, 9, 11, 12, 16, 22, 24]",0,0.5052764879696074,-1
2297,442,"[1, 2, 3, 5, 6, 9, 11, 12, 16, 22, 24]",442,"[1, 2, 3, 5, 6, 9, 11, 12, 16, 22, 24]",71,0.563953488372093,0
2298,4231,"[1, 2, 3, 5, 6, 9, 11, 17, 19, 21, 23]",4231,"[1, 2, 3, 5, 6, 9, 11, 17, 19, 21, 23]",0,0.5041006014215418,0
2299,4231,"[1, 2, 3, 5, 6, 9, 11, 17, 19, 21, 23]",4231,"[1, 2, 3, 5, 6, 9, 11, 17, 19, 21, 23]",47,0.4307178631051753,0
2300,4231,"[1, 2, 3, 5, 6, 9, 11, 17, 19, 21, 23]",442,"[1, 2, 3, 5, 6, 9, 11, 12, 16, 22, 24]",0,0.6319939917386407,-1
2301,4231,"[1, 2, 3, 5, 6, 9, 11, 17, 19, 21, 23]",442,"[1, 2, 3, 5, 6, 9, 11, 12, 16, 22, 24]",59,0.8833333333333333,0
2302,4231,"[1, 2, 3, 5, 6, 9, 11, 17, 19, 21, 23]",451,"[1, 2, 3, 5, 6, 10, 12, 13, 15, 16, 23]",62,0.4,0
2303,4231,"[1, 2, 3, 5, 6, 9, 11, 17, 19, 21, 23]",433,"[1, 2, 3, 5, 6, 10, 13, 15, 17, 21, 23]",0,0.40360046457607435,0
2304,4231,"[1, 2, 3, 5, 6, 9, 11, 17, 19, 21, 23]",433,"[1, 2, 3, 5, 6, 10, 13, 15, 17, 21, 23]",41,0.5,0
2305,4231,"[1, 2, 3, 5, 6, 9, 11, 17, 19, 21, 23]",4411,"[1, 2, 3, 5, 6, 9, 11, 12, 16, 19, 23]",45,0.5979513444302177,0
2306,3412,"[1, 3, 4, 5, 7, 8, 9, 11, 19, 22, 24]",4411,"[1, 2, 3, 5, 6, 9, 11, 12, 16, 19, 23]",65,0.7309523809523809,0
2307,3412,"[1, 3, 4, 5, 7, 8, 9, 11, 19, 22, 24]",4411,"[1, 2, 3, 5, 6, 9, 11, 12, 16, 19, 23]",80,0.5476190476190477,1
2308,442,"[1, 2, 3, 5, 6, 9, 11, 12, 16, 22, 24]",442,"[1, 2, 3, 5, 6, 9, 11, 12, 16, 22, 24]",0,0.601773180642778,0
2309,442,"[1, 2, 3, 5, 6, 9, 11, 12, 16, 22, 24]",442,"[1, 2, 3, 5, 6, 9, 11, 12, 16, 22, 24]",68,0.7112299465240641,0
2310,442,"[1, 2, 3, 5, 6, 9, 11, 12, 16, 22, 24]",442,"[1, 2, 3, 5, 6, 9, 11, 12, 16, 22, 24]",74,0.6834532374100719,1
2311,442,"[1, 2, 3, 5, 6, 9, 11, 12, 16, 22, 24]",442,"[1, 2, 3, 5, 6, 9, 11, 12, 16, 22, 24]",82,0.38571428571428573,0
2312,442,"[1, 2, 3, 5, 6, 9, 11, 12, 16, 22, 24]",4231,"[1, 2, 3, 5, 6, 9, 11, 17, 19, 21, 23]",0,0.5117493472584856,-1
2313,442,"[1, 2, 3, 5, 6, 9, 11, 12, 16, 22, 24]",4231,"[1, 2, 3, 5, 6, 9, 11, 17, 19, 21, 23]",68,0.27184466019417475,0
2314,442,"[1, 2, 3, 5, 6, 9, 11, 12, 16, 22, 24]",4231,"[1, 2, 3, 5, 6, 9, 11, 17, 19, 21, 23]",72,0.7525773195876289,0
2315,442,"[1, 2, 3, 5, 6, 9, 11, 12, 16, 22, 24]",4231,"[1, 2, 3, 5, 6, 9, 11, 17, 19, 21, 23]",75,0.29605263157894735,0
2316,442,"[1, 2, 3, 5, 6, 9, 11, 12, 16, 22, 24]",433,"[1, 2, 3, 5, 6, 10, 13, 15, 17, 21, 23]",0,0.6977040816326531,1
2317,442,"[1, 2, 3, 5, 6, 9, 11, 12, 16, 22, 24]",433,"[1, 2, 3, 5, 6, 10, 13, 15, 17, 21, 23]",18,0.47619047619047616,0
2318,442,"[1, 2, 3, 5, 6, 9, 11, 12, 16, 22, 24]",433,"[1, 2, 3, 5, 6, 10, 13, 15, 17, 21, 23]",29,0.43776371308016876,0
2319,442,"[1, 2, 3, 5, 6, 9, 11, 12, 16, 22, 24]",433,"[1, 2, 3, 5, 6, 10, 13, 15, 17, 21, 23]",55,0.47761194029850745,1
2320,442,"[1, 2, 3, 5, 6, 9, 11, 12, 16, 22, 24]",4231,"[1, 2, 3, 5, 6, 9, 11, 17, 19, 21, 23]",63,0.7348484848484849,0
2321,4231,"[1, 2, 3, 5, 6, 9, 11, 17, 19, 21, 23]",352,"[1, 3, 4, 5, 7, 8, 10, 13, 15, 22, 24]",0,0.6843100189035917,1
2322,4231,"[1, 2, 3, 5, 6, 9, 11, 17, 19, 21, 23]",352,"[1, 3, 4, 5, 7, 8, 10, 13, 15, 22, 24]",42,0.46396396396396394,0
2323,4231,"[1, 2, 3, 5, 6, 9, 11, 17, 19, 21, 23]",442,"[1, 2, 3, 5, 6, 9, 11, 12, 16, 22, 24]",46,0.28125,0
2324,4231,"[1, 2, 3, 5, 6, 9, 11, 17, 19, 21, 23]",442,"[1, 2, 3, 5, 6, 9, 11, 12, 16, 22, 24]",48,0.44621513944223107,0
2325,4231,"[1, 2, 3, 5, 6, 9, 11, 17, 19, 21, 23]",442,"[1, 2, 3, 5, 6, 9, 11, 12, 16, 22, 24]",76,0.0,0
2326,442,"[1, 2, 3, 5, 6, 9, 11, 12, 16, 22, 24]",4231,"[1, 2, 3, 5, 6, 9, 11, 17, 19, 21, 23]",0,0.4987157534246575,1
2327,442,"[1, 2, 3, 5, 6, 9, 11, 12, 16, 22, 24]",4231,"[1, 2, 3, 5, 6, 9, 11, 17, 19, 21, 23]",66,0.23026315789473684,0
2328,4231,"[1, 2, 3, 5, 6, 9, 11, 17, 19, 21, 23]",4231,"[1, 2, 3, 5, 6, 9, 11, 17, 19, 21, 23]",0,0.6417130919220055,-1
2329,4231,"[1, 2, 3, 5, 6, 9, 11, 17, 19, 21, 23]",4231,"[1, 2, 3, 5, 6, 9, 11, 17, 19, 21, 23]",72,0.8023255813953488,1
2330,442,"[1, 2, 3, 5, 6, 9, 11, 12, 16, 22, 24]",433,"[1, 2, 3, 5, 6, 10, 13, 15, 17, 21, 23]",0,0.2930489731437599,-3
2331,442,"[1, 2, 3, 5, 6, 9, 11, 12, 16, 22, 24]",433,"[1, 2, 3, 5, 6, 10, 13, 15, 17, 21, 23]",0,0.7222222222222222,-1
2332,442,"[1, 2, 3, 5, 6, 9, 11, 12, 16, 22, 24]",433,"[1, 2, 3, 5, 6, 10, 13, 15, 17, 21, 23]",18,0.684931506849315,1
2333,442,"[1, 2, 3, 5, 6, 9, 11, 12, 16, 22, 24]",433,"[1, 2, 3, 5, 6, 10, 13, 15, 17, 21, 23]",24,0.6081911262798635,0
2334,442,"[1, 2, 3, 5, 6, 9, 11, 12, 16, 22, 24]",433,"[1, 2, 3, 5, 6, 10, 13, 15, 17, 21, 23]",63,0.30180180180180183,1
2335,442,"[1, 2, 3, 5, 6, 9, 11, 12, 16, 22, 24]",433,"[1, 2, 3, 5, 6, 10, 13, 15, 17, 21, 23]",74,0.33251231527093594,0
2336,442,"[1, 2, 3, 5, 6, 9, 11, 12, 16, 22, 24]",451,"[1, 2, 3, 5, 6, 10, 12, 13, 15, 16, 23]",0,0.3593015446608462,0
2337,4231,"[1, 2, 3, 5, 6, 9, 11, 17, 19, 21, 23]",442,"[1, 2, 3, 5, 6, 9, 11, 12, 16, 22, 24]",0,0.49570490146538654,0
2338,4231,"[1, 2, 3, 5, 6, 9, 11, 17, 19, 21, 23]",442,"[1, 2, 3, 5, 6, 9, 11, 12, 16, 22, 24]",45,0.45219638242894056,0
2339,4231,"[1, 2, 3, 5, 6, 9, 11, 17, 19, 21, 23]",433,"[1, 2, 3, 5, 6, 10, 13, 15, 17, 21, 23]",0,0.3540296052631579,-1
2340,433,"[1, 2, 3, 5, 6, 10, 13, 15, 17, 21, 23]",4231,"[1, 2, 3, 5, 6, 9, 11, 17, 19, 21, 23]",0,0.5826972010178118,1
2341,433,"[1, 2, 3, 5, 6, 10, 13, 15, 17, 21, 23]",4231,"[1, 2, 3, 5, 6, 9, 11, 17, 19, 21, 23]",64,0.43958868894601544,0
2342,433,"[1, 2, 3, 5, 6, 10, 13, 15, 17, 21, 23]",4231,"[1, 2, 3, 5, 6, 9, 11, 17, 19, 21, 23]",77,0.15355805243445692,0
2343,343,"[1, 3, 4, 5, 7, 8, 13, 15, 17, 21, 23]",433,"[1, 2, 3, 5, 6, 10, 13, 15, 17, 21, 23]",0,0.48366013071895425,-1
2344,442,"[1, 2, 3, 5, 6, 9, 11, 12, 16, 22, 24]",442,"[1, 2, 3, 5, 6, 9, 11, 12, 16, 22, 24]",0,0.50625,0
2345,4231,"[1, 2, 3, 5, 6, 9, 11, 17, 19, 21, 23]",442,"[1, 2, 3, 5, 6, 9, 11, 12, 16, 22, 24]",0,0.4939498703543647,0
2346,442,"[1, 2, 3, 5, 6, 9, 11, 12, 16, 22, 24]",4231,"[1, 2, 3, 5, 6, 9, 11, 17, 19, 21, 23]",0,0.5527119938884645,0
2347,4231,"[1, 2, 3, 5, 6, 9, 11, 17, 19, 21, 23]",4231,"[1, 2, 3, 5, 6, 9, 11, 17, 19, 21, 23]",78,0.6121212121212121,0
2348,4231,"[1, 2, 3, 5, 6, 9, 11, 17, 19, 21, 23]",4231,"[1, 2, 3, 5, 6, 9, 11, 17, 19, 21, 23]",84,0.9166666666666666,0
2349,4231,"[1, 2, 3, 5, 6, 9, 11, 17, 19, 21, 23]",442,"[1, 2, 3, 5, 6, 9, 11, 12, 16, 22, 24]",0,0.45611345343043314,-1
2350,4231,"[1, 2, 3, 5, 6, 9, 11, 17, 19, 21, 23]",433,"[1, 2, 3, 5, 6, 10, 13, 15, 17, 21, 23]",0,0.6118029236599891,-2
2351,442,"[1, 2, 3, 5, 6, 9, 11, 12, 16, 22, 24]",433,"[1, 2, 3, 5, 6, 10, 13, 15, 17, 21, 23]",46,0.572463768115942,1
2352,442,"[1, 2, 3, 5, 6, 9, 11, 12, 16, 22, 24]",433,"[1, 2, 3, 5, 6, 10, 13, 15, 17, 21, 23]",60,0.7459016393442623,0
2353,442,"[1, 2, 3, 5, 6, 9, 11, 12, 16, 22, 24]",433,"[1, 2, 3, 5, 6, 10, 13, 15, 17, 21, 23]",65,0.4166666666666667,0
2354,442,"[1, 2, 3, 5, 6, 9, 11, 12, 16, 22, 24]",4411,"[1, 2, 3, 5, 6, 9, 11, 12, 16, 19, 23]",69,0.785171102661597,0
2355,442,"[1, 2, 3, 5, 6, 9, 11, 12, 16, 22, 24]",4411,"[1, 2, 3, 5, 6, 9, 11, 12, 16, 19, 23]",86,0.8723404255319149,0
2356,4141,"[1, 2, 3, 5, 6, 10, 12, 13, 15, 16, 23]",442,"[1, 2, 3, 5, 6, 9, 11, 12, 16, 22, 24]",0,0.6927064050351721,1
2357,4141,"[1, 2, 3, 5, 6, 10, 12, 13, 15, 16, 23]",442,"[1, 2, 3, 5, 6, 9, 11, 12, 16, 22, 24]",63,0.8381294964028777,0
2358,4231,"[1, 2, 3, 5, 6, 9, 11, 17, 19, 21, 23]",442,"[1, 2, 3, 5, 6, 9, 11, 12, 16, 22, 24]",70,1.0,0
2359,4231,"[1, 2, 3, 5, 6, 9, 11, 17, 19, 21, 23]",433,"[1, 2, 3, 5, 6, 10, 13, 15, 17, 21, 23]",70,0.18548387096774194,0
2360,442,"[1, 2, 3, 5, 6, 9, 11, 12, 16, 22, 24]",433,"[1, 2, 3, 5, 6, 10, 13, 15, 17, 21, 23]",74,0.49122807017543857,0
2361,433,"[1, 2, 3, 5, 6, 10, 13, 15, 17, 21, 23]",4231,"[1, 2, 3, 5, 6, 9, 11, 17, 19, 21, 23]",0,0.49635701275045535,1
2362,442,"[1, 2, 3, 5, 6, 9, 11, 12, 16, 22, 24]",4231,"[1, 2, 3, 5, 6, 9, 11, 17, 19, 21, 23]",58,0.22580645161290322,0
2363,442,"[1, 2, 3, 5, 6, 9, 11, 12, 16, 22, 24]",4231,"[1, 2, 3, 5, 6, 9, 11, 17, 19, 21, 23]",66,0.3832599118942731,0
2364,433,"[1, 2, 3, 5, 6, 10, 13, 15, 17, 21, 23]",4411,"[1, 2, 3, 5, 6, 9, 11, 12, 16, 19, 23]",0,0.6329954561342188,3
2365,4231,"[1, 2, 3, 5, 6, 9, 11, 17, 19, 21, 23]",4231,"[1, 2, 3, 5, 6, 9, 11, 17, 19, 21, 23]",0,0.5241264559068219,0
2366,4231,"[1, 2, 3, 5, 6, 9, 11, 17, 19, 21, 23]",4231,"[1, 2, 3, 5, 6, 9, 11, 17, 19, 21, 23]",70,0.4868804664723032,-2
2367,4231,"[1, 2, 3, 5, 6, 9, 11, 17, 19, 21, 23]",4231,"[1, 2, 3, 5, 6, 9, 11, 17, 19, 21, 23]",84,0.6385542168674698,0
2368,4231,"[1, 2, 3, 5, 6, 9, 11, 17, 19, 21, 23]",4141,"[1, 2, 3, 5, 6, 10, 12, 13, 15, 16, 23]",0,0.5721925133689839,-1
2369,4231,"[1, 2, 3, 5, 6, 9, 11, 17, 19, 21, 23]",4141,"[1, 2, 3, 5, 6, 10, 12, 13, 15, 16, 23]",61,0.7191539365452408,0
2370,442,"[1, 2, 3, 5, 6, 9, 11, 12, 16, 22, 24]",4231,"[1, 2, 3, 5, 6, 9, 11, 17, 19, 21, 23]",0,0.35441176470588237,1
2371,442,"[1, 2, 3, 5, 6, 9, 11, 12, 16, 22, 24]",4231,"[1, 2, 3, 5, 6, 9, 11, 17, 19, 21, 23]",40,0.27195225916453536,0
2372,433,"[1, 2, 3, 5, 6, 10, 13, 15, 17, 21, 23]",4141,"[1, 2, 3, 5, 6, 10, 12, 13, 15, 16, 23]",0,0.5862632869991823,-1
2373,433,"[1, 2, 3, 5, 6, 10, 13, 15, 17, 21, 23]",4141,"[1, 2, 3, 5, 6, 10, 12, 13, 15, 16, 23]",29,0.5623836126629422,0
2374,442,"[1, 2, 3, 5, 6, 9, 11, 12, 16, 22, 24]",4141,"[1, 2, 3, 5, 6, 10, 12, 13, 15, 16, 23]",56,0.8006535947712419,0
2375,442,"[1, 2, 3, 5, 6, 9, 11, 12, 16, 22, 24]",442,"[1, 2, 3, 5, 6, 9, 11, 12, 16, 22, 24]",65,0.6757532281205165,1
2376,442,"[1, 2, 3, 5, 6, 9, 11, 12, 16, 22, 24]",442,"[1, 2, 3, 5, 6, 9, 11, 12, 16, 22, 24]",84,0.14736842105263157,0
2377,4231,"[1, 2, 3, 5, 6, 9, 11, 17, 19, 21, 23]",442,"[1, 2, 3, 5, 6, 9, 11, 12, 16, 22, 24]",0,0.6045751633986928,-1
2378,442,"[1, 2, 3, 5, 6, 9, 11, 12, 16, 22, 24]",433,"[1, 2, 3, 5, 6, 10, 13, 15, 17, 21, 23]",0,0.4400345125107852,0
2379,442,"[1, 2, 3, 5, 6, 9, 11, 12, 16, 22, 24]",433,"[1, 2, 3, 5, 6, 10, 13, 15, 17, 21, 23]",60,0.5227272727272727,1
2380,442,"[1, 2, 3, 5, 6, 9, 11, 12, 16, 22, 24]",433,"[1, 2, 3, 5, 6, 10, 13, 15, 17, 21, 23]",69,0.46875,0
2381,442,"[1, 2, 3, 5, 6, 9, 11, 12, 16, 22, 24]",433,"[1, 2, 3, 5, 6, 10, 13, 15, 17, 21, 23]",73,0.46586345381526106,0
2382,4231,"[1, 2, 3, 5, 6, 9, 11, 17, 19, 21, 23]",4141,"[1, 2, 3, 5, 6, 10, 12, 13, 15, 16, 23]",0,0.5798376184032477,0
2383,442,"[1, 2, 3, 5, 6, 9, 11, 12, 16, 22, 24]",433,"[1, 2, 3, 5, 6, 10, 13, 15, 17, 21, 23]",0,0.5738705738705738,2
2384,442,"[1, 2, 3, 5, 6, 9, 11, 12, 16, 22, 24]",433,"[1, 2, 3, 5, 6, 10, 13, 15, 17, 21, 23]",60,0.11320754716981132,0
2385,442,"[1, 2, 3, 5, 6, 9, 11, 12, 16, 22, 24]",433,"[1, 2, 3, 5, 6, 10, 13, 15, 17, 21, 23]",64,0.37244897959183676,0
2386,4231,"[1, 2, 3, 5, 6, 9, 11, 17, 19, 21, 23]",433,"[1, 2, 3, 5, 6, 10, 13, 15, 17, 21, 23]",0,0.44333333333333336,1
2387,4231,"[1, 2, 3, 5, 6, 9, 11, 17, 19, 21, 23]",433,"[1, 2, 3, 5, 6, 10, 13, 15, 17, 21, 23]",55,0.12745098039215685,0
2388,4231,"[1, 2, 3, 5, 6, 9, 11, 17, 19, 21, 23]",433,"[1, 2, 3, 5, 6, 10, 13, 15, 17, 21, 23]",61,0.44532488114104596,0
2389,442,"[1, 2, 3, 5, 6, 9, 11, 12, 16, 22, 24]",4231,"[1, 2, 3, 5, 6, 9, 11, 17, 19, 21, 23]",0,0.5780392156862745,1
2390,4411,"[1, 2, 3, 5, 6, 9, 11, 12, 16, 19, 23]",4231,"[1, 2, 3, 5, 6, 9, 11, 17, 19, 21, 23]",64,0.2649164677804296,0
2391,433,"[1, 2, 3, 5, 6, 10, 13, 15, 17, 21, 23]",4231,"[1, 2, 3, 5, 6, 9, 11, 17, 19, 21, 23]",0,0.28061224489795916,1
2392,433,"[1, 2, 3, 5, 6, 10, 13, 15, 17, 21, 23]",4231,"[1, 2, 3, 5, 6, 9, 11, 17, 19, 21, 23]",32,0.4197002141327623,0
2393,433,"[1, 2, 3, 5, 6, 10, 13, 15, 17, 21, 23]",4231,"[1, 2, 3, 5, 6, 9, 11, 17, 19, 21, 23]",56,0.5430711610486891,0
2394,433,"[1, 2, 3, 5, 6, 10, 13, 15, 17, 21, 23]",4231,"[1, 2, 3, 5, 6, 9, 11, 17, 19, 21, 23]",65,0.15315315315315314,-1
2395,4231,"[1, 2, 3, 5, 6, 9, 11, 17, 19, 21, 23]",4231,"[1, 2, 3, 5, 6, 9, 11, 17, 19, 21, 23]",68,0.3192982456140351,1
2396,433,"[1, 2, 3, 5, 6, 10, 13, 15, 17, 21, 23]",433,"[1, 2, 3, 5, 6, 10, 13, 15, 17, 21, 23]",0,0.49923195084485406,0
2397,433,"[1, 2, 3, 5, 6, 10, 13, 15, 17, 21, 23]",442,"[1, 2, 3, 5, 6, 9, 11, 12, 16, 22, 24]",62,0.32989690721649484,0
2398,433,"[1, 2, 3, 5, 6, 10, 13, 15, 17, 21, 23]",4231,"[1, 2, 3, 5, 6, 9, 11, 17, 19, 21, 23]",67,0.3695652173913043,-1
2399,433,"[1, 2, 3, 5, 6, 10, 13, 15, 17, 21, 23]",433,"[1, 2, 3, 5, 6, 10, 13, 15, 17, 21, 23]",72,0.380466472303207,-1
2400,4231,"[1, 2, 3, 5, 6, 9, 11, 17, 19, 21, 23]",442,"[1, 2, 3, 5, 6, 9, 11, 12, 16, 22, 24]",0,0.6112702960840497,0
2401,442,"[1, 2, 3, 5, 6, 9, 11, 12, 16, 22, 24]",442,"[1, 2, 3, 5, 6, 9, 11, 12, 16, 22, 24]",31,0.44730392156862747,0
2402,442,"[1, 2, 3, 5, 6, 9, 11, 12, 16, 22, 24]",442,"[1, 2, 3, 5, 6, 9, 11, 12, 16, 22, 24]",51,0.2857142857142857,0
2403,4411,"[1, 2, 3, 5, 6, 9, 11, 12, 16, 19, 23]",442,"[1, 2, 3, 5, 6, 9, 11, 12, 16, 22, 24]",55,0.3458823529411765,0
2404,4411,"[1, 2, 3, 5, 6, 9, 11, 12, 16, 19, 23]",442,"[1, 2, 3, 5, 6, 9, 11, 12, 16, 22, 24]",83,0.14418604651162792,1
2405,433,"[1, 2, 3, 5, 6, 10, 13, 15, 17, 21, 23]",442,"[1, 2, 3, 5, 6, 9, 11, 12, 16, 22, 24]",0,0.559213015512675,0
2406,4231,"[1, 2, 3, 5, 6, 9, 11, 17, 19, 21, 23]",4231,"[1, 2, 3, 5, 6, 9, 11, 17, 19, 21, 23]",0,0.4068796068796069,-1
2407,4231,"[1, 2, 3, 5, 6, 9, 11, 17, 19, 21, 23]",4231,"[1, 2, 3, 5, 6, 9, 11, 17, 19, 21, 23]",53,0.45211267605633804,-1
2408,442,"[1, 2, 3, 5, 6, 9, 11, 12, 16, 22, 24]",4231,"[1, 2, 3, 5, 6, 9, 11, 17, 19, 21, 23]",70,0.41363636363636364,0
2409,442,"[1, 2, 3, 5, 6, 9, 11, 12, 16, 22, 24]",4411,"[1, 2, 3, 5, 6, 9, 11, 12, 13, 16, 23]",78,0.5092592592592593,0
2410,433,"[1, 2, 3, 5, 6, 10, 13, 15, 17, 21, 23]",442,"[1, 2, 3, 5, 6, 9, 11, 12, 16, 22, 24]",0,0.5513698630136986,-1
2411,433,"[1, 2, 3, 5, 6, 10, 13, 15, 17, 21, 23]",442,"[1, 2, 3, 5, 6, 9, 11, 12, 16, 22, 24]",36,0.5911894273127754,1
2412,433,"[1, 2, 3, 5, 6, 10, 13, 15, 17, 21, 23]",442,"[1, 2, 3, 5, 6, 9, 11, 12, 16, 22, 24]",60,0.5799256505576208,0
2413,4231,"[1, 2, 3, 5, 6, 9, 11, 17, 19, 21, 23]",4231,"[1, 2, 3, 5, 6, 9, 11, 17, 19, 21, 23]",0,0.5113008538422903,0
2414,442,"[1, 2, 3, 5, 6, 9, 11, 12, 16, 22, 24]",442,"[1, 2, 3, 5, 6, 12, 13, 15, 16, 22, 24]",0,0.5393626991565136,0
2415,442,"[1, 2, 3, 5, 6, 9, 11, 12, 16, 22, 24]",442,"[1, 2, 3, 5, 6, 12, 13, 15, 16, 22, 24]",50,0.6204081632653061,0
2416,442,"[1, 2, 3, 5, 6, 9, 11, 12, 16, 22, 24]",442,"[1, 2, 3, 5, 6, 12, 13, 15, 16, 22, 24]",70,0.7150395778364116,0
2417,4231,"[1, 2, 3, 5, 6, 9, 11, 17, 19, 21, 23]",433,"[1, 2, 3, 5, 6, 10, 13, 15, 17, 21, 23]",0,0.5565625,-1
2418,4231,"[1, 2, 3, 5, 6, 9, 11, 17, 19, 21, 23]",433,"[1, 2, 3, 5, 6, 10, 13, 15, 17, 21, 23]",79,0.4861878453038674,0
2419,433,"[1, 2, 3, 5, 6, 10, 13, 15, 17, 21, 23]",4231,"[1, 2, 3, 5, 6, 9, 11, 17, 19, 21, 23]",0,0.714859437751004,4
2420,433,"[1, 2, 3, 5, 6, 10, 13, 15, 17, 21, 23]",4231,"[1, 2, 3, 5, 6, 9, 11, 17, 19, 21, 23]",45,0.6358381502890174,0
2421,433,"[1, 2, 3, 5, 6, 10, 13, 15, 17, 21, 23]",442,"[1, 2, 3, 5, 6, 9, 11, 12, 16, 22, 24]",57,0.5880794701986755,0
2422,4231,"[1, 2, 3, 5, 6, 9, 11, 17, 19, 21, 23]",433,"[1, 2, 3, 5, 6, 10, 13, 15, 17, 21, 23]",0,0.5138055222088835,3
2423,4231,"[1, 2, 3, 5, 6, 9, 11, 17, 19, 21, 23]",433,"[1, 2, 3, 5, 6, 10, 13, 15, 17, 21, 23]",69,0.2,0
2424,442,"[1, 2, 3, 5, 6, 9, 11, 12, 16, 22, 24]",442,"[1, 2, 3, 5, 6, 9, 11, 12, 16, 22, 24]",0,0.5680705190989226,1
2425,4231,"[1, 2, 3, 5, 6, 9, 11, 17, 19, 21, 23]",442,"[1, 2, 3, 5, 6, 9, 11, 12, 16, 22, 24]",0,0.667065868263473,0
2426,4231,"[1, 2, 3, 5, 6, 9, 11, 17, 19, 21, 23]",442,"[1, 2, 3, 5, 6, 9, 11, 12, 16, 22, 24]",63,0.7653061224489796,0
2427,4231,"[1, 2, 3, 5, 6, 9, 11, 17, 19, 21, 23]",442,"[1, 2, 3, 5, 6, 9, 11, 12, 16, 22, 24]",70,0.6333333333333333,0
2428,4231,"[1, 2, 3, 5, 6, 9, 11, 17, 19, 21, 23]",442,"[1, 2, 3, 5, 6, 9, 11, 12, 16, 22, 24]",81,0.7151515151515152,0
2429,4231,"[1, 2, 3, 5, 6, 9, 11, 17, 19, 21, 23]",442,"[1, 2, 3, 5, 6, 9, 11, 12, 16, 22, 24]",0,0.5277864017385905,1
2430,442,"[1, 2, 3, 5, 6, 9, 11, 12, 16, 22, 24]",433,"[1, 2, 3, 5, 6, 10, 13, 15, 17, 21, 23]",0,0.4217687074829932,-1
2431,442,"[1, 2, 3, 5, 6, 9, 11, 12, 16, 22, 24]",433,"[1, 2, 3, 5, 6, 10, 13, 15, 17, 21, 23]",70,0.5632183908045977,0
2432,4231,"[1, 2, 3, 5, 6, 9, 11, 17, 19, 21, 23]",442,"[1, 2, 3, 5, 6, 9, 11, 12, 16, 22, 24]",0,0.64398377647589,1
2433,4231,"[1, 2, 3, 5, 6, 9, 11, 17, 19, 21, 23]",343,"[1, 3, 4, 5, 7, 8, 9, 11, 17, 21, 23]",51,0.47619047619047616,2
2434,442,"[1, 2, 3, 5, 6, 9, 11, 12, 16, 22, 24]",343,"[1, 3, 4, 5, 7, 8, 9, 11, 17, 21, 23]",74,0.37362637362637363,0
2435,442,"[1, 2, 3, 5, 6, 9, 11, 12, 16, 22, 24]",4231,"[1, 2, 3, 5, 6, 9, 11, 17, 19, 21, 23]",0,0.44873949579831934,0
2436,442,"[1, 2, 3, 5, 6, 9, 11, 12, 16, 22, 24]",4231,"[1, 2, 3, 5, 6, 9, 11, 17, 19, 21, 23]",29,0.4874822862541332,-1
2437,451,"[1, 2, 3, 5, 6, 10, 12, 13, 15, 16, 23]",4231,"[1, 2, 3, 5, 6, 9, 11, 17, 19, 21, 23]",0,0.5028979045920642,3
2438,451,"[1, 2, 3, 5, 6, 10, 12, 13, 15, 16, 23]",4231,"[1, 2, 3, 5, 6, 9, 11, 17, 19, 21, 23]",61,0.7375886524822695,0
2439,451,"[1, 2, 3, 5, 6, 10, 12, 13, 15, 16, 23]",4411,"[1, 2, 3, 5, 6, 9, 11, 12, 16, 19, 23]",68,0.7474541751527495,1
2440,442,"[1, 2, 3, 5, 6, 9, 11, 12, 16, 22, 24]",433,"[1, 2, 3, 5, 6, 10, 13, 15, 17, 21, 23]",0,0.563594470046083,1
2441,442,"[1, 2, 3, 5, 6, 9, 11, 12, 16, 22, 24]",433,"[1, 2, 3, 5, 6, 10, 13, 15, 17, 21, 23]",45,0.7692307692307693,1
2442,451,"[1, 2, 3, 5, 6, 10, 12, 13, 15, 16, 23]",433,"[1, 2, 3, 5, 6, 10, 13, 15, 17, 21, 23]",46,0.5017006802721088,0
2443,451,"[1, 2, 3, 5, 6, 10, 12, 13, 15, 16, 23]",433,"[1, 2, 3, 5, 6, 10, 13, 15, 17, 21, 23]",56,0.5348837209302325,1
2444,451,"[1, 2, 3, 5, 6, 10, 12, 13, 15, 16, 23]",4231,"[1, 2, 3, 5, 6, 9, 11, 17, 19, 21, 23]",61,0.5077972709551657,0
2445,4141,"[1, 2, 3, 5, 6, 10, 12, 13, 15, 16, 23]",4231,"[1, 2, 3, 5, 6, 9, 11, 17, 19, 21, 23]",0,0.46737554374093765,0
2446,4141,"[1, 2, 3, 5, 6, 10, 12, 13, 15, 16, 23]",4231,"[1, 2, 3, 5, 6, 9, 11, 17, 19, 21, 23]",45,0.9545454545454546,0
2447,4141,"[1, 2, 3, 5, 6, 10, 12, 13, 15, 16, 23]",4231,"[1, 2, 3, 5, 6, 9, 11, 17, 19, 21, 23]",45,0.6204188481675392,0
2448,4141,"[1, 2, 3, 5, 6, 10, 12, 13, 15, 16, 23]",433,"[1, 2, 3, 5, 6, 10, 13, 15, 17, 21, 23]",67,0.46405228758169936,-2
2449,433,"[1, 2, 3, 5, 6, 10, 13, 15, 17, 21, 23]",442,"[1, 2, 3, 5, 6, 9, 11, 12, 16, 22, 24]",0,0.6658758402530645,-1
2450,433,"[1, 2, 3, 5, 6, 10, 13, 15, 17, 21, 23]",442,"[1, 2, 3, 5, 6, 9, 11, 12, 16, 22, 24]",62,0.0,0
2451,442,"[1, 2, 3, 5, 6, 9, 11, 12, 16, 22, 24]",442,"[1, 2, 3, 5, 6, 9, 11, 12, 16, 22, 24]",62,0.6217142857142857,0
2452,442,"[1, 2, 3, 5, 6, 9, 11, 12, 16, 22, 24]",442,"[1, 2, 3, 5, 6, 9, 11, 12, 16, 22, 24]",86,0.8921568627450981,0
2453,442,"[1, 2, 3, 5, 6, 9, 11, 12, 16, 22, 24]",352,"[1, 3, 4, 5, 7, 8, 10, 13, 15, 22, 24]",91,0.5294117647058824,0
2454,442,"[1, 2, 3, 5, 6, 9, 11, 12, 16, 22, 24]",442,"[1, 2, 3, 5, 6, 9, 11, 12, 16, 22, 24]",0,0.5052631578947369,2
2455,442,"[1, 2, 3, 5, 6, 12, 13, 15, 16, 22, 24]",442,"[1, 2, 3, 5, 6, 9, 11, 12, 16, 22, 24]",45,0.5387096774193548,1
2456,442,"[1, 2, 3, 5, 6, 12, 13, 15, 16, 22, 24]",442,"[1, 2, 3, 5, 6, 9, 11, 12, 16, 22, 24]",62,0.5279329608938548,0
2457,4231,"[1, 2, 3, 5, 6, 9, 11, 17, 19, 21, 23]",4231,"[1, 2, 3, 5, 6, 9, 11, 17, 19, 21, 23]",0,0.45735707591377694,0
2458,4231,"[1, 2, 3, 5, 6, 9, 11, 17, 19, 21, 23]",4231,"[1, 2, 3, 5, 6, 9, 11, 17, 19, 21, 23]",59,0.6531049250535332,-1
2459,41212,"[1, 2, 3, 5, 6, 10, 13, 15, 19, 22, 24]",4231,"[1, 2, 3, 5, 6, 9, 11, 17, 19, 21, 23]",73,0.8262411347517731,0
2460,41212,"[1, 2, 3, 5, 6, 10, 13, 15, 19, 22, 24]",4231,"[1, 2, 3, 5, 6, 9, 11, 17, 19, 21, 23]",84,0.4722222222222222,0
2461,442,"[1, 2, 3, 5, 6, 9, 11, 12, 16, 22, 24]",4231,"[1, 2, 3, 5, 6, 9, 11, 17, 19, 21, 23]",0,0.42091152815013405,2
2462,442,"[1, 2, 3, 5, 6, 9, 11, 12, 16, 22, 24]",4231,"[1, 2, 3, 5, 6, 9, 11, 17, 19, 21, 23]",30,0.42047713717693835,-2
2463,442,"[1, 2, 3, 5, 6, 9, 11, 12, 16, 22, 24]",4231,"[1, 2, 3, 5, 6, 9, 11, 17, 19, 21, 23]",62,0.40616966580976865,0
2464,442,"[1, 2, 3, 5, 6, 9, 11, 12, 16, 22, 24]",4231,"[1, 2, 3, 5, 6, 9, 11, 17, 19, 21, 23]",73,0.538860103626943,0
2465,442,"[1, 2, 3, 5, 6, 9, 11, 12, 16, 22, 24]",433,"[1, 2, 3, 5, 6, 10, 13, 15, 17, 21, 23]",0,0.5583735909822867,-1
2466,442,"[1, 2, 3, 5, 6, 9, 11, 12, 16, 22, 24]",433,"[1, 2, 3, 5, 6, 10, 13, 15, 17, 21, 23]",71,0.0,0
2467,442,"[1, 2, 3, 5, 6, 9, 11, 12, 16, 22, 24]",442,"[1, 2, 3, 5, 6, 9, 11, 12, 16, 22, 24]",72,0.455743879472693,-1
2468,433,"[1, 2, 3, 5, 6, 10, 13, 15, 17, 21, 23]",442,"[1, 2, 3, 5, 6, 9, 11, 12, 16, 22, 24]",0,0.6445707070707071,-1
2469,4231,"[1, 2, 3, 5, 6, 9, 11, 17, 19, 21, 23]",442,"[1, 2, 3, 5, 6, 9, 11, 12, 16, 22, 24]",0,0.5578181818181818,-1
2470,442,"[1, 2, 3, 5, 6, 9, 11, 12, 16, 22, 24]",4141,"[1, 2, 3, 5, 6, 10, 12, 13, 15, 16, 23]",0,0.46581972171808833,-1
2471,433,"[1, 2, 3, 5, 6, 10, 13, 15, 17, 21, 23]",4141,"[1, 2, 3, 5, 6, 10, 12, 13, 15, 16, 23]",45,0.484070796460177,0
2472,4231,"[1, 2, 3, 5, 6, 9, 11, 17, 19, 21, 23]",4231,"[1, 2, 3, 5, 6, 9, 11, 17, 19, 21, 23]",0,0.666083916083916,-2
2473,442,"[1, 2, 3, 5, 6, 9, 11, 12, 16, 22, 24]",433,"[1, 2, 3, 5, 6, 10, 13, 15, 17, 21, 23]",0,0.37479474548440067,0
2474,4231,"[1, 2, 3, 5, 6, 9, 11, 17, 19, 21, 23]",433,"[1, 2, 3, 5, 6, 10, 13, 15, 17, 21, 23]",0,0.5364485981308411,-1
2475,4231,"[1, 2, 3, 5, 6, 9, 11, 17, 19, 21, 23]",433,"[1, 2, 3, 5, 6, 10, 13, 15, 17, 21, 23]",36,0.6332853025936599,0
2476,4231,"[1, 2, 3, 5, 6, 9, 11, 17, 19, 21, 23]",4231,"[1, 2, 3, 5, 6, 9, 11, 17, 19, 21, 23]",74,0.695067264573991,0
2477,4231,"[1, 2, 3, 5, 6, 9, 11, 17, 19, 21, 23]",433,"[1, 2, 3, 5, 6, 10, 13, 15, 17, 21, 23]",0,0.47232142857142856,0
2478,4231,"[1, 2, 3, 5, 6, 9, 11, 17, 19, 21, 23]",433,"[1, 2, 3, 5, 6, 10, 13, 15, 17, 21, 23]",28,0.3067602040816326,1
2479,4231,"[1, 2, 3, 5, 6, 9, 11, 17, 19, 21, 23]",433,"[1, 2, 3, 5, 6, 10, 13, 15, 17, 21, 23]",71,0.4077669902912621,0
2480,4231,"[1, 2, 3, 5, 6, 9, 11, 17, 19, 21, 23]",433,"[1, 2, 3, 5, 6, 10, 13, 15, 17, 21, 23]",81,0.1,0
2481,433,"[1, 2, 3, 5, 6, 10, 13, 15, 17, 21, 23]",4231,"[1, 2, 3, 5, 6, 9, 11, 17, 19, 21, 23]",0,0.6601941747572816,3
2482,433,"[1, 2, 3, 5, 6, 10, 13, 15, 17, 21, 23]",4231,"[1, 2, 3, 5, 6, 9, 11, 17, 19, 21, 23]",78,0.4674329501915709,-2
2483,4231,"[1, 2, 3, 5, 6, 9, 11, 17, 19, 21, 23]",442,"[1, 2, 3, 5, 6, 9, 11, 12, 16, 22, 24]",0,0.4957841483979764,2
2484,4231,"[1, 2, 3, 5, 6, 9, 11, 17, 19, 21, 23]",4231,"[1, 2, 3, 5, 6, 9, 11, 17, 19, 21, 23]",0,0.46841882153454856,3
2485,4231,"[1, 2, 3, 5, 6, 9, 11, 17, 19, 21, 23]",4231,"[1, 2, 3, 5, 6, 9, 11, 17, 19, 21, 23]",68,0.5121412803532008,0
2486,4231,"[1, 2, 3, 5, 6, 9, 11, 17, 19, 21, 23]",4231,"[1, 2, 3, 5, 6, 9, 11, 17, 19, 21, 23]",82,0.44171779141104295,0
2487,442,"[1, 2, 3, 5, 6, 9, 11, 12, 16, 22, 24]",442,"[1, 2, 3, 5, 6, 9, 11, 12, 16, 22, 24]",0,0.5019513659561693,1
2488,433,"[1, 2, 3, 5, 6, 10, 13, 15, 17, 21, 23]",4231,"[1, 2, 3, 5, 6, 9, 11, 17, 19, 21, 23]",0,0.6261682242990654,2
2489,433,"[1, 2, 3, 5, 6, 10, 13, 15, 17, 21, 23]",4231,"[1, 2, 3, 5, 6, 9, 11, 17, 19, 21, 23]",69,0.45809248554913296,1
2490,4231,"[1, 2, 3, 5, 6, 9, 11, 17, 19, 21, 23]",4231,"[1, 2, 3, 5, 6, 9, 11, 17, 19, 21, 23]",0,0.41077844311377243,1
2491,4141,"[1, 2, 3, 5, 6, 10, 12, 13, 15, 16, 23]",4231,"[1, 2, 3, 5, 6, 9, 11, 17, 19, 21, 23]",0,0.5106248017760863,-1
2492,4231,"[1, 2, 3, 5, 6, 9, 11, 17, 19, 21, 23]",442,"[1, 2, 3, 5, 6, 9, 11, 12, 16, 22, 24]",0,0.5586007933645871,1
2493,4231,"[1, 2, 3, 5, 6, 9, 11, 17, 19, 21, 23]",442,"[1, 2, 3, 5, 6, 9, 11, 12, 16, 22, 24]",69,0.7797979797979798,-1
2494,442,"[1, 2, 3, 5, 6, 9, 11, 12, 16, 22, 24]",4231,"[1, 2, 3, 5, 6, 9, 11, 17, 19, 21, 23]",0,0.36009174311926606,0
2495,433,"[1, 2, 3, 5, 6, 10, 13, 15, 17, 21, 23]",442,"[1, 2, 3, 5, 6, 9, 11, 12, 16, 22, 24]",0,0.31875607385811466,0
2496,433,"[1, 2, 3, 5, 6, 10, 13, 15, 17, 21, 23]",442,"[1, 2, 3, 5, 6, 9, 11, 12, 16, 22, 24]",23,0.39215686274509803,-1
2497,433,"[1, 2, 3, 5, 6, 10, 13, 15, 17, 21, 23]",442,"[1, 2, 3, 5, 6, 9, 11, 12, 16, 22, 24]",46,0.45065502183406114,0
2498,433,"[1, 2, 3, 5, 6, 10, 13, 15, 17, 21, 23]",433,"[1, 2, 3, 5, 6, 10, 13, 15, 17, 21, 23]",79,0.8431372549019608,-1
2499,433,"[1, 2, 3, 5, 6, 10, 13, 15, 17, 21, 23]",4141,"[1, 2, 3, 5, 6, 10, 12, 13, 15, 16, 23]",0,0.5618413754853022,2
2500,4231,"[1, 2, 3, 5, 6, 9, 11, 17, 19, 21, 23]",442,"[1, 2, 3, 5, 6, 9, 11, 12, 16, 22, 24]",0,0.4527736131934033,0
2501,4231,"[1, 2, 3, 5, 6, 9, 11, 17, 19, 21, 23]",433,"[1, 2, 3, 5, 6, 10, 13, 15, 17, 21, 23]",77,0.42136498516320475,0
2502,442,"[1, 2, 3, 5, 6, 9, 11, 12, 16, 22, 24]",433,"[1, 2, 3, 5, 6, 10, 13, 15, 17, 21, 23]",0,0.5086306098964327,0
2503,4231,"[1, 2, 3, 5, 6, 9, 11, 17, 19, 21, 23]",442,"[1, 2, 3, 5, 6, 9, 11, 12, 16, 22, 24]",0,0.5763039278815196,-1
2504,4231,"[1, 2, 3, 5, 6, 9, 11, 17, 19, 21, 23]",442,"[1, 2, 3, 5, 6, 9, 11, 12, 16, 22, 24]",45,0.4962686567164179,1
2505,4231,"[1, 2, 3, 5, 6, 9, 11, 17, 19, 21, 23]",352,"[1, 3, 4, 5, 7, 8, 10, 13, 15, 22, 24]",0,0.62004662004662,0
2506,4231,"[1, 2, 3, 5, 6, 9, 11, 17, 19, 21, 23]",442,"[1, 2, 3, 5, 6, 12, 13, 15, 16, 22, 24]",38,0.5283018867924528,0
2507,4231,"[1, 2, 3, 5, 6, 9, 11, 17, 19, 21, 23]",442,"[1, 2, 3, 5, 6, 12, 13, 15, 16, 22, 24]",67,0.7098540145985401,1
2508,442,"[1, 2, 3, 5, 6, 9, 11, 12, 16, 22, 24]",442,"[1, 2, 3, 5, 6, 9, 11, 12, 16, 22, 24]",0,0.5369332654100866,1
2509,442,"[1, 2, 3, 5, 6, 9, 11, 12, 16, 22, 24]",442,"[1, 2, 3, 5, 6, 9, 11, 12, 16, 22, 24]",45,0.4558139534883721,0
2510,442,"[1, 2, 3, 5, 6, 9, 11, 12, 16, 22, 24]",4231,"[1, 2, 3, 5, 6, 9, 11, 17, 19, 21, 23]",0,0.49746893695352046,2
2511,4231,"[1, 2, 3, 5, 6, 9, 11, 17, 19, 21, 23]",442,"[1, 2, 3, 5, 6, 9, 11, 12, 16, 22, 24]",0,0.6139489194499018,-1
2512,4231,"[1, 2, 3, 5, 6, 9, 11, 17, 19, 21, 23]",442,"[1, 2, 3, 5, 6, 9, 11, 12, 16, 22, 24]",56,0.7079646017699115,0
2513,4231,"[1, 2, 3, 5, 6, 9, 11, 17, 19, 21, 23]",442,"[1, 2, 3, 5, 6, 9, 11, 12, 16, 22, 24]",63,0.48333333333333334,0
2514,4231,"[1, 2, 3, 5, 6, 9, 11, 17, 19, 21, 23]",442,"[1, 2, 3, 5, 6, 9, 11, 12, 16, 22, 24]",0,0.6464764123471171,2
2515,4141,"[1, 2, 3, 5, 6, 10, 12, 13, 15, 16, 23]",433,"[1, 2, 3, 5, 6, 10, 13, 15, 17, 21, 23]",0,0.4894894894894895,-1
2516,4141,"[1, 2, 3, 5, 6, 10, 12, 13, 15, 16, 23]",442,"[1, 2, 3, 5, 6, 12, 13, 15, 16, 22, 24]",24,0.413265306122449,0
2517,4141,"[1, 2, 3, 5, 6, 10, 12, 13, 15, 16, 23]",442,"[1, 2, 3, 5, 6, 12, 13, 15, 16, 22, 24]",32,0.6643706950532248,0
2518,4141,"[1, 2, 3, 5, 6, 10, 12, 13, 15, 16, 23]",433,"[1, 2, 3, 5, 6, 10, 13, 15, 17, 21, 23]",66,0.5060975609756098,0
2519,4141,"[1, 2, 3, 5, 6, 10, 12, 13, 15, 16, 23]",433,"[1, 2, 3, 5, 6, 10, 13, 15, 17, 21, 23]",71,0.5126050420168067,0
2520,4141,"[1, 2, 3, 5, 6, 10, 12, 13, 15, 16, 23]",433,"[1, 2, 3, 5, 6, 10, 13, 15, 17, 21, 23]",74,0.7443181818181818,0
2521,4231,"[1, 2, 3, 5, 6, 9, 11, 17, 19, 21, 23]",442,"[1, 2, 3, 5, 6, 9, 11, 12, 16, 22, 24]",0,0.6040832666132906,1
2522,4231,"[1, 2, 3, 5, 6, 9, 11, 17, 19, 21, 23]",442,"[1, 2, 3, 5, 6, 9, 11, 12, 16, 22, 24]",0,0.5254172989377845,0
2523,442,"[1, 2, 3, 5, 6, 9, 11, 12, 16, 22, 24]",442,"[1, 2, 3, 5, 6, 9, 11, 12, 16, 22, 24]",78,0.4312267657992565,0
2524,4231,"[1, 2, 3, 5, 6, 9, 11, 17, 19, 21, 23]",4141,"[1, 2, 3, 5, 6, 10, 12, 13, 15, 16, 23]",0,0.6553973902728352,-2
2525,4231,"[1, 2, 3, 5, 6, 9, 11, 17, 19, 21, 23]",4141,"[1, 2, 3, 5, 6, 10, 12, 13, 15, 16, 23]",45,0.5895765472312704,-1
2526,4231,"[1, 2, 3, 5, 6, 9, 11, 17, 19, 21, 23]",4141,"[1, 2, 3, 5, 6, 10, 12, 13, 15, 16, 23]",53,0.6990881458966566,-1
2527,4231,"[1, 2, 3, 5, 6, 9, 11, 17, 19, 21, 23]",4141,"[1, 2, 3, 5, 6, 10, 12, 13, 15, 16, 23]",71,0.6299435028248588,0
2528,433,"[1, 2, 3, 5, 6, 10, 13, 15, 17, 21, 23]",4231,"[1, 2, 3, 5, 6, 9, 11, 17, 19, 21, 23]",0,0.6284237726098191,0
2529,433,"[1, 2, 3, 5, 6, 10, 13, 15, 17, 21, 23]",442,"[1, 2, 3, 5, 6, 9, 11, 12, 16, 22, 24]",45,0.6409448818897637,0
2530,4231,"[1, 2, 3, 5, 6, 9, 11, 17, 19, 21, 23]",4231,"[1, 2, 3, 5, 6, 9, 11, 17, 19, 21, 23]",0,0.49801324503311256,0
2531,4231,"[1, 2, 3, 5, 6, 9, 11, 17, 19, 21, 23]",4231,"[1, 2, 3, 5, 6, 9, 11, 17, 19, 21, 23]",66,0.6556291390728477,0
2532,4231,"[1, 2, 3, 5, 6, 9, 11, 17, 19, 21, 23]",4231,"[1, 2, 3, 5, 6, 9, 11, 17, 19, 21, 23]",71,0.6811989100817438,0
2533,433,"[1, 2, 3, 5, 6, 10, 13, 15, 17, 21, 23]",442,"[1, 2, 3, 5, 6, 9, 11, 12, 16, 22, 24]",0,0.40456182472989194,0
2534,433,"[1, 2, 3, 5, 6, 10, 13, 15, 17, 21, 23]",442,"[1, 2, 3, 5, 6, 9, 11, 12, 16, 22, 24]",47,0.5307017543859649,0
2535,4231,"[1, 2, 3, 5, 6, 9, 11, 17, 19, 21, 23]",4141,"[1, 2, 3, 5, 6, 10, 12, 13, 15, 16, 23]",0,0.6697545159796202,1
2536,4231,"[1, 2, 3, 5, 6, 9, 11, 17, 19, 21, 23]",4231,"[1, 2, 3, 5, 6, 9, 11, 17, 19, 21, 23]",0,0.5563847429519071,2
2537,352,"[1, 3, 4, 5, 7, 8, 10, 13, 15, 22, 24]",433,"[1, 2, 3, 5, 6, 10, 13, 15, 17, 21, 23]",0,0.5903133903133904,0
2538,352,"[1, 3, 4, 5, 7, 8, 10, 13, 15, 22, 24]",433,"[1, 2, 3, 5, 6, 10, 13, 15, 17, 21, 23]",47,0.6328947368421053,0
2539,352,"[1, 3, 4, 5, 7, 8, 10, 13, 15, 22, 24]",433,"[1, 2, 3, 5, 6, 10, 13, 15, 17, 21, 23]",69,0.9285714285714286,0
2540,4231,"[1, 2, 3, 5, 6, 9, 11, 17, 19, 21, 23]",4141,"[1, 2, 3, 5, 6, 10, 12, 13, 15, 16, 23]",0,0.5977147360126084,1
2541,4231,"[1, 2, 3, 5, 6, 9, 11, 17, 19, 21, 23]",4141,"[1, 2, 3, 5, 6, 10, 12, 13, 15, 16, 23]",68,0.34328358208955223,0
2542,4231,"[1, 2, 3, 5, 6, 9, 11, 17, 19, 21, 23]",4141,"[1, 2, 3, 5, 6, 10, 12, 13, 15, 16, 23]",73,0.22435897435897437,0
2543,4231,"[1, 2, 3, 5, 6, 9, 11, 17, 19, 21, 23]",442,"[1, 2, 3, 5, 6, 9, 11, 12, 16, 22, 24]",77,0.3693181818181818,1
2544,433,"[1, 2, 3, 5, 6, 10, 13, 15, 17, 21, 23]",4231,"[1, 2, 3, 5, 6, 9, 11, 17, 19, 21, 23]",0,0.7079646017699115,1
2545,433,"[1, 2, 3, 5, 6, 10, 13, 15, 17, 21, 23]",4231,"[1, 2, 3, 5, 6, 9, 11, 17, 19, 21, 23]",3,0.6025878003696857,-2
2546,433,"[1, 2, 3, 5, 6, 10, 13, 15, 17, 21, 23]",4231,"[1, 2, 3, 5, 6, 9, 11, 17, 19, 21, 23]",20,0.5763239875389408,2
2547,433,"[1, 2, 3, 5, 6, 10, 13, 15, 17, 21, 23]",4231,"[1, 2, 3, 5, 6, 9, 11, 17, 19, 21, 23]",30,0.43684992570579495,4
2548,433,"[1, 2, 3, 5, 6, 10, 13, 15, 17, 21, 23]",4231,"[1, 2, 3, 5, 6, 9, 11, 17, 19, 21, 23]",61,0.4045977011494253,1
2549,433,"[1, 2, 3, 5, 6, 10, 13, 15, 17, 21, 23]",4231,"[1, 2, 3, 5, 6, 9, 11, 17, 19, 21, 23]",73,0.679324894514768,1
2550,442,"[1, 2, 3, 5, 6, 9, 11, 12, 16, 22, 24]",4141,"[1, 2, 3, 5, 6, 10, 12, 13, 15, 16, 23]",0,0.6053550640279395,0
2551,442,"[1, 2, 3, 5, 6, 9, 11, 12, 16, 22, 24]",442,"[1, 2, 3, 5, 6, 9, 11, 12, 16, 22, 24]",45,0.5562130177514792,0
2552,442,"[1, 2, 3, 5, 6, 9, 11, 12, 16, 22, 24]",4141,"[1, 2, 3, 5, 6, 10, 12, 13, 15, 16, 23]",56,0.6569148936170213,0
2553,442,"[1, 2, 3, 5, 6, 9, 11, 12, 16, 22, 24]",41212,"[1, 2, 3, 5, 6, 10, 13, 15, 19, 22, 24]",63,0.679646017699115,0
2554,433,"[1, 2, 3, 5, 6, 10, 13, 15, 17, 21, 23]",442,"[1, 2, 3, 5, 6, 9, 11, 12, 16, 22, 24]",0,0.5966524450278963,-1
2555,433,"[1, 2, 3, 5, 6, 10, 13, 15, 17, 21, 23]",4231,"[1, 2, 3, 5, 6, 9, 11, 17, 19, 21, 23]",0,0.45610687022900764,-2
2556,433,"[1, 2, 3, 5, 6, 10, 13, 15, 17, 21, 23]",4231,"[1, 2, 3, 5, 6, 9, 11, 17, 19, 21, 23]",45,0.53081876724931,0
2557,4231,"[1, 2, 3, 5, 6, 9, 11, 17, 19, 21, 23]",4231,"[1, 2, 3, 5, 6, 9, 11, 17, 19, 21, 23]",0,0.5088682432432432,0
2558,4231,"[1, 2, 3, 5, 6, 9, 11, 17, 19, 21, 23]",4231,"[1, 2, 3, 5, 6, 9, 11, 17, 19, 21, 23]",0,0.4918490917559385,0
2559,4231,"[1, 2, 3, 5, 6, 9, 11, 17, 19, 21, 23]",4231,"[1, 2, 3, 5, 6, 9, 11, 17, 19, 21, 23]",69,0.15555555555555556,0
2560,4231,"[1, 2, 3, 5, 6, 9, 11, 17, 19, 21, 23]",4231,"[1, 2, 3, 5, 6, 9, 11, 17, 19, 21, 23]",71,0.3993610223642173,0
2561,433,"[1, 2, 3, 5, 6, 10, 13, 15, 17, 21, 23]",4231,"[1, 2, 3, 5, 6, 9, 11, 17, 19, 21, 23]",0,0.5424164524421594,-1
2562,433,"[1, 2, 3, 5, 6, 10, 13, 15, 17, 21, 23]",4231,"[1, 2, 3, 5, 6, 9, 11, 17, 19, 21, 23]",33,0.6598591549295775,1
2563,433,"[1, 2, 3, 5, 6, 10, 13, 15, 17, 21, 23]",4231,"[1, 2, 3, 5, 6, 9, 11, 17, 19, 21, 23]",68,0.7068062827225131,0
2564,4222,"[1, 2, 3, 5, 6, 9, 11, 18, 20, 22, 24]",4231,"[1, 2, 3, 5, 6, 9, 11, 17, 19, 21, 23]",72,0.6121495327102804,0
2565,442,"[1, 2, 3, 5, 6, 9, 11, 12, 16, 22, 24]",433,"[1, 2, 3, 5, 6, 10, 13, 15, 17, 21, 23]",0,0.516157591854803,1
2566,442,"[1, 2, 3, 5, 6, 9, 11, 12, 16, 22, 24]",433,"[1, 2, 3, 5, 6, 10, 13, 15, 17, 21, 23]",67,0.44727272727272727,0
2567,442,"[1, 2, 3, 5, 6, 9, 11, 12, 16, 22, 24]",4231,"[1, 2, 3, 5, 6, 9, 11, 17, 19, 21, 23]",0,0.5485260019874131,1
2568,442,"[1, 2, 3, 5, 6, 9, 11, 12, 16, 22, 24]",4231,"[1, 2, 3, 5, 6, 9, 11, 17, 19, 21, 23]",71,0.16521739130434782,0
2569,442,"[1, 2, 3, 5, 6, 9, 11, 12, 16, 22, 24]",4231,"[1, 2, 3, 5, 6, 9, 11, 17, 19, 21, 23]",74,0.2591549295774648,0
2570,442,"[1, 2, 3, 5, 6, 9, 11, 12, 16, 22, 24]",4231,"[1, 2, 3, 5, 6, 9, 11, 17, 19, 21, 23]",85,0.4852941176470588,0
2571,4231,"[1, 2, 3, 5, 6, 9, 11, 17, 19, 21, 23]",442,"[1, 2, 3, 5, 6, 9, 11, 12, 16, 22, 24]",0,0.5219330855018587,0
2572,4231,"[1, 2, 3, 5, 6, 9, 11, 17, 19, 21, 23]",442,"[1, 2, 3, 5, 6, 9, 11, 12, 16, 22, 24]",0,0.6260257913247362,1
2573,4231,"[1, 2, 3, 5, 6, 9, 11, 17, 19, 21, 23]",442,"[1, 2, 3, 5, 6, 9, 11, 12, 16, 22, 24]",48,0.5054151624548736,0
2574,4231,"[1, 2, 3, 5, 6, 9, 11, 17, 19, 21, 23]",442,"[1, 2, 3, 5, 6, 9, 11, 12, 16, 22, 24]",70,0.3247058823529412,0
2575,4231,"[1, 2, 3, 5, 6, 9, 11, 17, 19, 21, 23]",4231,"[1, 2, 3, 5, 6, 9, 11, 17, 19, 21, 23]",0,0.7357545397620538,0
2576,4231,"[1, 2, 3, 5, 6, 9, 11, 17, 19, 21, 23]",4231,"[1, 2, 3, 5, 6, 9, 11, 17, 19, 21, 23]",45,0.6740994854202401,0
2577,4231,"[1, 2, 3, 5, 6, 9, 11, 17, 19, 21, 23]",4231,"[1, 2, 3, 5, 6, 9, 11, 17, 19, 21, 23]",60,0.8202247191011236,0
2578,442,"[1, 2, 3, 5, 6, 9, 11, 12, 16, 22, 24]",4231,"[1, 2, 3, 5, 6, 9, 11, 17, 19, 21, 23]",71,0.49019607843137253,1
2579,442,"[1, 2, 3, 5, 6, 9, 11, 12, 16, 22, 24]",4411,"[1, 2, 3, 5, 6, 9, 11, 12, 16, 19, 23]",77,0.6923076923076923,1
2580,433,"[1, 2, 3, 5, 6, 10, 13, 15, 17, 21, 23]",4231,"[1, 2, 3, 5, 6, 9, 11, 17, 19, 21, 23]",0,0.34045226130653267,0
2581,433,"[1, 2, 3, 5, 6, 10, 13, 15, 17, 21, 23]",4231,"[1, 2, 3, 5, 6, 9, 11, 17, 19, 21, 23]",21,0.5287958115183246,0
2582,433,"[1, 2, 3, 5, 6, 10, 13, 15, 17, 21, 23]",4231,"[1, 2, 3, 5, 6, 9, 11, 17, 19, 21, 23]",47,0.5482866043613707,-1
2583,433,"[1, 2, 3, 5, 6, 10, 13, 15, 17, 21, 23]",4231,"[1, 2, 3, 5, 6, 9, 11, 17, 19, 21, 23]",59,0.46174863387978143,1
2584,433,"[1, 2, 3, 5, 6, 10, 13, 15, 17, 21, 23]",4231,"[1, 2, 3, 5, 6, 9, 11, 17, 19, 21, 23]",69,0.5456730769230769,0
2585,442,"[1, 2, 3, 5, 6, 9, 11, 12, 16, 22, 24]",433,"[1, 2, 3, 5, 6, 10, 13, 15, 17, 21, 23]",0,0.35718730553827005,0
2586,442,"[1, 2, 3, 5, 6, 9, 11, 12, 16, 22, 24]",433,"[1, 2, 3, 5, 6, 10, 13, 15, 17, 21, 23]",45,0.4507269789983845,1
2587,442,"[1, 2, 3, 5, 6, 9, 11, 12, 16, 22, 24]",433,"[1, 2, 3, 5, 6, 10, 13, 15, 17, 21, 23]",63,0.41208791208791207,-1
2588,442,"[1, 2, 3, 5, 6, 9, 11, 12, 16, 22, 24]",433,"[1, 2, 3, 5, 6, 10, 13, 15, 17, 21, 23]",79,0.0,0
2589,4231,"[1, 2, 3, 5, 6, 9, 11, 17, 19, 21, 23]",442,"[1, 2, 3, 5, 6, 9, 11, 12, 16, 22, 24]",0,0.6056547619047619,0
2590,4231,"[1, 2, 3, 5, 6, 9, 11, 17, 19, 21, 23]",442,"[1, 2, 3, 5, 6, 9, 11, 12, 16, 22, 24]",0,0.49902534113060426,0
2591,4231,"[1, 2, 3, 5, 6, 9, 11, 17, 19, 21, 23]",442,"[1, 2, 3, 5, 6, 9, 11, 12, 16, 22, 24]",45,0.38181818181818183,0
2592,4231,"[1, 2, 3, 5, 6, 9, 11, 17, 19, 21, 23]",442,"[1, 2, 3, 5, 6, 9, 11, 12, 16, 22, 24]",64,0.5022692889561271,0
2593,442,"[1, 2, 3, 5, 6, 9, 11, 12, 16, 22, 24]",4231,"[1, 2, 3, 5, 6, 9, 11, 17, 19, 21, 23]",0,0.5028089887640449,0
2594,442,"[1, 2, 3, 5, 6, 9, 11, 12, 16, 22, 24]",4231,"[1, 2, 3, 5, 6, 9, 11, 17, 19, 21, 23]",29,0.5009523809523809,-1
2595,442,"[1, 2, 3, 5, 6, 9, 11, 12, 16, 22, 24]",4231,"[1, 2, 3, 5, 6, 9, 11, 17, 19, 21, 23]",45,0.3971774193548387,0
2596,442,"[1, 2, 3, 5, 6, 9, 11, 12, 16, 22, 24]",4231,"[1, 2, 3, 5, 6, 9, 11, 17, 19, 21, 23]",58,0.47247119078104993,1
2597,433,"[1, 2, 3, 5, 6, 10, 13, 15, 17, 21, 23]",4141,"[1, 2, 3, 5, 6, 10, 12, 13, 15, 16, 23]",0,0.6354441512752859,4
2598,433,"[1, 2, 3, 5, 6, 10, 13, 15, 17, 21, 23]",442,"[1, 2, 3, 5, 6, 9, 11, 12, 16, 22, 24]",53,0.6503856041131105,0
2599,433,"[1, 2, 3, 5, 6, 10, 13, 15, 17, 21, 23]",442,"[1, 2, 3, 5, 6, 9, 11, 12, 16, 22, 24]",63,0.6152542372881356,-1
2600,433,"[1, 2, 3, 5, 6, 10, 13, 15, 17, 21, 23]",433,"[1, 2, 3, 5, 6, 10, 13, 15, 17, 21, 23]",0,0.4116279069767442,-1
2601,433,"[1, 2, 3, 5, 6, 10, 13, 15, 17, 21, 23]",433,"[1, 2, 3, 5, 6, 10, 13, 15, 17, 21, 23]",32,0.48544558889386474,-1
2602,442,"[1, 2, 3, 5, 6, 12, 13, 15, 16, 22, 24]",4231,"[1, 2, 3, 5, 6, 9, 11, 17, 19, 21, 23]",0,0.39075249320036265,1
2603,4231,"[1, 2, 3, 5, 6, 13, 15, 17, 19, 21, 23]",451,"[1, 2, 3, 5, 6, 12, 13, 14, 15, 16, 23]",0,0.6059735784032165,0
2604,4231,"[1, 2, 3, 5, 6, 13, 15, 17, 19, 21, 23]",451,"[1, 2, 3, 5, 6, 12, 13, 14, 15, 16, 23]",45,0.592375366568915,1
2605,4231,"[1, 2, 3, 5, 6, 9, 11, 17, 19, 21, 23]",4231,"[1, 2, 3, 5, 6, 9, 11, 17, 19, 21, 23]",0,0.7019790454016298,-2
2606,4231,"[1, 2, 3, 5, 6, 9, 11, 17, 19, 21, 23]",4231,"[1, 2, 3, 5, 6, 9, 11, 17, 19, 21, 23]",24,0.606951871657754,0
2607,3511,"[1, 3, 4, 5, 7, 8, 10, 13, 15, 19, 23]",4231,"[1, 2, 3, 5, 6, 9, 11, 17, 19, 21, 23]",45,0.6385542168674698,-1
2608,3511,"[1, 3, 4, 5, 7, 8, 10, 13, 15, 19, 23]",4231,"[1, 2, 3, 5, 6, 9, 11, 17, 19, 21, 23]",60,0.6985645933014354,0
2609,3511,"[1, 3, 4, 5, 7, 8, 10, 13, 15, 19, 23]",4231,"[1, 2, 3, 5, 6, 9, 11, 17, 19, 21, 23]",66,0.12903225806451613,0
2610,3511,"[1, 3, 4, 5, 7, 8, 10, 13, 15, 19, 23]",4411,"[1, 2, 3, 5, 6, 9, 11, 12, 16, 19, 23]",67,0.7328431372549019,0
2611,442,"[1, 2, 3, 5, 6, 9, 11, 12, 16, 22, 24]",4231,"[1, 2, 3, 5, 6, 9, 11, 17, 19, 21, 23]",0,0.590687977762335,1
2612,442,"[1, 2, 3, 5, 6, 9, 11, 12, 16, 22, 24]",4231,"[1, 2, 3, 5, 6, 9, 11, 17, 19, 21, 23]",33,0.538255033557047,0
2613,451,"[1, 2, 3, 5, 6, 10, 12, 13, 15, 16, 23]",4231,"[1, 2, 3, 5, 6, 9, 11, 17, 19, 21, 23]",74,0.3619631901840491,0
2614,4231,"[1, 2, 3, 5, 6, 9, 11, 17, 19, 21, 23]",4231,"[1, 2, 3, 5, 6, 9, 11, 17, 19, 21, 23]",0,0.5304755525787006,1
2615,433,"[1, 2, 3, 5, 6, 10, 13, 15, 17, 21, 23]",4231,"[1, 2, 3, 5, 6, 9, 11, 17, 19, 21, 23]",0,0.5493288590604026,-1
2616,4231,"[1, 2, 3, 5, 6, 9, 11, 17, 19, 21, 23]",4231,"[1, 2, 3, 5, 6, 9, 11, 17, 19, 21, 23]",0,0.4029774127310062,1
2617,4231,"[1, 2, 3, 5, 6, 9, 11, 17, 19, 21, 23]",4231,"[1, 2, 3, 5, 6, 9, 11, 17, 19, 21, 23]",59,0.3387815750371471,-1
2618,4231,"[1, 2, 3, 5, 6, 9, 11, 17, 19, 21, 23]",4231,"[1, 2, 3, 5, 6, 9, 11, 17, 19, 21, 23]",76,0.6111111111111112,0
2619,4231,"[1, 2, 3, 5, 6, 9, 11, 17, 19, 21, 23]",4231,"[1, 2, 3, 5, 6, 9, 11, 17, 19, 21, 23]",77,0.5308641975308642,0
2620,4231,"[1, 2, 3, 5, 6, 9, 11, 17, 19, 21, 23]",451,"[1, 2, 3, 5, 6, 10, 12, 13, 15, 16, 23]",0,0.548922056384743,-3
2621,4231,"[1, 2, 3, 5, 6, 9, 11, 17, 19, 21, 23]",451,"[1, 2, 3, 5, 6, 10, 12, 13, 15, 16, 23]",46,0.4556786703601108,0
2622,3511,"[1, 3, 4, 5, 7, 8, 10, 13, 15, 19, 23]",451,"[1, 2, 3, 5, 6, 10, 12, 13, 15, 16, 23]",66,0.5476190476190477,0
2623,4231,"[1, 2, 3, 5, 6, 13, 15, 17, 19, 21, 23]",433,"[1, 2, 3, 5, 6, 10, 13, 15, 17, 21, 23]",0,0.42436064152579106,-1
2624,4231,"[1, 2, 3, 5, 6, 13, 15, 17, 19, 21, 23]",433,"[1, 2, 3, 5, 6, 10, 13, 15, 17, 21, 23]",50,0.3674033149171271,0
2625,4231,"[1, 2, 3, 5, 6, 13, 15, 17, 19, 21, 23]",433,"[1, 2, 3, 5, 6, 10, 13, 15, 17, 21, 23]",62,0.5161290322580645,0
2626,442,"[1, 2, 3, 5, 6, 12, 13, 15, 16, 22, 24]",442,"[1, 2, 3, 5, 6, 9, 11, 12, 16, 22, 24]",0,0.5952203136669156,-1
2627,442,"[1, 2, 3, 5, 6, 12, 13, 15, 16, 22, 24]",442,"[1, 2, 3, 5, 6, 9, 11, 12, 16, 22, 24]",76,0.7210682492581603,1
2628,4231,"[1, 2, 3, 5, 6, 9, 11, 17, 19, 21, 23]",4231,"[1, 2, 3, 5, 6, 9, 11, 17, 19, 21, 23]",0,0.5765503875968992,2
2629,4231,"[1, 2, 3, 5, 6, 9, 11, 17, 19, 21, 23]",4231,"[1, 2, 3, 5, 6, 9, 11, 17, 19, 21, 23]",0,0.346829640947288,1
2630,433,"[1, 2, 3, 5, 6, 10, 13, 15, 17, 21, 23]",4231,"[1, 2, 3, 5, 6, 9, 11, 17, 19, 21, 23]",0,0.36587982832618027,0
2631,4231,"[1, 2, 3, 5, 6, 9, 11, 17, 19, 21, 23]",442,"[1, 2, 3, 5, 6, 9, 11, 12, 16, 22, 24]",0,0.37133333333333335,2
2632,4231,"[1, 2, 3, 5, 6, 9, 11, 17, 19, 21, 23]",4231,"[1, 2, 3, 5, 6, 9, 11, 17, 19, 21, 23]",0,0.5525525525525525,1
2633,4231,"[1, 2, 3, 5, 6, 9, 11, 17, 19, 21, 23]",4231,"[1, 2, 3, 5, 6, 9, 11, 17, 19, 21, 23]",65,0.08787878787878788,0
2634,442,"[1, 2, 3, 5, 6, 9, 11, 12, 16, 22, 24]",4231,"[1, 2, 3, 5, 6, 9, 11, 17, 19, 21, 23]",0,0.7174329501915708,0
2635,4141,"[1, 2, 3, 5, 6, 10, 12, 13, 15, 16, 23]",4231,"[1, 2, 3, 5, 6, 9, 11, 17, 19, 21, 23]",54,0.6993548387096774,0
2636,433,"[1, 2, 3, 5, 6, 10, 13, 15, 17, 21, 23]",4231,"[1, 2, 3, 5, 6, 9, 11, 17, 19, 21, 23]",0,0.6204954954954955,-1
2637,4231,"[1, 2, 3, 5, 6, 9, 11, 17, 19, 21, 23]",4231,"[1, 2, 3, 5, 6, 9, 11, 17, 19, 21, 23]",48,0.47427502338634236,1
2638,442,"[1, 2, 3, 5, 6, 9, 11, 12, 16, 22, 24]",4231,"[1, 2, 3, 5, 6, 9, 11, 17, 19, 21, 23]",0,0.5855343356359204,-1
2639,442,"[1, 2, 3, 5, 6, 9, 11, 12, 16, 22, 24]",4231,"[1, 2, 3, 5, 6, 9, 11, 17, 19, 21, 23]",69,0.6081081081081081,0
2640,442,"[1, 2, 3, 5, 6, 9, 11, 12, 16, 22, 24]",4231,"[1, 2, 3, 5, 6, 9, 11, 17, 19, 21, 23]",0,0.4526645768025078,2
2641,4231,"[1, 2, 3, 5, 6, 9, 15, 17, 19, 21, 23]",4231,"[1, 2, 3, 5, 6, 9, 11, 17, 19, 21, 23]",0,0.5733401955738548,-3
2642,442,"[1, 2, 3, 5, 6, 9, 11, 12, 16, 22, 24]",4231,"[1, 2, 3, 5, 6, 9, 11, 17, 19, 21, 23]",0,0.3986175115207373,1
2643,442,"[1, 2, 3, 5, 6, 9, 11, 12, 16, 22, 24]",433,"[1, 2, 3, 5, 6, 10, 13, 15, 17, 21, 23]",0,0.4016692749087115,1
2644,442,"[1, 2, 3, 5, 6, 9, 11, 12, 16, 22, 24]",4231,"[1, 2, 3, 5, 6, 9, 11, 17, 19, 21, 23]",47,0.38627187079407804,0
2645,4231,"[1, 2, 3, 5, 6, 9, 11, 17, 19, 21, 23]",442,"[1, 2, 3, 5, 6, 9, 11, 12, 16, 22, 24]",0,0.6929740134744947,0
2646,4231,"[1, 2, 3, 5, 6, 9, 11, 17, 19, 21, 23]",442,"[1, 2, 3, 5, 6, 9, 11, 12, 16, 22, 24]",28,0.6918604651162791,1
2647,4231,"[1, 2, 3, 5, 6, 9, 11, 17, 19, 21, 23]",4411,"[1, 2, 3, 5, 6, 9, 11, 12, 16, 19, 23]",42,0.7352941176470589,0
2648,4231,"[1, 2, 3, 5, 6, 9, 11, 17, 19, 21, 23]",4411,"[1, 2, 3, 5, 6, 9, 11, 12, 13, 16, 23]",45,0.6840579710144927,0
2649,451,"[1, 2, 3, 5, 6, 10, 12, 13, 15, 16, 23]",4141,"[1, 2, 3, 5, 6, 10, 12, 13, 15, 16, 23]",0,0.3141592920353982,0
2650,451,"[1, 2, 3, 5, 6, 10, 12, 13, 15, 16, 23]",4141,"[1, 2, 3, 5, 6, 10, 12, 13, 15, 16, 23]",45,0.5771812080536913,-1
2651,4231,"[1, 2, 3, 5, 6, 9, 11, 17, 19, 21, 23]",433,"[1, 2, 3, 5, 6, 10, 13, 15, 17, 21, 23]",0,0.433589462129528,2
2652,4231,"[1, 2, 3, 5, 6, 9, 11, 17, 19, 21, 23]",4231,"[1, 2, 3, 5, 6, 9, 11, 17, 19, 21, 23]",45,0.4141749723145072,0
2653,4231,"[1, 2, 3, 5, 6, 9, 11, 17, 19, 21, 23]",4231,"[1, 2, 3, 5, 6, 9, 11, 17, 19, 21, 23]",70,0.664,0
2654,352,"[1, 3, 4, 5, 7, 8, 10, 13, 15, 22, 24]",442,"[1, 2, 3, 5, 6, 9, 11, 12, 16, 22, 24]",0,0.39137017411052233,0
2655,352,"[1, 3, 4, 5, 7, 8, 10, 13, 15, 22, 24]",433,"[1, 2, 3, 5, 6, 10, 13, 15, 17, 21, 23]",37,0.5324675324675324,0
2656,352,"[1, 3, 4, 5, 7, 8, 10, 13, 15, 22, 24]",433,"[1, 2, 3, 5, 6, 10, 13, 15, 17, 21, 23]",49,0.7736486486486487,0
2657,352,"[1, 3, 4, 5, 7, 8, 10, 13, 15, 22, 24]",433,"[1, 2, 3, 5, 6, 10, 13, 15, 17, 21, 23]",57,0.25958702064896755,0
2658,442,"[1, 2, 3, 5, 6, 12, 13, 15, 16, 22, 24]",442,"[1, 2, 3, 5, 6, 9, 11, 12, 16, 22, 24]",0,0.4894117647058824,0
2659,442,"[1, 2, 3, 5, 6, 12, 13, 15, 16, 22, 24]",442,"[1, 2, 3, 5, 6, 9, 11, 12, 16, 22, 24]",9,0.42594810379241516,3
2660,4231,"[1, 2, 3, 5, 6, 9, 11, 17, 19, 21, 23]",4231,"[1, 2, 3, 5, 6, 9, 11, 17, 19, 21, 23]",0,0.43454258675078866,0
2661,442,"[1, 2, 3, 5, 6, 9, 11, 12, 16, 22, 24]",4231,"[1, 2, 3, 5, 6, 9, 11, 17, 19, 21, 23]",72,1.0,0
2662,442,"[1, 2, 3, 5, 6, 9, 11, 12, 16, 22, 24]",4231,"[1, 2, 3, 5, 6, 9, 11, 17, 19, 21, 23]",72,0.4809843400447427,0
2663,442,"[1, 2, 3, 5, 6, 9, 11, 12, 16, 22, 24]",4231,"[1, 2, 3, 5, 6, 9, 11, 17, 19, 21, 23]",0,0.5574123989218329,1
2664,442,"[1, 2, 3, 5, 6, 9, 11, 12, 16, 22, 24]",4231,"[1, 2, 3, 5, 6, 9, 11, 17, 19, 21, 23]",48,0.6186868686868687,0
2665,442,"[1, 2, 3, 5, 6, 9, 11, 12, 16, 22, 24]",4231,"[1, 2, 3, 5, 6, 9, 11, 17, 19, 21, 23]",71,0.5607734806629834,0
2666,442,"[1, 2, 3, 5, 6, 9, 11, 12, 16, 22, 24]",4231,"[1, 2, 3, 5, 6, 9, 11, 17, 19, 21, 23]",82,0.6178861788617886,0
2667,4141,"[1, 2, 3, 5, 6, 10, 12, 13, 15, 16, 23]",4231,"[1, 2, 3, 5, 6, 9, 11, 17, 19, 21, 23]",84,0.022222222222222223,0
2668,4141,"[1, 2, 3, 5, 6, 10, 12, 13, 15, 16, 23]",4231,"[1, 2, 3, 5, 6, 9, 11, 17, 19, 21, 23]",85,0.2753623188405797,1
2669,4231,"[1, 2, 3, 5, 6, 9, 11, 17, 19, 21, 23]",442,"[1, 2, 3, 5, 6, 9, 11, 12, 16, 22, 24]",0,0.5048275862068966,-2
2670,4231,"[1, 2, 3, 5, 6, 9, 11, 17, 19, 21, 23]",4231,"[1, 2, 3, 5, 6, 9, 11, 17, 19, 21, 23]",0,0.6267372600926538,-2
2671,4231,"[1, 2, 3, 5, 6, 9, 11, 17, 19, 21, 23]",4231,"[1, 2, 3, 5, 6, 9, 11, 17, 19, 21, 23]",45,0.5843293492695883,1
2672,442,"[1, 2, 3, 5, 6, 9, 11, 12, 16, 22, 24]",4231,"[1, 2, 3, 5, 6, 9, 11, 17, 19, 21, 23]",0,0.5729323308270676,0
2673,442,"[1, 2, 3, 5, 6, 9, 11, 12, 16, 22, 24]",4231,"[1, 2, 3, 5, 6, 9, 11, 17, 19, 21, 23]",45,0.5188679245283019,0
2674,442,"[1, 2, 3, 5, 6, 9, 11, 12, 16, 22, 24]",4231,"[1, 2, 3, 5, 6, 9, 11, 17, 19, 21, 23]",64,0.9642857142857143,0
2675,442,"[1, 2, 3, 5, 6, 9, 11, 12, 16, 22, 24]",4231,"[1, 2, 3, 5, 6, 9, 11, 17, 19, 21, 23]",66,0.5238095238095238,0
2676,442,"[1, 2, 3, 5, 6, 9, 11, 12, 16, 22, 24]",4231,"[1, 2, 3, 5, 6, 9, 11, 17, 19, 21, 23]",72,0.6933797909407665,0
2677,4231,"[1, 2, 3, 5, 6, 9, 11, 17, 19, 21, 23]",4231,"[1, 2, 3, 5, 6, 9, 11, 17, 19, 21, 23]",0,0.5334773218142549,0
2678,4231,"[1, 2, 3, 5, 6, 9, 11, 17, 19, 21, 23]",4231,"[1, 2, 3, 5, 6, 9, 11, 17, 19, 21, 23]",33,0.38596491228070173,-1
2679,442,"[1, 2, 3, 5, 6, 9, 11, 12, 16, 22, 24]",4231,"[1, 2, 3, 5, 6, 9, 11, 17, 19, 21, 23]",45,0.72,0
2680,442,"[1, 2, 3, 5, 6, 9, 11, 12, 16, 22, 24]",4231,"[1, 2, 3, 5, 6, 9, 11, 17, 19, 21, 23]",61,0.7623126338329764,1
2681,433,"[1, 2, 3, 5, 6, 10, 13, 15, 17, 21, 23]",433,"[1, 2, 3, 5, 6, 10, 13, 15, 17, 21, 23]",0,0.5278514588859416,2
2682,433,"[1, 2, 3, 5, 6, 10, 13, 15, 17, 21, 23]",433,"[1, 2, 3, 5, 6, 10, 13, 15, 17, 21, 23]",45,0.4074074074074074,0
2683,433,"[1, 2, 3, 5, 6, 10, 13, 15, 17, 21, 23]",433,"[1, 2, 3, 5, 6, 10, 13, 15, 17, 21, 23]",64,0.563265306122449,0
2684,433,"[1, 2, 3, 5, 6, 10, 13, 15, 17, 21, 23]",433,"[1, 2, 3, 5, 6, 10, 13, 15, 17, 21, 23]",75,0.13013698630136986,0
2685,433,"[1, 2, 3, 5, 6, 10, 13, 15, 17, 21, 23]",433,"[1, 2, 3, 5, 6, 10, 13, 15, 17, 21, 23]",78,0.46184738955823296,-1
2686,4231,"[1, 2, 3, 5, 6, 9, 11, 17, 19, 21, 23]",4231,"[1, 2, 3, 5, 6, 9, 11, 17, 19, 21, 23]",0,0.5132013201320133,0
2687,4231,"[1, 2, 3, 5, 6, 9, 11, 17, 19, 21, 23]",4231,"[1, 2, 3, 5, 6, 9, 11, 17, 19, 21, 23]",37,0.5857385398981324,0
2688,4231,"[1, 2, 3, 5, 6, 9, 11, 17, 19, 21, 23]",442,"[1, 2, 3, 5, 6, 9, 11, 12, 16, 22, 24]",64,0.7272727272727273,0
2689,4231,"[1, 2, 3, 5, 6, 9, 11, 17, 19, 21, 23]",442,"[1, 2, 3, 5, 6, 9, 11, 12, 16, 22, 24]",70,0.45,0
2690,4231,"[1, 2, 3, 5, 6, 9, 11, 17, 19, 21, 23]",433,"[1, 2, 3, 5, 6, 10, 13, 15, 17, 21, 23]",0,0.38172715894868586,1
2691,4231,"[1, 2, 3, 5, 6, 9, 11, 17, 19, 21, 23]",433,"[1, 2, 3, 5, 6, 10, 13, 15, 17, 21, 23]",42,0.2328767123287671,-1
2692,4231,"[1, 2, 3, 5, 6, 9, 11, 17, 19, 21, 23]",433,"[1, 2, 3, 5, 6, 10, 13, 15, 17, 21, 23]",57,0.38247011952191234,0
2693,4231,"[1, 2, 3, 5, 6, 9, 11, 17, 19, 21, 23]",433,"[1, 2, 3, 5, 6, 10, 13, 15, 17, 21, 23]",63,0.380859375,0
2694,4231,"[1, 2, 3, 5, 6, 9, 11, 17, 19, 21, 23]",4231,"[1, 2, 3, 5, 6, 9, 11, 17, 19, 21, 23]",78,0.36875,-1
2695,3412,"[1, 3, 4, 5, 7, 8, 9, 11, 19, 22, 24]",4141,"[1, 2, 3, 5, 6, 10, 12, 13, 15, 16, 23]",0,0.60345789180145,1
2696,3412,"[1, 3, 4, 5, 7, 8, 9, 11, 19, 22, 24]",442,"[1, 2, 3, 5, 6, 9, 11, 12, 16, 22, 24]",58,0.4713740458015267,1
2697,3412,"[1, 3, 4, 5, 7, 8, 9, 11, 19, 22, 24]",4231,"[1, 2, 3, 5, 6, 9, 11, 17, 19, 21, 23]",75,0.5162241887905604,0
2698,442,"[1, 2, 3, 5, 6, 9, 11, 12, 16, 22, 24]",4141,"[1, 2, 3, 5, 6, 10, 12, 13, 15, 16, 23]",0,0.44823123382226054,1
2699,4231,"[1, 2, 3, 5, 6, 9, 11, 17, 19, 21, 23]",442,"[1, 2, 3, 5, 6, 9, 11, 12, 16, 22, 24]",0,0.508019246190858,0
2700,4231,"[1, 2, 3, 5, 6, 9, 11, 17, 19, 21, 23]",442,"[1, 2, 3, 5, 6, 9, 11, 12, 16, 22, 24]",61,0.7918781725888325,0
2701,4231,"[1, 2, 3, 5, 6, 9, 11, 17, 19, 21, 23]",442,"[1, 2, 3, 5, 6, 9, 11, 12, 16, 22, 24]",82,0.39375,1
2702,4141,"[1, 2, 3, 5, 6, 10, 12, 13, 15, 16, 23]",433,"[1, 2, 3, 5, 6, 10, 13, 15, 17, 21, 23]",0,0.48157051282051283,-1
2703,4141,"[1, 2, 3, 5, 6, 10, 12, 13, 15, 16, 23]",433,"[1, 2, 3, 5, 6, 10, 13, 15, 17, 21, 23]",29,0.5096977898060442,0
2704,442,"[1, 2, 3, 5, 6, 9, 11, 12, 16, 22, 24]",433,"[1, 2, 3, 5, 6, 10, 13, 15, 17, 21, 23]",84,0.475177304964539,0
2705,442,"[1, 2, 3, 5, 6, 9, 11, 12, 16, 22, 24]",442,"[1, 2, 3, 5, 6, 9, 11, 12, 16, 22, 24]",0,0.4620253164556962,0
2706,442,"[1, 2, 3, 5, 6, 9, 11, 12, 16, 22, 24]",442,"[1, 2, 3, 5, 6, 9, 11, 12, 16, 22, 24]",45,0.48344370860927155,0
2707,442,"[1, 2, 3, 5, 6, 9, 11, 12, 16, 22, 24]",442,"[1, 2, 3, 5, 6, 9, 11, 12, 16, 22, 24]",54,0.31666666666666665,1
2708,442,"[1, 2, 3, 5, 6, 9, 11, 12, 16, 22, 24]",442,"[1, 2, 3, 5, 6, 9, 11, 12, 16, 22, 24]",57,0.28063241106719367,0
2709,4231,"[1, 2, 3, 5, 6, 9, 11, 17, 19, 21, 23]",442,"[1, 2, 3, 5, 6, 9, 11, 12, 16, 22, 24]",0,0.605212725182062,1
2710,433,"[1, 2, 3, 5, 6, 10, 13, 15, 17, 21, 23]",442,"[1, 2, 3, 5, 6, 9, 11, 12, 16, 22, 24]",70,0.39655172413793105,-1
2711,4231,"[1, 2, 3, 5, 6, 9, 11, 17, 19, 21, 23]",4231,"[1, 2, 3, 5, 6, 9, 11, 17, 19, 21, 23]",0,0.5787420770355924,4
2712,433,"[1, 2, 3, 5, 6, 10, 13, 15, 17, 21, 23]",442,"[1, 2, 3, 5, 6, 9, 11, 12, 16, 22, 24]",0,0.5271779597915115,-2
2713,433,"[1, 2, 3, 5, 6, 10, 13, 15, 17, 21, 23]",442,"[1, 2, 3, 5, 6, 9, 11, 12, 16, 22, 24]",61,0.7193675889328063,0
2714,433,"[1, 2, 3, 5, 6, 10, 13, 15, 17, 21, 23]",442,"[1, 2, 3, 5, 6, 9, 11, 12, 16, 22, 24]",69,0.7974137931034483,0
2715,3412,"[1, 3, 4, 5, 7, 8, 9, 11, 19, 22, 24]",442,"[1, 2, 3, 5, 6, 9, 11, 12, 16, 22, 24]",75,0.4798206278026906,0
2716,41212,"[1, 2, 3, 5, 6, 10, 13, 15, 19, 22, 24]",4231,"[1, 2, 3, 5, 6, 9, 11, 17, 19, 21, 23]",0,0.5222906850308082,3
2717,4231,"[1, 2, 3, 5, 6, 9, 11, 17, 19, 21, 23]",4231,"[1, 2, 3, 5, 6, 9, 11, 17, 19, 21, 23]",0,0.5193679918450561,0
2718,4231,"[1, 2, 3, 5, 6, 9, 11, 17, 19, 21, 23]",4231,"[1, 2, 3, 5, 6, 9, 11, 17, 19, 21, 23]",54,0.6363636363636364,0
2719,433,"[1, 2, 3, 5, 6, 10, 13, 15, 17, 21, 23]",442,"[1, 2, 3, 5, 6, 9, 11, 12, 16, 22, 24]",0,0.6225563909774436,1
2720,4231,"[1, 2, 3, 5, 6, 9, 11, 17, 19, 21, 23]",4231,"[1, 2, 3, 5, 6, 9, 11, 17, 19, 21, 23]",0,0.6693921080696765,0
2721,4231,"[1, 2, 3, 5, 6, 9, 11, 17, 19, 21, 23]",4231,"[1, 2, 3, 5, 6, 9, 11, 17, 19, 21, 23]",66,0.5263870094722598,0
2722,433,"[1, 2, 3, 5, 6, 10, 13, 15, 17, 21, 23]",4231,"[1, 2, 3, 5, 6, 9, 11, 17, 19, 21, 23]",0,0.5463071512309496,-1
2723,352,"[1, 3, 4, 5, 7, 8, 10, 13, 15, 22, 24]",4231,"[1, 2, 3, 5, 6, 9, 11, 17, 19, 21, 23]",54,0.9365079365079365,0
2724,352,"[1, 3, 4, 5, 7, 8, 10, 13, 15, 22, 24]",4231,"[1, 2, 3, 5, 6, 9, 11, 17, 19, 21, 23]",57,0.8694267515923567,0
2725,433,"[1, 2, 3, 5, 6, 10, 13, 15, 17, 21, 23]",433,"[1, 2, 3, 5, 6, 10, 13, 15, 17, 21, 23]",0,0.39783722253841775,0
2726,433,"[1, 2, 3, 5, 6, 10, 13, 15, 17, 21, 23]",433,"[1, 2, 3, 5, 6, 10, 13, 15, 17, 21, 23]",45,0.4139378673383711,0
2727,433,"[1, 2, 3, 5, 6, 10, 13, 15, 17, 21, 23]",433,"[1, 2, 3, 5, 6, 10, 13, 15, 17, 21, 23]",76,0.4291845493562232,-1
2728,433,"[1, 2, 3, 5, 6, 10, 13, 15, 17, 21, 23]",4231,"[1, 2, 3, 5, 6, 9, 11, 17, 19, 21, 23]",0,0.4049508092668994,0
2729,4231,"[1, 2, 3, 5, 6, 9, 11, 17, 19, 21, 23]",433,"[1, 2, 3, 5, 6, 10, 13, 15, 17, 21, 23]",0,0.3207207207207207,1
2730,4231,"[1, 2, 3, 5, 6, 9, 11, 17, 19, 21, 23]",442,"[1, 2, 3, 5, 6, 9, 11, 12, 16, 22, 24]",45,0.4082687338501292,1
2731,4231,"[1, 2, 3, 5, 6, 9, 11, 17, 19, 21, 23]",3412,"[1, 3, 4, 5, 7, 8, 9, 11, 19, 22, 24]",63,0.4673913043478261,-1
2732,4231,"[1, 2, 3, 5, 6, 9, 11, 17, 19, 21, 23]",343,"[1, 3, 4, 5, 7, 8, 9, 11, 17, 21, 23]",77,1.0,0
2733,442,"[1, 2, 3, 5, 6, 9, 11, 12, 16, 22, 24]",4231,"[1, 2, 3, 5, 6, 9, 11, 17, 19, 21, 23]",0,0.3788778877887789,1
2734,442,"[1, 2, 3, 5, 6, 9, 11, 12, 16, 22, 24]",4231,"[1, 2, 3, 5, 6, 9, 11, 17, 19, 21, 23]",77,0.4298245614035088,0
2735,433,"[1, 2, 3, 5, 6, 10, 13, 15, 17, 21, 23]",4231,"[1, 2, 3, 5, 6, 9, 11, 17, 19, 21, 23]",0,0.652948402948403,4
2736,4231,"[1, 2, 3, 5, 6, 9, 11, 17, 19, 21, 23]",4231,"[1, 2, 3, 5, 6, 9, 11, 17, 19, 21, 23]",0,0.5132478632478632,1
2737,4231,"[1, 2, 3, 5, 6, 9, 11, 17, 19, 21, 23]",442,"[1, 2, 3, 5, 6, 9, 11, 12, 16, 22, 24]",61,0.2935153583617747,0
2738,4231,"[1, 2, 3, 5, 6, 9, 11, 17, 19, 21, 23]",442,"[1, 2, 3, 5, 6, 9, 11, 12, 16, 22, 24]",73,0.15048543689320387,0
2739,442,"[1, 2, 3, 5, 6, 9, 11, 12, 16, 22, 24]",442,"[1, 2, 3, 5, 6, 9, 11, 12, 16, 22, 24]",0,0.575204765450484,-1
2740,442,"[1, 2, 3, 5, 6, 9, 11, 12, 16, 22, 24]",442,"[1, 2, 3, 5, 6, 9, 11, 12, 16, 22, 24]",72,0.5027932960893855,0
2741,4231,"[1, 2, 3, 5, 6, 9, 11, 17, 19, 21, 23]",442,"[1, 2, 3, 5, 6, 9, 11, 12, 16, 22, 24]",0,0.6225970969007454,1
2742,4141,"[1, 2, 3, 5, 6, 10, 12, 13, 15, 16, 23]",4231,"[1, 2, 3, 5, 6, 9, 11, 17, 19, 21, 23]",0,0.4126712328767123,0
2743,4141,"[1, 2, 3, 5, 6, 10, 12, 13, 15, 16, 23]",4231,"[1, 2, 3, 5, 6, 9, 11, 17, 19, 21, 23]",33,0.40344827586206894,0
2744,4141,"[1, 2, 3, 5, 6, 10, 12, 13, 15, 16, 23]",4231,"[1, 2, 3, 5, 6, 9, 11, 17, 19, 21, 23]",45,0.45869947275922673,1
2745,4141,"[1, 2, 3, 5, 6, 10, 12, 13, 15, 16, 23]",4231,"[1, 2, 3, 5, 6, 9, 11, 17, 19, 21, 23]",60,0.35236220472440943,0
2746,4231,"[1, 2, 3, 5, 6, 9, 11, 17, 19, 21, 23]",442,"[1, 2, 3, 5, 6, 9, 11, 12, 16, 22, 24]",0,0.5304676428908833,3
2747,4231,"[1, 2, 3, 5, 6, 9, 11, 17, 19, 21, 23]",4231,"[1, 2, 3, 5, 6, 9, 11, 17, 19, 21, 23]",51,0.3937908496732026,0
2748,433,"[1, 2, 3, 5, 6, 10, 13, 15, 17, 21, 23]",4231,"[1, 2, 3, 5, 6, 9, 11, 17, 19, 21, 23]",0,0.5622568093385214,1
2749,433,"[1, 2, 3, 5, 6, 10, 13, 15, 17, 21, 23]",4231,"[1, 2, 3, 5, 6, 9, 11, 17, 19, 21, 23]",45,0.6553524804177546,3
2750,433,"[1, 2, 3, 5, 6, 10, 13, 15, 17, 21, 23]",4231,"[1, 2, 3, 5, 6, 9, 11, 17, 19, 21, 23]",76,0.24,2
2751,442,"[1, 2, 3, 5, 6, 9, 11, 12, 16, 22, 24]",4231,"[1, 2, 3, 5, 6, 9, 11, 17, 19, 21, 23]",0,0.4240465416936005,-2
2752,442,"[1, 2, 3, 5, 6, 9, 11, 12, 16, 22, 24]",4231,"[1, 2, 3, 5, 6, 9, 11, 17, 19, 21, 23]",45,0.7159090909090909,0
2753,442,"[1, 2, 3, 5, 6, 9, 11, 12, 16, 22, 24]",4231,"[1, 2, 3, 5, 6, 9, 11, 17, 19, 21, 23]",56,0.75,0
2754,3412,"[1, 3, 4, 5, 7, 8, 9, 11, 19, 22, 24]",4231,"[1, 2, 3, 5, 6, 9, 11, 17, 19, 21, 23]",56,0.6923076923076923,0
2755,4231,"[1, 2, 3, 5, 6, 9, 11, 17, 19, 21, 23]",4231,"[1, 2, 3, 5, 6, 9, 11, 17, 19, 21, 23]",0,0.5685679611650486,-1
2756,4231,"[1, 2, 3, 5, 6, 9, 11, 17, 19, 21, 23]",4231,"[1, 2, 3, 5, 6, 9, 11, 17, 19, 21, 23]",51,0.6701149425287356,0
2757,4231,"[1, 2, 3, 5, 6, 9, 11, 17, 19, 21, 23]",4231,"[1, 2, 3, 5, 6, 9, 11, 17, 19, 21, 23]",74,0.7194244604316546,1
2758,4231,"[1, 2, 3, 5, 6, 13, 15, 17, 19, 21, 23]",4231,"[1, 2, 3, 5, 6, 9, 11, 17, 19, 21, 23]",0,0.45460199004975127,2
2759,4231,"[1, 2, 3, 5, 6, 13, 15, 17, 19, 21, 23]",4231,"[1, 2, 3, 5, 6, 9, 11, 17, 19, 21, 23]",47,0.4142692750287687,-1
2760,433,"[1, 2, 3, 5, 6, 10, 13, 15, 17, 21, 23]",4141,"[1, 2, 3, 5, 6, 10, 12, 13, 15, 16, 23]",0,0.5962566844919787,-3
2761,442,"[1, 2, 3, 5, 6, 9, 11, 12, 16, 22, 24]",4231,"[1, 2, 3, 5, 6, 9, 11, 17, 19, 21, 23]",0,0.4391691394658754,2
2762,442,"[1, 2, 3, 5, 6, 9, 11, 12, 16, 22, 24]",4231,"[1, 2, 3, 5, 6, 9, 11, 17, 19, 21, 23]",62,0.38650306748466257,0
2763,4231,"[1, 2, 3, 5, 6, 9, 11, 17, 19, 21, 23]",4231,"[1, 2, 3, 5, 6, 9, 11, 17, 19, 21, 23]",0,0.5476042314872434,0
2764,4231,"[1, 2, 3, 5, 6, 9, 11, 17, 19, 21, 23]",4231,"[1, 2, 3, 5, 6, 9, 11, 17, 19, 21, 23]",50,0.5469879518072289,-1
2765,4231,"[1, 2, 3, 5, 6, 9, 11, 17, 19, 21, 23]",4231,"[1, 2, 3, 5, 6, 9, 11, 17, 19, 21, 23]",65,0.8662790697674418,0
2766,442,"[1, 2, 3, 5, 6, 9, 11, 12, 16, 22, 24]",4231,"[1, 2, 3, 5, 6, 9, 11, 17, 19, 21, 23]",0,0.5051546391752577,-2
2767,4231,"[1, 2, 3, 5, 6, 9, 11, 17, 19, 21, 23]",4231,"[1, 2, 3, 5, 6, 9, 11, 17, 19, 21, 23]",0,0.4652049571020019,1
2768,4231,"[1, 2, 3, 5, 6, 9, 11, 17, 19, 21, 23]",4231,"[1, 2, 3, 5, 6, 9, 11, 17, 19, 21, 23]",29,0.34022445363260484,0
2769,4231,"[1, 2, 3, 5, 6, 9, 11, 17, 19, 21, 23]",4231,"[1, 2, 3, 5, 6, 9, 11, 17, 19, 21, 23]",75,0.3118279569892473,0
2770,4231,"[1, 2, 3, 5, 6, 9, 11, 17, 19, 21, 23]",4231,"[1, 2, 3, 5, 6, 9, 11, 17, 19, 21, 23]",0,0.38445973290165925,1
2771,442,"[1, 2, 3, 5, 6, 9, 11, 12, 16, 22, 24]",4231,"[1, 2, 3, 5, 6, 9, 11, 17, 19, 21, 23]",68,0.0,0
2772,442,"[1, 2, 3, 5, 6, 9, 11, 12, 16, 22, 24]",442,"[1, 2, 3, 5, 6, 9, 11, 12, 16, 22, 24]",70,0.5275459098497496,0
2773,4231,"[1, 2, 3, 5, 6, 9, 11, 17, 19, 21, 23]",4231,"[1, 2, 3, 5, 6, 9, 11, 17, 19, 21, 23]",0,0.6488845780795345,0
2774,4231,"[1, 2, 3, 5, 6, 9, 11, 17, 19, 21, 23]",4231,"[1, 2, 3, 5, 6, 9, 11, 17, 19, 21, 23]",28,0.739448051948052,-1
2775,4231,"[1, 2, 3, 5, 6, 9, 11, 17, 19, 21, 23]",4231,"[1, 2, 3, 5, 6, 9, 11, 17, 19, 21, 23]",61,0.0,0
2776,4231,"[1, 2, 3, 5, 6, 9, 11, 17, 19, 21, 23]",4231,"[1, 2, 3, 5, 6, 9, 11, 17, 19, 21, 23]",61,0.0,0
2777,4231,"[1, 2, 3, 5, 6, 9, 11, 17, 19, 21, 23]",4231,"[1, 2, 3, 5, 6, 9, 11, 17, 19, 21, 23]",61,0.7215189873417721,1
2778,442,"[1, 2, 3, 5, 6, 9, 11, 12, 16, 22, 24]",4231,"[1, 2, 3, 5, 6, 9, 11, 17, 19, 21, 23]",0,0.46688879633486047,1
2779,4231,"[1, 2, 3, 5, 6, 9, 11, 17, 19, 21, 23]",433,"[1, 2, 3, 5, 6, 10, 13, 15, 17, 21, 23]",0,0.368685376661743,0
2780,442,"[1, 2, 3, 5, 6, 9, 11, 12, 16, 22, 24]",4141,"[1, 2, 3, 5, 6, 10, 12, 13, 15, 16, 23]",0,0.5221339387060159,1
2781,4231,"[1, 2, 3, 5, 6, 9, 11, 17, 19, 21, 23]",4411,"[1, 2, 3, 5, 6, 9, 11, 12, 16, 19, 23]",0,0.4973460721868365,1
2782,4231,"[1, 2, 3, 5, 6, 9, 11, 17, 19, 21, 23]",4411,"[1, 2, 3, 5, 6, 9, 11, 12, 16, 19, 23]",50,0.4355716878402904,0
2783,4231,"[1, 2, 3, 5, 6, 9, 11, 17, 19, 21, 23]",4411,"[1, 2, 3, 5, 6, 9, 11, 12, 16, 19, 23]",66,0.38028169014084506,1
2784,4231,"[1, 2, 3, 5, 6, 9, 11, 17, 19, 21, 23]",4411,"[1, 2, 3, 5, 6, 9, 11, 12, 16, 19, 23]",74,0.6895787139689579,0
2785,4231,"[1, 2, 3, 5, 6, 9, 11, 17, 19, 21, 23]",442,"[1, 2, 3, 5, 6, 9, 11, 12, 16, 22, 24]",0,0.5781578157815782,0
2786,442,"[1, 2, 3, 5, 6, 9, 11, 12, 16, 22, 24]",4231,"[1, 2, 3, 5, 6, 9, 11, 17, 19, 21, 23]",0,0.4818281938325991,3
2787,442,"[1, 2, 3, 5, 6, 9, 11, 12, 16, 22, 24]",442,"[1, 2, 3, 5, 6, 9, 11, 12, 16, 22, 24]",45,0.3498896247240618,0
2788,4231,"[1, 2, 3, 5, 6, 9, 11, 17, 19, 21, 23]",442,"[1, 2, 3, 5, 6, 9, 11, 12, 16, 22, 24]",0,0.46871356393315194,1
2789,433,"[1, 2, 3, 5, 6, 10, 13, 15, 17, 21, 23]",4231,"[1, 2, 3, 5, 6, 9, 11, 17, 19, 21, 23]",0,0.5960031347962382,-1
2790,4231,"[1, 2, 3, 5, 6, 9, 11, 17, 19, 21, 23]",4231,"[1, 2, 3, 5, 6, 9, 11, 17, 19, 21, 23]",73,0.5253731343283582,0
2791,4231,"[1, 2, 3, 5, 6, 9, 11, 17, 19, 21, 23]",4231,"[1, 2, 3, 5, 6, 9, 11, 17, 19, 21, 23]",0,0.4701216287678477,2
2792,4231,"[1, 2, 3, 5, 6, 9, 11, 17, 19, 21, 23]",4231,"[1, 2, 3, 5, 6, 9, 11, 17, 19, 21, 23]",45,0.3431899641577061,-1
2793,4231,"[1, 2, 3, 5, 6, 9, 11, 17, 19, 21, 23]",4231,"[1, 2, 3, 5, 6, 9, 11, 17, 19, 21, 23]",73,0.8888888888888888,0
2794,4231,"[1, 2, 3, 5, 6, 9, 11, 17, 19, 21, 23]",4231,"[1, 2, 3, 5, 6, 9, 11, 17, 19, 21, 23]",0,0.5770925110132159,-1
2795,442,"[1, 2, 3, 5, 6, 9, 11, 12, 16, 22, 24]",4231,"[1, 2, 3, 5, 6, 9, 11, 17, 19, 21, 23]",0,0.5845951283739302,1
2796,442,"[1, 2, 3, 5, 6, 9, 11, 12, 16, 22, 24]",4231,"[1, 2, 3, 5, 6, 9, 11, 17, 19, 21, 23]",78,0.43089430894308944,0
2797,433,"[1, 2, 3, 5, 6, 10, 13, 15, 17, 21, 23]",4231,"[1, 2, 3, 5, 6, 9, 15, 17, 19, 21, 23]",0,0.33088749126484973,1
2798,4231,"[1, 2, 3, 5, 6, 9, 11, 17, 19, 21, 23]",442,"[1, 2, 3, 5, 6, 9, 11, 12, 16, 22, 24]",0,0.5414715719063545,3
2799,442,"[1, 2, 3, 5, 6, 9, 11, 12, 16, 22, 24]",4231,"[1, 2, 3, 5, 6, 9, 11, 17, 19, 21, 23]",0,0.6734820322180917,0
2800,442,"[1, 2, 3, 5, 6, 9, 11, 12, 16, 22, 24]",4231,"[1, 2, 3, 5, 6, 9, 11, 17, 19, 21, 23]",45,0.6803418803418804,0
2801,442,"[1, 2, 3, 5, 6, 9, 11, 12, 16, 22, 24]",4231,"[1, 2, 3, 5, 6, 9, 11, 17, 19, 21, 23]",63,0.8119402985074626,0
2802,442,"[1, 2, 3, 5, 6, 9, 11, 12, 16, 22, 24]",4231,"[1, 2, 3, 5, 6, 9, 11, 17, 19, 21, 23]",75,0.7167832167832168,0
2803,4231,"[1, 2, 3, 5, 6, 9, 11, 17, 19, 21, 23]",4231,"[1, 2, 3, 5, 6, 9, 11, 17, 19, 21, 23]",0,0.500587084148728,1
2804,4231,"[1, 2, 3, 5, 6, 9, 11, 17, 19, 21, 23]",4231,"[1, 2, 3, 5, 6, 9, 11, 17, 19, 21, 23]",63,0.3394919168591224,0
2805,4231,"[1, 2, 3, 5, 6, 9, 11, 17, 19, 21, 23]",4231,"[1, 2, 3, 5, 6, 9, 11, 17, 19, 21, 23]",78,0.27071823204419887,0
2806,4231,"[1, 2, 3, 5, 6, 9, 11, 17, 19, 21, 23]",4231,"[1, 2, 3, 5, 6, 9, 11, 17, 19, 21, 23]",0,0.5807504078303426,3
2807,4231,"[1, 2, 3, 5, 6, 9, 11, 17, 19, 21, 23]",4231,"[1, 2, 3, 5, 6, 9, 11, 17, 19, 21, 23]",62,0.5228215767634855,0
2808,4231,"[1, 2, 3, 5, 6, 9, 11, 17, 19, 21, 23]",442,"[1, 2, 3, 5, 6, 9, 11, 12, 16, 22, 24]",0,0.5375757575757576,1
2809,4231,"[1, 2, 3, 5, 6, 9, 11, 17, 19, 21, 23]",4231,"[1, 2, 3, 5, 6, 9, 11, 17, 19, 21, 23]",0,0.6,0
2810,4231,"[1, 2, 3, 5, 6, 9, 11, 17, 19, 21, 23]",4231,"[1, 2, 3, 5, 6, 9, 11, 17, 19, 21, 23]",0,0.5737937559129612,2
2811,433,"[1, 2, 3, 5, 6, 10, 13, 15, 17, 21, 23]",4231,"[1, 2, 3, 5, 6, 9, 11, 17, 19, 21, 23]",0,0.7142116182572614,5
2812,433,"[1, 2, 3, 5, 6, 10, 13, 15, 17, 21, 23]",4231,"[1, 2, 3, 5, 6, 9, 11, 17, 19, 21, 23]",45,0.7656675749318801,-1
2813,433,"[1, 2, 3, 5, 6, 10, 13, 15, 17, 21, 23]",4231,"[1, 2, 3, 5, 6, 9, 11, 17, 19, 21, 23]",64,0.4899598393574297,0
2814,4231,"[1, 2, 3, 5, 6, 9, 11, 17, 19, 21, 23]",4231,"[1, 2, 3, 5, 6, 9, 11, 17, 19, 21, 23]",0,0.6339846475924633,-1
2815,4231,"[1, 2, 3, 5, 6, 9, 11, 17, 19, 21, 23]",4231,"[1, 2, 3, 5, 6, 9, 11, 17, 19, 21, 23]",61,0.6531862745098039,-1
2816,4231,"[1, 2, 3, 5, 6, 9, 11, 17, 19, 21, 23]",4231,"[1, 2, 3, 5, 6, 9, 11, 17, 19, 21, 23]",0,0.36605584642233857,1
2817,4231,"[1, 2, 3, 5, 6, 9, 11, 17, 19, 21, 23]",4231,"[1, 2, 3, 5, 6, 9, 11, 17, 19, 21, 23]",61,0.328537170263789,0
2818,4231,"[1, 2, 3, 5, 6, 9, 11, 17, 19, 21, 23]",4141,"[1, 2, 3, 5, 6, 10, 12, 13, 15, 16, 23]",0,0.6276512175962293,2
2819,4231,"[1, 2, 3, 5, 6, 9, 11, 17, 19, 21, 23]",4141,"[1, 2, 3, 5, 6, 10, 12, 13, 15, 16, 23]",63,0.376,-1
2820,4231,"[1, 2, 3, 5, 6, 9, 11, 17, 19, 21, 23]",4141,"[1, 2, 3, 5, 6, 10, 12, 13, 15, 16, 23]",72,0.4696969696969697,0
2821,4231,"[1, 2, 3, 5, 6, 9, 11, 17, 19, 21, 23]",4141,"[1, 2, 3, 5, 6, 10, 12, 13, 15, 16, 23]",76,0.4602649006622517,1
2822,4231,"[1, 2, 3, 5, 6, 9, 11, 17, 19, 21, 23]",442,"[1, 2, 3, 5, 6, 9, 11, 12, 16, 22, 24]",84,0.25384615384615383,-1
2823,442,"[1, 2, 3, 5, 6, 9, 11, 12, 16, 22, 24]",4231,"[1, 2, 3, 5, 6, 9, 11, 17, 19, 21, 23]",0,0.48613678373382624,2
2824,442,"[1, 2, 3, 5, 6, 9, 11, 12, 16, 22, 24]",442,"[1, 2, 3, 5, 6, 9, 11, 12, 16, 22, 24]",68,0.532608695652174,0
2825,4231,"[1, 2, 3, 5, 6, 9, 11, 17, 19, 21, 23]",442,"[1, 2, 3, 5, 6, 12, 13, 15, 16, 22, 24]",0,0.5413907284768212,-1
2826,4231,"[1, 2, 3, 5, 6, 9, 11, 17, 19, 21, 23]",442,"[1, 2, 3, 5, 6, 12, 13, 15, 16, 22, 24]",73,0.7959183673469388,0
2827,4231,"[1, 2, 3, 5, 6, 9, 11, 17, 19, 21, 23]",442,"[1, 2, 3, 5, 6, 12, 13, 15, 16, 22, 24]",76,0.46875,-1
2828,433,"[1, 2, 3, 5, 6, 10, 13, 15, 17, 21, 23]",442,"[1, 2, 3, 5, 6, 9, 11, 12, 16, 22, 24]",0,0.5021929824561403,0
2829,433,"[1, 2, 3, 5, 6, 10, 13, 15, 17, 21, 23]",442,"[1, 2, 3, 5, 6, 9, 11, 12, 16, 22, 24]",0,0.4919454770755886,0
2830,442,"[1, 2, 3, 5, 6, 9, 11, 12, 16, 22, 24]",442,"[1, 2, 3, 5, 6, 9, 11, 12, 16, 22, 24]",45,0.39589905362776023,0
2831,442,"[1, 2, 3, 5, 6, 9, 11, 12, 16, 22, 24]",4231,"[1, 2, 3, 5, 6, 9, 11, 17, 19, 21, 23]",62,0.45495495495495497,0
2832,4231,"[1, 2, 3, 5, 6, 9, 11, 17, 19, 21, 23]",4231,"[1, 2, 3, 5, 6, 9, 11, 17, 19, 21, 23]",68,0.43147208121827413,1
2833,4231,"[1, 2, 3, 5, 6, 9, 11, 17, 19, 21, 23]",442,"[1, 2, 3, 5, 6, 9, 11, 12, 16, 22, 24]",0,0.5059190031152648,0
2834,4231,"[1, 2, 3, 5, 6, 9, 11, 17, 19, 21, 23]",442,"[1, 2, 3, 5, 6, 9, 11, 12, 16, 22, 24]",45,0.4959053685168335,1
2835,4231,"[1, 2, 3, 5, 6, 9, 11, 17, 19, 21, 23]",4231,"[1, 2, 3, 5, 6, 9, 11, 17, 19, 21, 23]",0,0.5197204193709436,2
2836,442,"[1, 2, 3, 5, 6, 9, 11, 12, 16, 22, 24]",4231,"[1, 2, 3, 5, 6, 9, 11, 17, 19, 21, 23]",0,0.5273972602739726,1
2837,442,"[1, 2, 3, 5, 6, 9, 11, 12, 16, 22, 24]",4231,"[1, 2, 3, 5, 6, 9, 11, 17, 19, 21, 23]",28,0.354521625163827,-2
2838,442,"[1, 2, 3, 5, 6, 9, 11, 12, 16, 22, 24]",4231,"[1, 2, 3, 5, 6, 9, 11, 17, 19, 21, 23]",71,0.31343283582089554,0
2839,4231,"[1, 2, 3, 5, 6, 9, 15, 17, 19, 21, 23]",4231,"[1, 2, 3, 5, 6, 9, 11, 17, 19, 21, 23]",0,0.438140267927502,0
2840,4231,"[1, 2, 3, 5, 6, 9, 11, 17, 19, 21, 23]",4231,"[1, 2, 3, 5, 6, 9, 11, 17, 19, 21, 23]",0,0.36573556797020484,0
2841,4231,"[1, 2, 3, 5, 6, 9, 11, 17, 19, 21, 23]",4231,"[1, 2, 3, 5, 6, 9, 11, 17, 19, 21, 23]",65,0.26591760299625467,0
2842,4231,"[1, 2, 3, 5, 6, 9, 11, 17, 19, 21, 23]",4231,"[1, 2, 3, 5, 6, 9, 11, 17, 19, 21, 23]",0,0.5759934453092994,-2
2843,4231,"[1, 2, 3, 5, 6, 9, 11, 17, 19, 21, 23]",4231,"[1, 2, 3, 5, 6, 9, 11, 17, 19, 21, 23]",69,0.3967391304347826,-1
2844,3412,"[1, 3, 4, 5, 7, 8, 9, 11, 19, 22, 24]",442,"[1, 2, 3, 5, 6, 9, 11, 12, 16, 22, 24]",0,0.4559023066485753,1
2845,3412,"[1, 3, 4, 5, 7, 8, 9, 11, 19, 22, 24]",433,"[1, 2, 3, 5, 6, 10, 13, 15, 17, 21, 23]",45,0.30193548387096775,0
2846,3412,"[1, 3, 4, 5, 7, 8, 9, 11, 19, 22, 24]",433,"[1, 2, 3, 5, 6, 10, 13, 15, 17, 21, 23]",76,0.37037037037037035,0
2847,352,"[1, 3, 4, 5, 7, 8, 10, 13, 15, 22, 24]",433,"[1, 2, 3, 5, 6, 10, 13, 15, 17, 21, 23]",79,0.2857142857142857,0
2848,4231,"[1, 2, 3, 5, 6, 9, 11, 17, 19, 21, 23]",442,"[1, 2, 3, 5, 6, 9, 11, 12, 16, 22, 24]",0,0.5290280495759948,0
2849,433,"[1, 2, 3, 5, 6, 10, 13, 15, 17, 21, 23]",433,"[1, 2, 3, 5, 6, 10, 13, 15, 17, 21, 23]",0,0.4850721234485072,0
2850,433,"[1, 2, 3, 5, 6, 10, 13, 15, 17, 21, 23]",4141,"[1, 2, 3, 5, 6, 10, 12, 13, 15, 16, 23]",70,0.5178571428571429,0
2851,433,"[1, 2, 3, 5, 6, 10, 13, 15, 17, 21, 23]",4141,"[1, 2, 3, 5, 6, 10, 12, 13, 15, 16, 23]",80,0.2773722627737226,0
2852,442,"[1, 2, 3, 5, 6, 9, 11, 12, 16, 22, 24]",4231,"[1, 2, 3, 5, 6, 13, 15, 17, 19, 21, 23]",0,0.44439117929050814,2
2853,442,"[1, 2, 3, 5, 6, 9, 11, 12, 16, 22, 24]",4231,"[1, 2, 3, 5, 6, 13, 15, 17, 19, 21, 23]",60,0.2222222222222222,0
2854,442,"[1, 2, 3, 5, 6, 9, 11, 12, 16, 22, 24]",4231,"[1, 2, 3, 5, 6, 13, 15, 17, 19, 21, 23]",62,0.625,0
2855,442,"[1, 2, 3, 5, 6, 9, 11, 12, 16, 22, 24]",4231,"[1, 2, 3, 5, 6, 13, 15, 17, 19, 21, 23]",65,1.0,0
2856,433,"[1, 2, 3, 5, 6, 10, 13, 15, 17, 21, 23]",4141,"[1, 2, 3, 5, 6, 10, 12, 13, 15, 16, 23]",0,0.5920444033302498,0
2857,433,"[1, 2, 3, 5, 6, 10, 13, 15, 17, 21, 23]",4141,"[1, 2, 3, 5, 6, 10, 12, 13, 15, 16, 23]",55,0.44385026737967914,0
2858,442,"[1, 2, 3, 5, 6, 9, 11, 12, 16, 22, 24]",4141,"[1, 2, 3, 5, 6, 10, 12, 13, 15, 16, 23]",72,0.5653495440729484,1
2859,442,"[1, 2, 3, 5, 6, 9, 11, 12, 16, 22, 24]",352,"[1, 3, 4, 5, 7, 8, 10, 13, 15, 22, 24]",0,0.5201793721973094,0
2860,442,"[1, 2, 3, 5, 6, 9, 11, 12, 16, 22, 24]",352,"[1, 3, 4, 5, 7, 8, 10, 13, 15, 22, 24]",6,0.6612903225806451,0
2861,433,"[1, 2, 3, 5, 6, 10, 13, 15, 17, 21, 23]",4231,"[1, 2, 3, 5, 6, 9, 11, 17, 19, 21, 23]",0,0.5332885003362475,1
2862,4231,"[1, 2, 3, 5, 6, 9, 11, 17, 19, 21, 23]",4231,"[1, 2, 3, 5, 6, 9, 11, 17, 19, 21, 23]",0,0.4515895953757225,1
2863,4231,"[1, 2, 3, 5, 6, 9, 11, 17, 19, 21, 23]",4231,"[1, 2, 3, 5, 6, 9, 11, 17, 19, 21, 23]",33,0.4160887656033287,1
2864,4231,"[1, 2, 3, 5, 6, 9, 11, 17, 19, 21, 23]",4231,"[1, 2, 3, 5, 6, 9, 11, 17, 19, 21, 23]",52,0.3746958637469586,0
2865,442,"[1, 2, 3, 5, 6, 9, 11, 12, 16, 22, 24]",4231,"[1, 2, 3, 5, 6, 9, 11, 17, 19, 21, 23]",0,0.5262478485370051,2
2866,442,"[1, 2, 3, 5, 6, 9, 11, 12, 16, 22, 24]",4231,"[1, 2, 3, 5, 6, 9, 11, 17, 19, 21, 23]",72,0.4270833333333333,0
2867,442,"[1, 2, 3, 5, 6, 9, 11, 12, 16, 22, 24]",433,"[1, 2, 3, 5, 6, 10, 13, 15, 17, 21, 23]",0,0.30429397192402974,-2
2868,442,"[1, 2, 3, 5, 6, 9, 11, 12, 16, 22, 24]",4141,"[1, 2, 3, 5, 6, 10, 12, 13, 15, 16, 23]",61,0.22074074074074074,0
2869,352,"[1, 3, 4, 5, 7, 8, 10, 13, 15, 22, 24]",4231,"[1, 2, 3, 5, 6, 9, 11, 17, 19, 21, 23]",0,0.5285396590066717,-2
2870,352,"[1, 3, 4, 5, 7, 8, 10, 13, 15, 22, 24]",4231,"[1, 2, 3, 5, 6, 9, 11, 17, 19, 21, 23]",45,0.6653992395437263,0
2871,4411,"[1, 2, 3, 5, 6, 9, 11, 12, 16, 19, 23]",442,"[1, 2, 3, 5, 6, 9, 11, 12, 16, 22, 24]",0,0.6133828996282528,0
2872,4411,"[1, 2, 3, 5, 6, 9, 11, 12, 16, 19, 23]",442,"[1, 2, 3, 5, 6, 9, 11, 12, 16, 22, 24]",26,0.68,0
2873,4411,"[1, 2, 3, 5, 6, 9, 11, 12, 16, 19, 23]",442,"[1, 2, 3, 5, 6, 9, 11, 12, 16, 22, 24]",37,0.5894919168591224,0
2874,4231,"[1, 2, 3, 5, 6, 9, 11, 17, 19, 21, 23]",442,"[1, 2, 3, 5, 6, 9, 11, 12, 16, 22, 24]",0,0.6000920386562356,0
2875,433,"[1, 2, 3, 5, 6, 10, 13, 15, 17, 21, 23]",433,"[1, 2, 3, 5, 6, 10, 13, 15, 17, 21, 23]",0,0.4784828592268417,-2
2876,433,"[1, 2, 3, 5, 6, 10, 13, 15, 17, 21, 23]",433,"[1, 2, 3, 5, 6, 10, 13, 15, 17, 21, 23]",66,0.5487804878048781,0
2877,433,"[1, 2, 3, 5, 6, 10, 13, 15, 17, 21, 23]",442,"[1, 2, 3, 5, 6, 9, 11, 12, 16, 22, 24]",0,0.4339622641509434,0
2878,433,"[1, 2, 3, 5, 6, 10, 13, 15, 17, 21, 23]",442,"[1, 2, 3, 5, 6, 9, 11, 12, 16, 22, 24]",1,0.4154786150712831,0
2879,433,"[1, 2, 3, 5, 6, 10, 13, 15, 17, 21, 23]",4231,"[1, 2, 3, 5, 6, 9, 11, 17, 19, 21, 23]",54,0.3662714097496706,0
2880,433,"[1, 2, 3, 5, 6, 10, 13, 15, 17, 21, 23]",4231,"[1, 2, 3, 5, 6, 9, 11, 17, 19, 21, 23]",76,0.1935483870967742,0
2881,4231,"[1, 2, 3, 5, 6, 9, 11, 17, 19, 21, 23]",4231,"[1, 2, 3, 5, 6, 9, 11, 17, 19, 21, 23]",0,0.6287744227353463,1
2882,4231,"[1, 2, 3, 5, 6, 9, 11, 17, 19, 21, 23]",433,"[1, 2, 3, 5, 6, 10, 13, 15, 17, 21, 23]",0,0.679144385026738,1
2883,4231,"[1, 2, 3, 5, 6, 9, 11, 17, 19, 21, 23]",433,"[1, 2, 3, 5, 6, 10, 13, 15, 17, 21, 23]",15,0.6833723653395785,-3
2884,4231,"[1, 2, 3, 5, 6, 9, 11, 17, 19, 21, 23]",433,"[1, 2, 3, 5, 6, 10, 13, 15, 17, 21, 23]",82,0.725925925925926,1
2885,4231,"[1, 2, 3, 5, 6, 9, 11, 17, 19, 21, 23]",442,"[1, 2, 3, 5, 6, 9, 11, 12, 16, 22, 24]",0,0.5396761133603238,-1
2886,4231,"[1, 2, 3, 5, 6, 9, 11, 17, 19, 21, 23]",442,"[1, 2, 3, 5, 6, 9, 11, 12, 16, 22, 24]",61,0.6326109391124871,0
2887,4231,"[1, 2, 3, 5, 6, 9, 11, 17, 19, 21, 23]",4231,"[1, 2, 3, 5, 6, 9, 11, 17, 19, 21, 23]",0,0.5016181229773463,-1
2888,4231,"[1, 2, 3, 5, 6, 9, 11, 17, 19, 21, 23]",4231,"[1, 2, 3, 5, 6, 9, 11, 17, 19, 21, 23]",45,0.5949152542372881,0
2889,4231,"[1, 2, 3, 5, 6, 9, 11, 17, 19, 21, 23]",4231,"[1, 2, 3, 5, 6, 9, 11, 17, 19, 21, 23]",60,0.49570200573065903,-1
2890,4231,"[1, 2, 3, 5, 6, 9, 11, 17, 19, 21, 23]",4231,"[1, 2, 3, 5, 6, 9, 11, 17, 19, 21, 23]",69,0.835,0
2891,442,"[1, 2, 3, 5, 6, 9, 11, 12, 16, 22, 24]",433,"[1, 2, 3, 5, 6, 10, 13, 15, 17, 21, 23]",0,0.46483516483516485,-1
2892,41212,"[1, 2, 3, 5, 6, 10, 13, 15, 19, 22, 24]",433,"[1, 2, 3, 5, 6, 10, 13, 15, 17, 21, 23]",50,0.23978494623655913,1
2893,41212,"[1, 2, 3, 5, 6, 10, 13, 15, 19, 22, 24]",433,"[1, 2, 3, 5, 6, 10, 13, 15, 17, 21, 23]",72,0.30184804928131415,0
2894,433,"[1, 2, 3, 5, 6, 10, 13, 15, 17, 21, 23]",4231,"[1, 2, 3, 5, 6, 9, 11, 17, 19, 21, 23]",0,0.4954728370221328,1
2895,433,"[1, 2, 3, 5, 6, 10, 13, 15, 17, 21, 23]",352,"[1, 3, 4, 5, 7, 8, 10, 13, 15, 22, 24]",0,0.5952732644017725,0
2896,433,"[1, 2, 3, 5, 6, 10, 13, 15, 17, 21, 23]",352,"[1, 3, 4, 5, 7, 8, 10, 13, 15, 22, 24]",16,0.5310251798561151,2
2897,4231,"[1, 2, 3, 5, 6, 9, 11, 17, 19, 21, 23]",4231,"[1, 2, 3, 5, 6, 9, 11, 17, 19, 21, 23]",0,0.4610874200426439,1
2898,4231,"[1, 2, 3, 5, 6, 9, 11, 17, 19, 21, 23]",4231,"[1, 2, 3, 5, 6, 9, 11, 17, 19, 21, 23]",53,0.14814814814814814,0
2899,4231,"[1, 2, 3, 5, 6, 9, 11, 17, 19, 21, 23]",4231,"[1, 2, 3, 5, 6, 9, 11, 17, 19, 21, 23]",55,0.4228187919463087,0
2900,4231,"[1, 2, 3, 5, 6, 9, 11, 17, 19, 21, 23]",4231,"[1, 2, 3, 5, 6, 9, 11, 17, 19, 21, 23]",0,0.610236220472441,-1
2901,4231,"[1, 2, 3, 5, 6, 9, 11, 17, 19, 21, 23]",4231,"[1, 2, 3, 5, 6, 9, 11, 17, 19, 21, 23]",27,0.5301125082726671,3
2902,442,"[1, 2, 3, 5, 6, 9, 11, 12, 16, 22, 24]",433,"[1, 2, 3, 5, 6, 10, 13, 15, 17, 21, 23]",0,0.4148737137511693,-1
2903,442,"[1, 2, 3, 5, 6, 9, 11, 12, 16, 22, 24]",433,"[1, 2, 3, 5, 6, 10, 13, 15, 17, 21, 23]",46,0.5552677029360967,0
2904,4231,"[1, 2, 3, 5, 6, 13, 15, 17, 19, 21, 23]",442,"[1, 2, 3, 5, 6, 9, 11, 12, 16, 22, 24]",0,0.6105892399658411,-1
2905,4231,"[1, 2, 3, 5, 6, 13, 15, 17, 19, 21, 23]",442,"[1, 2, 3, 5, 6, 9, 11, 12, 16, 22, 24]",33,0.7577639751552795,0
2906,4231,"[1, 2, 3, 5, 6, 13, 15, 17, 19, 21, 23]",442,"[1, 2, 3, 5, 6, 9, 11, 12, 16, 22, 24]",45,0.7048888888888889,-1
2907,4231,"[1, 2, 3, 5, 6, 13, 15, 17, 19, 21, 23]",442,"[1, 2, 3, 5, 6, 9, 11, 12, 16, 22, 24]",79,0.49838187702265374,0
2908,4231,"[1, 2, 3, 5, 6, 9, 11, 17, 19, 21, 23]",433,"[1, 2, 3, 5, 6, 10, 13, 15, 17, 21, 23]",0,0.42776470588235294,2
2909,4231,"[1, 2, 3, 5, 6, 9, 11, 17, 19, 21, 23]",4231,"[1, 2, 3, 5, 6, 9, 11, 17, 19, 21, 23]",0,0.5262471470492338,0
2910,433,"[1, 2, 3, 5, 6, 10, 13, 15, 17, 21, 23]",4231,"[1, 2, 3, 5, 6, 9, 11, 17, 19, 21, 23]",0,0.5816455696202532,0
2911,442,"[1, 2, 3, 5, 6, 9, 11, 12, 16, 22, 24]",4141,"[1, 2, 3, 5, 6, 10, 12, 13, 15, 16, 23]",0,0.5,-1
2912,433,"[1, 2, 3, 5, 6, 10, 13, 15, 17, 21, 23]",442,"[1, 2, 3, 5, 6, 9, 11, 12, 16, 22, 24]",0,0.6264118158123371,0
2913,433,"[1, 2, 3, 5, 6, 10, 13, 15, 17, 21, 23]",442,"[1, 2, 3, 5, 6, 9, 11, 12, 16, 22, 24]",60,0.7446270543615676,0
2914,4231,"[1, 2, 3, 5, 6, 9, 11, 17, 19, 21, 23]",4231,"[1, 2, 3, 5, 6, 9, 11, 17, 19, 21, 23]",0,0.4700793078586878,0
2915,4231,"[1, 2, 3, 5, 6, 9, 11, 17, 19, 21, 23]",4231,"[1, 2, 3, 5, 6, 9, 11, 17, 19, 21, 23]",76,0.5329949238578681,0
2916,4231,"[1, 2, 3, 5, 6, 9, 11, 17, 19, 21, 23]",4231,"[1, 2, 3, 5, 6, 9, 11, 17, 19, 21, 23]",0,0.4056212072820185,-1
2917,4231,"[1, 2, 3, 5, 6, 9, 11, 17, 19, 21, 23]",4231,"[1, 2, 3, 5, 6, 9, 11, 17, 19, 21, 23]",80,0.0,0
2918,4231,"[1, 2, 3, 5, 6, 9, 11, 17, 19, 21, 23]",4231,"[1, 2, 3, 5, 6, 9, 11, 17, 19, 21, 23]",80,0.5263157894736842,0
2919,442,"[1, 2, 3, 5, 6, 9, 12, 15, 16, 22, 24]",4231,"[1, 2, 3, 5, 6, 9, 11, 17, 19, 21, 23]",84,0.8373493975903614,0
2920,4231,"[1, 2, 3, 5, 6, 9, 11, 17, 19, 21, 23]",442,"[1, 2, 3, 5, 6, 9, 11, 12, 16, 22, 24]",0,0.5860878145041933,0
2921,4231,"[1, 2, 3, 5, 6, 9, 11, 17, 19, 21, 23]",433,"[1, 2, 3, 5, 6, 10, 13, 15, 17, 21, 23]",0,0.48351137947050626,1
2922,352,"[1, 3, 4, 5, 7, 8, 10, 13, 15, 22, 24]",4231,"[1, 2, 3, 5, 6, 9, 11, 17, 19, 21, 23]",0,0.49423076923076925,-1
2923,352,"[1, 3, 4, 5, 7, 8, 10, 13, 15, 22, 24]",4231,"[1, 2, 3, 5, 6, 9, 11, 17, 19, 21, 23]",49,0.675,0
2924,352,"[1, 3, 4, 5, 7, 8, 10, 13, 15, 22, 24]",4231,"[1, 2, 3, 5, 6, 9, 11, 17, 19, 21, 23]",55,0.42032967032967034,0
2925,433,"[1, 2, 3, 5, 6, 10, 13, 15, 17, 21, 23]",4231,"[1, 2, 3, 5, 6, 9, 11, 17, 19, 21, 23]",65,0.6981132075471698,0
2926,4231,"[1, 2, 3, 5, 6, 9, 11, 17, 19, 21, 23]",442,"[1, 2, 3, 5, 6, 9, 11, 12, 16, 22, 24]",0,1.0,0
2927,4231,"[1, 2, 3, 5, 6, 9, 11, 17, 19, 21, 23]",442,"[1, 2, 3, 5, 6, 9, 11, 12, 16, 22, 24]",0,1.0,0
2928,4231,"[1, 2, 3, 5, 6, 9, 11, 17, 19, 21, 23]",442,"[1, 2, 3, 5, 6, 9, 11, 12, 16, 22, 24]",0,0.6447826086956522,-1
2929,4231,"[1, 2, 3, 5, 6, 9, 11, 17, 19, 21, 23]",4231,"[1, 2, 3, 5, 6, 9, 11, 17, 19, 21, 23]",0,0.3485576923076923,-2
2930,4231,"[1, 2, 3, 5, 6, 9, 11, 17, 19, 21, 23]",4231,"[1, 2, 3, 5, 6, 9, 11, 17, 19, 21, 23]",29,0.3607305936073059,0
2931,442,"[1, 2, 3, 5, 6, 9, 11, 12, 16, 22, 24]",4231,"[1, 2, 3, 5, 6, 9, 11, 17, 19, 21, 23]",45,0.431980906921241,1
2932,4231,"[1, 2, 3, 5, 6, 9, 11, 17, 19, 21, 23]",433,"[1, 2, 3, 5, 6, 10, 13, 15, 17, 21, 23]",0,0.3871196036801132,0
2933,4231,"[1, 2, 3, 5, 6, 9, 11, 17, 19, 21, 23]",4231,"[1, 2, 3, 5, 6, 9, 11, 17, 19, 21, 23]",0,0.5264499681325685,1
2934,4231,"[1, 2, 3, 5, 6, 9, 11, 17, 19, 21, 23]",4231,"[1, 2, 3, 5, 6, 9, 11, 17, 19, 21, 23]",43,0.0,-1
2935,4231,"[1, 2, 3, 5, 6, 9, 11, 17, 19, 21, 23]",4231,"[1, 2, 3, 5, 6, 9, 11, 17, 19, 21, 23]",44,0.7702127659574468,0
2936,433,"[1, 2, 3, 5, 6, 10, 13, 15, 17, 21, 23]",442,"[1, 2, 3, 5, 6, 9, 11, 12, 16, 22, 24]",0,0.5770128354725788,0
2937,4231,"[1, 2, 3, 5, 6, 9, 11, 17, 19, 21, 23]",442,"[1, 2, 3, 5, 6, 9, 11, 12, 16, 22, 24]",45,0.6683417085427136,0
2938,4231,"[1, 2, 3, 5, 6, 9, 11, 17, 19, 21, 23]",442,"[1, 2, 3, 5, 6, 9, 11, 12, 16, 22, 24]",53,0.7902097902097902,0
2939,4231,"[1, 2, 3, 5, 6, 9, 11, 17, 19, 21, 23]",442,"[1, 2, 3, 5, 6, 9, 11, 12, 16, 22, 24]",66,0.7346938775510204,0
2940,4231,"[1, 2, 3, 5, 6, 9, 11, 17, 19, 21, 23]",442,"[1, 2, 3, 5, 6, 9, 11, 12, 16, 22, 24]",70,0.6912751677852349,0
2941,4231,"[1, 2, 3, 5, 6, 9, 11, 17, 19, 21, 23]",4231,"[1, 2, 3, 5, 6, 9, 11, 17, 19, 21, 23]",0,0.7247524752475247,0
2942,4231,"[1, 2, 3, 5, 6, 9, 11, 17, 19, 21, 23]",4231,"[1, 2, 3, 5, 6, 9, 11, 17, 19, 21, 23]",22,0.6413978494623656,1
2943,4231,"[1, 2, 3, 5, 6, 9, 11, 17, 19, 21, 23]",4231,"[1, 2, 3, 5, 6, 9, 11, 17, 19, 21, 23]",72,0.3583815028901734,0
2944,4231,"[1, 2, 3, 5, 6, 9, 11, 17, 19, 21, 23]",4231,"[1, 2, 3, 5, 6, 9, 11, 17, 19, 21, 23]",77,1.0,0
2945,4231,"[1, 2, 3, 5, 6, 9, 11, 17, 19, 21, 23]",4231,"[1, 2, 3, 5, 6, 9, 11, 17, 19, 21, 23]",77,0.8582375478927203,0
2946,4231,"[1, 2, 3, 5, 6, 9, 11, 17, 19, 21, 23]",451,"[1, 2, 3, 5, 6, 10, 12, 13, 15, 16, 23]",0,0.6493996569468268,-2
2947,4231,"[1, 2, 3, 5, 6, 9, 11, 17, 19, 21, 23]",4231,"[1, 2, 3, 5, 6, 9, 11, 17, 19, 21, 23]",0,0.5454166666666667,0
2948,4231,"[1, 2, 3, 5, 6, 9, 11, 17, 19, 21, 23]",4231,"[1, 2, 3, 5, 6, 9, 11, 17, 19, 21, 23]",68,0.7047244094488189,0
2949,433,"[1, 2, 3, 5, 6, 10, 13, 15, 17, 21, 23]",442,"[1, 2, 3, 5, 6, 9, 11, 12, 16, 22, 24]",0,0.7256410256410256,0
2950,433,"[1, 2, 3, 5, 6, 10, 13, 15, 17, 21, 23]",442,"[1, 2, 3, 5, 6, 9, 11, 12, 16, 22, 24]",12,0.5718390804597702,2
2951,433,"[1, 2, 3, 5, 6, 10, 13, 15, 17, 21, 23]",3511,"[1, 3, 4, 5, 7, 8, 10, 13, 15, 19, 23]",58,0.4666666666666667,-1
2952,442,"[1, 2, 3, 5, 6, 9, 11, 12, 16, 22, 24]",3511,"[1, 3, 4, 5, 7, 8, 10, 13, 15, 19, 23]",65,0.7123623011015912,-1
2953,442,"[1, 2, 3, 5, 6, 9, 11, 12, 16, 22, 24]",4231,"[1, 2, 3, 5, 6, 9, 11, 17, 19, 21, 23]",0,0.5238981998758535,1
2954,442,"[1, 2, 3, 5, 6, 9, 11, 12, 16, 22, 24]",4231,"[1, 2, 3, 5, 6, 9, 11, 17, 19, 21, 23]",0,0.4960254372019078,-2
2955,352,"[1, 3, 4, 5, 7, 8, 10, 13, 15, 22, 24]",4231,"[1, 2, 3, 5, 6, 9, 11, 17, 19, 21, 23]",17,0.556135770234987,-2
2956,442,"[1, 2, 3, 5, 6, 9, 11, 12, 16, 22, 24]",4231,"[1, 2, 3, 5, 6, 9, 11, 17, 19, 21, 23]",45,0.0,0
2957,442,"[1, 2, 3, 5, 6, 9, 11, 12, 16, 22, 24]",4231,"[1, 2, 3, 5, 6, 9, 11, 17, 19, 21, 23]",46,0.0,0
2958,442,"[1, 2, 3, 5, 6, 9, 11, 12, 16, 22, 24]",4231,"[1, 2, 3, 5, 6, 9, 11, 17, 19, 21, 23]",46,0.4157303370786517,0
2959,442,"[1, 2, 3, 5, 6, 9, 11, 12, 16, 22, 24]",4231,"[1, 2, 3, 5, 6, 9, 11, 17, 19, 21, 23]",48,0.5567375886524822,-1
2960,442,"[1, 2, 3, 5, 6, 9, 11, 12, 16, 22, 24]",4231,"[1, 2, 3, 5, 6, 9, 11, 17, 19, 21, 23]",70,0.4888888888888889,-1
2961,352,"[1, 3, 4, 5, 7, 8, 10, 13, 15, 22, 24]",442,"[1, 2, 3, 5, 6, 9, 11, 12, 16, 22, 24]",0,0.5322793148880105,0
2962,4231,"[1, 2, 3, 5, 6, 9, 11, 17, 19, 21, 23]",4231,"[1, 2, 3, 5, 6, 9, 11, 17, 19, 21, 23]",0,0.5151699029126213,1
2963,4231,"[1, 2, 3, 5, 6, 9, 11, 17, 19, 21, 23]",4231,"[1, 2, 3, 5, 6, 9, 11, 17, 19, 21, 23]",0,0.5921638468388246,-2
2964,4231,"[1, 2, 3, 5, 6, 9, 11, 17, 19, 21, 23]",4231,"[1, 2, 3, 5, 6, 9, 11, 17, 19, 21, 23]",38,0.689922480620155,0
2965,4231,"[1, 2, 3, 5, 6, 9, 11, 17, 19, 21, 23]",4231,"[1, 2, 3, 5, 6, 9, 11, 17, 19, 21, 23]",66,0.7457627118644068,1
2966,433,"[1, 2, 3, 5, 6, 10, 13, 15, 17, 21, 23]",4231,"[1, 2, 3, 5, 6, 9, 11, 17, 19, 21, 23]",0,0.5246853823814134,0
2967,433,"[1, 2, 3, 5, 6, 10, 13, 15, 17, 21, 23]",4231,"[1, 2, 3, 5, 6, 9, 11, 17, 19, 21, 23]",28,0.5290948275862069,0
2968,433,"[1, 2, 3, 5, 6, 10, 13, 15, 17, 21, 23]",4231,"[1, 2, 3, 5, 6, 9, 11, 17, 19, 21, 23]",0,0.6509186351706037,0
2969,433,"[1, 2, 3, 5, 6, 10, 13, 15, 17, 21, 23]",4231,"[1, 2, 3, 5, 6, 9, 11, 17, 19, 21, 23]",9,0.618421052631579,1
2970,433,"[1, 2, 3, 5, 6, 10, 13, 15, 17, 21, 23]",4231,"[1, 2, 3, 5, 6, 9, 11, 17, 19, 21, 23]",45,0.663013698630137,1
2971,442,"[1, 2, 3, 5, 6, 9, 11, 12, 16, 22, 24]",442,"[1, 2, 3, 5, 6, 9, 11, 12, 16, 22, 24]",0,0.5647827758554402,0
2972,352,"[1, 3, 4, 5, 7, 8, 10, 13, 15, 22, 24]",433,"[1, 2, 3, 5, 6, 10, 13, 15, 17, 21, 23]",0,0.26903553299492383,0
2973,352,"[1, 3, 4, 5, 7, 8, 10, 13, 15, 22, 24]",433,"[1, 2, 3, 5, 6, 10, 13, 15, 17, 21, 23]",68,0.4019138755980861,-1
2974,442,"[1, 2, 3, 5, 6, 9, 11, 12, 16, 22, 24]",442,"[1, 2, 3, 5, 6, 12, 13, 15, 16, 22, 24]",0,0.6471502590673575,-1
2975,442,"[1, 2, 3, 5, 6, 9, 11, 12, 16, 22, 24]",4231,"[1, 2, 3, 5, 6, 13, 15, 17, 19, 21, 23]",0,0.3506768189509306,0
2976,442,"[1, 2, 3, 5, 6, 9, 11, 12, 16, 22, 24]",4231,"[1, 2, 3, 5, 6, 13, 15, 17, 19, 21, 23]",55,0.19411764705882353,0
2977,442,"[1, 2, 3, 5, 6, 9, 11, 12, 16, 22, 24]",4231,"[1, 2, 3, 5, 6, 13, 15, 17, 19, 21, 23]",71,0.14726027397260275,0
2978,442,"[1, 2, 3, 5, 6, 9, 11, 12, 16, 22, 24]",433,"[1, 2, 3, 5, 6, 10, 13, 15, 17, 21, 23]",0,0.5386708122813836,0
2979,442,"[1, 2, 3, 5, 6, 9, 11, 12, 16, 22, 24]",433,"[1, 2, 3, 5, 6, 10, 13, 15, 17, 21, 23]",66,0.010309278350515464,0
2980,442,"[1, 2, 3, 5, 6, 9, 11, 12, 16, 22, 24]",433,"[1, 2, 3, 5, 6, 10, 13, 15, 17, 21, 23]",68,0.336283185840708,0
2981,4231,"[1, 2, 3, 5, 6, 9, 11, 17, 19, 21, 23]",4231,"[1, 2, 3, 5, 6, 9, 11, 17, 19, 21, 23]",0,0.3452914798206278,1
2982,4231,"[1, 2, 3, 5, 6, 9, 11, 17, 19, 21, 23]",4231,"[1, 2, 3, 5, 6, 9, 11, 17, 19, 21, 23]",71,0.12345679012345678,0
2983,4231,"[1, 2, 3, 5, 6, 9, 11, 17, 19, 21, 23]",442,"[1, 2, 3, 5, 6, 9, 11, 12, 16, 22, 24]",0,0.5568641884431358,0
2984,442,"[1, 2, 3, 5, 6, 9, 11, 12, 16, 22, 24]",343,"[1, 3, 4, 5, 7, 8, 13, 15, 17, 21, 23]",0,0.6512301013024602,1
2985,433,"[1, 2, 3, 5, 6, 10, 13, 15, 17, 21, 23]",343,"[1, 3, 4, 5, 7, 8, 13, 15, 17, 21, 23]",33,0.5880121396054628,0
2986,4231,"[1, 2, 3, 5, 6, 9, 11, 17, 19, 21, 23]",343,"[1, 3, 4, 5, 7, 8, 13, 15, 17, 21, 23]",64,0.6991279069767442,0
2987,433,"[1, 2, 3, 5, 6, 10, 13, 15, 17, 21, 23]",442,"[1, 2, 3, 5, 6, 12, 13, 15, 16, 22, 24]",0,0.7421472105016409,5
2988,433,"[1, 2, 3, 5, 6, 10, 13, 15, 17, 21, 23]",442,"[1, 2, 3, 5, 6, 12, 13, 15, 16, 22, 24]",54,0.7063829787234043,1
2989,433,"[1, 2, 3, 5, 6, 10, 13, 15, 17, 21, 23]",442,"[1, 2, 3, 5, 6, 12, 13, 15, 16, 22, 24]",60,0.35733695652173914,0
2990,4231,"[1, 2, 3, 5, 6, 9, 11, 17, 19, 21, 23]",433,"[1, 2, 3, 5, 6, 10, 13, 15, 17, 21, 23]",0,0.27292418772563176,0
2991,442,"[1, 2, 3, 5, 6, 12, 13, 15, 16, 22, 24]",433,"[1, 2, 3, 5, 6, 10, 13, 15, 17, 21, 23]",36,0.24222431668237512,-2
2992,433,"[1, 2, 3, 5, 6, 10, 13, 15, 17, 21, 23]",433,"[1, 2, 3, 5, 6, 10, 13, 15, 17, 21, 23]",0,0.6639368236326412,0
2993,41212,"[1, 2, 3, 5, 6, 10, 13, 15, 19, 22, 24]",433,"[1, 2, 3, 5, 6, 10, 13, 15, 17, 21, 23]",0,0.36634756995581735,-4
2994,442,"[1, 2, 3, 5, 6, 9, 11, 12, 16, 22, 24]",433,"[1, 2, 3, 5, 6, 10, 13, 15, 17, 21, 23]",63,0.42813455657492355,-1
2995,442,"[1, 2, 3, 5, 6, 12, 13, 15, 16, 22, 24]",433,"[1, 2, 3, 5, 6, 10, 13, 15, 17, 21, 23]",70,0.37453183520599254,-1
2996,433,"[1, 2, 3, 5, 6, 10, 13, 15, 17, 21, 23]",442,"[1, 2, 3, 5, 6, 9, 11, 12, 16, 22, 24]",0,0.7101135749053542,1
2997,433,"[1, 2, 3, 5, 6, 10, 13, 15, 17, 21, 23]",4411,"[1, 2, 3, 5, 6, 9, 11, 12, 16, 19, 23]",45,0.5856662933930571,0
2998,4231,"[1, 2, 3, 5, 6, 13, 15, 17, 19, 21, 23]",433,"[1, 2, 3, 5, 6, 10, 13, 15, 17, 21, 23]",0,0.3999205718824464,-2
2999,4231,"[1, 2, 3, 5, 6, 13, 15, 17, 19, 21, 23]",433,"[1, 2, 3, 5, 6, 10, 13, 15, 17, 21, 23]",70,0.23076923076923078,-1
3000,433,"[1, 2, 3, 5, 6, 10, 13, 15, 17, 21, 23]",4231,"[1, 2, 3, 5, 6, 9, 11, 17, 19, 21, 23]",0,0.7147274835717047,1
3001,433,"[1, 2, 3, 5, 6, 10, 13, 15, 17, 21, 23]",4231,"[1, 2, 3, 5, 6, 9, 11, 17, 19, 21, 23]",62,0.7966292134831461,5
3002,442,"[1, 2, 3, 5, 6, 9, 11, 12, 16, 22, 24]",433,"[1, 2, 3, 5, 6, 10, 13, 15, 17, 21, 23]",0,0.32030146019783323,-1
3003,433,"[1, 2, 3, 5, 6, 10, 13, 15, 17, 21, 23]",442,"[1, 2, 3, 5, 6, 12, 13, 15, 16, 22, 24]",0,0.753202391118702,0
3004,433,"[1, 2, 3, 5, 6, 10, 13, 15, 17, 21, 23]",442,"[1, 2, 3, 5, 6, 12, 13, 15, 16, 22, 24]",33,0.6651053864168618,0
3005,4231,"[1, 2, 3, 5, 6, 13, 15, 17, 19, 21, 23]",433,"[1, 2, 3, 5, 6, 10, 13, 15, 17, 21, 23]",0,0.23992229237493928,0
3006,4231,"[1, 2, 3, 5, 6, 13, 15, 17, 19, 21, 23]",433,"[1, 2, 3, 5, 6, 10, 13, 15, 17, 21, 23]",50,0.14922480620155038,-1
3007,4231,"[1, 2, 3, 5, 6, 13, 15, 17, 19, 21, 23]",433,"[1, 2, 3, 5, 6, 10, 13, 15, 17, 21, 23]",62,0.646551724137931,0
3008,433,"[1, 2, 3, 5, 6, 10, 13, 15, 17, 21, 23]",433,"[1, 2, 3, 5, 6, 10, 13, 15, 17, 21, 23]",0,0.3023847376788553,-1
3009,433,"[1, 2, 3, 5, 6, 10, 13, 15, 17, 21, 23]",433,"[1, 2, 3, 5, 6, 10, 13, 15, 17, 21, 23]",71,0.15319148936170213,0
3010,433,"[1, 2, 3, 5, 6, 10, 13, 15, 17, 21, 23]",442,"[1, 2, 3, 5, 6, 12, 13, 15, 16, 22, 24]",0,0.6151142355008787,3
3011,4231,"[1, 2, 3, 5, 6, 9, 11, 17, 19, 21, 23]",433,"[1, 2, 3, 5, 6, 10, 13, 15, 17, 21, 23]",0,0.29240506329113924,-2
3012,433,"[1, 2, 3, 5, 6, 10, 13, 15, 17, 21, 23]",433,"[1, 2, 3, 5, 6, 10, 13, 15, 17, 21, 23]",0,0.2726540475231575,1
3013,442,"[1, 2, 3, 5, 6, 9, 11, 12, 16, 22, 24]",433,"[1, 2, 3, 5, 6, 10, 13, 15, 17, 21, 23]",0,0.35264270613107823,-2
3014,442,"[1, 2, 3, 5, 6, 9, 11, 12, 16, 22, 24]",433,"[1, 2, 3, 5, 6, 10, 13, 15, 17, 21, 23]",54,0.2,0
3015,442,"[1, 2, 3, 5, 6, 9, 11, 12, 16, 22, 24]",433,"[1, 2, 3, 5, 6, 10, 13, 15, 17, 21, 23]",56,0.297029702970297,2
3016,4231,"[1, 2, 3, 5, 6, 9, 11, 17, 19, 21, 23]",433,"[1, 2, 3, 5, 6, 10, 13, 15, 17, 21, 23]",0,0.2077022933794894,0
3017,4231,"[1, 2, 3, 5, 6, 9, 11, 17, 19, 21, 23]",433,"[1, 2, 3, 5, 6, 10, 13, 15, 17, 21, 23]",59,0.2905027932960894,0
3018,433,"[1, 2, 3, 5, 6, 10, 13, 15, 17, 21, 23]",4411,"[1, 2, 3, 5, 6, 9, 11, 12, 16, 19, 23]",0,0.5961538461538461,0
3019,433,"[1, 2, 3, 5, 6, 10, 13, 15, 17, 21, 23]",4411,"[1, 2, 3, 5, 6, 9, 11, 12, 16, 19, 23]",6,0.7799771602588504,5
3020,433,"[1, 2, 3, 5, 6, 10, 13, 15, 17, 21, 23]",352,"[1, 3, 4, 5, 7, 8, 10, 13, 15, 22, 24]",0,0.6614173228346457,2
3021,442,"[1, 2, 3, 5, 6, 9, 11, 12, 16, 22, 24]",433,"[1, 2, 3, 5, 6, 10, 13, 15, 17, 21, 23]",0,0.27351279494848785,-2
3022,4231,"[1, 2, 3, 5, 6, 9, 11, 17, 19, 21, 23]",433,"[1, 2, 3, 5, 6, 10, 13, 15, 17, 21, 23]",67,0.49107142857142855,-1
3023,4231,"[1, 2, 3, 5, 6, 9, 11, 17, 19, 21, 23]",433,"[1, 2, 3, 5, 6, 10, 13, 15, 17, 21, 23]",79,0.32673267326732675,-1
3024,4231,"[1, 2, 3, 5, 6, 9, 11, 17, 19, 21, 23]",433,"[1, 2, 3, 5, 6, 10, 13, 15, 17, 21, 23]",84,0.5392156862745098,0
3025,433,"[1, 2, 3, 5, 6, 10, 13, 15, 17, 21, 23]",442,"[1, 2, 3, 5, 6, 12, 13, 15, 16, 22, 24]",0,0.6690340909090909,3
3026,442,"[1, 2, 3, 5, 6, 9, 11, 12, 16, 22, 24]",433,"[1, 2, 3, 5, 6, 10, 13, 15, 17, 21, 23]",0,0.3118870145154963,0
3027,433,"[1, 2, 3, 5, 6, 10, 13, 15, 17, 21, 23]",433,"[1, 2, 3, 5, 6, 10, 13, 15, 17, 21, 23]",0,0.3604294478527607,-1
3028,433,"[1, 2, 3, 5, 6, 10, 13, 15, 17, 21, 23]",4231,"[1, 2, 3, 5, 6, 13, 15, 17, 19, 21, 23]",0,0.6695187165775401,1
3029,433,"[1, 2, 3, 5, 6, 10, 13, 15, 17, 21, 23]",4231,"[1, 2, 3, 5, 6, 13, 15, 17, 19, 21, 23]",63,0.6947368421052632,0
3030,4231,"[1, 2, 3, 5, 6, 9, 11, 17, 19, 21, 23]",433,"[1, 2, 3, 5, 6, 10, 13, 15, 17, 21, 23]",0,0.38208481965913593,-3
3031,4231,"[1, 2, 3, 5, 6, 9, 11, 17, 19, 21, 23]",433,"[1, 2, 3, 5, 6, 10, 13, 15, 17, 21, 23]",56,0.636986301369863,0
3032,4231,"[1, 2, 3, 5, 6, 9, 11, 17, 19, 21, 23]",433,"[1, 2, 3, 5, 6, 10, 13, 15, 17, 21, 23]",59,0.4504643962848297,-1
3033,4231,"[1, 2, 3, 5, 6, 9, 11, 17, 19, 21, 23]",433,"[1, 2, 3, 5, 6, 10, 13, 15, 17, 21, 23]",76,0.5138888888888888,0
3034,442,"[1, 2, 3, 5, 6, 9, 11, 12, 16, 22, 24]",433,"[1, 2, 3, 5, 6, 10, 13, 15, 17, 21, 23]",0,0.462582056892779,3
3035,442,"[1, 2, 3, 5, 6, 9, 11, 12, 16, 22, 24]",442,"[1, 2, 3, 5, 6, 12, 13, 15, 16, 22, 24]",57,0.35974025974025975,0
3036,4141,"[1, 2, 3, 5, 6, 10, 12, 13, 15, 16, 23]",433,"[1, 2, 3, 5, 6, 10, 13, 15, 17, 21, 23]",0,0.4714420952982013,-1
3037,4141,"[1, 2, 3, 5, 6, 10, 12, 13, 15, 16, 23]",433,"[1, 2, 3, 5, 6, 10, 13, 15, 17, 21, 23]",71,0.2905027932960894,0
3038,433,"[1, 2, 3, 5, 6, 10, 13, 15, 17, 21, 23]",433,"[1, 2, 3, 5, 6, 10, 13, 15, 17, 21, 23]",0,0.6476531942633638,2
3039,433,"[1, 2, 3, 5, 6, 10, 13, 15, 17, 21, 23]",451,"[1, 2, 3, 5, 6, 10, 12, 13, 15, 16, 23]",0,0.7016737774860519,-1
3040,442,"[1, 2, 3, 5, 6, 9, 11, 12, 16, 22, 24]",433,"[1, 2, 3, 5, 6, 10, 13, 15, 17, 21, 23]",0,0.3129620502710695,1
3041,442,"[1, 2, 3, 5, 6, 9, 11, 12, 16, 22, 24]",433,"[1, 2, 3, 5, 6, 10, 13, 15, 17, 21, 23]",46,0.32576985413290116,0
3042,442,"[1, 2, 3, 5, 6, 9, 11, 12, 16, 22, 24]",433,"[1, 2, 3, 5, 6, 10, 13, 15, 17, 21, 23]",59,0.2465483234714004,-2
3043,442,"[1, 2, 3, 5, 6, 9, 11, 12, 16, 22, 24]",433,"[1, 2, 3, 5, 6, 10, 13, 15, 17, 21, 23]",72,0.20072992700729927,0
3044,433,"[1, 2, 3, 5, 6, 10, 13, 15, 17, 21, 23]",352,"[1, 3, 4, 5, 7, 8, 10, 13, 15, 22, 24]",0,0.5160349854227405,2
3045,433,"[1, 2, 3, 5, 6, 10, 13, 15, 17, 21, 23]",32122,"[1, 3, 4, 5, 7, 8, 14, 18, 20, 22, 24]",54,0.45291005291005293,1
3046,442,"[1, 2, 3, 5, 6, 12, 13, 15, 16, 22, 24]",442,"[1, 2, 3, 5, 6, 12, 13, 15, 16, 22, 24]",0,0.3651300775901415,0
3047,442,"[1, 2, 3, 5, 6, 12, 13, 15, 16, 22, 24]",442,"[1, 2, 3, 5, 6, 12, 13, 15, 16, 22, 24]",45,0.17431850789096126,1
3048,442,"[1, 2, 3, 5, 6, 12, 13, 15, 16, 22, 24]",442,"[1, 2, 3, 5, 6, 12, 13, 15, 16, 22, 24]",79,0.45454545454545453,0
3049,442,"[1, 2, 3, 5, 6, 12, 13, 15, 16, 22, 24]",442,"[1, 2, 3, 5, 6, 12, 13, 15, 16, 22, 24]",81,0.7,0
3050,4231,"[1, 2, 3, 5, 6, 13, 15, 17, 19, 21, 23]",41221,"[1, 2, 3, 5, 6, 10, 13, 15, 17, 21, 23]",0,0.44229048613182226,-4
3051,42211,"[1, 2, 3, 5, 6, 9, 11, 12, 16, 19, 23]",41221,"[1, 2, 3, 5, 6, 10, 13, 15, 17, 21, 23]",0,0.37022332506203476,1
3052,42211,"[1, 2, 3, 5, 6, 9, 11, 12, 16, 19, 23]",4231,"[1, 2, 3, 5, 6, 13, 15, 17, 19, 21, 23]",46,0.4036144578313253,0
3053,42211,"[1, 2, 3, 5, 6, 9, 11, 12, 16, 19, 23]",4231,"[1, 2, 3, 5, 6, 13, 15, 17, 19, 21, 23]",51,0.4703196347031963,0
3054,42211,"[1, 2, 3, 5, 6, 9, 11, 12, 16, 19, 23]",4231,"[1, 2, 3, 5, 6, 13, 15, 17, 19, 21, 23]",57,0.2828507795100223,0
3055,3421,"[1, 3, 4, 5, 7, 8, 9, 11, 17, 21, 23]",4231,"[1, 2, 3, 5, 6, 13, 15, 17, 19, 21, 23]",66,0.47619047619047616,-1
3056,3421,"[1, 3, 4, 5, 7, 8, 9, 11, 17, 21, 23]",4231,"[1, 2, 3, 5, 6, 13, 15, 17, 19, 21, 23]",67,0.5189393939393939,0
3057,433,"[1, 2, 3, 5, 6, 10, 13, 15, 17, 21, 23]",442,"[1, 2, 3, 5, 6, 9, 11, 12, 16, 22, 24]",0,0.5117150890346767,2
3058,433,"[1, 2, 3, 5, 6, 10, 13, 15, 17, 21, 23]",4231,"[1, 2, 3, 5, 6, 9, 11, 17, 19, 21, 23]",51,0.49502487562189057,0
3059,433,"[1, 2, 3, 5, 6, 10, 13, 15, 17, 21, 23]",4231,"[1, 2, 3, 5, 6, 9, 11, 17, 19, 21, 23]",63,0.49080348499515974,0
3060,442,"[1, 2, 3, 5, 6, 9, 11, 12, 16, 22, 24]",41221,"[1, 2, 3, 5, 6, 10, 13, 15, 17, 21, 23]",0,0.208955223880597,-1
3061,4222,"[1, 2, 3, 5, 6, 9, 11, 12, 16, 22, 24]",41221,"[1, 2, 3, 5, 6, 10, 13, 15, 17, 21, 23]",57,0.20649651972157773,0
3062,4222,"[1, 2, 3, 5, 6, 9, 11, 12, 16, 22, 24]",41221,"[1, 2, 3, 5, 6, 10, 13, 15, 17, 21, 23]",70,0.29961089494163423,0
3063,41221,"[1, 2, 3, 5, 6, 10, 13, 15, 17, 21, 23]",3412,"[1, 3, 4, 5, 7, 8, 9, 11, 19, 22, 24]",0,0.6131354026090868,1
3064,41221,"[1, 2, 3, 5, 6, 10, 13, 15, 17, 21, 23]",3412,"[1, 3, 4, 5, 7, 8, 9, 11, 19, 22, 24]",45,0.6344586728754366,0
3065,352,"[1, 3, 4, 5, 7, 8, 10, 13, 15, 22, 24]",442,"[1, 2, 3, 5, 6, 12, 13, 15, 16, 22, 24]",0,0.6036195883605394,-3
3066,352,"[1, 3, 4, 5, 7, 8, 10, 13, 15, 22, 24]",442,"[1, 2, 3, 5, 6, 9, 11, 12, 16, 22, 24]",63,0.5161290322580645,0
3067,3412,"[1, 3, 4, 5, 7, 8, 13, 15, 19, 22, 24]",442,"[1, 2, 3, 5, 6, 9, 11, 12, 16, 22, 24]",76,1.0,0
3068,3412,"[1, 3, 4, 5, 7, 8, 13, 15, 19, 22, 24]",442,"[1, 2, 3, 5, 6, 9, 11, 12, 16, 22, 24]",77,0.45866666666666667,0
3069,4231,"[1, 2, 3, 5, 6, 9, 11, 17, 19, 21, 23]",433,"[1, 2, 3, 5, 6, 10, 13, 15, 17, 21, 23]",0,0.4401840490797546,0
3070,4231,"[1, 2, 3, 5, 6, 9, 11, 17, 19, 21, 23]",433,"[1, 2, 3, 5, 6, 10, 13, 15, 17, 21, 23]",14,0.3125389893948846,0
3071,4231,"[1, 2, 3, 5, 6, 9, 11, 17, 19, 21, 23]",433,"[1, 2, 3, 5, 6, 10, 13, 15, 17, 21, 23]",56,0.13194444444444445,0
3072,4231,"[1, 2, 3, 5, 6, 9, 11, 17, 19, 21, 23]",433,"[1, 2, 3, 5, 6, 10, 13, 15, 17, 21, 23]",62,0.3715415019762846,0
3073,433,"[1, 2, 3, 5, 6, 10, 13, 15, 17, 21, 23]",433,"[1, 2, 3, 5, 6, 10, 13, 15, 17, 21, 23]",0,0.5377283558379666,1
3074,433,"[1, 2, 3, 5, 6, 10, 13, 15, 17, 21, 23]",433,"[1, 2, 3, 5, 6, 10, 13, 15, 17, 21, 23]",54,0.0,0
3075,433,"[1, 2, 3, 5, 6, 10, 13, 15, 17, 21, 23]",433,"[1, 2, 3, 5, 6, 10, 13, 15, 17, 21, 23]",55,0.49059561128526646,0
3076,442,"[1, 2, 3, 5, 6, 9, 11, 12, 16, 22, 24]",451,"[1, 2, 3, 5, 6, 10, 12, 13, 15, 16, 23]",0,0.8099945085118067,0
3077,433,"[1, 2, 3, 5, 6, 10, 13, 15, 17, 21, 23]",451,"[1, 2, 3, 5, 6, 10, 12, 13, 15, 16, 23]",45,0.892960462873674,1
3078,433,"[1, 2, 3, 5, 6, 10, 13, 15, 17, 21, 23]",442,"[1, 2, 3, 5, 6, 9, 11, 12, 16, 22, 24]",67,0.7677165354330708,0
3079,433,"[1, 2, 3, 5, 6, 10, 13, 15, 17, 21, 23]",442,"[1, 2, 3, 5, 6, 9, 11, 12, 16, 22, 24]",76,0.8079710144927537,1
3080,433,"[1, 2, 3, 5, 6, 10, 13, 15, 17, 21, 23]",442,"[1, 2, 3, 5, 6, 12, 13, 15, 16, 22, 24]",0,0.6799628942486086,-1
3081,41221,"[1, 2, 3, 5, 6, 10, 13, 15, 17, 21, 23]",442,"[1, 2, 3, 5, 6, 12, 13, 15, 16, 22, 24]",45,0.9178082191780822,0
3082,433,"[1, 2, 3, 5, 6, 10, 13, 15, 17, 21, 23]",343,"[1, 3, 4, 5, 7, 8, 9, 11, 17, 21, 23]",0,0.7510351966873706,1
3083,433,"[1, 2, 3, 5, 6, 10, 13, 15, 17, 21, 23]",352,"[1, 3, 4, 5, 7, 8, 10, 13, 15, 22, 24]",45,0.7524752475247525,-1
3084,433,"[1, 2, 3, 5, 6, 10, 13, 15, 17, 21, 23]",442,"[1, 2, 3, 5, 6, 9, 11, 12, 16, 22, 24]",0,0.6451016635859519,0
3085,433,"[1, 2, 3, 5, 6, 10, 13, 15, 17, 21, 23]",41212,"[1, 2, 3, 5, 6, 10, 13, 15, 19, 22, 24]",42,0.5755868544600939,0
3086,433,"[1, 2, 3, 5, 6, 10, 13, 15, 17, 21, 23]",41212,"[1, 2, 3, 5, 6, 10, 13, 15, 19, 22, 24]",58,0.7086811352253757,2
3087,433,"[1, 2, 3, 5, 6, 10, 13, 15, 17, 21, 23]",3412,"[1, 3, 4, 5, 7, 8, 9, 11, 19, 22, 24]",0,0.5445048056832428,-2
3088,433,"[1, 2, 3, 5, 6, 10, 13, 15, 17, 21, 23]",343,"[1, 3, 4, 5, 7, 8, 9, 11, 17, 21, 23]",62,0.6966292134831461,1
3089,433,"[1, 2, 3, 5, 6, 10, 13, 15, 17, 21, 23]",343,"[1, 3, 4, 5, 7, 8, 9, 11, 17, 21, 23]",69,0.3233256351039261,-1
3090,433,"[1, 2, 3, 5, 6, 10, 13, 15, 17, 21, 23]",4141,"[1, 2, 3, 5, 6, 10, 12, 13, 15, 16, 23]",0,0.6957605985037406,0
3091,433,"[1, 2, 3, 5, 6, 10, 13, 15, 17, 21, 23]",4141,"[1, 2, 3, 5, 6, 10, 12, 13, 15, 16, 23]",45,0.7545787545787546,1
3092,433,"[1, 2, 3, 5, 6, 10, 13, 15, 17, 21, 23]",4141,"[1, 2, 3, 5, 6, 10, 12, 13, 15, 16, 23]",64,0.4886561954624782,0
3093,4141,"[1, 2, 3, 5, 6, 10, 12, 13, 15, 16, 23]",4141,"[1, 2, 3, 5, 6, 10, 12, 13, 15, 16, 23]",0,0.6582962492053401,1
3094,352,"[1, 3, 4, 5, 7, 8, 10, 13, 15, 22, 24]",433,"[1, 2, 3, 5, 6, 10, 13, 15, 17, 21, 23]",0,0.3797407585213634,-1
3095,41212,"[1, 2, 3, 5, 6, 10, 13, 15, 19, 22, 24]",433,"[1, 2, 3, 5, 6, 10, 13, 15, 17, 21, 23]",52,0.4222222222222222,0
3096,41212,"[1, 2, 3, 5, 6, 10, 13, 15, 19, 22, 24]",433,"[1, 2, 3, 5, 6, 10, 13, 15, 17, 21, 23]",57,0.2975609756097561,-1
3097,343,"[1, 3, 4, 5, 7, 8, 13, 15, 17, 21, 23]",433,"[1, 2, 3, 5, 6, 10, 13, 15, 17, 21, 23]",0,0.17590725806451613,0
3098,343,"[1, 3, 4, 5, 7, 8, 13, 15, 17, 21, 23]",433,"[1, 2, 3, 5, 6, 10, 13, 15, 17, 21, 23]",45,0.2095730918499353,-2
3099,433,"[1, 2, 3, 5, 6, 10, 13, 15, 17, 21, 23]",433,"[1, 2, 3, 5, 6, 10, 13, 15, 17, 21, 23]",70,0.383248730964467,0
3100,433,"[1, 2, 3, 5, 6, 10, 13, 15, 17, 21, 23]",442,"[1, 2, 3, 5, 6, 9, 11, 12, 16, 22, 24]",0,0.6923076923076923,3
3101,433,"[1, 2, 3, 5, 6, 10, 13, 15, 17, 21, 23]",4411,"[1, 2, 3, 5, 6, 9, 11, 12, 16, 19, 23]",57,0.7972972972972973,1
3102,433,"[1, 2, 3, 5, 6, 10, 13, 15, 17, 21, 23]",4411,"[1, 2, 3, 5, 6, 9, 11, 12, 16, 19, 23]",64,0.5582191780821918,0
3103,442,"[1, 2, 3, 5, 6, 9, 11, 12, 16, 22, 24]",433,"[1, 2, 3, 5, 6, 10, 13, 15, 17, 21, 23]",0,0.39245416078984485,0
3104,433,"[1, 2, 3, 5, 6, 10, 13, 15, 17, 21, 23]",4231,"[1, 2, 3, 5, 6, 9, 11, 17, 19, 21, 23]",0,0.5950234403173459,3
3105,433,"[1, 2, 3, 5, 6, 10, 13, 15, 17, 21, 23]",4231,"[1, 2, 3, 5, 6, 9, 11, 17, 19, 21, 23]",68,0.36363636363636365,0
3106,442,"[1, 2, 3, 5, 6, 9, 11, 12, 16, 22, 24]",4231,"[1, 2, 3, 5, 6, 9, 11, 17, 19, 21, 23]",74,0.5319148936170213,0
3107,433,"[1, 2, 3, 5, 6, 10, 13, 15, 17, 21, 23]",343,"[1, 3, 4, 5, 7, 8, 9, 11, 17, 21, 23]",0,0.6952484980884762,0
3108,4231,"[1, 2, 3, 5, 6, 9, 11, 17, 19, 21, 23]",343,"[1, 3, 4, 5, 7, 8, 9, 11, 17, 21, 23]",45,0.6438213914849429,1
3109,4231,"[1, 2, 3, 5, 6, 9, 11, 17, 19, 21, 23]",4141,"[1, 2, 3, 5, 6, 10, 12, 13, 15, 16, 23]",63,0.6180555555555556,0
3110,442,"[1, 2, 3, 5, 6, 9, 11, 12, 16, 22, 24]",4141,"[1, 2, 3, 5, 6, 10, 12, 13, 15, 16, 23]",80,0.4166666666666667,1
3111,442,"[1, 2, 3, 5, 6, 9, 11, 12, 16, 22, 24]",4141,"[1, 2, 3, 5, 6, 10, 12, 13, 15, 16, 23]",82,0.971830985915493,0
3112,3412,"[1, 3, 4, 5, 7, 8, 9, 11, 19, 22, 24]",3511,"[1, 3, 4, 5, 7, 8, 10, 13, 15, 19, 23]",0,0.45277044854881265,-3
3113,3412,"[1, 3, 4, 5, 7, 8, 9, 11, 19, 22, 24]",3511,"[1, 3, 4, 5, 7, 8, 10, 13, 15, 19, 23]",51,0.45490716180371354,-1
3114,442,"[1, 2, 3, 5, 6, 9, 11, 12, 16, 22, 24]",3511,"[1, 3, 4, 5, 7, 8, 10, 13, 15, 19, 23]",70,0.32524271844660196,0
3115,442,"[1, 2, 3, 5, 6, 9, 11, 12, 16, 22, 24]",3511,"[1, 3, 4, 5, 7, 8, 10, 13, 15, 19, 23]",77,0.0,0
3116,433,"[1, 2, 3, 5, 6, 10, 13, 15, 17, 21, 23]",442,"[1, 2, 3, 5, 6, 9, 11, 12, 16, 22, 24]",0,0.8284153005464481,1
3117,433,"[1, 2, 3, 5, 6, 10, 13, 15, 17, 21, 23]",442,"[1, 2, 3, 5, 6, 9, 11, 12, 16, 22, 24]",0,0.6702033598585323,-1
3118,433,"[1, 2, 3, 5, 6, 10, 13, 15, 17, 21, 23]",352,"[1, 3, 4, 5, 7, 8, 10, 13, 15, 22, 24]",0,0.7178549664838513,1
3119,433,"[1, 2, 3, 5, 6, 10, 13, 15, 17, 21, 23]",352,"[1, 3, 4, 5, 7, 8, 10, 13, 15, 22, 24]",36,0.668859649122807,-1
3120,41212,"[1, 2, 3, 5, 6, 10, 13, 15, 19, 22, 24]",352,"[1, 3, 4, 5, 7, 8, 10, 13, 15, 22, 24]",45,0.6018145161290323,0
3121,343,"[1, 3, 4, 5, 7, 8, 9, 15, 17, 21, 23]",433,"[1, 2, 3, 5, 6, 10, 13, 15, 17, 21, 23]",0,0.3520441271901363,1
3122,433,"[1, 2, 3, 5, 6, 10, 13, 15, 17, 21, 23]",433,"[1, 2, 3, 5, 6, 10, 13, 15, 17, 21, 23]",0,0.48811757348342716,-1
3123,433,"[1, 2, 3, 5, 6, 10, 13, 15, 17, 21, 23]",433,"[1, 2, 3, 5, 6, 10, 13, 15, 17, 21, 23]",74,1.0,0
3124,4231,"[1, 2, 3, 5, 6, 13, 15, 17, 19, 21, 23]",433,"[1, 2, 3, 5, 6, 10, 13, 15, 17, 21, 23]",75,0.6068866571018652,0
3125,41212,"[1, 2, 3, 5, 6, 10, 13, 15, 19, 22, 24]",433,"[1, 2, 3, 5, 6, 10, 13, 15, 17, 21, 23]",0,0.3020231213872832,-1
3126,41212,"[1, 2, 3, 5, 6, 10, 13, 15, 19, 22, 24]",442,"[1, 2, 3, 5, 6, 9, 11, 12, 16, 22, 24]",57,0.4763092269326683,0
3127,433,"[1, 2, 3, 5, 6, 10, 13, 15, 17, 21, 23]",352,"[1, 3, 4, 5, 7, 8, 10, 13, 15, 22, 24]",0,0.6863029599535694,1
3128,442,"[1, 2, 3, 5, 6, 9, 11, 12, 16, 22, 24]",442,"[1, 2, 3, 5, 6, 9, 11, 12, 16, 22, 24]",0,0.6471166448230669,2
3129,41212,"[1, 2, 3, 5, 6, 10, 13, 15, 19, 22, 24]",433,"[1, 2, 3, 5, 6, 10, 13, 15, 17, 21, 23]",0,0.3775729646697389,0
3130,41212,"[1, 2, 3, 5, 6, 10, 13, 15, 19, 22, 24]",442,"[1, 2, 3, 5, 6, 9, 11, 12, 16, 22, 24]",73,0.42917547568710357,-2
3131,41212,"[1, 2, 3, 5, 6, 10, 13, 15, 19, 22, 24]",442,"[1, 2, 3, 5, 6, 9, 11, 12, 16, 22, 24]",86,1.0,0
3132,442,"[1, 2, 3, 5, 6, 9, 11, 12, 16, 22, 24]",433,"[1, 2, 3, 5, 6, 10, 13, 15, 17, 21, 23]",0,0.5681702990369994,0
3133,41212,"[1, 2, 3, 5, 6, 10, 13, 15, 19, 22, 24]",433,"[1, 2, 3, 5, 6, 10, 13, 15, 17, 21, 23]",45,0.46482635796972394,0
3134,41212,"[1, 2, 3, 5, 6, 10, 13, 15, 19, 22, 24]",352,"[1, 3, 4, 5, 7, 8, 10, 13, 15, 22, 24]",72,0.4436781609195402,0
3135,442,"[1, 2, 3, 5, 6, 9, 11, 12, 16, 22, 24]",442,"[1, 2, 3, 5, 6, 9, 11, 12, 16, 22, 24]",0,0.6381172839506173,2
3136,4231,"[1, 2, 3, 5, 6, 9, 11, 17, 19, 21, 23]",442,"[1, 2, 3, 5, 6, 9, 11, 12, 16, 22, 24]",0,0.4280425728829246,0
3137,4231,"[1, 2, 3, 5, 6, 9, 11, 17, 19, 21, 23]",442,"[1, 2, 3, 5, 6, 9, 11, 12, 16, 22, 24]",62,0.28353658536585363,0
3138,4231,"[1, 2, 3, 5, 6, 9, 11, 17, 19, 21, 23]",442,"[1, 2, 3, 5, 6, 9, 11, 12, 16, 22, 24]",75,0.8518518518518519,0
3139,4231,"[1, 2, 3, 5, 6, 9, 11, 17, 19, 21, 23]",442,"[1, 2, 3, 5, 6, 9, 11, 12, 16, 22, 24]",75,0.21212121212121213,0
3140,4231,"[1, 2, 3, 5, 6, 9, 11, 17, 19, 21, 23]",41212,"[1, 2, 3, 5, 6, 10, 13, 15, 19, 22, 24]",0,0.49622878692646133,-1
3141,442,"[1, 2, 3, 5, 6, 9, 11, 12, 16, 22, 24]",4231,"[1, 2, 3, 5, 6, 9, 11, 17, 19, 21, 23]",0,0.45576923076923076,0
3142,433,"[1, 2, 3, 5, 6, 10, 13, 15, 17, 21, 23]",4231,"[1, 2, 3, 5, 6, 9, 11, 17, 19, 21, 23]",0,0.7647058823529411,0
3143,4411,"[1, 2, 3, 5, 6, 12, 13, 15, 16, 19, 23]",433,"[1, 2, 3, 5, 6, 10, 13, 15, 17, 21, 23]",0,0.6044148563419762,2
3144,4411,"[1, 2, 3, 5, 6, 12, 13, 15, 16, 23, 25]",433,"[1, 2, 3, 5, 6, 10, 13, 15, 17, 21, 23]",61,0.6240875912408759,0
3145,4411,"[1, 2, 3, 5, 6, 12, 13, 15, 16, 23, 25]",433,"[1, 2, 3, 5, 6, 10, 13, 15, 17, 21, 23]",67,0.6179775280898876,0
3146,4321,"[1, 2, 3, 5, 6, 10, 13, 15, 17, 21, 23]",442,"[1, 2, 3, 5, 6, 12, 13, 15, 16, 22, 24]",0,0.57383100902379,3
3147,4321,"[1, 2, 3, 5, 6, 10, 13, 15, 17, 21, 23]",442,"[1, 2, 3, 5, 6, 12, 13, 15, 16, 22, 24]",50,0.6686746987951807,-1
3148,442,"[1, 2, 3, 5, 6, 10, 13, 14, 15, 22, 24]",442,"[1, 2, 3, 5, 6, 12, 13, 15, 16, 22, 24]",0,0.4931129476584022,-2
3149,4141,"[1, 2, 3, 5, 6, 10, 12, 13, 15, 16, 23]",442,"[1, 2, 3, 5, 6, 12, 13, 15, 16, 22, 24]",65,0.2575,0
3150,433,"[1, 2, 3, 5, 6, 10, 13, 15, 17, 21, 23]",442,"[1, 2, 3, 5, 6, 12, 13, 15, 16, 22, 24]",72,0.3803418803418803,0
3151,442,"[1, 2, 3, 5, 6, 9, 11, 12, 16, 22, 24]",451,"[1, 2, 3, 5, 6, 10, 12, 13, 15, 16, 23]",0,0.697570093457944,2
3152,442,"[1, 2, 3, 5, 6, 9, 11, 12, 16, 22, 24]",451,"[1, 2, 3, 5, 6, 10, 12, 13, 15, 16, 23]",67,0.7578027465667915,0
3153,343,"[1, 3, 4, 5, 9, 11, 12, 16, 19, 22, 24]",4222,"[1, 2, 3, 5, 6, 13, 15, 17, 21, 22, 24]",0,0.42739160357880246,-2
3154,343,"[1, 3, 4, 5, 9, 11, 12, 16, 19, 22, 24]",4222,"[1, 2, 3, 5, 6, 13, 15, 17, 21, 22, 24]",67,0.5266343825665859,-2
3155,4231,"[1, 2, 3, 5, 6, 9, 11, 17, 19, 21, 23]",442,"[1, 2, 3, 5, 6, 9, 11, 12, 16, 22, 24]",0,0.38259493670886074,-1
3156,442,"[1, 2, 3, 5, 6, 9, 11, 12, 16, 22, 24]",442,"[1, 2, 3, 5, 6, 12, 13, 15, 16, 22, 24]",0,0.7558974358974359,3
3157,4231,"[1, 2, 3, 5, 6, 9, 11, 17, 19, 21, 23]",4231,"[1, 2, 3, 5, 6, 9, 11, 17, 19, 21, 23]",0,0.7048458149779736,1
3158,4231,"[1, 2, 3, 5, 6, 9, 11, 17, 19, 21, 23]",442,"[1, 2, 3, 5, 6, 9, 11, 12, 16, 22, 24]",74,0.7391304347826086,0
3159,442,"[1, 2, 3, 5, 6, 9, 11, 12, 16, 22, 24]",442,"[1, 2, 3, 5, 6, 9, 11, 12, 16, 22, 24]",81,0.7857142857142857,0
3160,442,"[1, 2, 3, 5, 6, 9, 11, 12, 16, 22, 24]",433,"[1, 2, 3, 5, 6, 10, 13, 15, 17, 21, 23]",0,0.27673410404624277,1
3161,442,"[1, 2, 3, 5, 6, 9, 11, 12, 16, 22, 24]",41212,"[1, 2, 3, 5, 6, 10, 13, 15, 19, 22, 24]",74,0.1762295081967213,-1
3162,41212,"[1, 2, 3, 5, 6, 10, 13, 15, 19, 22, 24]",442,"[1, 2, 3, 5, 6, 9, 11, 12, 16, 22, 24]",0,0.6449900464499004,1
3163,4231,"[1, 2, 3, 5, 6, 9, 11, 17, 19, 21, 23]",433,"[1, 2, 3, 5, 6, 10, 13, 15, 17, 21, 23]",0,0.427958833619211,2
3164,4231,"[1, 2, 3, 5, 6, 9, 11, 17, 19, 21, 23]",3511,"[1, 3, 4, 5, 7, 8, 10, 13, 15, 19, 23]",57,0.3862581244196843,0
3165,4231,"[1, 2, 3, 5, 6, 9, 11, 17, 19, 21, 23]",3511,"[1, 3, 4, 5, 7, 8, 10, 13, 15, 19, 23]",80,0.4158415841584158,0
3166,442,"[1, 2, 3, 5, 6, 9, 11, 12, 16, 22, 24]",442,"[1, 2, 3, 5, 6, 9, 11, 12, 16, 22, 24]",0,0.305420054200542,0
3167,442,"[1, 2, 3, 5, 6, 9, 11, 12, 16, 22, 24]",442,"[1, 2, 3, 5, 6, 9, 11, 12, 16, 22, 24]",0,0.861003861003861,0
3168,442,"[1, 2, 3, 5, 6, 9, 11, 12, 16, 22, 24]",442,"[1, 2, 3, 5, 6, 9, 11, 12, 16, 22, 24]",33,0.7101546738399462,0
3169,442,"[1, 2, 3, 5, 6, 9, 11, 12, 16, 22, 24]",442,"[1, 2, 3, 5, 6, 9, 11, 12, 16, 22, 24]",78,0.9002375296912114,0
3170,451,"[1, 2, 3, 5, 6, 12, 13, 14, 15, 16, 23]",442,"[1, 2, 3, 5, 6, 9, 11, 12, 16, 22, 24]",0,0.3260953858084529,0
3171,451,"[1, 2, 3, 5, 6, 12, 13, 14, 15, 16, 23]",442,"[1, 2, 3, 5, 6, 9, 11, 12, 16, 22, 24]",55,0.225,0
3172,451,"[1, 2, 3, 5, 6, 12, 13, 14, 15, 16, 23]",442,"[1, 2, 3, 5, 6, 9, 11, 12, 16, 22, 24]",63,0.13333333333333333,0
3173,451,"[1, 2, 3, 5, 6, 12, 13, 14, 15, 16, 23]",442,"[1, 2, 3, 5, 6, 9, 11, 12, 16, 22, 24]",67,0.3535714285714286,-2
3174,442,"[1, 2, 3, 5, 6, 9, 11, 12, 16, 22, 24]",4231,"[1, 2, 3, 5, 6, 9, 11, 17, 19, 21, 23]",0,0.5973372781065088,1
3175,442,"[1, 2, 3, 5, 6, 9, 11, 12, 16, 22, 24]",4231,"[1, 2, 3, 5, 6, 9, 11, 17, 19, 21, 23]",75,0.36217303822937624,0
3176,442,"[1, 2, 3, 5, 6, 9, 11, 12, 16, 22, 24]",4231,"[1, 2, 3, 5, 6, 9, 11, 17, 19, 21, 23]",0,0.6087095741274415,2
3177,442,"[1, 2, 3, 5, 6, 9, 11, 12, 16, 22, 24]",442,"[1, 2, 3, 5, 6, 9, 11, 12, 16, 22, 24]",71,0.0,0
3178,442,"[1, 2, 3, 5, 6, 9, 11, 12, 16, 22, 24]",442,"[1, 2, 3, 5, 6, 9, 11, 12, 16, 22, 24]",0,0.731994459833795,1
3179,442,"[1, 2, 3, 5, 6, 9, 11, 12, 16, 22, 24]",442,"[1, 2, 3, 5, 6, 9, 11, 12, 16, 22, 24]",35,0.5596951735817104,0
3180,442,"[1, 2, 3, 5, 6, 9, 11, 12, 16, 22, 24]",442,"[1, 2, 3, 5, 6, 9, 11, 12, 16, 22, 24]",59,0.5867768595041323,0
3181,442,"[1, 2, 3, 5, 6, 9, 11, 12, 16, 22, 24]",442,"[1, 2, 3, 5, 6, 9, 11, 12, 16, 22, 24]",65,0.5249307479224377,0
3182,442,"[1, 2, 3, 5, 6, 9, 11, 12, 16, 22, 24]",343,"[1, 3, 4, 5, 7, 8, 9, 11, 17, 21, 23]",0,0.6295996765062677,3
3183,442,"[1, 2, 3, 5, 6, 9, 11, 12, 16, 22, 24]",343,"[1, 3, 4, 5, 7, 8, 9, 11, 17, 21, 23]",63,0.6296296296296297,1
3184,442,"[1, 2, 3, 5, 6, 9, 11, 12, 16, 22, 24]",352,"[1, 3, 4, 5, 7, 8, 10, 13, 15, 22, 24]",66,0.699859747545582,1
3185,442,"[1, 2, 3, 5, 6, 9, 11, 12, 16, 22, 24]",442,"[1, 2, 3, 5, 6, 9, 11, 12, 16, 22, 24]",0,0.29732868757259,1
3186,442,"[1, 2, 3, 5, 6, 9, 11, 12, 16, 22, 24]",442,"[1, 2, 3, 5, 6, 9, 11, 12, 16, 22, 24]",58,0.20666666666666667,0
3187,442,"[1, 2, 3, 5, 6, 9, 11, 12, 16, 22, 24]",442,"[1, 2, 3, 5, 6, 9, 11, 12, 16, 22, 24]",62,0.3387096774193548,0
3188,442,"[1, 2, 3, 5, 6, 9, 11, 12, 16, 22, 24]",442,"[1, 2, 3, 5, 6, 9, 11, 12, 16, 22, 24]",73,0.409375,-1
3189,442,"[1, 2, 3, 5, 6, 9, 11, 12, 16, 22, 24]",442,"[1, 2, 3, 5, 6, 9, 11, 12, 16, 22, 24]",0,0.7862068965517242,-1
3190,442,"[1, 2, 3, 5, 6, 9, 11, 12, 16, 22, 24]",442,"[1, 2, 3, 5, 6, 9, 11, 12, 16, 22, 24]",64,0.7404891304347826,2
3191,4231,"[1, 2, 3, 5, 6, 9, 11, 17, 19, 21, 23]",433,"[1, 2, 3, 5, 6, 10, 13, 15, 17, 21, 23]",0,0.29705215419501135,0
3192,4231,"[1, 2, 3, 5, 6, 9, 11, 17, 19, 21, 23]",433,"[1, 2, 3, 5, 6, 10, 13, 15, 17, 21, 23]",17,0.2810945273631841,0
3193,4231,"[1, 2, 3, 5, 6, 9, 11, 17, 19, 21, 23]",433,"[1, 2, 3, 5, 6, 10, 13, 15, 17, 21, 23]",28,0.3036649214659686,1
3194,4231,"[1, 2, 3, 5, 6, 9, 11, 17, 19, 21, 23]",433,"[1, 2, 3, 5, 6, 10, 13, 15, 17, 21, 23]",53,0.19783616692426584,-1
3195,433,"[1, 2, 3, 5, 6, 10, 13, 15, 17, 21, 23]",4411,"[1, 2, 3, 5, 6, 9, 11, 12, 16, 19, 23]",0,0.6343967730106344,1
3196,442,"[1, 2, 3, 5, 6, 9, 11, 12, 16, 22, 24]",4411,"[1, 2, 3, 5, 6, 9, 11, 12, 16, 19, 23]",67,0.504424778761062,0
3197,442,"[1, 2, 3, 5, 6, 9, 11, 12, 16, 22, 24]",4411,"[1, 2, 3, 5, 6, 9, 11, 12, 16, 19, 23]",82,0.40969162995594716,0
3198,4231,"[1, 2, 3, 5, 6, 9, 11, 17, 19, 21, 23]",442,"[1, 2, 3, 5, 6, 9, 11, 12, 16, 22, 24]",0,0.3090753424657534,-1
3199,4231,"[1, 2, 3, 5, 6, 9, 11, 17, 19, 21, 23]",442,"[1, 2, 3, 5, 6, 9, 11, 12, 16, 22, 24]",58,0.36538461538461536,-1
3200,41212,"[1, 2, 3, 5, 6, 10, 13, 15, 19, 22, 24]",442,"[1, 2, 3, 5, 6, 9, 11, 12, 16, 22, 24]",66,0.4195121951219512,0
3201,451,"[1, 2, 3, 5, 6, 10, 12, 13, 15, 16, 23]",433,"[1, 2, 3, 5, 6, 10, 13, 15, 17, 21, 23]",0,0.1756161971830986,-1
3202,442,"[1, 2, 3, 5, 6, 9, 11, 12, 16, 22, 24]",4231,"[1, 2, 3, 5, 6, 9, 11, 17, 19, 21, 23]",0,0.7136602451838879,0
3203,442,"[1, 2, 3, 5, 6, 9, 11, 12, 16, 22, 24]",4231,"[1, 2, 3, 5, 6, 9, 11, 17, 19, 21, 23]",23,0.5718599033816425,3
3204,442,"[1, 2, 3, 5, 6, 9, 11, 12, 16, 22, 24]",442,"[1, 2, 3, 5, 6, 9, 11, 12, 16, 22, 24]",62,0.6762013729977117,1
3205,352,"[1, 3, 4, 5, 7, 8, 10, 13, 15, 22, 24]",4231,"[1, 2, 3, 5, 6, 13, 15, 17, 19, 21, 23]",0,0.88,0
3206,3142,"[1, 3, 4, 5, 10, 12, 13, 15, 16, 22, 24]",4231,"[1, 2, 3, 5, 6, 13, 15, 17, 19, 21, 23]",2,0.4382689859991515,0
3207,4141,"[1, 2, 3, 5, 6, 10, 12, 13, 15, 16, 23]",433,"[1, 2, 3, 5, 6, 10, 13, 15, 17, 21, 23]",0,0.5122625215889465,-1
3208,433,"[1, 2, 3, 5, 6, 10, 13, 15, 17, 21, 23]",41212,"[1, 2, 3, 5, 6, 10, 13, 15, 19, 22, 24]",0,0.42105263157894735,0
3209,433,"[1, 2, 3, 5, 6, 10, 13, 15, 17, 21, 23]",41212,"[1, 2, 3, 5, 6, 10, 13, 15, 19, 22, 24]",16,0.3389570552147239,0
3210,433,"[1, 2, 3, 5, 6, 10, 13, 15, 17, 21, 23]",41212,"[1, 2, 3, 5, 6, 10, 13, 15, 19, 22, 24]",33,0.47027663331371394,-1
3211,433,"[1, 2, 3, 5, 6, 10, 13, 15, 17, 21, 23]",41212,"[1, 2, 3, 5, 6, 10, 13, 15, 19, 22, 24]",78,0.0,0
3212,433,"[1, 2, 3, 5, 6, 10, 13, 15, 17, 21, 23]",4411,"[1, 2, 3, 5, 6, 9, 12, 15, 16, 19, 23]",79,0.3670886075949367,1
3213,433,"[1, 2, 3, 5, 6, 10, 13, 15, 17, 21, 23]",343,"[1, 3, 4, 5, 7, 8, 13, 15, 17, 21, 23]",0,0.37123462028001697,-4
3214,433,"[1, 2, 3, 5, 6, 10, 13, 15, 17, 21, 23]",343,"[1, 3, 4, 5, 7, 8, 13, 15, 17, 21, 23]",60,0.203125,-1
3215,433,"[1, 2, 3, 5, 6, 10, 13, 15, 17, 21, 23]",343,"[1, 3, 4, 5, 7, 8, 13, 15, 17, 21, 23]",0,0.724096863834855,0
3216,433,"[1, 2, 3, 5, 6, 10, 13, 15, 17, 21, 23]",4231,"[1, 2, 3, 5, 6, 13, 15, 17, 19, 21, 23]",0,0.6835669549657024,0
3217,433,"[1, 2, 3, 5, 6, 10, 13, 15, 17, 21, 23]",352,"[1, 3, 4, 5, 7, 8, 10, 13, 15, 22, 24]",0,0.7316308243727598,2
3218,433,"[1, 2, 3, 5, 6, 10, 13, 15, 17, 21, 23]",352,"[1, 3, 4, 5, 7, 8, 10, 13, 15, 22, 24]",54,0.6170212765957447,2
3219,352,"[1, 3, 4, 5, 7, 8, 10, 13, 15, 22, 24]",433,"[1, 2, 3, 5, 6, 10, 13, 15, 17, 21, 23]",0,0.33248081841432225,1
3220,442,"[1, 2, 3, 5, 6, 12, 13, 15, 16, 22, 24]",433,"[1, 2, 3, 5, 6, 10, 13, 15, 17, 21, 23]",0,0.31703107019562715,1
3221,442,"[1, 2, 3, 5, 6, 12, 13, 15, 16, 22, 24]",433,"[1, 2, 3, 5, 6, 10, 13, 15, 17, 21, 23]",81,0.24358974358974358,0
3222,352,"[1, 3, 4, 5, 7, 8, 10, 13, 15, 22, 24]",451,"[1, 2, 3, 5, 6, 10, 12, 13, 15, 16, 23]",0,0.7359941413401684,4
3223,343,"[1, 3, 4, 5, 7, 8, 13, 15, 17, 21, 23]",433,"[1, 2, 3, 5, 6, 10, 13, 15, 17, 21, 23]",0,0.7485481997677119,0
3224,4231,"[1, 2, 3, 5, 6, 9, 11, 17, 19, 21, 23]",433,"[1, 2, 3, 5, 6, 10, 13, 15, 17, 21, 23]",0,0.30173775671406006,-1
3225,4231,"[1, 2, 3, 5, 6, 9, 11, 17, 19, 21, 23]",433,"[1, 2, 3, 5, 6, 10, 13, 15, 17, 21, 23]",45,0.31596091205211724,1
3226,442,"[1, 2, 3, 5, 6, 9, 11, 12, 16, 22, 24]",433,"[1, 2, 3, 5, 6, 10, 13, 15, 17, 21, 23]",0,0.19619249074563722,-2
3227,343,"[1, 3, 4, 5, 7, 8, 9, 11, 17, 21, 23]",433,"[1, 2, 3, 5, 6, 10, 13, 15, 17, 21, 23]",45,0.5064748201438849,-3
3228,343,"[1, 3, 4, 5, 7, 8, 9, 11, 17, 21, 23]",433,"[1, 2, 3, 5, 6, 10, 13, 15, 17, 21, 23]",65,0.6227544910179641,-1
3229,343,"[1, 3, 4, 5, 7, 8, 9, 11, 17, 21, 23]",433,"[1, 2, 3, 5, 6, 10, 13, 15, 17, 21, 23]",71,0.3672496025437202,0
3230,433,"[1, 2, 3, 5, 6, 10, 13, 15, 17, 21, 23]",4411,"[1, 2, 3, 5, 6, 12, 13, 15, 16, 19, 23]",0,0.5566849100860047,4
3231,433,"[1, 2, 3, 5, 6, 10, 13, 15, 17, 21, 23]",4411,"[1, 2, 3, 5, 6, 12, 13, 15, 16, 19, 23]",62,0.7030927835051546,0
3232,433,"[1, 2, 3, 5, 6, 10, 13, 15, 17, 21, 23]",4231,"[1, 2, 3, 5, 6, 9, 11, 17, 19, 21, 23]",0,0.5716471188169301,2
3233,433,"[1, 2, 3, 5, 6, 10, 13, 15, 17, 21, 23]",4231,"[1, 2, 3, 5, 6, 9, 11, 17, 19, 21, 23]",51,0.6142433234421365,0
3234,433,"[1, 2, 3, 5, 6, 10, 13, 15, 17, 21, 23]",442,"[1, 2, 3, 5, 6, 9, 11, 12, 16, 22, 24]",0,0.648246035559827,1
3235,433,"[1, 2, 3, 5, 6, 10, 13, 15, 17, 21, 23]",442,"[1, 2, 3, 5, 6, 9, 11, 12, 16, 22, 24]",52,0.6232558139534884,2
3236,3511,"[1, 3, 4, 5, 7, 8, 10, 13, 15, 19, 23]",343,"[1, 3, 4, 5, 7, 8, 13, 15, 17, 21, 23]",0,0.5816118708175735,3
3237,433,"[1, 2, 3, 5, 6, 10, 13, 15, 17, 21, 23]",442,"[1, 2, 3, 5, 6, 12, 13, 15, 16, 22, 24]",0,0.7512934220251294,-1
3238,433,"[1, 2, 3, 5, 6, 10, 13, 15, 17, 21, 23]",442,"[1, 2, 3, 5, 6, 12, 13, 15, 16, 22, 24]",71,0.9327731092436975,2
3239,433,"[1, 2, 3, 5, 6, 10, 13, 15, 17, 21, 23]",4231,"[1, 2, 3, 5, 6, 9, 11, 17, 19, 21, 23]",0,0.5032958511050795,1
3240,433,"[1, 2, 3, 5, 6, 10, 13, 15, 17, 21, 23]",4231,"[1, 2, 3, 5, 6, 9, 11, 17, 19, 21, 23]",59,0.5882352941176471,0
3241,433,"[1, 2, 3, 5, 6, 10, 13, 15, 17, 21, 23]",433,"[1, 2, 3, 5, 6, 10, 13, 15, 17, 21, 23]",66,0.612,0
3242,433,"[1, 2, 3, 5, 6, 10, 13, 15, 17, 21, 23]",433,"[1, 2, 3, 5, 6, 10, 13, 15, 17, 21, 23]",77,0.4402332361516035,0
3243,433,"[1, 2, 3, 5, 6, 10, 13, 15, 17, 21, 23]",433,"[1, 2, 3, 5, 6, 10, 13, 15, 17, 21, 23]",87,0.5,0
3244,352,"[1, 3, 4, 5, 7, 8, 10, 13, 15, 22, 24]",433,"[1, 2, 3, 5, 6, 10, 13, 15, 17, 21, 23]",0,0.33084311632870866,1
3245,352,"[1, 3, 4, 5, 7, 8, 10, 13, 15, 22, 24]",433,"[1, 2, 3, 5, 6, 10, 13, 15, 17, 21, 23]",46,0.35251798561151076,0
3246,352,"[1, 3, 4, 5, 7, 8, 10, 13, 15, 22, 24]",3412,"[1, 3, 4, 5, 7, 8, 13, 15, 19, 22, 24]",62,0.3772455089820359,0
3247,41212,"[1, 2, 3, 5, 6, 10, 13, 15, 19, 22, 24]",4231,"[1, 2, 3, 5, 6, 13, 15, 17, 19, 21, 23]",0,0.6392649903288201,1
3248,41212,"[1, 2, 3, 5, 6, 10, 13, 15, 19, 22, 24]",4231,"[1, 2, 3, 5, 6, 13, 15, 17, 19, 21, 23]",25,0.5276381909547738,0
3249,442,"[1, 2, 3, 5, 6, 9, 11, 12, 16, 22, 24]",433,"[1, 2, 3, 5, 6, 10, 13, 15, 17, 21, 23]",0,0.3376297887576083,-1
3250,442,"[1, 2, 3, 5, 6, 9, 11, 12, 16, 22, 24]",433,"[1, 2, 3, 5, 6, 10, 13, 15, 17, 21, 23]",68,0.19090909090909092,-1
3251,433,"[1, 2, 3, 5, 6, 10, 13, 15, 17, 21, 23]",442,"[1, 2, 3, 5, 6, 9, 11, 12, 16, 22, 24]",0,0.6906042391648213,2
3252,442,"[1, 2, 3, 5, 6, 9, 11, 12, 16, 22, 24]",433,"[1, 2, 3, 5, 6, 10, 13, 15, 17, 21, 23]",0,0.39629948364888123,-1
3253,442,"[1, 2, 3, 5, 6, 9, 11, 12, 16, 22, 24]",433,"[1, 2, 3, 5, 6, 10, 13, 15, 17, 21, 23]",67,0.5384615384615384,1
3254,343,"[1, 3, 4, 5, 7, 8, 11, 13, 17, 21, 23]",4231,"[1, 2, 3, 5, 6, 13, 15, 17, 19, 21, 23]",0,0.6691042047531993,0
3255,343,"[1, 3, 4, 5, 7, 8, 11, 13, 17, 21, 23]",4231,"[1, 2, 3, 5, 6, 13, 15, 17, 19, 21, 23]",11,0.4931506849315068,0
3256,343,"[1, 3, 4, 5, 7, 8, 11, 13, 17, 21, 23]",4231,"[1, 2, 3, 5, 6, 13, 15, 17, 19, 21, 23]",15,0.5448577680525164,1
3257,343,"[1, 3, 4, 5, 7, 8, 11, 13, 17, 21, 23]",3511,"[1, 3, 4, 5, 7, 8, 10, 13, 15, 19, 23]",27,0.620845921450151,3
3258,343,"[1, 3, 4, 5, 7, 8, 11, 13, 17, 21, 23]",3511,"[1, 3, 4, 5, 7, 8, 10, 13, 15, 19, 23]",61,0.4919786096256685,1
3259,343,"[1, 3, 4, 5, 9, 11, 13, 15, 17, 21, 23]",3511,"[1, 3, 4, 5, 7, 8, 10, 13, 15, 19, 23]",67,1.0,0
3260,343,"[1, 3, 4, 5, 7, 8, 13, 15, 17, 21, 23]",451,"[1, 2, 3, 5, 6, 10, 12, 13, 15, 16, 23]",0,0.7002262443438914,2
3261,343,"[1, 3, 4, 5, 7, 8, 13, 15, 17, 21, 23]",451,"[1, 2, 3, 5, 6, 10, 12, 13, 15, 16, 23]",45,0.8462837837837838,1
3262,343,"[1, 3, 4, 5, 7, 8, 13, 15, 17, 21, 23]",451,"[1, 2, 3, 5, 6, 10, 12, 13, 15, 16, 23]",61,0.7911547911547911,1
3263,343,"[1, 3, 4, 5, 7, 8, 13, 15, 17, 21, 23]",442,"[1, 2, 3, 5, 6, 12, 13, 15, 16, 22, 24]",0,0.6964648516863063,4
3264,343,"[1, 3, 4, 5, 7, 8, 13, 15, 17, 21, 23]",442,"[1, 2, 3, 5, 6, 12, 13, 15, 16, 22, 24]",58,0.7864864864864864,0
3265,433,"[1, 2, 3, 5, 6, 10, 13, 15, 17, 21, 23]",451,"[1, 2, 3, 5, 6, 10, 12, 13, 15, 16, 23]",0,0.7070259208731241,1
3266,433,"[1, 2, 3, 5, 6, 10, 13, 15, 17, 21, 23]",433,"[1, 2, 3, 5, 6, 10, 13, 15, 17, 21, 23]",0,0.48517940717628705,1
3267,433,"[1, 2, 3, 5, 6, 10, 13, 15, 17, 21, 23]",4231,"[1, 2, 3, 5, 6, 9, 11, 17, 19, 21, 23]",0,0.7014880048587914,3
3268,433,"[1, 2, 3, 5, 6, 10, 13, 15, 17, 21, 23]",442,"[1, 2, 3, 5, 6, 9, 11, 12, 16, 22, 24]",0,0.692910447761194,5
3269,433,"[1, 2, 3, 5, 6, 10, 13, 15, 17, 21, 23]",442,"[1, 2, 3, 5, 6, 9, 11, 12, 16, 22, 24]",66,0.7430555555555556,0
3270,433,"[1, 2, 3, 5, 6, 10, 13, 15, 17, 21, 23]",4231,"[1, 2, 3, 5, 6, 13, 15, 17, 19, 21, 23]",0,0.5753949258018191,3
3271,433,"[1, 2, 3, 5, 6, 10, 13, 15, 17, 21, 23]",41212,"[1, 2, 3, 5, 6, 10, 13, 15, 19, 22, 24]",56,0.6328671328671329,1
3272,433,"[1, 2, 3, 5, 6, 10, 13, 15, 17, 21, 23]",451,"[1, 2, 3, 5, 6, 12, 13, 14, 15, 16, 23]",64,0.6390728476821192,0
3273,433,"[1, 2, 3, 5, 6, 10, 13, 15, 17, 21, 23]",4231,"[1, 2, 3, 5, 6, 9, 11, 17, 19, 21, 23]",0,0.7806451612903226,1
3274,433,"[1, 2, 3, 5, 6, 10, 13, 15, 17, 21, 23]",4231,"[1, 2, 3, 5, 6, 9, 11, 17, 19, 21, 23]",45,0.8166259168704156,1
3275,433,"[1, 2, 3, 5, 6, 10, 13, 15, 17, 21, 23]",4231,"[1, 2, 3, 5, 6, 9, 11, 17, 19, 21, 23]",0,0.6085164835164835,1
3276,433,"[1, 2, 3, 5, 6, 10, 13, 15, 17, 21, 23]",433,"[1, 2, 3, 5, 6, 10, 13, 15, 17, 21, 23]",0,0.6824080749819755,-1
3277,433,"[1, 2, 3, 5, 6, 10, 13, 15, 17, 21, 23]",352,"[1, 3, 4, 5, 7, 8, 10, 13, 15, 22, 24]",0,0.8248374957235717,1
3278,433,"[1, 2, 3, 5, 6, 10, 13, 15, 17, 21, 23]",4231,"[1, 2, 3, 5, 6, 9, 11, 17, 19, 21, 23]",0,0.7158995815899581,2
3279,433,"[1, 2, 3, 5, 6, 10, 13, 15, 17, 21, 23]",4231,"[1, 2, 3, 5, 6, 9, 11, 17, 19, 21, 23]",63,0.8973607038123167,0
3280,433,"[1, 2, 3, 5, 6, 10, 13, 15, 17, 21, 23]",4231,"[1, 2, 3, 5, 6, 9, 11, 17, 19, 21, 23]",71,0.7519083969465649,1
3281,442,"[1, 2, 3, 5, 6, 9, 11, 12, 16, 22, 24]",433,"[1, 2, 3, 5, 6, 10, 13, 15, 17, 21, 23]",0,0.4190791287565481,2
3282,4231,"[1, 2, 3, 5, 6, 13, 15, 17, 19, 21, 23]",433,"[1, 2, 3, 5, 6, 10, 13, 15, 17, 21, 23]",0,0.3956164383561644,-2
3283,433,"[1, 2, 3, 5, 6, 10, 13, 15, 17, 21, 23]",442,"[1, 2, 3, 5, 6, 12, 13, 15, 16, 22, 24]",0,0.7590866728797764,-1
3284,433,"[1, 2, 3, 5, 6, 10, 13, 15, 17, 21, 23]",442,"[1, 2, 3, 5, 6, 12, 13, 15, 16, 22, 24]",51,0.6754850088183422,0
3285,343,"[1, 3, 4, 5, 7, 8, 13, 15, 17, 21, 23]",442,"[1, 2, 3, 5, 6, 12, 13, 15, 16, 22, 24]",78,0.8134328358208955,0
3286,433,"[1, 2, 3, 5, 6, 10, 13, 15, 17, 21, 23]",4231,"[1, 2, 3, 5, 6, 9, 11, 17, 19, 21, 23]",0,0.6980044345898004,1
3287,433,"[1, 2, 3, 5, 6, 10, 13, 15, 17, 21, 23]",4411,"[1, 2, 3, 5, 6, 9, 11, 12, 16, 19, 23]",0,0.6548547129695251,2
3288,433,"[1, 2, 3, 5, 6, 10, 13, 15, 17, 21, 23]",4141,"[1, 2, 3, 5, 6, 10, 12, 13, 15, 16, 23]",38,0.8145161290322581,0
3289,433,"[1, 2, 3, 5, 6, 10, 13, 15, 17, 21, 23]",4411,"[1, 2, 3, 5, 6, 9, 11, 12, 16, 19, 23]",45,0.734375,-1
3290,433,"[1, 2, 3, 5, 6, 10, 13, 15, 17, 21, 23]",442,"[1, 2, 3, 5, 6, 9, 11, 12, 16, 22, 24]",67,0.5100864553314121,0
3291,4231,"[1, 2, 3, 5, 6, 9, 11, 17, 19, 21, 23]",433,"[1, 2, 3, 5, 6, 10, 13, 15, 17, 21, 23]",0,0.24312267657992565,1
3292,4231,"[1, 2, 3, 5, 6, 9, 11, 17, 19, 21, 23]",433,"[1, 2, 3, 5, 6, 10, 13, 15, 17, 21, 23]",69,0.06666666666666667,0
3293,433,"[1, 2, 3, 5, 6, 10, 13, 15, 17, 21, 23]",442,"[1, 2, 3, 5, 6, 9, 11, 12, 16, 22, 24]",0,0.7010850542527126,1
3294,433,"[1, 2, 3, 5, 6, 10, 13, 15, 17, 21, 23]",442,"[1, 2, 3, 5, 6, 9, 11, 12, 16, 22, 24]",70,0.776566757493188,0
3295,4231,"[1, 2, 3, 5, 6, 13, 15, 17, 19, 21, 23]",433,"[1, 2, 3, 5, 6, 10, 13, 15, 17, 21, 23]",0,0.29106945975744214,-1
3296,4231,"[1, 2, 3, 5, 6, 13, 15, 17, 19, 21, 23]",433,"[1, 2, 3, 5, 6, 10, 13, 15, 17, 21, 23]",45,0.29617486338797816,-2
3297,442,"[1, 2, 3, 5, 6, 9, 11, 12, 16, 22, 24]",433,"[1, 2, 3, 5, 6, 10, 13, 15, 17, 21, 23]",0,0.38324117396852403,-2
3298,442,"[1, 2, 3, 5, 6, 9, 11, 12, 16, 22, 24]",433,"[1, 2, 3, 5, 6, 10, 13, 15, 17, 21, 23]",0,0.2059145673603505,-1
3299,442,"[1, 2, 3, 5, 6, 9, 11, 12, 16, 22, 24]",433,"[1, 2, 3, 5, 6, 10, 13, 15, 17, 21, 23]",67,0.40444444444444444,0
3300,442,"[1, 2, 3, 5, 6, 9, 11, 12, 16, 22, 24]",433,"[1, 2, 3, 5, 6, 10, 13, 15, 17, 21, 23]",73,0.36860068259385664,0
3301,433,"[1, 2, 3, 5, 6, 10, 13, 15, 17, 21, 23]",442,"[1, 2, 3, 5, 6, 12, 13, 15, 16, 22, 24]",0,0.7869034406215316,4
3302,433,"[1, 2, 3, 5, 6, 10, 13, 15, 17, 21, 23]",442,"[1, 2, 3, 5, 6, 12, 13, 15, 16, 22, 24]",82,1.0,0
3303,4231,"[1, 2, 3, 5, 6, 9, 11, 17, 19, 21, 23]",433,"[1, 2, 3, 5, 6, 10, 13, 15, 17, 21, 23]",0,0.28165007112375534,-2
3304,4231,"[1, 2, 3, 5, 6, 9, 11, 17, 19, 21, 23]",433,"[1, 2, 3, 5, 6, 10, 13, 15, 17, 21, 23]",45,0.3221476510067114,-1
3305,4231,"[1, 2, 3, 5, 6, 9, 11, 17, 19, 21, 23]",433,"[1, 2, 3, 5, 6, 10, 13, 15, 17, 21, 23]",65,0.5765957446808511,0
3306,433,"[1, 2, 3, 5, 6, 10, 13, 15, 17, 21, 23]",433,"[1, 2, 3, 5, 6, 10, 13, 15, 17, 21, 23]",0,0.6348345089527944,1
3307,433,"[1, 2, 3, 5, 6, 10, 13, 15, 17, 21, 23]",433,"[1, 2, 3, 5, 6, 10, 13, 15, 17, 21, 23]",45,0.7660972404730617,0
3308,433,"[1, 2, 3, 5, 6, 10, 13, 15, 17, 21, 23]",433,"[1, 2, 3, 5, 6, 10, 13, 15, 17, 21, 23]",0,0.2741238598175708,0
3309,433,"[1, 2, 3, 5, 6, 10, 13, 15, 17, 21, 23]",433,"[1, 2, 3, 5, 6, 10, 13, 15, 17, 21, 23]",47,0.4633838383838384,0
3310,433,"[1, 2, 3, 5, 6, 10, 13, 15, 17, 21, 23]",4231,"[1, 2, 3, 5, 6, 9, 11, 17, 19, 21, 23]",0,0.7524786324786324,2
3311,442,"[1, 2, 3, 5, 6, 9, 11, 12, 16, 22, 24]",433,"[1, 2, 3, 5, 6, 10, 13, 15, 17, 21, 23]",0,0.2594594594594595,-2
3312,442,"[1, 2, 3, 5, 6, 9, 11, 12, 16, 22, 24]",433,"[1, 2, 3, 5, 6, 10, 13, 15, 17, 21, 23]",64,0.39622641509433965,0
3313,433,"[1, 2, 3, 5, 6, 10, 13, 15, 17, 21, 23]",4141,"[1, 2, 3, 5, 6, 10, 12, 13, 15, 16, 23]",0,0.8104667609618105,2
3314,41212,"[1, 2, 3, 5, 6, 10, 13, 15, 19, 22, 24]",4141,"[1, 2, 3, 5, 6, 10, 12, 13, 15, 16, 23]",47,0.5343642611683849,0
3315,4231,"[1, 2, 3, 5, 6, 9, 11, 17, 19, 21, 23]",433,"[1, 2, 3, 5, 6, 10, 13, 15, 17, 21, 23]",0,0.2849264705882353,1
3316,433,"[1, 2, 3, 5, 6, 10, 13, 15, 17, 21, 23]",442,"[1, 2, 3, 5, 6, 9, 11, 12, 16, 22, 24]",0,0.7556390977443609,1
3317,433,"[1, 2, 3, 5, 6, 10, 13, 15, 17, 21, 23]",442,"[1, 2, 3, 5, 6, 9, 11, 12, 16, 22, 24]",20,0.770611329220415,3
3318,433,"[1, 2, 3, 5, 6, 10, 13, 15, 17, 21, 23]",442,"[1, 2, 3, 5, 6, 9, 11, 12, 16, 22, 24]",66,0.9285714285714286,0
3319,4231,"[1, 2, 3, 5, 6, 13, 15, 17, 19, 21, 23]",433,"[1, 2, 3, 5, 6, 10, 13, 15, 17, 21, 23]",0,0.3030474040632054,-2
3320,4231,"[1, 2, 3, 5, 6, 13, 15, 17, 19, 21, 23]",433,"[1, 2, 3, 5, 6, 10, 13, 15, 17, 21, 23]",45,0.3569431500465983,0
3321,4231,"[1, 2, 3, 5, 6, 13, 15, 17, 19, 21, 23]",433,"[1, 2, 3, 5, 6, 10, 13, 15, 17, 21, 23]",69,0.1527777777777778,0
3322,41212,"[1, 2, 3, 5, 6, 10, 13, 15, 19, 22, 24]",433,"[1, 2, 3, 5, 6, 10, 13, 15, 17, 21, 23]",76,0.0,0
3323,4411,"[1, 2, 3, 5, 6, 12, 13, 15, 16, 19, 23]",433,"[1, 2, 3, 5, 6, 10, 13, 15, 17, 21, 23]",78,0.2336448598130841,0
3324,352,"[1, 3, 4, 5, 7, 8, 10, 13, 15, 22, 24]",433,"[1, 2, 3, 5, 6, 10, 13, 15, 17, 21, 23]",0,0.25341012428008486,-2
3325,4231,"[1, 2, 3, 5, 6, 13, 15, 17, 19, 21, 23]",433,"[1, 2, 3, 5, 6, 10, 13, 15, 17, 21, 23]",0,0.3972361070273449,-1
3326,4231,"[1, 2, 3, 5, 6, 13, 15, 17, 19, 21, 23]",433,"[1, 2, 3, 5, 6, 10, 13, 15, 17, 21, 23]",84,0.6338028169014085,0
3327,433,"[1, 2, 3, 5, 6, 10, 13, 15, 17, 21, 23]",433,"[1, 2, 3, 5, 6, 10, 13, 15, 17, 21, 23]",0,0.2151652624756967,-1
3328,4411,"[1, 2, 3, 5, 6, 9, 12, 13, 15, 16, 23]",433,"[1, 2, 3, 5, 6, 10, 13, 15, 17, 21, 23]",40,0.2713178294573643,-2
3329,4411,"[1, 2, 3, 5, 6, 9, 12, 13, 15, 16, 23]",433,"[1, 2, 3, 5, 6, 10, 13, 15, 17, 21, 23]",61,0.17326732673267325,-1
3330,4411,"[1, 2, 3, 5, 6, 9, 12, 13, 15, 16, 23]",433,"[1, 2, 3, 5, 6, 10, 13, 15, 17, 21, 23]",71,0.6548672566371682,0
3331,4231,"[1, 2, 3, 5, 6, 13, 15, 17, 19, 21, 23]",433,"[1, 2, 3, 5, 6, 10, 13, 15, 17, 21, 23]",0,0.29145569620253164,-1
3332,433,"[1, 2, 3, 5, 6, 10, 13, 15, 17, 21, 23]",433,"[1, 2, 3, 5, 6, 10, 13, 15, 17, 21, 23]",0,0.659288824383164,1
3333,433,"[1, 2, 3, 5, 6, 10, 13, 15, 17, 21, 23]",433,"[1, 2, 3, 5, 6, 10, 13, 15, 17, 21, 23]",60,0.5470668485675307,0
3334,433,"[1, 2, 3, 5, 6, 10, 13, 15, 17, 21, 23]",4231,"[1, 2, 3, 5, 6, 9, 11, 17, 19, 21, 23]",0,0.6803035301880568,1
3335,433,"[1, 2, 3, 5, 6, 10, 13, 15, 17, 21, 23]",433,"[1, 2, 3, 5, 6, 10, 13, 15, 17, 21, 23]",0,0.5244549204478491,-1
3336,433,"[1, 2, 3, 5, 6, 10, 13, 15, 17, 21, 23]",433,"[1, 2, 3, 5, 6, 10, 13, 15, 17, 21, 23]",45,0.7117117117117117,-1
3337,4231,"[1, 2, 3, 5, 6, 11, 13, 17, 19, 21, 23]",433,"[1, 2, 3, 5, 6, 10, 13, 15, 17, 21, 23]",47,0.4271523178807947,0
3338,4231,"[1, 2, 3, 5, 6, 11, 13, 17, 19, 21, 23]",433,"[1, 2, 3, 5, 6, 10, 13, 15, 17, 21, 23]",57,0.6148760330578512,-1
3339,433,"[1, 2, 3, 5, 6, 10, 13, 15, 17, 21, 23]",433,"[1, 2, 3, 5, 6, 10, 13, 15, 17, 21, 23]",0,0.1939773171685569,1
3340,433,"[1, 2, 3, 5, 6, 10, 13, 15, 17, 21, 23]",433,"[1, 2, 3, 5, 6, 10, 13, 15, 17, 21, 23]",65,0.08745247148288973,0
3341,433,"[1, 2, 3, 5, 6, 10, 13, 15, 17, 21, 23]",4231,"[1, 2, 3, 5, 6, 13, 15, 17, 19, 21, 23]",0,0.7319086935405537,3
3342,433,"[1, 2, 3, 5, 6, 10, 13, 15, 17, 21, 23]",4231,"[1, 2, 3, 5, 6, 13, 15, 17, 19, 21, 23]",45,1.0,0
3343,4231,"[1, 2, 3, 5, 6, 9, 11, 17, 19, 21, 23]",433,"[1, 2, 3, 5, 6, 10, 13, 15, 17, 21, 23]",0,0.23964053919121317,1
3344,41212,"[1, 2, 3, 5, 6, 10, 13, 15, 19, 22, 24]",433,"[1, 2, 3, 5, 6, 10, 13, 15, 17, 21, 23]",45,0.345,1
3345,433,"[1, 2, 3, 5, 6, 10, 13, 15, 17, 21, 23]",4231,"[1, 2, 3, 5, 6, 9, 11, 17, 19, 21, 23]",0,0.7393658159319412,1
3346,433,"[1, 2, 3, 5, 6, 10, 13, 15, 17, 21, 23]",4231,"[1, 2, 3, 5, 6, 9, 11, 17, 19, 21, 23]",61,0.7938931297709924,0
3347,433,"[1, 2, 3, 5, 6, 10, 13, 15, 17, 21, 23]",4231,"[1, 2, 3, 5, 6, 9, 11, 17, 19, 21, 23]",78,0.5299539170506913,1
3348,4231,"[1, 2, 3, 5, 6, 13, 15, 17, 19, 21, 23]",433,"[1, 2, 3, 5, 6, 10, 13, 15, 17, 21, 23]",0,0.36064,-2
3349,442,"[1, 2, 3, 5, 6, 9, 11, 12, 16, 22, 24]",433,"[1, 2, 3, 5, 6, 10, 13, 15, 17, 21, 23]",0,0.24662618083670715,0
3350,433,"[1, 2, 3, 5, 6, 10, 13, 15, 17, 21, 23]",4231,"[1, 2, 3, 5, 6, 13, 15, 17, 19, 21, 23]",0,0.7102744097000638,4
3351,433,"[1, 2, 3, 5, 6, 10, 13, 15, 17, 21, 23]",4231,"[1, 2, 3, 5, 6, 13, 15, 17, 19, 21, 23]",0,0.5886722376973074,1
3352,433,"[1, 2, 3, 5, 6, 10, 13, 15, 17, 21, 23]",4231,"[1, 2, 3, 5, 6, 9, 11, 17, 19, 21, 23]",0,0.7403545359749739,1
3353,433,"[1, 2, 3, 5, 6, 10, 13, 15, 17, 21, 23]",4231,"[1, 2, 3, 5, 6, 9, 11, 17, 19, 21, 23]",23,0.7164816396242528,1
3354,433,"[1, 2, 3, 5, 6, 10, 13, 15, 17, 21, 23]",4231,"[1, 2, 3, 5, 6, 9, 11, 17, 19, 21, 23]",45,0.636604774535809,0
3355,433,"[1, 2, 3, 5, 6, 10, 13, 15, 17, 21, 23]",4231,"[1, 2, 3, 5, 6, 9, 11, 17, 19, 21, 23]",53,0.5247933884297521,0
3356,433,"[1, 2, 3, 5, 6, 10, 13, 15, 17, 21, 23]",4231,"[1, 2, 3, 5, 6, 9, 11, 17, 19, 21, 23]",65,0.6307884856070087,1
3357,433,"[1, 2, 3, 5, 6, 10, 13, 15, 17, 21, 23]",433,"[1, 2, 3, 5, 6, 10, 13, 15, 17, 21, 23]",0,0.75,0
3358,433,"[1, 2, 3, 5, 6, 10, 13, 15, 17, 21, 23]",4231,"[1, 2, 3, 5, 6, 9, 11, 17, 19, 21, 23]",0,0.826955074875208,6
3359,433,"[1, 2, 3, 5, 6, 10, 13, 15, 17, 21, 23]",442,"[1, 2, 3, 5, 6, 9, 11, 12, 16, 22, 24]",45,0.8206229860365198,0
3360,4231,"[1, 2, 3, 5, 6, 9, 11, 17, 19, 21, 23]",433,"[1, 2, 3, 5, 6, 10, 13, 15, 17, 21, 23]",0,0.2800613496932515,-1
3361,4231,"[1, 2, 3, 5, 6, 9, 11, 17, 19, 21, 23]",433,"[1, 2, 3, 5, 6, 10, 13, 15, 17, 21, 23]",76,0.18947368421052632,0
3362,433,"[1, 2, 3, 5, 6, 10, 13, 15, 17, 21, 23]",442,"[1, 2, 3, 5, 6, 9, 11, 12, 16, 22, 24]",0,0.6236772486772487,0
3363,433,"[1, 2, 3, 5, 6, 10, 13, 15, 17, 21, 23]",4411,"[1, 2, 3, 5, 6, 9, 11, 12, 16, 19, 23]",0,0.6647711117429628,-1
3364,433,"[1, 2, 3, 5, 6, 10, 13, 15, 17, 21, 23]",4411,"[1, 2, 3, 5, 6, 12, 13, 15, 16, 19, 23]",0,0.8372591006423983,0
3365,433,"[1, 2, 3, 5, 6, 10, 13, 15, 17, 21, 23]",4411,"[1, 2, 3, 5, 6, 12, 13, 15, 16, 19, 23]",65,0.8571428571428571,1
3366,442,"[1, 2, 3, 5, 6, 12, 13, 15, 16, 22, 24]",41212,"[1, 2, 3, 5, 6, 10, 13, 15, 19, 22, 24]",0,0.35986964618249534,0
3367,442,"[1, 2, 3, 5, 6, 12, 13, 15, 16, 22, 24]",41212,"[1, 2, 3, 5, 6, 10, 13, 15, 19, 22, 24]",45,0.29081632653061223,0
3368,433,"[1, 2, 3, 5, 6, 10, 13, 15, 17, 21, 23]",433,"[1, 2, 3, 5, 6, 10, 13, 15, 17, 21, 23]",0,0.30779944289693595,0
3369,41212,"[1, 2, 3, 5, 6, 10, 13, 15, 19, 22, 24]",433,"[1, 2, 3, 5, 6, 10, 13, 15, 17, 21, 23]",65,0.24904942965779467,0
3370,41212,"[1, 2, 3, 5, 6, 10, 13, 15, 19, 22, 24]",433,"[1, 2, 3, 5, 6, 10, 13, 15, 17, 21, 23]",77,0.4415954415954416,-1
3371,4231,"[1, 2, 3, 5, 6, 13, 15, 17, 19, 21, 23]",433,"[1, 2, 3, 5, 6, 10, 13, 15, 17, 21, 23]",0,0.4081172491544532,0
3372,4231,"[1, 2, 3, 5, 6, 13, 15, 17, 19, 21, 23]",433,"[1, 2, 3, 5, 6, 10, 13, 15, 17, 21, 23]",22,0.49146757679180886,-3
3373,442,"[1, 2, 3, 5, 6, 9, 11, 12, 16, 22, 24]",433,"[1, 2, 3, 5, 6, 10, 13, 15, 17, 21, 23]",0,0.3109472049689441,1
3374,442,"[1, 2, 3, 5, 6, 9, 11, 12, 16, 22, 24]",4231,"[1, 2, 3, 5, 6, 11, 13, 17, 19, 21, 23]",60,0.20157068062827224,0
3375,4231,"[1, 2, 3, 5, 6, 9, 11, 17, 19, 21, 23]",433,"[1, 2, 3, 5, 6, 10, 13, 15, 17, 21, 23]",0,0.3436737539212269,2
3376,4231,"[1, 2, 3, 5, 6, 9, 11, 17, 19, 21, 23]",4231,"[1, 2, 3, 5, 6, 13, 15, 17, 19, 21, 23]",72,0.3894080996884735,0
3377,4231,"[1, 2, 3, 5, 6, 13, 15, 17, 19, 21, 23]",433,"[1, 2, 3, 5, 6, 10, 13, 15, 17, 21, 23]",0,0.27026154342912495,0
3378,4231,"[1, 2, 3, 5, 6, 13, 15, 17, 19, 21, 23]",433,"[1, 2, 3, 5, 6, 10, 13, 15, 17, 21, 23]",0,0.2721030042918455,-1
3379,4231,"[1, 2, 3, 5, 6, 13, 15, 17, 19, 21, 23]",433,"[1, 2, 3, 5, 6, 10, 13, 15, 17, 21, 23]",28,0.2666967509025271,-1
3380,442,"[1, 2, 3, 5, 6, 12, 13, 15, 16, 22, 24]",433,"[1, 2, 3, 5, 6, 10, 13, 15, 17, 21, 23]",71,0.3968253968253968,0
3381,4231,"[1, 2, 3, 5, 6, 13, 15, 17, 19, 21, 23]",433,"[1, 2, 3, 5, 6, 10, 13, 15, 17, 21, 23]",0,0.27599867943215584,-2
3382,433,"[1, 2, 3, 5, 6, 10, 13, 15, 17, 21, 23]",4231,"[1, 2, 3, 5, 6, 13, 15, 17, 19, 21, 23]",0,0.7242902208201892,0
3383,433,"[1, 2, 3, 5, 6, 10, 13, 15, 17, 21, 23]",4231,"[1, 2, 3, 5, 6, 9, 11, 17, 19, 21, 23]",0,0.6740491092922485,-1
3384,433,"[1, 2, 3, 5, 6, 10, 13, 15, 17, 21, 23]",4231,"[1, 2, 3, 5, 6, 9, 11, 17, 19, 21, 23]",47,0.8012820512820513,0
3385,433,"[1, 2, 3, 5, 6, 10, 13, 15, 17, 21, 23]",4411,"[1, 2, 3, 5, 6, 9, 11, 12, 16, 19, 23]",50,1.0,0
3386,433,"[1, 2, 3, 5, 6, 10, 13, 15, 17, 21, 23]",4411,"[1, 2, 3, 5, 6, 9, 11, 12, 16, 19, 23]",51,0.7195281782437746,3
3387,433,"[1, 2, 3, 5, 6, 10, 13, 15, 17, 21, 23]",4411,"[1, 2, 3, 5, 6, 9, 11, 12, 16, 19, 23]",72,0.7211538461538461,0
3388,433,"[1, 2, 3, 5, 6, 10, 13, 15, 17, 21, 23]",4231,"[1, 2, 3, 5, 6, 9, 11, 17, 19, 21, 23]",0,0.6801361122926415,1
3389,4231,"[1, 2, 3, 5, 6, 9, 11, 17, 19, 21, 23]",433,"[1, 2, 3, 5, 6, 10, 13, 15, 17, 21, 23]",0,0.3867235079171742,0
3390,4231,"[1, 2, 3, 5, 6, 13, 15, 17, 19, 21, 23]",433,"[1, 2, 3, 5, 6, 10, 13, 15, 17, 21, 23]",0,0.24360795454545456,0
3391,4231,"[1, 2, 3, 5, 6, 13, 15, 17, 19, 21, 23]",433,"[1, 2, 3, 5, 6, 10, 13, 15, 17, 21, 23]",57,0.42555438225976766,1
3392,4231,"[1, 2, 3, 5, 6, 13, 15, 17, 19, 21, 23]",433,"[1, 2, 3, 5, 6, 10, 13, 15, 17, 21, 23]",0,0.3210239194292908,-1
3393,4231,"[1, 2, 3, 5, 6, 13, 15, 17, 19, 21, 23]",4411,"[1, 2, 3, 5, 6, 12, 13, 15, 16, 19, 23]",53,0.36507936507936506,0
3394,442,"[1, 2, 3, 5, 6, 12, 13, 15, 16, 22, 24]",4411,"[1, 2, 3, 5, 6, 12, 13, 15, 16, 19, 23]",60,0.2921108742004264,0
3395,433,"[1, 2, 3, 5, 6, 10, 13, 15, 17, 21, 23]",442,"[1, 2, 3, 5, 6, 9, 11, 12, 16, 22, 24]",0,0.7775489186405767,1
3396,433,"[1, 2, 3, 5, 6, 10, 13, 15, 17, 21, 23]",4411,"[1, 2, 3, 5, 6, 9, 11, 12, 16, 19, 23]",0,0.7743682310469314,3
3397,433,"[1, 2, 3, 5, 6, 10, 13, 15, 17, 21, 23]",4231,"[1, 2, 3, 5, 6, 9, 11, 17, 19, 21, 23]",0,0.7479249923147864,4
3398,433,"[1, 2, 3, 5, 6, 10, 13, 15, 17, 21, 23]",4231,"[1, 2, 3, 5, 6, 9, 11, 17, 19, 21, 23]",69,0.9113573407202216,0
3399,4411,"[1, 2, 3, 5, 6, 9, 11, 12, 16, 19, 23]",433,"[1, 2, 3, 5, 6, 10, 13, 15, 17, 21, 23]",0,0.30295389048991356,-1
3400,433,"[1, 2, 3, 5, 6, 10, 13, 15, 17, 21, 23]",4231,"[1, 2, 3, 5, 6, 9, 11, 17, 19, 21, 23]",0,0.6837763519706691,1
3401,433,"[1, 2, 3, 5, 6, 10, 13, 15, 17, 21, 23]",4231,"[1, 2, 3, 5, 6, 9, 11, 17, 19, 21, 23]",31,0.7463672391017173,1
3402,433,"[1, 2, 3, 5, 6, 10, 13, 15, 17, 21, 23]",433,"[1, 2, 3, 5, 6, 10, 13, 15, 17, 21, 23]",0,0.5870574579222286,4
3403,4141,"[1, 2, 3, 5, 6, 10, 12, 13, 15, 16, 23]",433,"[1, 2, 3, 5, 6, 10, 13, 15, 17, 21, 23]",0,0.4245669291338583,-4
3404,4411,"[1, 2, 3, 5, 6, 9, 11, 12, 16, 19, 23]",433,"[1, 2, 3, 5, 6, 10, 13, 15, 17, 21, 23]",0,0.30812641083521447,0
3405,4411,"[1, 2, 3, 5, 6, 9, 11, 12, 16, 19, 23]",433,"[1, 2, 3, 5, 6, 10, 13, 15, 17, 21, 23]",64,0.24882629107981222,0
3406,433,"[1, 2, 3, 5, 6, 10, 13, 15, 17, 21, 23]",433,"[1, 2, 3, 5, 6, 10, 13, 15, 17, 21, 23]",0,0.42084168336673344,0
3407,433,"[1, 2, 3, 5, 6, 10, 13, 15, 17, 21, 23]",433,"[1, 2, 3, 5, 6, 10, 13, 15, 17, 21, 23]",48,0.38162544169611307,1
3408,433,"[1, 2, 3, 5, 6, 10, 13, 15, 17, 21, 23]",3412,"[1, 3, 4, 5, 7, 8, 9, 11, 19, 22, 24]",63,0.4543828264758497,-1
3409,4231,"[1, 2, 3, 5, 6, 9, 11, 17, 19, 21, 23]",433,"[1, 2, 3, 5, 6, 10, 13, 15, 17, 21, 23]",0,0.30282152230971127,1
3410,4231,"[1, 2, 3, 5, 6, 9, 11, 17, 19, 21, 23]",433,"[1, 2, 3, 5, 6, 10, 13, 15, 17, 21, 23]",75,0.15492957746478872,0
3411,4231,"[1, 2, 3, 5, 6, 9, 11, 17, 19, 21, 23]",352,"[1, 3, 4, 5, 7, 8, 10, 13, 15, 22, 24]",78,0.75,0
3412,433,"[1, 2, 3, 5, 6, 10, 13, 15, 17, 21, 23]",4231,"[1, 2, 3, 5, 6, 13, 15, 17, 19, 21, 23]",0,0.7105386416861826,1
3413,433,"[1, 2, 3, 5, 6, 10, 13, 15, 17, 21, 23]",4231,"[1, 2, 3, 5, 6, 13, 15, 17, 19, 21, 23]",45,0.6340933767643865,0
3414,433,"[1, 2, 3, 5, 6, 10, 13, 15, 17, 21, 23]",4411,"[1, 2, 3, 5, 6, 9, 11, 12, 16, 19, 23]",0,0.6524157108098714,1
3415,433,"[1, 2, 3, 5, 6, 10, 13, 15, 17, 21, 23]",4411,"[1, 2, 3, 5, 6, 9, 11, 12, 16, 19, 23]",57,0.6286043829296425,1
3416,433,"[1, 2, 3, 5, 6, 10, 13, 15, 17, 21, 23]",4231,"[1, 2, 3, 5, 6, 13, 15, 17, 19, 21, 23]",0,0.6883116883116883,1
3417,4231,"[1, 2, 3, 5, 6, 9, 11, 17, 19, 21, 23]",433,"[1, 2, 3, 5, 6, 10, 13, 15, 17, 21, 23]",0,0.21120689655172414,0
3418,4231,"[1, 2, 3, 5, 6, 9, 11, 17, 19, 21, 23]",433,"[1, 2, 3, 5, 6, 10, 13, 15, 17, 21, 23]",9,0.3084848484848485,-1
3419,442,"[1, 2, 3, 5, 6, 12, 13, 15, 16, 22, 24]",433,"[1, 2, 3, 5, 6, 10, 13, 15, 17, 21, 23]",45,0.390279823269514,0
3420,433,"[1, 2, 3, 5, 6, 10, 13, 15, 17, 21, 23]",4231,"[1, 2, 3, 5, 6, 13, 15, 17, 19, 21, 23]",0,0.7435968052877995,1
3421,433,"[1, 2, 3, 5, 6, 10, 13, 15, 17, 21, 23]",4231,"[1, 2, 3, 5, 6, 13, 15, 17, 19, 21, 23]",68,0.4782608695652174,0
3422,4231,"[1, 2, 3, 5, 6, 9, 11, 17, 19, 21, 23]",433,"[1, 2, 3, 5, 6, 10, 13, 15, 17, 21, 23]",0,0.4083170527490929,-1
3423,4231,"[1, 2, 3, 5, 6, 9, 11, 17, 19, 21, 23]",433,"[1, 2, 3, 5, 6, 10, 13, 15, 17, 21, 23]",77,0.4276094276094276,0
3424,433,"[1, 2, 3, 5, 6, 10, 13, 15, 17, 21, 23]",4231,"[1, 2, 3, 5, 6, 13, 15, 17, 19, 21, 23]",0,0.6553916581892166,1
3425,433,"[1, 2, 3, 5, 6, 10, 13, 15, 17, 21, 23]",4231,"[1, 2, 3, 5, 6, 13, 15, 17, 19, 21, 23]",82,0.8407079646017699,0
3426,4231,"[1, 2, 3, 5, 6, 9, 11, 17, 19, 21, 23]",433,"[1, 2, 3, 5, 6, 10, 13, 15, 17, 21, 23]",0,1.0,0
3427,4231,"[1, 2, 3, 5, 6, 9, 11, 17, 19, 21, 23]",433,"[1, 2, 3, 5, 6, 10, 13, 15, 17, 21, 23]",0,0.2212218649517685,1
3428,4231,"[1, 2, 3, 5, 6, 9, 11, 17, 19, 21, 23]",433,"[1, 2, 3, 5, 6, 10, 13, 15, 17, 21, 23]",37,0.44329896907216493,0
3429,4231,"[1, 2, 3, 5, 6, 9, 11, 17, 19, 21, 23]",433,"[1, 2, 3, 5, 6, 10, 13, 15, 17, 21, 23]",45,0.16074600355239788,-1
3430,4231,"[1, 2, 3, 5, 6, 9, 11, 17, 19, 21, 23]",433,"[1, 2, 3, 5, 6, 10, 13, 15, 17, 21, 23]",0,0.3036626916524702,1
3431,4231,"[1, 2, 3, 5, 6, 9, 11, 17, 19, 21, 23]",433,"[1, 2, 3, 5, 6, 10, 13, 15, 17, 21, 23]",0,0.24688561721404303,-1
3432,4231,"[1, 2, 3, 5, 6, 9, 11, 17, 19, 21, 23]",433,"[1, 2, 3, 5, 6, 10, 13, 15, 17, 21, 23]",42,0.232,0
3433,4231,"[1, 2, 3, 5, 6, 9, 11, 17, 19, 21, 23]",433,"[1, 2, 3, 5, 6, 10, 13, 15, 17, 21, 23]",49,0.5508771929824562,0
3434,4231,"[1, 2, 3, 5, 6, 9, 11, 17, 19, 21, 23]",433,"[1, 2, 3, 5, 6, 10, 13, 15, 17, 21, 23]",58,0.329246935201401,-1
3435,4231,"[1, 2, 3, 5, 6, 9, 11, 17, 19, 21, 23]",433,"[1, 2, 3, 5, 6, 10, 13, 15, 17, 21, 23]",74,0.9642857142857143,0
3436,433,"[1, 2, 3, 5, 6, 10, 13, 15, 17, 21, 23]",4231,"[1, 2, 3, 5, 6, 13, 15, 17, 19, 21, 23]",0,0.7005669737774628,1
3437,433,"[1, 2, 3, 5, 6, 10, 13, 15, 17, 21, 23]",4231,"[1, 2, 3, 5, 6, 11, 13, 17, 19, 21, 23]",0,0.7518248175182481,0
3438,4231,"[1, 2, 3, 5, 6, 9, 11, 17, 19, 21, 23]",433,"[1, 2, 3, 5, 6, 10, 13, 15, 17, 21, 23]",0,0.27638190954773867,1
3439,4231,"[1, 2, 3, 5, 6, 9, 11, 17, 19, 21, 23]",433,"[1, 2, 3, 5, 6, 10, 13, 15, 17, 21, 23]",30,0.2809917355371901,-2
3440,4231,"[1, 2, 3, 5, 6, 9, 11, 17, 19, 21, 23]",433,"[1, 2, 3, 5, 6, 10, 13, 15, 17, 21, 23]",45,0.3528481012658228,0
3441,4231,"[1, 2, 3, 5, 6, 9, 11, 17, 19, 21, 23]",433,"[1, 2, 3, 5, 6, 10, 13, 15, 17, 21, 23]",65,0.16614420062695925,0
3442,433,"[1, 2, 3, 5, 6, 10, 13, 15, 17, 21, 23]",4231,"[1, 2, 3, 5, 6, 9, 11, 17, 19, 21, 23]",0,0.7425569176882661,3
3443,433,"[1, 2, 3, 5, 6, 10, 13, 15, 17, 21, 23]",4231,"[1, 2, 3, 5, 6, 9, 11, 17, 19, 21, 23]",58,0.673469387755102,0
3444,433,"[1, 2, 3, 5, 6, 10, 13, 15, 17, 21, 23]",4231,"[1, 2, 3, 5, 6, 9, 11, 17, 19, 21, 23]",66,0.015873015873015872,0
3445,442,"[1, 2, 3, 5, 6, 12, 13, 15, 16, 22, 24]",433,"[1, 2, 3, 5, 6, 10, 13, 15, 17, 21, 23]",0,0.24585557740938466,0
3446,4141,"[1, 2, 3, 5, 6, 10, 12, 13, 15, 16, 23]",433,"[1, 2, 3, 5, 6, 10, 13, 15, 17, 21, 23]",77,0.3693181818181818,-1
3447,4231,"[1, 2, 3, 5, 6, 9, 11, 17, 19, 21, 23]",3511,"[1, 3, 4, 5, 7, 8, 10, 13, 15, 19, 23]",0,0.21729419272495215,-2
3448,433,"[1, 2, 3, 5, 6, 10, 13, 15, 17, 21, 23]",3511,"[1, 3, 4, 5, 7, 8, 10, 13, 15, 19, 23]",69,0.14383561643835616,0
3449,433,"[1, 2, 3, 5, 6, 10, 13, 15, 17, 21, 23]",4231,"[1, 2, 3, 5, 6, 13, 15, 17, 19, 21, 23]",0,0.7109806629834254,1
3450,433,"[1, 2, 3, 5, 6, 10, 13, 15, 17, 21, 23]",4231,"[1, 2, 3, 5, 6, 13, 15, 17, 19, 21, 23]",57,0.7876230661040787,0
3451,433,"[1, 2, 3, 5, 6, 10, 13, 15, 17, 21, 23]",4231,"[1, 2, 3, 5, 6, 13, 15, 17, 19, 21, 23]",75,0.6153846153846154,0
3452,433,"[1, 2, 3, 5, 6, 10, 13, 15, 17, 21, 23]",4231,"[1, 2, 3, 5, 6, 13, 15, 17, 19, 21, 23]",83,0.20833333333333334,0
3453,433,"[1, 2, 3, 5, 6, 10, 13, 15, 17, 21, 23]",4231,"[1, 2, 3, 5, 6, 11, 13, 17, 19, 21, 23]",0,0.6169230769230769,4
3454,4231,"[1, 2, 3, 5, 6, 9, 11, 17, 19, 21, 23]",433,"[1, 2, 3, 5, 6, 10, 13, 15, 17, 21, 23]",0,0.26690741956664477,-3
3455,433,"[1, 2, 3, 5, 6, 10, 13, 15, 17, 21, 23]",433,"[1, 2, 3, 5, 6, 10, 13, 15, 17, 21, 23]",59,0.36496350364963503,0
3456,433,"[1, 2, 3, 5, 6, 10, 13, 15, 17, 21, 23]",433,"[1, 2, 3, 5, 6, 10, 13, 15, 17, 21, 23]",67,0.2800875273522976,0
3457,4231,"[1, 2, 3, 5, 6, 9, 11, 17, 19, 21, 23]",3511,"[1, 3, 4, 5, 7, 8, 10, 13, 15, 19, 23]",0,0.40270665691294805,0
3458,4231,"[1, 2, 3, 5, 6, 9, 11, 17, 19, 21, 23]",3511,"[1, 3, 4, 5, 7, 8, 10, 13, 15, 19, 23]",65,0.39555555555555555,0
3459,4231,"[1, 2, 3, 5, 6, 9, 11, 17, 19, 21, 23]",433,"[1, 2, 3, 5, 6, 10, 13, 15, 17, 21, 23]",72,0.28762541806020064,1
3460,4231,"[1, 2, 3, 5, 6, 9, 11, 17, 19, 21, 23]",3511,"[1, 3, 4, 5, 7, 8, 10, 13, 15, 19, 23]",81,0.10666666666666667,0
3461,4231,"[1, 2, 3, 5, 6, 9, 11, 17, 19, 21, 23]",3511,"[1, 3, 4, 5, 7, 8, 10, 13, 15, 19, 23]",88,0.10869565217391304,0
3462,433,"[1, 2, 3, 5, 6, 10, 13, 15, 17, 21, 23]",433,"[1, 2, 3, 5, 6, 10, 13, 15, 17, 21, 23]",0,0.71875,3
3463,433,"[1, 2, 3, 5, 6, 10, 13, 15, 17, 21, 23]",433,"[1, 2, 3, 5, 6, 10, 13, 15, 17, 21, 23]",45,0.6941838649155723,0
3464,433,"[1, 2, 3, 5, 6, 10, 13, 15, 17, 21, 23]",433,"[1, 2, 3, 5, 6, 10, 13, 15, 17, 21, 23]",53,0.6060337178349601,1
3465,442,"[1, 2, 3, 5, 6, 9, 11, 12, 16, 22, 24]",3412,"[1, 3, 4, 5, 7, 8, 9, 11, 19, 22, 24]",0,0.3022467147096227,-1
3466,442,"[1, 2, 3, 5, 6, 9, 11, 12, 16, 22, 24]",433,"[1, 2, 3, 5, 6, 10, 13, 15, 17, 21, 23]",59,0.6749116607773852,0
3467,3511,"[1, 3, 4, 5, 7, 8, 10, 13, 15, 19, 23]",4231,"[1, 2, 3, 5, 6, 9, 11, 17, 19, 21, 23]",0,0.7692307692307693,-1
3468,3511,"[1, 3, 4, 5, 7, 8, 10, 13, 15, 19, 23]",4231,"[1, 2, 3, 5, 6, 9, 11, 17, 19, 21, 23]",68,0.47674418604651164,0
3469,433,"[1, 2, 3, 5, 6, 10, 13, 15, 17, 21, 23]",4231,"[1, 2, 3, 5, 6, 9, 11, 17, 19, 21, 23]",0,0.7445907808090311,2
3470,433,"[1, 2, 3, 5, 6, 10, 13, 15, 17, 21, 23]",4231,"[1, 2, 3, 5, 6, 9, 11, 17, 19, 21, 23]",45,0.8205912334352702,-1
3471,433,"[1, 2, 3, 5, 6, 10, 13, 15, 17, 21, 23]",4141,"[1, 2, 3, 5, 6, 10, 12, 13, 15, 16, 23]",0,0.8922764227642277,0
3472,433,"[1, 2, 3, 5, 6, 10, 13, 15, 17, 21, 23]",4141,"[1, 2, 3, 5, 6, 10, 12, 13, 15, 16, 23]",8,0.7635467980295566,2
3473,433,"[1, 2, 3, 5, 6, 10, 13, 15, 17, 21, 23]",4141,"[1, 2, 3, 5, 6, 10, 12, 13, 15, 16, 23]",28,0.8485639686684073,1
3474,4231,"[1, 2, 3, 5, 6, 9, 11, 17, 19, 21, 23]",3421,"[1, 3, 4, 5, 7, 8, 13, 15, 18, 20, 23]",0,0.37404580152671757,1
3475,4231,"[1, 2, 3, 5, 6, 9, 11, 17, 19, 21, 23]",433,"[1, 2, 3, 5, 6, 10, 13, 15, 17, 21, 23]",45,0.0,0
3476,4231,"[1, 2, 3, 5, 6, 9, 11, 17, 19, 21, 23]",433,"[1, 2, 3, 5, 6, 10, 13, 15, 17, 21, 23]",45,0.4983277591973244,0
3477,3511,"[1, 3, 4, 5, 7, 8, 10, 13, 15, 19, 23]",4141,"[1, 2, 3, 5, 6, 10, 12, 13, 15, 16, 23]",0,0.7784163473818646,2
3478,3511,"[1, 3, 4, 5, 7, 8, 10, 13, 15, 19, 23]",4141,"[1, 2, 3, 5, 6, 10, 12, 13, 15, 16, 23]",36,0.9318181818181818,1
3479,3511,"[1, 3, 4, 5, 7, 8, 10, 13, 15, 19, 23]",4141,"[1, 2, 3, 5, 6, 10, 12, 13, 15, 16, 23]",37,0.7116809116809116,2
3480,4231,"[1, 2, 3, 5, 6, 9, 11, 17, 19, 21, 23]",433,"[1, 2, 3, 5, 6, 10, 13, 15, 17, 21, 23]",0,0.27855382087099423,-2
3481,4231,"[1, 2, 3, 5, 6, 9, 11, 17, 19, 21, 23]",433,"[1, 2, 3, 5, 6, 10, 13, 15, 17, 21, 23]",50,0.18799368088467613,2
3482,352,"[1, 3, 4, 5, 7, 8, 10, 13, 15, 22, 24]",451,"[1, 2, 3, 5, 6, 10, 12, 13, 15, 16, 23]",0,0.7539109506618532,4
3483,433,"[1, 2, 3, 5, 6, 10, 13, 15, 17, 21, 23]",4141,"[1, 2, 3, 5, 6, 10, 12, 13, 15, 16, 23]",0,0.6572052401746725,3
3484,4231,"[1, 2, 3, 5, 6, 13, 15, 17, 19, 21, 23]",433,"[1, 2, 3, 5, 6, 10, 13, 15, 17, 21, 23]",0,0.2139963167587477,-1
3485,4231,"[1, 2, 3, 5, 6, 13, 15, 17, 19, 21, 23]",433,"[1, 2, 3, 5, 6, 10, 13, 15, 17, 21, 23]",56,0.31031220435193946,0
3486,442,"[1, 2, 3, 5, 6, 12, 13, 15, 16, 22, 24]",433,"[1, 2, 3, 5, 6, 10, 13, 15, 17, 21, 23]",0,0.3539127015336217,-1
3487,4231,"[1, 2, 3, 5, 6, 9, 15, 17, 19, 21, 23]",433,"[1, 2, 3, 5, 6, 10, 13, 15, 17, 21, 23]",0,0.3674008810572687,-2
3488,3421,"[1, 3, 4, 5, 7, 8, 9, 11, 18, 20, 23]",433,"[1, 2, 3, 5, 6, 10, 13, 15, 17, 21, 23]",0,0.5707783340919436,1
3489,3421,"[1, 3, 4, 5, 7, 8, 9, 11, 18, 20, 23]",4231,"[1, 2, 3, 5, 6, 9, 11, 17, 19, 21, 23]",45,0.7434471803018269,0
3490,433,"[1, 2, 3, 5, 6, 10, 13, 15, 17, 21, 23]",433,"[1, 2, 3, 5, 6, 10, 13, 15, 17, 21, 23]",0,0.39932697700504766,2
3491,433,"[1, 2, 3, 5, 6, 10, 13, 15, 17, 21, 23]",4231,"[1, 2, 3, 5, 6, 13, 15, 17, 19, 21, 23]",45,0.16496018202502843,0
3492,442,"[1, 2, 3, 5, 6, 12, 13, 15, 16, 22, 24]",433,"[1, 2, 3, 5, 6, 10, 13, 15, 17, 21, 23]",0,0.38545454545454544,-2
3493,4231,"[1, 2, 3, 5, 6, 9, 11, 17, 19, 21, 23]",433,"[1, 2, 3, 5, 6, 10, 13, 15, 17, 21, 23]",0,0.39966740576496673,-1
3494,4411,"[1, 2, 3, 5, 11, 12, 13, 15, 16, 19, 23]",4231,"[1, 2, 3, 5, 6, 9, 11, 17, 19, 21, 23]",0,0.7732226258432797,3
3495,4411,"[1, 2, 3, 5, 11, 12, 13, 15, 16, 19, 23]",442,"[1, 2, 3, 5, 6, 9, 11, 12, 16, 22, 24]",45,0.0,0
3496,433,"[1, 2, 3, 5, 6, 10, 13, 15, 17, 21, 23]",442,"[1, 2, 3, 5, 6, 9, 11, 12, 16, 22, 24]",45,0.7720125786163522,1
3497,433,"[1, 2, 3, 5, 6, 10, 13, 15, 17, 21, 23]",442,"[1, 2, 3, 5, 6, 9, 11, 12, 16, 22, 24]",60,0.536697247706422,0
3498,442,"[1, 2, 3, 5, 6, 9, 11, 12, 16, 22, 24]",3511,"[1, 3, 4, 5, 7, 8, 10, 13, 15, 19, 23]",0,0.33888678530859523,0
3499,41212,"[1, 2, 3, 5, 6, 10, 13, 15, 19, 22, 24]",4231,"[1, 2, 3, 5, 6, 9, 11, 17, 19, 21, 23]",0,0.858877086494689,5
3500,41212,"[1, 2, 3, 5, 6, 10, 13, 15, 19, 22, 24]",4231,"[1, 2, 3, 5, 6, 9, 11, 17, 19, 21, 23]",45,0.4423076923076923,0
3501,41212,"[1, 2, 3, 5, 6, 10, 13, 15, 19, 22, 24]",4141,"[1, 2, 3, 5, 6, 10, 12, 13, 15, 16, 23]",45,0.9645776566757494,0
3502,41212,"[1, 2, 3, 5, 6, 10, 13, 15, 19, 22, 24]",4141,"[1, 2, 3, 5, 6, 10, 12, 13, 15, 16, 23]",53,0.9710144927536232,0
3503,442,"[1, 2, 3, 5, 6, 9, 11, 12, 16, 22, 24]",433,"[1, 2, 3, 5, 6, 10, 13, 15, 17, 21, 23]",0,0.36936936936936937,0
3504,442,"[1, 2, 3, 5, 6, 9, 11, 12, 16, 22, 24]",433,"[1, 2, 3, 5, 6, 10, 13, 15, 17, 21, 23]",1,0.2192513368983957,-4
3505,4231,"[1, 2, 3, 5, 6, 9, 11, 17, 19, 21, 23]",3511,"[1, 3, 4, 5, 7, 8, 10, 13, 15, 19, 23]",0,0.30208993033565545,1
3506,4231,"[1, 2, 3, 5, 6, 9, 11, 17, 19, 21, 23]",352,"[1, 3, 4, 5, 7, 8, 10, 13, 15, 22, 24]",37,0.13921113689095127,0
3507,4231,"[1, 2, 3, 5, 6, 9, 11, 17, 19, 21, 23]",3511,"[1, 3, 4, 5, 7, 8, 10, 13, 15, 19, 23]",46,0.18059855521155832,-2
3508,442,"[1, 2, 3, 5, 6, 9, 11, 12, 16, 22, 24]",433,"[1, 2, 3, 5, 6, 10, 13, 15, 17, 21, 23]",0,0.290391156462585,0
3509,442,"[1, 2, 3, 5, 6, 9, 11, 12, 16, 22, 24]",433,"[1, 2, 3, 5, 6, 10, 13, 15, 17, 21, 23]",52,0.24607961399276237,-1
3510,4222,"[1, 2, 3, 5, 6, 9, 11, 18, 20, 22, 24]",433,"[1, 2, 3, 5, 6, 10, 13, 15, 17, 21, 23]",70,0.3333333333333333,0
3511,4231,"[1, 2, 3, 5, 6, 9, 11, 17, 19, 21, 23]",433,"[1, 2, 3, 5, 6, 10, 13, 15, 17, 21, 23]",0,0.28708317362974317,-1
3512,4231,"[1, 2, 3, 5, 6, 9, 11, 17, 19, 21, 23]",433,"[1, 2, 3, 5, 6, 10, 13, 15, 17, 21, 23]",61,0.2662337662337662,-1
3513,4231,"[1, 2, 3, 5, 6, 9, 11, 17, 19, 21, 23]",433,"[1, 2, 3, 5, 6, 10, 13, 15, 17, 21, 23]",81,0.3602941176470588,-1
3514,433,"[1, 2, 3, 5, 6, 10, 13, 15, 17, 21, 23]",4231,"[1, 2, 3, 5, 6, 9, 11, 17, 19, 21, 23]",0,0.6778989098116948,1
3515,433,"[1, 2, 3, 5, 6, 10, 13, 15, 17, 21, 23]",4231,"[1, 2, 3, 5, 6, 9, 11, 17, 19, 21, 23]",53,0.8216911764705882,0
3516,433,"[1, 2, 3, 5, 6, 10, 13, 15, 17, 21, 23]",4231,"[1, 2, 3, 5, 6, 9, 11, 17, 19, 21, 23]",67,0.7611464968152867,0
3517,433,"[1, 2, 3, 5, 6, 10, 13, 15, 17, 21, 23]",4231,"[1, 2, 3, 5, 6, 9, 11, 17, 19, 21, 23]",0,0.7581497797356829,0
3518,433,"[1, 2, 3, 5, 6, 10, 13, 15, 17, 21, 23]",4231,"[1, 2, 3, 5, 6, 9, 11, 17, 19, 21, 23]",0,0.7128366561734872,3
3519,433,"[1, 2, 3, 5, 6, 10, 13, 15, 17, 21, 23]",4231,"[1, 2, 3, 5, 6, 13, 15, 17, 19, 21, 23]",0,0.7033924680983504,3
3520,433,"[1, 2, 3, 5, 6, 10, 13, 15, 17, 21, 23]",433,"[1, 2, 3, 5, 6, 10, 13, 15, 17, 21, 23]",0,0.24566473988439305,-1
3521,433,"[1, 2, 3, 5, 6, 10, 13, 15, 17, 21, 23]",433,"[1, 2, 3, 5, 6, 10, 13, 15, 17, 21, 23]",29,0.18518518518518517,0
3522,433,"[1, 2, 3, 5, 6, 10, 13, 15, 17, 21, 23]",433,"[1, 2, 3, 5, 6, 10, 13, 15, 17, 21, 23]",30,0.3351416515973478,-1
3523,433,"[1, 2, 3, 5, 6, 10, 13, 15, 17, 21, 23]",433,"[1, 2, 3, 5, 6, 10, 13, 15, 17, 21, 23]",72,0.46015037593984964,0
3524,433,"[1, 2, 3, 5, 6, 10, 13, 15, 17, 21, 23]",4231,"[1, 2, 3, 5, 6, 9, 11, 17, 19, 21, 23]",0,0.7075496688741721,1
3525,433,"[1, 2, 3, 5, 6, 10, 13, 15, 17, 21, 23]",433,"[1, 2, 3, 5, 6, 10, 13, 15, 17, 21, 23]",0,0.24507042253521127,-1
3526,433,"[1, 2, 3, 5, 6, 10, 13, 15, 17, 21, 23]",433,"[1, 2, 3, 5, 6, 10, 13, 15, 17, 21, 23]",52,0.17349397590361446,0
3527,433,"[1, 2, 3, 5, 6, 10, 13, 15, 17, 21, 23]",433,"[1, 2, 3, 5, 6, 10, 13, 15, 17, 21, 23]",62,0.2898550724637681,0
3528,433,"[1, 2, 3, 5, 6, 10, 13, 15, 17, 21, 23]",4231,"[1, 2, 3, 5, 6, 13, 15, 17, 19, 21, 23]",0,0.7760470751124957,-2
3529,4231,"[1, 2, 3, 5, 6, 9, 11, 17, 19, 21, 23]",433,"[1, 2, 3, 5, 6, 10, 13, 15, 17, 21, 23]",0,0.27587939698492464,-1
3530,442,"[1, 2, 3, 5, 6, 9, 11, 12, 16, 22, 24]",433,"[1, 2, 3, 5, 6, 10, 13, 15, 17, 21, 23]",79,0.44329896907216493,0
3531,442,"[1, 2, 3, 5, 6, 9, 11, 12, 16, 22, 24]",41212,"[1, 2, 3, 5, 6, 10, 13, 15, 19, 22, 24]",0,0.30434782608695654,-1
3532,442,"[1, 2, 3, 5, 6, 9, 11, 12, 16, 22, 24]",433,"[1, 2, 3, 5, 6, 10, 13, 15, 17, 21, 23]",78,0.41581632653061223,0
3533,433,"[1, 2, 3, 5, 6, 10, 13, 15, 17, 21, 23]",4231,"[1, 2, 3, 5, 6, 13, 15, 17, 19, 21, 23]",0,0.7560490553529997,0
3534,433,"[1, 2, 3, 5, 6, 10, 13, 15, 17, 21, 23]",4231,"[1, 2, 3, 5, 6, 13, 15, 17, 19, 21, 23]",64,0.8441717791411043,1
3535,4231,"[1, 2, 3, 5, 6, 13, 15, 17, 19, 21, 23]",3511,"[1, 3, 4, 5, 7, 8, 10, 13, 15, 19, 23]",0,0.394724874943156,0
3536,442,"[1, 2, 3, 5, 6, 12, 13, 15, 16, 22, 24]",3511,"[1, 3, 4, 5, 7, 8, 10, 13, 15, 19, 23]",46,0.4268707482993197,0
3537,4231,"[1, 2, 3, 5, 6, 13, 15, 17, 19, 21, 23]",433,"[1, 2, 3, 5, 6, 10, 13, 15, 17, 21, 23]",0,0.21530019367333764,-3
3538,442,"[1, 2, 3, 5, 6, 9, 11, 12, 16, 22, 24]",433,"[1, 2, 3, 5, 6, 10, 13, 15, 17, 21, 23]",0,0.43486590038314177,-1
3539,442,"[1, 2, 3, 5, 6, 9, 11, 12, 16, 22, 24]",433,"[1, 2, 3, 5, 6, 10, 13, 15, 17, 21, 23]",13,0.9375,0
3540,442,"[1, 2, 3, 5, 6, 9, 11, 12, 16, 22, 24]",433,"[1, 2, 3, 5, 6, 10, 13, 15, 17, 21, 23]",13,0.37706270627062705,-2
3541,4231,"[1, 2, 3, 5, 6, 9, 11, 17, 19, 21, 23]",433,"[1, 2, 3, 5, 6, 10, 13, 15, 17, 21, 23]",0,0.3564356435643564,0
3542,4231,"[1, 2, 3, 5, 6, 9, 11, 17, 19, 21, 23]",41212,"[1, 2, 3, 5, 6, 10, 13, 15, 19, 22, 24]",5,0.25276841598459315,0
3543,433,"[1, 2, 3, 5, 6, 10, 13, 15, 17, 21, 23]",4231,"[1, 2, 3, 5, 6, 13, 15, 17, 19, 21, 23]",0,0.7545059042883778,0
3544,433,"[1, 2, 3, 5, 6, 10, 13, 15, 17, 21, 23]",442,"[1, 2, 3, 5, 6, 12, 13, 15, 16, 22, 24]",0,0.7,0
3545,433,"[1, 2, 3, 5, 6, 10, 13, 15, 17, 21, 23]",4231,"[1, 2, 3, 5, 6, 13, 15, 17, 19, 21, 23]",25,0.7479508196721312,1
3546,433,"[1, 2, 3, 5, 6, 10, 13, 15, 17, 21, 23]",433,"[1, 2, 3, 5, 6, 10, 13, 15, 17, 21, 23]",0,0.1839604713036868,0
3547,433,"[1, 2, 3, 5, 6, 10, 13, 15, 17, 21, 23]",442,"[1, 2, 3, 5, 6, 9, 11, 12, 16, 22, 24]",0,0.68190598840953,1
3548,433,"[1, 2, 3, 5, 6, 10, 13, 15, 17, 21, 23]",442,"[1, 2, 3, 5, 6, 9, 11, 12, 16, 22, 24]",69,0.32978723404255317,0
3549,433,"[1, 2, 3, 5, 6, 10, 13, 15, 17, 21, 23]",4411,"[1, 2, 3, 5, 6, 12, 13, 15, 16, 19, 23]",0,0.7080653142008907,2
3550,433,"[1, 2, 3, 5, 6, 10, 13, 15, 17, 21, 23]",4411,"[1, 2, 3, 5, 6, 12, 13, 15, 16, 19, 23]",49,0.7239669421487603,2
3551,352,"[1, 3, 4, 5, 7, 8, 10, 13, 15, 22, 24]",3412,"[1, 3, 4, 5, 7, 8, 9, 11, 19, 22, 24]",0,0.2676113360323887,-1
3552,442,"[1, 2, 3, 5, 6, 9, 11, 12, 16, 22, 24]",3412,"[1, 3, 4, 5, 7, 8, 9, 11, 19, 22, 24]",63,0.0,0
3553,442,"[1, 2, 3, 5, 6, 9, 11, 12, 16, 22, 24]",41212,"[1, 2, 3, 5, 6, 10, 13, 15, 19, 22, 24]",64,0.24057971014492754,-1
3554,41212,"[1, 2, 3, 5, 6, 10, 13, 15, 19, 22, 24]",433,"[1, 2, 3, 5, 6, 10, 13, 15, 17, 21, 23]",0,0.22325222093472383,-5
3555,41212,"[1, 2, 3, 5, 6, 10, 13, 15, 19, 22, 24]",433,"[1, 2, 3, 5, 6, 10, 13, 15, 17, 21, 23]",57,0.4591304347826087,-3
3556,433,"[1, 2, 3, 5, 6, 10, 13, 15, 17, 21, 23]",4231,"[1, 2, 3, 5, 6, 9, 11, 17, 19, 21, 23]",0,1.0,0
3557,433,"[1, 2, 3, 5, 6, 10, 13, 15, 17, 21, 23]",4231,"[1, 2, 3, 5, 6, 9, 11, 17, 19, 21, 23]",0,0.6622516556291391,0
3558,433,"[1, 2, 3, 5, 6, 10, 13, 15, 17, 21, 23]",4321,"[1, 2, 3, 5, 6, 10, 13, 15, 18, 20, 23]",9,0.7572156196943973,0
3559,433,"[1, 2, 3, 5, 6, 10, 13, 15, 17, 21, 23]",4231,"[1, 2, 3, 5, 6, 9, 11, 17, 19, 21, 23]",25,0.6153846153846154,0
3560,433,"[1, 2, 3, 5, 6, 10, 13, 15, 17, 21, 23]",4321,"[1, 2, 3, 5, 6, 10, 13, 15, 18, 20, 23]",28,0.704,0
3561,433,"[1, 2, 3, 5, 6, 10, 13, 15, 17, 21, 23]",4231,"[1, 2, 3, 5, 6, 9, 11, 17, 19, 21, 23]",42,0.8061224489795918,0
3562,433,"[1, 2, 3, 5, 6, 10, 13, 15, 17, 21, 23]",4231,"[1, 2, 3, 5, 6, 9, 11, 17, 19, 21, 23]",45,0.710091743119266,1
3563,433,"[1, 2, 3, 5, 6, 10, 13, 15, 17, 21, 23]",433,"[1, 2, 3, 5, 6, 10, 13, 15, 17, 21, 23]",0,0.7938888888888889,0
3564,433,"[1, 2, 3, 5, 6, 10, 13, 15, 17, 21, 23]",433,"[1, 2, 3, 5, 6, 10, 13, 15, 17, 21, 23]",40,0.9539748953974896,0
3565,433,"[1, 2, 3, 5, 6, 10, 13, 15, 17, 21, 23]",433,"[1, 2, 3, 5, 6, 10, 13, 15, 17, 21, 23]",45,1.0,0
3566,4231,"[1, 2, 3, 5, 6, 13, 15, 17, 19, 21, 23]",433,"[1, 2, 3, 5, 6, 10, 13, 15, 17, 21, 23]",45,0.8229426433915212,1
3567,433,"[1, 2, 3, 5, 6, 10, 13, 15, 17, 21, 23]",433,"[1, 2, 3, 5, 6, 10, 13, 15, 17, 21, 23]",64,0.8,0
3568,433,"[1, 2, 3, 5, 6, 10, 13, 15, 17, 21, 23]",442,"[1, 2, 3, 5, 6, 9, 11, 12, 16, 22, 24]",0,0.7896373056994819,4
3569,442,"[1, 2, 3, 5, 6, 9, 11, 12, 16, 22, 24]",433,"[1, 2, 3, 5, 6, 10, 13, 15, 17, 21, 23]",0,0.25925925925925924,0
3570,4231,"[1, 2, 3, 5, 6, 13, 15, 17, 19, 21, 23]",433,"[1, 2, 3, 5, 6, 10, 13, 15, 17, 21, 23]",0,0.2883304940374787,0
3571,4231,"[1, 2, 3, 5, 6, 9, 11, 17, 19, 21, 23]",433,"[1, 2, 3, 5, 6, 10, 13, 15, 17, 21, 23]",0,0.47544022242817424,0
3572,4231,"[1, 2, 3, 5, 6, 9, 11, 17, 19, 21, 23]",433,"[1, 2, 3, 5, 6, 10, 13, 15, 17, 21, 23]",58,0.4235294117647059,-1
3573,4231,"[1, 2, 3, 5, 6, 9, 11, 17, 19, 21, 23]",433,"[1, 2, 3, 5, 6, 10, 13, 15, 17, 21, 23]",0,0.5289256198347108,0
3574,4231,"[1, 2, 3, 5, 6, 9, 11, 17, 19, 21, 23]",433,"[1, 2, 3, 5, 6, 10, 13, 15, 17, 21, 23]",3,0.380039656311963,-3
3575,4231,"[1, 2, 3, 5, 6, 9, 11, 17, 19, 21, 23]",433,"[1, 2, 3, 5, 6, 10, 13, 15, 17, 21, 23]",0,0.2694610778443114,0
3576,4141,"[1, 2, 3, 5, 6, 10, 12, 13, 15, 16, 23]",433,"[1, 2, 3, 5, 6, 10, 13, 15, 17, 21, 23]",63,0.29009009009009007,-1
3577,433,"[1, 2, 3, 5, 6, 10, 13, 15, 17, 21, 23]",4231,"[1, 2, 3, 5, 6, 9, 11, 17, 19, 21, 23]",0,0.7234748010610079,2
3578,433,"[1, 2, 3, 5, 6, 10, 13, 15, 17, 21, 23]",4231,"[1, 2, 3, 5, 6, 9, 11, 17, 19, 21, 23]",45,0.6244493392070485,0
3579,433,"[1, 2, 3, 5, 6, 10, 13, 15, 17, 21, 23]",343,"[1, 3, 4, 5, 7, 8, 13, 15, 17, 21, 23]",0,0.4838709677419355,0
3580,433,"[1, 2, 3, 5, 6, 10, 13, 15, 17, 21, 23]",343,"[1, 3, 4, 5, 7, 8, 13, 15, 17, 21, 23]",1,0.7325581395348837,0
3581,433,"[1, 2, 3, 5, 6, 10, 13, 15, 17, 21, 23]",343,"[1, 3, 4, 5, 7, 8, 13, 15, 17, 21, 23]",3,0.6233009708737864,0
3582,433,"[1, 2, 3, 5, 6, 10, 13, 15, 17, 21, 23]",343,"[1, 3, 4, 5, 7, 8, 13, 15, 17, 21, 23]",16,1.0,0
3583,433,"[1, 2, 3, 5, 6, 10, 13, 15, 17, 21, 23]",343,"[1, 3, 4, 5, 7, 8, 13, 15, 17, 21, 23]",19,0.9128540305010894,2
3584,433,"[1, 2, 3, 5, 6, 10, 13, 15, 17, 21, 23]",343,"[1, 3, 4, 5, 7, 8, 13, 15, 17, 21, 23]",32,0.7272104180945853,1
3585,433,"[1, 2, 3, 5, 6, 10, 13, 15, 17, 21, 23]",433,"[1, 2, 3, 5, 6, 10, 13, 15, 17, 21, 23]",64,0.3492063492063492,0
3586,433,"[1, 2, 3, 5, 6, 10, 13, 15, 17, 21, 23]",433,"[1, 2, 3, 5, 6, 10, 13, 15, 17, 21, 23]",66,0.5695067264573991,1
3587,442,"[1, 2, 3, 5, 6, 12, 13, 15, 16, 22, 24]",433,"[1, 2, 3, 5, 6, 10, 13, 15, 17, 21, 23]",0,0.28033658104517273,0
3588,4411,"[1, 2, 3, 5, 6, 9, 11, 12, 16, 19, 23]",433,"[1, 2, 3, 5, 6, 10, 13, 15, 17, 21, 23]",58,0.28343023255813954,-1
3589,41212,"[1, 2, 3, 5, 6, 10, 13, 15, 19, 22, 24]",433,"[1, 2, 3, 5, 6, 10, 13, 15, 17, 21, 23]",0,0.4077328646748682,-1
3590,433,"[1, 2, 3, 5, 6, 10, 13, 15, 17, 21, 23]",4231,"[1, 2, 3, 5, 6, 13, 15, 17, 19, 21, 23]",0,0.5858095815645846,1
3591,4231,"[1, 2, 3, 5, 6, 13, 15, 17, 19, 21, 23]",433,"[1, 2, 3, 5, 6, 10, 13, 15, 17, 21, 23]",0,0.30808080808080807,-2
3592,4231,"[1, 2, 3, 5, 6, 13, 15, 17, 19, 21, 23]",433,"[1, 2, 3, 5, 6, 10, 13, 15, 17, 21, 23]",21,0.3154063890012131,-1
3593,4231,"[1, 2, 3, 5, 6, 13, 15, 17, 19, 21, 23]",433,"[1, 2, 3, 5, 6, 10, 13, 15, 17, 21, 23]",0,0.2526389866291344,-1
3594,442,"[1, 2, 3, 5, 6, 12, 13, 15, 16, 22, 24]",433,"[1, 2, 3, 5, 6, 10, 13, 15, 17, 21, 23]",0,0.4267990074441687,0
3595,3412,"[1, 3, 4, 5, 7, 8, 13, 15, 19, 22, 24]",433,"[1, 2, 3, 5, 6, 10, 13, 15, 17, 21, 23]",0,0.243254128070882,1
3596,3412,"[1, 3, 4, 5, 7, 8, 13, 15, 19, 22, 24]",433,"[1, 2, 3, 5, 6, 10, 13, 15, 17, 21, 23]",60,0.3882978723404255,-1
3597,4222,"[1, 2, 3, 5, 6, 9, 11, 18, 20, 22, 24]",433,"[1, 2, 3, 5, 6, 10, 13, 15, 17, 21, 23]",66,0.39862542955326463,0
3598,4411,"[1, 2, 3, 5, 6, 9, 11, 12, 16, 19, 23]",433,"[1, 2, 3, 5, 6, 10, 13, 15, 17, 21, 23]",0,0.3871399866041527,0
3599,433,"[1, 2, 3, 5, 6, 10, 13, 15, 17, 21, 23]",343,"[1, 3, 4, 5, 7, 8, 13, 15, 17, 21, 23]",0,0.7111959287531806,1
3600,433,"[1, 2, 3, 5, 6, 10, 13, 15, 17, 21, 23]",4231,"[1, 2, 3, 5, 6, 9, 11, 17, 19, 21, 23]",0,0.62778730703259,1
3601,433,"[1, 2, 3, 5, 6, 10, 13, 15, 17, 21, 23]",4231,"[1, 2, 3, 5, 6, 13, 15, 17, 19, 21, 23]",0,0.7207514944491887,1
3602,433,"[1, 2, 3, 5, 6, 10, 13, 15, 17, 21, 23]",4231,"[1, 2, 3, 5, 6, 13, 15, 17, 19, 21, 23]",30,0.3985102420856611,0
3603,442,"[1, 2, 3, 5, 6, 11, 12, 13, 15, 16, 22]",4231,"[1, 2, 3, 5, 6, 13, 15, 17, 19, 21, 23]",52,0.38031319910514544,0
3604,4231,"[1, 2, 3, 5, 6, 13, 15, 17, 19, 21, 23]",433,"[1, 2, 3, 5, 6, 10, 13, 15, 17, 21, 23]",0,0.214168039538715,0
3605,4231,"[1, 2, 3, 5, 6, 13, 15, 17, 19, 21, 23]",433,"[1, 2, 3, 5, 6, 10, 13, 15, 17, 21, 23]",15,0.3225806451612903,0
3606,4231,"[1, 2, 3, 5, 6, 13, 15, 17, 19, 21, 23]",4231,"[1, 2, 3, 5, 6, 13, 15, 17, 19, 21, 23]",0,0.7385204081632653,0
3607,4231,"[1, 2, 3, 5, 6, 13, 15, 17, 19, 21, 23]",4231,"[1, 2, 3, 5, 6, 13, 15, 17, 19, 21, 23]",16,0.8321299638989169,0
3608,4231,"[1, 2, 3, 5, 6, 13, 15, 17, 19, 21, 23]",4231,"[1, 2, 3, 5, 6, 13, 15, 17, 19, 21, 23]",45,0.6576482830385015,1
3609,4231,"[1, 2, 3, 5, 6, 9, 11, 17, 19, 21, 23]",433,"[1, 2, 3, 5, 6, 10, 13, 15, 17, 21, 23]",0,0.28728606356968217,-1
3610,4411,"[1, 2, 3, 5, 6, 9, 11, 12, 16, 19, 23]",433,"[1, 2, 3, 5, 6, 10, 13, 15, 17, 21, 23]",0,0.4642857142857143,0
3611,4411,"[1, 2, 3, 5, 6, 9, 11, 12, 16, 19, 23]",433,"[1, 2, 3, 5, 6, 10, 13, 15, 17, 21, 23]",5,0.3010057471264368,0
3612,4411,"[1, 2, 3, 5, 6, 9, 11, 12, 16, 19, 23]",433,"[1, 2, 3, 5, 6, 10, 13, 15, 17, 21, 23]",38,0.43023255813953487,-1
3613,4411,"[1, 2, 3, 5, 6, 9, 11, 12, 16, 19, 23]",433,"[1, 2, 3, 5, 6, 10, 13, 15, 17, 21, 23]",57,0.2853932584269663,1
3614,442,"[1, 2, 3, 5, 6, 9, 11, 12, 16, 22, 24]",433,"[1, 2, 3, 5, 6, 10, 13, 15, 17, 21, 23]",0,0.2738432483474976,-3
3615,442,"[1, 2, 3, 5, 6, 9, 11, 12, 16, 22, 24]",433,"[1, 2, 3, 5, 6, 10, 13, 15, 17, 21, 23]",52,0.1315468940316687,-1
3616,451,"[1, 2, 3, 5, 6, 10, 12, 13, 15, 16, 23]",433,"[1, 2, 3, 5, 6, 10, 13, 15, 17, 21, 23]",0,0.4161212538753014,-3
3617,442,"[1, 2, 3, 5, 6, 9, 11, 12, 16, 22, 24]",442,"[1, 2, 3, 5, 6, 9, 11, 12, 16, 22, 24]",0,0.7124121779859485,2
3618,442,"[1, 2, 3, 5, 6, 9, 11, 12, 16, 22, 24]",4231,"[1, 2, 3, 5, 6, 13, 15, 17, 19, 21, 23]",46,0.5426900584795321,2
3619,433,"[1, 2, 3, 5, 6, 10, 13, 15, 17, 21, 23]",4231,"[1, 2, 3, 5, 6, 13, 15, 17, 19, 21, 23]",0,0.7434325744308231,1
3620,433,"[1, 2, 3, 5, 6, 10, 13, 15, 17, 21, 23]",4231,"[1, 2, 3, 5, 6, 13, 15, 17, 19, 21, 23]",50,0.683090705487122,2
3621,433,"[1, 2, 3, 5, 6, 10, 13, 15, 17, 21, 23]",442,"[1, 2, 3, 5, 6, 12, 13, 15, 16, 22, 24]",0,0.5982954545454545,4
3622,433,"[1, 2, 3, 5, 6, 10, 13, 15, 17, 21, 23]",442,"[1, 2, 3, 5, 6, 12, 13, 15, 16, 22, 24]",46,0.5357466063348416,1
3623,4231,"[1, 2, 3, 5, 6, 9, 11, 17, 19, 21, 23]",433,"[1, 2, 3, 5, 6, 10, 13, 15, 17, 21, 23]",0,0.4358731661145291,-2
3624,433,"[1, 2, 3, 5, 6, 10, 13, 15, 17, 21, 23]",442,"[1, 2, 3, 5, 6, 9, 11, 12, 16, 22, 24]",0,0.6833518724508714,5
3625,433,"[1, 2, 3, 5, 6, 10, 13, 15, 17, 21, 23]",442,"[1, 2, 3, 5, 6, 9, 11, 12, 16, 22, 24]",70,0.75,0
3626,433,"[1, 2, 3, 5, 6, 10, 13, 15, 17, 21, 23]",442,"[1, 2, 3, 5, 6, 9, 11, 12, 16, 22, 24]",71,0.7014925373134329,0
3627,433,"[1, 2, 3, 5, 6, 10, 13, 15, 17, 21, 23]",442,"[1, 2, 3, 5, 6, 9, 11, 12, 16, 22, 24]",75,0.5068493150684932,0
3628,433,"[1, 2, 3, 5, 6, 10, 13, 15, 17, 21, 23]",4231,"[1, 2, 3, 5, 6, 9, 11, 17, 19, 21, 23]",0,0.6304347826086957,0
3629,433,"[1, 2, 3, 5, 6, 10, 13, 15, 17, 21, 23]",4231,"[1, 2, 3, 5, 6, 9, 11, 17, 19, 21, 23]",2,0.7206896551724138,2
3630,4231,"[1, 2, 3, 5, 6, 11, 13, 17, 19, 21, 23]",433,"[1, 2, 3, 5, 6, 10, 13, 15, 17, 21, 23]",0,0.32577903682719545,0
3631,4231,"[1, 2, 3, 5, 6, 11, 13, 17, 19, 21, 23]",433,"[1, 2, 3, 5, 6, 10, 13, 15, 17, 21, 23]",6,0.2728512960436562,1
3632,4231,"[1, 2, 3, 5, 6, 11, 13, 17, 19, 21, 23]",433,"[1, 2, 3, 5, 6, 10, 13, 15, 17, 21, 23]",63,0.2785571142284569,-2
3633,433,"[1, 2, 3, 5, 6, 10, 13, 15, 17, 21, 23]",442,"[1, 2, 3, 5, 6, 9, 11, 12, 16, 22, 24]",0,0.7546607009694258,2
3634,433,"[1, 2, 3, 5, 6, 10, 13, 15, 17, 21, 23]",442,"[1, 2, 3, 5, 6, 9, 11, 12, 16, 22, 24]",68,0.98,0
3635,433,"[1, 2, 3, 5, 6, 10, 13, 15, 17, 21, 23]",41212,"[1, 2, 3, 5, 6, 10, 13, 15, 19, 22, 24]",0,0.6,1
3636,4231,"[1, 2, 3, 5, 6, 9, 11, 17, 19, 21, 23]",433,"[1, 2, 3, 5, 6, 10, 13, 15, 17, 21, 23]",0,0.268641975308642,-1
3637,4231,"[1, 2, 3, 5, 6, 9, 11, 17, 19, 21, 23]",433,"[1, 2, 3, 5, 6, 10, 13, 15, 17, 21, 23]",59,0.5426829268292683,0
3638,433,"[1, 2, 3, 5, 6, 10, 13, 15, 17, 21, 23]",442,"[1, 2, 3, 5, 6, 9, 11, 12, 16, 22, 24]",0,0.6577540106951871,1
3639,433,"[1, 2, 3, 5, 6, 10, 13, 15, 17, 21, 23]",442,"[1, 2, 3, 5, 6, 9, 11, 12, 16, 22, 24]",63,0.6324582338902148,1
3640,41212,"[1, 2, 3, 5, 6, 10, 13, 15, 19, 22, 24]",433,"[1, 2, 3, 5, 6, 10, 13, 15, 17, 21, 23]",0,0.30892742453436095,-1
3641,4231,"[1, 2, 3, 5, 6, 13, 15, 17, 19, 21, 23]",433,"[1, 2, 3, 5, 6, 10, 13, 15, 17, 21, 23]",0,0.25079197465681097,1
3642,4231,"[1, 2, 3, 5, 6, 13, 15, 17, 19, 21, 23]",433,"[1, 2, 3, 5, 6, 10, 13, 15, 17, 21, 23]",57,0.2839506172839506,0
3643,4231,"[1, 2, 3, 5, 6, 13, 15, 17, 19, 21, 23]",433,"[1, 2, 3, 5, 6, 10, 13, 15, 17, 21, 23]",0,0.4115755627009646,1
3644,4231,"[1, 2, 3, 5, 6, 13, 15, 17, 19, 21, 23]",433,"[1, 2, 3, 5, 6, 10, 13, 15, 17, 21, 23]",62,0.2838983050847458,0
3645,433,"[1, 2, 3, 5, 6, 10, 13, 15, 17, 21, 23]",4141,"[1, 2, 3, 5, 6, 10, 12, 13, 15, 16, 23]",0,0.6177231565329884,0
3646,433,"[1, 2, 3, 5, 6, 10, 13, 15, 17, 21, 23]",4141,"[1, 2, 3, 5, 6, 10, 12, 13, 15, 16, 23]",45,0.6048387096774194,0
3647,433,"[1, 2, 3, 5, 6, 10, 13, 15, 17, 21, 23]",4411,"[1, 2, 3, 5, 6, 9, 11, 12, 16, 19, 23]",48,0.47368421052631576,-1
3648,433,"[1, 2, 3, 5, 6, 10, 13, 15, 17, 21, 23]",4411,"[1, 2, 3, 5, 6, 9, 11, 12, 16, 19, 23]",50,0.6774193548387096,0
3649,433,"[1, 2, 3, 5, 6, 10, 13, 15, 17, 21, 23]",4411,"[1, 2, 3, 5, 6, 9, 11, 12, 16, 19, 23]",51,0.7403245942571786,0
3650,433,"[1, 2, 3, 5, 6, 10, 13, 15, 17, 21, 23]",4321,"[1, 2, 3, 5, 6, 10, 13, 15, 18, 20, 23]",0,0.7317073170731707,2
3651,4231,"[1, 2, 3, 5, 6, 9, 11, 17, 19, 21, 23]",433,"[1, 2, 3, 5, 6, 10, 13, 15, 17, 21, 23]",0,0.360014229811455,-1
3652,442,"[1, 2, 3, 5, 6, 9, 11, 12, 16, 22, 24]",433,"[1, 2, 3, 5, 6, 10, 13, 15, 17, 21, 23]",0,0.4220672682526661,-2
3653,442,"[1, 2, 3, 5, 6, 9, 11, 12, 16, 22, 24]",433,"[1, 2, 3, 5, 6, 10, 13, 15, 17, 21, 23]",60,0.1650485436893204,0
3654,442,"[1, 2, 3, 5, 6, 9, 11, 12, 16, 22, 24]",433,"[1, 2, 3, 5, 6, 10, 13, 15, 17, 21, 23]",65,0.46511627906976744,0
3655,433,"[1, 2, 3, 5, 6, 10, 13, 15, 17, 21, 23]",442,"[1, 2, 3, 5, 6, 9, 11, 12, 16, 22, 24]",0,0.7751479289940828,0
3656,433,"[1, 2, 3, 5, 6, 10, 13, 15, 17, 21, 23]",442,"[1, 2, 3, 5, 6, 9, 11, 12, 16, 22, 24]",39,0.7699346405228759,0
3657,433,"[1, 2, 3, 5, 6, 10, 13, 15, 17, 21, 23]",442,"[1, 2, 3, 5, 6, 9, 11, 12, 16, 22, 24]",59,0.7690557451649602,0
3658,352,"[1, 3, 4, 5, 7, 8, 10, 13, 15, 22, 24]",442,"[1, 2, 3, 5, 6, 9, 11, 12, 16, 22, 24]",85,0.7037037037037037,0
3659,442,"[1, 2, 3, 5, 6, 9, 11, 12, 16, 22, 24]",433,"[1, 2, 3, 5, 6, 10, 13, 15, 17, 21, 23]",0,0.3141552511415525,-2
3660,4231,"[1, 2, 3, 5, 6, 9, 11, 17, 19, 21, 23]",433,"[1, 2, 3, 5, 6, 10, 13, 15, 17, 21, 23]",60,0.5076142131979695,0
3661,4231,"[1, 2, 3, 5, 6, 9, 11, 17, 19, 21, 23]",433,"[1, 2, 3, 5, 6, 10, 13, 15, 17, 21, 23]",65,0.23076923076923078,-1
3662,4231,"[1, 2, 3, 5, 6, 9, 11, 17, 19, 21, 23]",433,"[1, 2, 3, 5, 6, 10, 13, 15, 17, 21, 23]",70,0.26666666666666666,0
3663,4411,"[1, 2, 3, 5, 6, 12, 13, 15, 16, 19, 23]",433,"[1, 2, 3, 5, 6, 10, 13, 15, 17, 21, 23]",0,0.28017429193899784,1
3664,4411,"[1, 2, 3, 5, 6, 12, 13, 15, 16, 19, 23]",433,"[1, 2, 3, 5, 6, 10, 13, 15, 17, 21, 23]",62,0.2713178294573643,0
3665,433,"[1, 2, 3, 5, 6, 10, 13, 15, 17, 21, 23]",4231,"[1, 2, 3, 5, 6, 13, 15, 17, 19, 21, 23]",0,0.6723876829883897,2
3666,433,"[1, 2, 3, 5, 6, 10, 13, 15, 17, 21, 23]",442,"[1, 2, 3, 5, 6, 12, 13, 15, 16, 22, 24]",46,0.5598802395209581,-1
3667,433,"[1, 2, 3, 5, 6, 10, 13, 15, 17, 21, 23]",442,"[1, 2, 3, 5, 6, 12, 13, 15, 16, 22, 24]",66,0.6163141993957704,-1
3668,4231,"[1, 2, 3, 5, 6, 13, 15, 17, 19, 21, 23]",433,"[1, 2, 3, 5, 6, 10, 13, 15, 17, 21, 23]",0,0.42450832072617245,-1
3669,433,"[1, 2, 3, 5, 6, 10, 13, 15, 17, 21, 23]",4231,"[1, 2, 3, 5, 6, 9, 11, 17, 19, 21, 23]",0,0.6214802896218825,3
3670,433,"[1, 2, 3, 5, 6, 10, 13, 15, 17, 21, 23]",4231,"[1, 2, 3, 5, 6, 9, 11, 17, 19, 21, 23]",64,0.5296296296296297,0
3671,433,"[1, 2, 3, 5, 6, 10, 13, 15, 17, 21, 23]",4231,"[1, 2, 3, 5, 6, 9, 11, 17, 19, 21, 23]",70,0.8205980066445183,0
3672,433,"[1, 2, 3, 5, 6, 10, 13, 15, 17, 21, 23]",4141,"[1, 2, 3, 5, 6, 10, 12, 13, 15, 16, 23]",79,0.8214285714285714,1
3673,442,"[1, 2, 3, 5, 6, 9, 11, 12, 16, 22, 24]",433,"[1, 2, 3, 5, 6, 10, 13, 15, 17, 21, 23]",0,0.30974224552206203,-1
3674,4141,"[1, 2, 3, 5, 6, 10, 12, 13, 15, 16, 23]",433,"[1, 2, 3, 5, 6, 10, 13, 15, 17, 21, 23]",58,0.4323922734026746,0
3675,4141,"[1, 2, 3, 5, 6, 10, 12, 13, 15, 16, 23]",433,"[1, 2, 3, 5, 6, 10, 13, 15, 17, 21, 23]",79,0.55078125,-1
3676,433,"[1, 2, 3, 5, 6, 10, 13, 15, 17, 21, 23]",433,"[1, 2, 3, 5, 6, 10, 13, 15, 17, 21, 23]",0,0.39213197969543145,1
3677,4231,"[1, 2, 3, 5, 6, 9, 11, 17, 19, 21, 23]",433,"[1, 2, 3, 5, 6, 10, 13, 15, 17, 21, 23]",0,0.3289902280130293,0
3678,4231,"[1, 2, 3, 5, 6, 9, 11, 17, 19, 21, 23]",442,"[1, 2, 3, 5, 6, 9, 11, 12, 16, 22, 24]",64,0.3962703962703963,1
3679,4231,"[1, 2, 3, 5, 6, 9, 11, 17, 19, 21, 23]",433,"[1, 2, 3, 5, 6, 10, 13, 15, 17, 21, 23]",76,0.31385281385281383,-2
3680,433,"[1, 2, 3, 5, 6, 10, 13, 15, 17, 21, 23]",433,"[1, 2, 3, 5, 6, 10, 13, 15, 17, 21, 23]",0,0.5984251968503937,0
3681,433,"[1, 2, 3, 5, 6, 10, 13, 15, 17, 21, 23]",433,"[1, 2, 3, 5, 6, 10, 13, 15, 17, 21, 23]",4,0.5515923566878981,4
3682,4231,"[1, 2, 3, 5, 6, 13, 15, 17, 19, 21, 23]",433,"[1, 2, 3, 5, 6, 10, 13, 15, 17, 21, 23]",0,0.4171322160148976,-3
3683,433,"[1, 2, 3, 5, 6, 10, 13, 15, 17, 21, 23]",343,"[1, 3, 4, 5, 7, 8, 9, 11, 17, 21, 23]",0,0.48813376483279397,0
3684,433,"[1, 2, 3, 5, 6, 10, 13, 15, 17, 21, 23]",433,"[1, 2, 3, 5, 6, 10, 13, 15, 17, 21, 23]",45,0.45949074074074076,1
3685,433,"[1, 2, 3, 5, 6, 10, 13, 15, 17, 21, 23]",433,"[1, 2, 3, 5, 6, 10, 13, 15, 17, 21, 23]",65,0.34814814814814815,0
3686,433,"[1, 2, 3, 5, 6, 10, 13, 15, 17, 21, 23]",433,"[1, 2, 3, 5, 6, 10, 13, 15, 17, 21, 23]",71,0.1977401129943503,0
3687,442,"[1, 2, 3, 5, 6, 9, 11, 12, 16, 22, 24]",343,"[1, 3, 4, 5, 7, 8, 13, 15, 17, 21, 23]",0,0.3975972540045767,0
3688,442,"[1, 2, 3, 5, 6, 9, 11, 12, 16, 22, 24]",433,"[1, 2, 3, 5, 6, 10, 13, 15, 17, 21, 23]",45,0.48333333333333334,0
3689,41212,"[1, 2, 3, 5, 6, 10, 13, 15, 19, 22, 24]",433,"[1, 2, 3, 5, 6, 10, 13, 15, 17, 21, 23]",48,0.32558139534883723,1
3690,41212,"[1, 2, 3, 5, 6, 10, 13, 15, 19, 22, 24]",433,"[1, 2, 3, 5, 6, 10, 13, 15, 17, 21, 23]",68,0.33653846153846156,0
3691,433,"[1, 2, 3, 5, 6, 10, 13, 15, 17, 21, 23]",4411,"[1, 2, 3, 5, 6, 9, 11, 12, 16, 19, 23]",0,0.6861587982832618,3
3692,433,"[1, 2, 3, 5, 6, 10, 13, 15, 17, 21, 23]",433,"[1, 2, 3, 5, 6, 10, 13, 15, 17, 21, 23]",0,0.2746987951807229,0
3693,4231,"[1, 2, 3, 5, 6, 9, 11, 17, 19, 21, 23]",433,"[1, 2, 3, 5, 6, 10, 13, 15, 17, 21, 23]",0,1.0,0
3694,4231,"[1, 2, 3, 5, 6, 9, 11, 17, 19, 21, 23]",433,"[1, 2, 3, 5, 6, 10, 13, 15, 17, 21, 23]",0,0.3944954128440367,0
3695,433,"[1, 2, 3, 5, 6, 10, 13, 15, 17, 21, 23]",4231,"[1, 2, 3, 5, 6, 9, 11, 17, 19, 21, 23]",0,0.7040816326530612,1
3696,433,"[1, 2, 3, 5, 6, 10, 13, 15, 17, 21, 23]",4231,"[1, 2, 3, 5, 6, 9, 11, 17, 19, 21, 23]",68,0.7045454545454546,0
3697,433,"[1, 2, 3, 5, 6, 10, 13, 15, 17, 21, 23]",4231,"[1, 2, 3, 5, 6, 9, 11, 17, 19, 21, 23]",70,0.5547445255474452,0
3698,343,"[1, 3, 4, 5, 9, 11, 13, 15, 17, 21, 23]",4231,"[1, 2, 3, 5, 6, 9, 11, 17, 19, 21, 23]",0,0.5160875160875161,-1
3699,343,"[1, 3, 4, 5, 9, 11, 13, 15, 17, 21, 23]",4231,"[1, 2, 3, 5, 6, 9, 11, 17, 19, 21, 23]",22,0.7413793103448276,1
3700,41212,"[1, 2, 3, 5, 6, 10, 13, 15, 19, 22, 24]",4231,"[1, 2, 3, 5, 6, 9, 11, 17, 19, 21, 23]",45,0.5061224489795918,0
3701,41212,"[1, 2, 3, 5, 6, 10, 13, 15, 19, 22, 24]",4231,"[1, 2, 3, 5, 6, 9, 11, 17, 19, 21, 23]",49,0.5095419847328244,0
3702,41212,"[1, 2, 3, 5, 6, 10, 13, 15, 19, 22, 24]",433,"[1, 2, 3, 5, 6, 10, 13, 15, 17, 21, 23]",61,0.8888888888888888,0
3703,41212,"[1, 2, 3, 5, 6, 10, 13, 15, 19, 22, 24]",433,"[1, 2, 3, 5, 6, 10, 13, 15, 17, 21, 23]",63,0.4855305466237942,0
3704,41212,"[1, 2, 3, 5, 6, 10, 13, 15, 19, 22, 24]",433,"[1, 2, 3, 5, 6, 10, 13, 15, 17, 21, 23]",70,0.5093833780160858,-1
3705,442,"[1, 2, 3, 5, 6, 12, 13, 15, 16, 22, 24]",433,"[1, 2, 3, 5, 6, 10, 13, 15, 17, 21, 23]",0,0.30733733271804337,0
3706,442,"[1, 2, 3, 5, 6, 12, 13, 15, 16, 22, 24]",433,"[1, 2, 3, 5, 6, 10, 13, 15, 17, 21, 23]",45,0.272108843537415,2
3707,442,"[1, 2, 3, 5, 6, 12, 13, 15, 16, 22, 24]",433,"[1, 2, 3, 5, 6, 10, 13, 15, 17, 21, 23]",65,0.272,0
3708,433,"[1, 2, 3, 5, 6, 10, 13, 15, 17, 21, 23]",442,"[1, 2, 3, 5, 6, 12, 13, 15, 16, 22, 24]",0,0.5451355661881978,1
3709,433,"[1, 2, 3, 5, 6, 10, 13, 15, 17, 21, 23]",442,"[1, 2, 3, 5, 6, 12, 13, 15, 16, 22, 24]",74,0.4617737003058104,1
3710,442,"[1, 2, 3, 5, 6, 9, 11, 12, 16, 22, 24]",433,"[1, 2, 3, 5, 6, 10, 13, 15, 17, 21, 23]",0,0.05405405405405406,0
3711,442,"[1, 2, 3, 5, 6, 9, 11, 12, 16, 22, 24]",433,"[1, 2, 3, 5, 6, 10, 13, 15, 17, 21, 23]",1,0.3012677106636838,-4
3712,433,"[1, 2, 3, 5, 6, 10, 13, 15, 17, 21, 23]",4411,"[1, 2, 3, 5, 6, 12, 13, 15, 16, 19, 23]",0,0.7097576134244873,0
3713,433,"[1, 2, 3, 5, 6, 10, 13, 15, 17, 21, 23]",4411,"[1, 2, 3, 5, 6, 12, 13, 15, 16, 19, 23]",45,0.6666666666666666,0
3714,433,"[1, 2, 3, 5, 6, 10, 13, 15, 17, 21, 23]",4411,"[1, 2, 3, 5, 6, 12, 13, 15, 16, 19, 23]",45,0.6875,1
3715,4231,"[1, 2, 3, 5, 6, 9, 11, 17, 19, 21, 23]",433,"[1, 2, 3, 5, 6, 10, 13, 15, 17, 21, 23]",0,0.41829038340666247,1
3716,433,"[1, 2, 3, 5, 6, 10, 13, 15, 17, 21, 23]",433,"[1, 2, 3, 5, 6, 10, 13, 15, 17, 21, 23]",0,0.7137476459510358,1
3717,433,"[1, 2, 3, 5, 6, 10, 13, 15, 17, 21, 23]",433,"[1, 2, 3, 5, 6, 10, 13, 15, 17, 21, 23]",46,0.8302325581395349,0
3718,433,"[1, 2, 3, 5, 6, 10, 13, 15, 17, 21, 23]",433,"[1, 2, 3, 5, 6, 10, 13, 15, 17, 21, 23]",58,0.5769230769230769,0
3719,433,"[1, 2, 3, 5, 6, 10, 13, 15, 17, 21, 23]",4231,"[1, 2, 3, 5, 6, 13, 15, 17, 19, 21, 23]",0,0.7026194144838213,0
3720,433,"[1, 2, 3, 5, 6, 10, 13, 15, 17, 21, 23]",4231,"[1, 2, 3, 5, 6, 13, 15, 17, 19, 21, 23]",45,0.5247524752475248,0
3721,433,"[1, 2, 3, 5, 6, 10, 13, 15, 17, 21, 23]",4231,"[1, 2, 3, 5, 6, 13, 15, 17, 19, 21, 23]",48,0.6908315565031983,0
3722,433,"[1, 2, 3, 5, 6, 10, 13, 15, 17, 21, 23]",4231,"[1, 2, 3, 5, 6, 9, 11, 17, 19, 21, 23]",0,0.6908496732026144,1
3723,433,"[1, 2, 3, 5, 6, 10, 13, 15, 17, 21, 23]",4231,"[1, 2, 3, 5, 6, 9, 11, 17, 19, 21, 23]",74,0.6,0
3724,442,"[1, 2, 3, 5, 6, 9, 11, 12, 16, 22, 24]",433,"[1, 2, 3, 5, 6, 10, 13, 15, 17, 21, 23]",0,0.2874768661320173,-2
3725,4231,"[1, 2, 3, 5, 6, 9, 11, 17, 19, 21, 23]",433,"[1, 2, 3, 5, 6, 10, 13, 15, 17, 21, 23]",0,0.39164696611505123,-1
3726,4231,"[1, 2, 3, 5, 6, 9, 11, 17, 19, 21, 23]",433,"[1, 2, 3, 5, 6, 10, 13, 15, 17, 21, 23]",66,0.4939759036144578,1
3727,4231,"[1, 2, 3, 5, 6, 13, 15, 17, 19, 21, 23]",433,"[1, 2, 3, 5, 6, 10, 13, 15, 17, 21, 23]",0,0.4137426900584795,1
3728,4231,"[1, 2, 3, 5, 6, 13, 15, 17, 19, 21, 23]",433,"[1, 2, 3, 5, 6, 10, 13, 15, 17, 21, 23]",21,0.25934314835787087,-1
3729,4231,"[1, 2, 3, 5, 6, 13, 15, 17, 19, 21, 23]",4231,"[1, 2, 3, 5, 6, 11, 13, 17, 19, 21, 23]",45,0.19066147859922178,-1
3730,4231,"[1, 2, 3, 5, 6, 13, 15, 17, 19, 21, 23]",4231,"[1, 2, 3, 5, 6, 11, 13, 17, 19, 21, 23]",64,0.5730337078651685,0
3731,433,"[1, 2, 3, 5, 6, 10, 13, 15, 17, 21, 23]",442,"[1, 2, 3, 5, 6, 9, 11, 12, 16, 22, 24]",0,0.4859504132231405,1
3732,433,"[1, 2, 3, 5, 6, 10, 13, 15, 17, 21, 23]",4231,"[1, 2, 3, 5, 6, 13, 15, 17, 19, 21, 23]",0,0.7011915673693859,2
3733,433,"[1, 2, 3, 5, 6, 10, 13, 15, 17, 21, 23]",4231,"[1, 2, 3, 5, 6, 13, 15, 17, 19, 21, 23]",33,0.7510204081632653,1
3734,433,"[1, 2, 3, 5, 6, 10, 13, 15, 17, 21, 23]",4231,"[1, 2, 3, 5, 6, 9, 11, 17, 19, 21, 23]",0,0.6529193697868396,1
3735,433,"[1, 2, 3, 5, 6, 10, 13, 15, 17, 21, 23]",442,"[1, 2, 3, 5, 6, 9, 11, 12, 16, 22, 24]",0,0.8303030303030303,0
3736,433,"[1, 2, 3, 5, 6, 10, 13, 15, 17, 21, 23]",442,"[1, 2, 3, 5, 6, 9, 11, 12, 16, 22, 24]",9,0.5784140969162995,2
3737,433,"[1, 2, 3, 5, 6, 10, 13, 15, 17, 21, 23]",442,"[1, 2, 3, 5, 6, 9, 11, 12, 16, 22, 24]",69,0.7433628318584071,0
3738,433,"[1, 2, 3, 5, 6, 10, 13, 15, 17, 21, 23]",433,"[1, 2, 3, 5, 6, 10, 13, 15, 17, 21, 23]",0,0.3524904214559387,-1
3739,433,"[1, 2, 3, 5, 6, 10, 13, 15, 17, 21, 23]",433,"[1, 2, 3, 5, 6, 10, 13, 15, 17, 21, 23]",60,0.2204724409448819,0
3740,433,"[1, 2, 3, 5, 6, 10, 13, 15, 17, 21, 23]",433,"[1, 2, 3, 5, 6, 10, 13, 15, 17, 21, 23]",63,0.4223968565815324,0
3741,4141,"[1, 2, 3, 5, 6, 10, 12, 13, 15, 16, 23]",4231,"[1, 2, 3, 5, 6, 9, 11, 17, 19, 21, 23]",0,0.22742110990206746,1
3742,4231,"[1, 2, 3, 5, 6, 13, 15, 17, 19, 21, 23]",433,"[1, 2, 3, 5, 6, 10, 13, 15, 17, 21, 23]",0,0.3654292343387471,-3
3743,4231,"[1, 2, 3, 5, 6, 13, 15, 17, 19, 21, 23]",433,"[1, 2, 3, 5, 6, 10, 13, 15, 17, 21, 23]",45,0.22024233784746972,-1
3744,4231,"[1, 2, 3, 5, 6, 13, 15, 17, 19, 21, 23]",433,"[1, 2, 3, 5, 6, 10, 13, 15, 17, 21, 23]",75,0.44660194174757284,0
3745,352,"[1, 3, 4, 5, 7, 8, 10, 13, 15, 22, 24]",442,"[1, 2, 3, 5, 6, 12, 13, 15, 16, 22, 24]",0,0.6617078250520678,0
3746,4231,"[1, 2, 3, 5, 6, 9, 11, 17, 19, 21, 23]",433,"[1, 2, 3, 5, 6, 10, 13, 15, 17, 21, 23]",0,0.3137864077669903,1
3747,4231,"[1, 2, 3, 5, 6, 9, 11, 17, 19, 21, 23]",4231,"[1, 2, 3, 5, 6, 9, 15, 17, 19, 21, 23]",56,0.3803680981595092,-1
3748,442,"[1, 2, 3, 5, 6, 9, 11, 12, 16, 22, 24]",352,"[1, 3, 4, 5, 7, 8, 10, 13, 15, 22, 24]",0,0.3458118858212447,-1
3749,4141,"[1, 2, 3, 5, 6, 10, 12, 13, 15, 16, 23]",343,"[1, 3, 4, 5, 7, 8, 9, 11, 17, 21, 23]",0,0.33239549839228294,2
3750,4141,"[1, 2, 3, 5, 6, 10, 12, 13, 15, 16, 23]",352,"[1, 3, 4, 5, 7, 8, 10, 13, 15, 22, 24]",49,0.33519553072625696,-1
3751,4231,"[1, 2, 3, 5, 6, 13, 15, 17, 19, 21, 23]",442,"[1, 2, 3, 5, 6, 9, 11, 12, 16, 22, 24]",0,0.6391257995735607,0
3752,4231,"[1, 2, 3, 5, 6, 13, 15, 17, 19, 21, 23]",442,"[1, 2, 3, 5, 6, 9, 11, 12, 16, 22, 24]",45,0.6823040380047506,1
3753,4231,"[1, 2, 3, 5, 6, 9, 11, 17, 19, 21, 23]",442,"[1, 2, 3, 5, 6, 12, 13, 15, 16, 22, 24]",0,0.6177916852928028,4
3754,352,"[1, 3, 4, 5, 7, 8, 10, 13, 15, 22, 24]",4231,"[1, 2, 3, 5, 6, 13, 15, 17, 19, 21, 23]",0,0.31312458361092604,-1
3755,352,"[1, 3, 4, 5, 7, 8, 10, 13, 15, 22, 24]",4231,"[1, 2, 3, 5, 6, 13, 15, 17, 19, 21, 23]",32,0.09523809523809523,0
3756,352,"[1, 3, 4, 5, 7, 8, 10, 13, 15, 22, 24]",4231,"[1, 2, 3, 5, 6, 13, 15, 17, 19, 21, 23]",32,0.39520958083832336,0
3757,352,"[1, 3, 4, 5, 7, 8, 10, 13, 15, 22, 24]",4231,"[1, 2, 3, 5, 6, 13, 15, 17, 19, 21, 23]",35,0.3522727272727273,0
3758,352,"[1, 3, 4, 5, 7, 8, 10, 13, 15, 22, 24]",4231,"[1, 2, 3, 5, 6, 13, 15, 17, 19, 21, 23]",37,0.3816793893129771,0
3759,352,"[1, 3, 4, 5, 7, 8, 10, 13, 15, 22, 24]",4231,"[1, 2, 3, 5, 6, 13, 15, 17, 19, 21, 23]",48,0.5263157894736842,0
3760,352,"[1, 3, 4, 5, 7, 8, 10, 13, 15, 22, 24]",4231,"[1, 2, 3, 5, 6, 13, 15, 17, 19, 21, 23]",47,0.445916114790287,-1
3761,4231,"[1, 2, 3, 5, 6, 11, 13, 17, 19, 21, 23]",4231,"[1, 2, 3, 5, 6, 13, 15, 17, 19, 21, 23]",59,0.04,0
3762,4231,"[1, 2, 3, 5, 6, 9, 15, 17, 19, 21, 23]",4231,"[1, 2, 3, 5, 6, 13, 15, 17, 19, 21, 23]",64,0.525,0
3763,4231,"[1, 2, 3, 5, 6, 9, 15, 17, 19, 21, 23]",4231,"[1, 2, 3, 5, 6, 13, 15, 17, 19, 21, 23]",67,0.6206896551724138,0
3764,4231,"[1, 2, 3, 5, 6, 9, 15, 17, 19, 21, 23]",4231,"[1, 2, 3, 5, 6, 13, 15, 17, 19, 21, 23]",71,0.735632183908046,0
3765,442,"[1, 2, 3, 5, 6, 9, 11, 12, 16, 22, 24]",433,"[1, 2, 3, 5, 6, 10, 13, 15, 17, 21, 23]",0,0.5225611293168642,-1
3766,433,"[1, 2, 3, 5, 6, 10, 13, 15, 17, 21, 23]",433,"[1, 2, 3, 5, 6, 10, 13, 15, 17, 21, 23]",0,0.28279247341150804,-1
3767,433,"[1, 2, 3, 5, 6, 10, 13, 15, 17, 21, 23]",433,"[1, 2, 3, 5, 6, 10, 13, 15, 17, 21, 23]",77,0.3046875,0
3768,4231,"[1, 2, 3, 5, 6, 13, 15, 17, 19, 21, 23]",433,"[1, 2, 3, 5, 6, 10, 13, 15, 17, 21, 23]",0,0.47765726681127985,0
3769,442,"[1, 2, 3, 5, 6, 9, 11, 12, 16, 22, 24]",4231,"[1, 2, 3, 5, 6, 9, 11, 17, 19, 21, 23]",0,0.2921641791044776,1
3770,442,"[1, 2, 3, 5, 6, 9, 11, 12, 16, 22, 24]",4231,"[1, 2, 3, 5, 6, 9, 11, 17, 19, 21, 23]",79,0.20253164556962025,0
3771,352,"[1, 3, 4, 5, 7, 8, 10, 13, 15, 22, 24]",4231,"[1, 2, 3, 5, 6, 9, 11, 17, 19, 21, 23]",0,0.4602272727272727,1
3772,352,"[1, 3, 4, 5, 7, 8, 10, 13, 15, 22, 24]",4231,"[1, 2, 3, 5, 6, 9, 11, 17, 19, 21, 23]",61,0.4678111587982833,0
3773,352,"[1, 3, 4, 5, 7, 8, 10, 13, 15, 22, 24]",4231,"[1, 2, 3, 5, 6, 9, 11, 17, 19, 21, 23]",83,1.0,0
3774,4141,"[1, 2, 3, 5, 6, 10, 12, 13, 15, 16, 23]",442,"[1, 2, 3, 5, 6, 12, 13, 15, 16, 22, 24]",0,0.7446475195822454,0
3775,4231,"[1, 2, 3, 5, 6, 9, 15, 17, 19, 21, 23]",442,"[1, 2, 3, 5, 6, 12, 13, 15, 16, 22, 24]",45,0.6598984771573604,0
3776,4231,"[1, 2, 3, 5, 6, 9, 15, 17, 19, 21, 23]",442,"[1, 2, 3, 5, 6, 12, 13, 15, 16, 22, 24]",72,0.786096256684492,0
3777,352,"[1, 3, 4, 5, 7, 8, 10, 13, 15, 22, 24]",343,"[1, 3, 4, 5, 7, 8, 13, 15, 17, 21, 23]",0,0.7760922330097088,0
3778,4141,"[1, 2, 3, 5, 6, 10, 12, 13, 15, 16, 23]",343,"[1, 3, 4, 5, 7, 8, 13, 15, 17, 21, 23]",73,0.7783505154639175,-1
3779,352,"[1, 3, 4, 5, 7, 8, 10, 13, 15, 22, 24]",343,"[1, 3, 4, 5, 7, 8, 9, 11, 17, 21, 23]",0,0.5797144556811422,0
3780,442,"[1, 2, 3, 5, 6, 9, 11, 12, 16, 22, 24]",352,"[1, 3, 4, 5, 7, 8, 10, 13, 15, 22, 24]",0,0.1187214611872146,0
3781,442,"[1, 2, 3, 5, 6, 9, 11, 12, 16, 22, 24]",352,"[1, 3, 4, 5, 7, 8, 10, 13, 15, 22, 24]",3,0.4420824295010846,0
3782,352,"[1, 3, 4, 5, 7, 8, 10, 13, 15, 22, 24]",352,"[1, 3, 4, 5, 7, 8, 10, 13, 15, 22, 24]",0,0.3022222222222222,-2
3783,3421,"[1, 3, 4, 5, 7, 8, 9, 11, 18, 20, 23]",352,"[1, 3, 4, 5, 7, 8, 10, 13, 15, 22, 24]",0,0.7219387755102041,2
3784,3421,"[1, 3, 4, 5, 7, 8, 9, 11, 18, 20, 23]",3511,"[1, 3, 4, 5, 7, 8, 10, 13, 15, 19, 23]",67,0.7115384615384616,0
3785,3421,"[1, 3, 4, 5, 7, 8, 9, 11, 18, 20, 23]",3511,"[1, 3, 4, 5, 7, 8, 10, 13, 15, 19, 23]",69,0.6223908918406073,0
3786,3421,"[1, 3, 4, 5, 7, 8, 9, 11, 18, 20, 23]",3511,"[1, 3, 4, 5, 7, 8, 10, 13, 15, 19, 23]",77,0.0,0
3787,3421,"[1, 3, 4, 5, 7, 8, 9, 11, 18, 20, 23]",3511,"[1, 3, 4, 5, 7, 8, 10, 13, 15, 19, 23]",78,0.2926829268292683,0
3788,352,"[1, 3, 4, 5, 7, 8, 10, 13, 15, 22, 24]",433,"[1, 2, 3, 5, 6, 10, 13, 15, 17, 21, 23]",0,0.853156450137237,2
3789,352,"[1, 3, 4, 5, 7, 8, 10, 13, 15, 22, 24]",433,"[1, 2, 3, 5, 6, 10, 13, 15, 17, 21, 23]",46,0.8155265180630284,-1
3790,343,"[1, 3, 4, 5, 7, 8, 9, 11, 17, 21, 23]",3421,"[1, 3, 4, 5, 7, 8, 9, 11, 18, 20, 23]",0,0.33542423241994057,-4
3791,343,"[1, 3, 4, 5, 7, 8, 9, 11, 17, 21, 23]",3421,"[1, 3, 4, 5, 7, 8, 9, 11, 18, 20, 23]",67,0.5470085470085471,-1
3792,343,"[1, 3, 4, 5, 7, 8, 9, 11, 17, 21, 23]",3421,"[1, 3, 4, 5, 7, 8, 9, 11, 18, 20, 23]",73,0.1885245901639344,1
3793,343,"[1, 3, 4, 5, 7, 8, 9, 11, 17, 21, 23]",352,"[1, 3, 4, 5, 7, 8, 10, 13, 15, 22, 24]",84,0.8444444444444444,0
3794,4231,"[1, 2, 3, 5, 6, 9, 11, 17, 19, 21, 23]",433,"[1, 2, 3, 5, 6, 10, 13, 15, 17, 21, 23]",0,0.5870039249890973,1
3795,4231,"[1, 2, 3, 5, 6, 9, 11, 17, 19, 21, 23]",433,"[1, 2, 3, 5, 6, 10, 13, 15, 17, 21, 23]",56,0.3374045801526718,0
3796,442,"[1, 2, 3, 5, 6, 12, 13, 15, 16, 22, 24]",3421,"[1, 3, 4, 5, 7, 8, 9, 11, 18, 20, 23]",0,0.38423796381478076,-3
3797,4141,"[1, 2, 3, 5, 6, 10, 12, 13, 15, 16, 23]",4231,"[1, 2, 3, 5, 6, 9, 11, 17, 19, 21, 23]",0,0.18621399176954734,1
3798,4141,"[1, 2, 3, 5, 6, 10, 12, 13, 15, 16, 23]",4231,"[1, 2, 3, 5, 6, 9, 11, 17, 19, 21, 23]",45,0.475177304964539,0
3799,433,"[1, 2, 3, 5, 6, 10, 13, 15, 17, 21, 23]",442,"[1, 2, 3, 5, 6, 12, 13, 15, 16, 22, 24]",0,0.7750122010736945,2
3800,433,"[1, 2, 3, 5, 6, 10, 13, 15, 17, 21, 23]",442,"[1, 2, 3, 5, 6, 12, 13, 15, 16, 22, 24]",45,0.5795454545454546,0
3801,3421,"[1, 3, 4, 5, 7, 8, 9, 11, 18, 20, 23]",352,"[1, 3, 4, 5, 7, 8, 10, 13, 15, 22, 24]",0,0.6117924528301887,0
3802,4141,"[1, 2, 3, 5, 6, 10, 12, 13, 15, 16, 23]",352,"[1, 3, 4, 5, 7, 8, 10, 13, 15, 22, 24]",45,0.7954271961492179,0
3803,4231,"[1, 2, 3, 5, 6, 9, 11, 17, 19, 21, 23]",352,"[1, 3, 4, 5, 7, 8, 10, 13, 15, 22, 24]",0,0.4164563351842504,-1
3804,4231,"[1, 2, 3, 5, 6, 9, 11, 17, 19, 21, 23]",442,"[1, 2, 3, 5, 6, 9, 11, 12, 16, 22, 24]",0,0.5963525835866261,1
3805,433,"[1, 2, 3, 5, 6, 10, 13, 15, 17, 21, 23]",442,"[1, 2, 3, 5, 6, 12, 13, 15, 16, 22, 24]",0,0.70550621669627,3
3806,433,"[1, 2, 3, 5, 6, 10, 13, 15, 17, 21, 23]",442,"[1, 2, 3, 5, 6, 12, 13, 15, 16, 22, 24]",61,0.7297297297297297,0
3807,433,"[1, 2, 3, 5, 6, 10, 13, 15, 17, 21, 23]",4141,"[1, 2, 3, 5, 6, 10, 12, 13, 15, 16, 23]",0,0.83083771752327,1
3808,433,"[1, 2, 3, 5, 6, 10, 13, 15, 17, 21, 23]",4141,"[1, 2, 3, 5, 6, 10, 12, 13, 15, 16, 23]",58,0.5338345864661654,0
3809,433,"[1, 2, 3, 5, 6, 10, 13, 15, 17, 21, 23]",4141,"[1, 2, 3, 5, 6, 10, 12, 13, 15, 16, 23]",61,0.8947368421052632,0
3810,433,"[1, 2, 3, 5, 6, 10, 13, 15, 17, 21, 23]",4141,"[1, 2, 3, 5, 6, 10, 12, 13, 15, 16, 23]",64,0.8790496760259179,0
3811,4231,"[1, 2, 3, 5, 6, 9, 11, 17, 19, 21, 23]",4141,"[1, 2, 3, 5, 6, 10, 12, 13, 15, 16, 23]",74,0.7222222222222222,0
3812,4231,"[1, 2, 3, 5, 6, 9, 11, 17, 19, 21, 23]",352,"[1, 3, 4, 5, 7, 8, 10, 13, 15, 22, 24]",75,0.8982300884955752,0
3813,433,"[1, 2, 3, 5, 6, 10, 13, 15, 17, 21, 23]",343,"[1, 3, 4, 5, 7, 8, 13, 15, 17, 21, 23]",0,0.6536536536536537,0
3814,4231,"[1, 2, 3, 5, 6, 13, 15, 17, 19, 21, 23]",343,"[1, 3, 4, 5, 7, 8, 13, 15, 17, 21, 23]",45,0.7211440245148111,1
3815,442,"[1, 2, 3, 5, 6, 12, 13, 15, 16, 22, 24]",352,"[1, 3, 4, 5, 7, 8, 10, 13, 15, 22, 24]",0,0.43675615831718795,-1
3816,442,"[1, 2, 3, 5, 6, 12, 13, 15, 16, 22, 24]",352,"[1, 3, 4, 5, 7, 8, 10, 13, 15, 22, 24]",87,0.6206896551724138,0
3817,442,"[1, 2, 3, 5, 6, 9, 11, 12, 16, 22, 24]",4231,"[1, 2, 3, 5, 6, 13, 15, 17, 19, 21, 23]",0,0.498371335504886,0
3818,442,"[1, 2, 3, 5, 6, 9, 11, 12, 16, 22, 24]",4231,"[1, 2, 3, 5, 6, 13, 15, 17, 19, 21, 23]",45,0.6807131280388979,2
3819,442,"[1, 2, 3, 5, 6, 9, 11, 12, 16, 22, 24]",4231,"[1, 2, 3, 5, 6, 13, 15, 17, 19, 21, 23]",62,0.8029739776951673,0
3820,433,"[1, 2, 3, 5, 6, 10, 13, 15, 17, 21, 23]",352,"[1, 3, 4, 5, 7, 8, 10, 13, 15, 22, 24]",0,0.8168181818181818,1
3821,433,"[1, 2, 3, 5, 6, 10, 13, 15, 17, 21, 23]",3412,"[1, 3, 4, 5, 7, 8, 9, 11, 19, 22, 24]",45,0.978494623655914,0
3822,433,"[1, 2, 3, 5, 6, 10, 13, 15, 17, 21, 23]",3412,"[1, 3, 4, 5, 7, 8, 9, 11, 19, 22, 24]",49,0.5661605206073753,0
3823,352,"[1, 3, 4, 5, 7, 8, 10, 13, 15, 22, 24]",433,"[1, 2, 3, 5, 6, 10, 13, 15, 17, 21, 23]",0,0.2561556791104051,0
3824,352,"[1, 3, 4, 5, 7, 8, 10, 13, 15, 22, 24]",433,"[1, 2, 3, 5, 6, 10, 13, 15, 17, 21, 23]",60,0.4363376251788269,-1
3825,433,"[1, 2, 3, 5, 6, 10, 13, 15, 17, 21, 23]",41212,"[1, 2, 3, 5, 6, 10, 13, 15, 19, 22, 24]",0,0.5032356299961934,0
3826,433,"[1, 2, 3, 5, 6, 10, 13, 15, 17, 21, 23]",4231,"[1, 2, 3, 5, 6, 13, 15, 17, 19, 21, 23]",0,0.5534555712270804,1
3827,442,"[1, 2, 3, 5, 6, 9, 11, 12, 16, 22, 24]",41212,"[1, 2, 3, 5, 6, 10, 13, 15, 19, 22, 24]",0,0.30565110565110565,-2
3828,4231,"[1, 2, 3, 5, 6, 9, 11, 17, 19, 21, 23]",41212,"[1, 2, 3, 5, 6, 10, 13, 15, 19, 22, 24]",45,0.33580980683506684,0
3829,4231,"[1, 2, 3, 5, 6, 9, 11, 17, 19, 21, 23]",41212,"[1, 2, 3, 5, 6, 10, 13, 15, 19, 22, 24]",55,0.10429447852760736,0
3830,4231,"[1, 2, 3, 5, 6, 9, 11, 17, 19, 21, 23]",41212,"[1, 2, 3, 5, 6, 10, 13, 15, 19, 22, 24]",59,0.27234927234927236,0
3831,442,"[1, 2, 3, 5, 6, 9, 11, 12, 16, 22, 24]",433,"[1, 2, 3, 5, 6, 10, 13, 15, 17, 21, 23]",0,0.3770279039584685,-1
3832,442,"[1, 2, 3, 5, 6, 9, 11, 12, 16, 22, 24]",433,"[1, 2, 3, 5, 6, 10, 13, 15, 17, 21, 23]",39,0.38312829525483305,2
3833,442,"[1, 2, 3, 5, 6, 9, 11, 12, 16, 22, 24]",433,"[1, 2, 3, 5, 6, 10, 13, 15, 17, 21, 23]",64,0.5,0
3834,442,"[1, 2, 3, 5, 6, 9, 11, 12, 16, 22, 24]",433,"[1, 2, 3, 5, 6, 10, 13, 15, 17, 21, 23]",64,1.0,0
3835,442,"[1, 2, 3, 5, 6, 9, 11, 12, 16, 22, 24]",4231,"[1, 2, 3, 5, 6, 13, 15, 17, 19, 21, 23]",66,0.34968017057569295,1
3836,433,"[1, 2, 3, 5, 6, 10, 13, 15, 17, 21, 23]",442,"[1, 2, 3, 5, 6, 12, 13, 15, 16, 22, 24]",0,0.632525697503671,3
3837,4141,"[1, 2, 3, 5, 6, 10, 12, 13, 15, 16, 23]",433,"[1, 2, 3, 5, 6, 10, 13, 15, 17, 21, 23]",0,0.5434914841849149,0
3838,433,"[1, 2, 3, 5, 6, 10, 13, 15, 17, 21, 23]",442,"[1, 2, 3, 5, 6, 9, 11, 12, 16, 22, 24]",0,0.7172361997746902,2
3839,433,"[1, 2, 3, 5, 6, 10, 13, 15, 17, 21, 23]",442,"[1, 2, 3, 5, 6, 9, 11, 12, 16, 22, 24]",59,0.4751958224543081,0
3840,433,"[1, 2, 3, 5, 6, 10, 13, 15, 17, 21, 23]",352,"[1, 3, 4, 5, 7, 8, 10, 13, 15, 22, 24]",0,0.8064823641563393,-1
3841,433,"[1, 2, 3, 5, 6, 10, 13, 15, 17, 21, 23]",352,"[1, 3, 4, 5, 7, 8, 10, 13, 15, 22, 24]",50,0.830423940149626,0
3842,433,"[1, 2, 3, 5, 6, 10, 13, 15, 17, 21, 23]",352,"[1, 3, 4, 5, 7, 8, 10, 13, 15, 22, 24]",58,0.7722419928825622,1
3843,442,"[1, 2, 3, 5, 6, 12, 13, 15, 16, 22, 24]",433,"[1, 2, 3, 5, 6, 10, 13, 15, 17, 21, 23]",0,0.39738430583501005,-3
3844,4141,"[1, 2, 3, 5, 6, 10, 12, 13, 15, 16, 23]",433,"[1, 2, 3, 5, 6, 10, 13, 15, 17, 21, 23]",46,0.15897435897435896,0
3845,41212,"[1, 2, 3, 5, 6, 10, 13, 15, 19, 22, 24]",41212,"[1, 2, 3, 5, 6, 10, 13, 15, 19, 22, 24]",0,0.3173741362290227,-1
3846,442,"[1, 2, 3, 5, 6, 12, 13, 15, 16, 22, 24]",41212,"[1, 2, 3, 5, 6, 10, 13, 15, 19, 22, 24]",45,0.43993759750390016,0
3847,442,"[1, 2, 3, 5, 6, 12, 13, 15, 16, 22, 24]",442,"[1, 2, 3, 5, 6, 9, 11, 12, 16, 22, 24]",58,0.3501577287066246,0
3848,433,"[1, 2, 3, 5, 6, 10, 13, 15, 17, 21, 23]",4231,"[1, 2, 3, 5, 6, 9, 11, 17, 19, 21, 23]",0,0.5380770361658336,1
3849,433,"[1, 2, 3, 5, 6, 10, 13, 15, 17, 21, 23]",4231,"[1, 2, 3, 5, 6, 9, 11, 17, 19, 21, 23]",86,0.3695652173913043,0
3850,41212,"[1, 2, 3, 5, 6, 10, 13, 15, 19, 22, 24]",352,"[1, 3, 4, 5, 7, 8, 10, 13, 15, 22, 24]",0,0.7617433414043584,0
3851,41212,"[1, 2, 3, 5, 6, 10, 13, 15, 19, 22, 24]",352,"[1, 3, 4, 5, 7, 8, 10, 13, 15, 22, 24]",45,0.5661375661375662,0
3852,41212,"[1, 2, 3, 5, 6, 10, 13, 15, 19, 22, 24]",352,"[1, 3, 4, 5, 7, 8, 10, 13, 15, 22, 24]",53,0.7306451612903225,1
3853,41212,"[1, 2, 3, 5, 6, 10, 13, 15, 19, 22, 24]",41212,"[1, 2, 3, 5, 6, 10, 13, 15, 19, 22, 24]",67,0.9935064935064936,0
3854,41212,"[1, 2, 3, 5, 6, 10, 13, 15, 19, 22, 24]",442,"[1, 2, 3, 5, 6, 9, 11, 12, 16, 22, 24]",0,0.706764705882353,0
3855,41212,"[1, 2, 3, 5, 6, 10, 13, 15, 19, 22, 24]",442,"[1, 2, 3, 5, 6, 9, 11, 12, 16, 22, 24]",84,1.0,0
3856,433,"[1, 2, 3, 5, 6, 10, 13, 15, 17, 21, 23]",352,"[1, 3, 4, 5, 7, 8, 10, 13, 15, 22, 24]",0,0.6410256410256411,0
3857,433,"[1, 2, 3, 5, 6, 10, 13, 15, 17, 21, 23]",352,"[1, 3, 4, 5, 7, 8, 10, 13, 15, 22, 24]",22,0.6261792452830188,1
3858,433,"[1, 2, 3, 5, 6, 10, 13, 15, 17, 21, 23]",352,"[1, 3, 4, 5, 7, 8, 10, 13, 15, 22, 24]",45,0.6757990867579908,1
3859,433,"[1, 2, 3, 5, 6, 10, 13, 15, 17, 21, 23]",3412,"[1, 3, 4, 5, 7, 8, 9, 11, 19, 22, 24]",0,0.6691785983421251,1
3860,433,"[1, 2, 3, 5, 6, 10, 13, 15, 17, 21, 23]",41212,"[1, 2, 3, 5, 6, 10, 13, 15, 19, 22, 24]",32,0.48293172690763053,1
3861,433,"[1, 2, 3, 5, 6, 10, 13, 15, 17, 21, 23]",4411,"[1, 2, 3, 5, 6, 12, 13, 15, 16, 19, 23]",56,0.6928799149840595,2
3862,442,"[1, 2, 3, 5, 6, 9, 11, 12, 16, 22, 24]",433,"[1, 2, 3, 5, 6, 10, 13, 15, 17, 21, 23]",0,0.23178137651821862,-1
3863,442,"[1, 2, 3, 5, 6, 9, 11, 12, 16, 22, 24]",433,"[1, 2, 3, 5, 6, 10, 13, 15, 17, 21, 23]",21,0.4128926968584251,-2
3864,442,"[1, 2, 3, 5, 6, 9, 11, 12, 16, 22, 24]",433,"[1, 2, 3, 5, 6, 10, 13, 15, 17, 21, 23]",83,0.18181818181818182,0
3865,442,"[1, 2, 3, 5, 6, 9, 11, 12, 16, 22, 24]",433,"[1, 2, 3, 5, 6, 10, 13, 15, 17, 21, 23]",0,0.29538734476641043,-1
3866,442,"[1, 2, 3, 5, 6, 9, 11, 12, 16, 22, 24]",433,"[1, 2, 3, 5, 6, 10, 13, 15, 17, 21, 23]",79,0.375,0
3867,433,"[1, 2, 3, 5, 6, 10, 13, 15, 17, 21, 23]",442,"[1, 2, 3, 5, 6, 12, 13, 15, 16, 22, 24]",0,0.39402767662053895,0
3868,433,"[1, 2, 3, 5, 6, 10, 13, 15, 17, 21, 23]",442,"[1, 2, 3, 5, 6, 12, 13, 15, 16, 22, 24]",60,0.39630390143737165,0
3869,4141,"[1, 2, 3, 5, 6, 10, 12, 13, 15, 16, 23]",442,"[1, 2, 3, 5, 6, 9, 11, 12, 16, 22, 24]",0,0.42054433713784023,0
3870,442,"[1, 2, 3, 5, 6, 12, 13, 15, 16, 22, 24]",433,"[1, 2, 3, 5, 6, 10, 13, 15, 17, 21, 23]",0,0.4414949353824659,-3
3871,4231,"[1, 2, 3, 5, 6, 9, 11, 17, 19, 21, 23]",433,"[1, 2, 3, 5, 6, 10, 13, 15, 17, 21, 23]",0,0.2813667912439936,1
3872,343,"[1, 3, 4, 5, 7, 8, 9, 11, 17, 21, 23]",4231,"[1, 2, 3, 5, 6, 9, 11, 17, 19, 21, 23]",0,0.24299065420560748,1
3873,343,"[1, 3, 4, 5, 7, 8, 9, 11, 17, 21, 23]",4231,"[1, 2, 3, 5, 6, 9, 11, 17, 19, 21, 23]",23,0.21165475536008796,-1
3874,433,"[1, 2, 3, 5, 6, 10, 13, 15, 17, 21, 23]",442,"[1, 2, 3, 5, 6, 9, 11, 12, 16, 22, 24]",0,0.7902532250358337,2
3875,433,"[1, 2, 3, 5, 6, 10, 13, 15, 17, 21, 23]",442,"[1, 2, 3, 5, 6, 9, 11, 12, 16, 22, 24]",53,0.7926267281105991,-1
3876,442,"[1, 2, 3, 5, 6, 12, 13, 15, 16, 22, 24]",433,"[1, 2, 3, 5, 6, 10, 13, 15, 17, 21, 23]",0,0.4167883211678832,0
3877,442,"[1, 2, 3, 5, 6, 12, 13, 15, 16, 22, 24]",433,"[1, 2, 3, 5, 6, 10, 13, 15, 17, 21, 23]",28,0.3058180009945301,0
3878,433,"[1, 2, 3, 5, 6, 10, 13, 15, 17, 21, 23]",4411,"[1, 2, 3, 5, 6, 12, 13, 15, 16, 19, 23]",0,0.6866333887964503,3
3879,352,"[1, 3, 4, 5, 7, 8, 10, 13, 15, 22, 24]",4231,"[1, 2, 3, 5, 6, 9, 11, 17, 19, 21, 23]",0,0.7967795669072737,0
3880,433,"[1, 2, 3, 5, 6, 10, 13, 15, 17, 21, 23]",433,"[1, 2, 3, 5, 6, 10, 13, 15, 17, 21, 23]",0,0.611151339608979,3
3881,433,"[1, 2, 3, 5, 6, 10, 13, 15, 17, 21, 23]",433,"[1, 2, 3, 5, 6, 10, 13, 15, 17, 21, 23]",64,0.5060679611650486,1
3882,442,"[1, 2, 3, 5, 6, 9, 11, 12, 16, 22, 24]",433,"[1, 2, 3, 5, 6, 10, 13, 15, 17, 21, 23]",0,0.3486943164362519,-2
3883,442,"[1, 2, 3, 5, 6, 9, 11, 12, 16, 22, 24]",433,"[1, 2, 3, 5, 6, 10, 13, 15, 17, 21, 23]",37,0.3795180722891566,-2
3884,442,"[1, 2, 3, 5, 6, 9, 11, 12, 16, 22, 24]",433,"[1, 2, 3, 5, 6, 10, 13, 15, 17, 21, 23]",52,1.0,0
3885,442,"[1, 2, 3, 5, 6, 9, 11, 12, 16, 22, 24]",433,"[1, 2, 3, 5, 6, 10, 13, 15, 17, 21, 23]",53,0.4260089686098655,1
3886,433,"[1, 2, 3, 5, 6, 10, 13, 15, 17, 21, 23]",4411,"[1, 2, 3, 5, 6, 12, 13, 15, 16, 19, 23]",0,0.7355223880597015,2
3887,433,"[1, 2, 3, 5, 6, 10, 13, 15, 17, 21, 23]",4411,"[1, 2, 3, 5, 6, 12, 13, 15, 16, 19, 23]",40,0.8055555555555556,0
3888,433,"[1, 2, 3, 5, 6, 10, 13, 15, 17, 21, 23]",4411,"[1, 2, 3, 5, 6, 12, 13, 15, 16, 19, 23]",46,0.5557986870897156,0
3889,433,"[1, 2, 3, 5, 6, 10, 13, 15, 17, 21, 23]",4411,"[1, 2, 3, 5, 6, 12, 13, 15, 16, 19, 23]",56,0.6749271137026239,0
3890,433,"[1, 2, 3, 5, 6, 10, 13, 15, 17, 21, 23]",4411,"[1, 2, 3, 5, 6, 12, 13, 15, 16, 19, 23]",78,0.25925925925925924,0
3891,433,"[1, 2, 3, 5, 6, 10, 13, 15, 17, 21, 23]",4411,"[1, 2, 3, 5, 6, 12, 13, 15, 16, 19, 23]",80,1.0,0
3892,433,"[1, 2, 3, 5, 6, 10, 13, 15, 17, 21, 23]",442,"[1, 2, 3, 5, 6, 12, 13, 15, 16, 22, 24]",0,0.7391304347826086,3
3893,442,"[1, 2, 3, 5, 6, 12, 13, 15, 16, 22, 24]",433,"[1, 2, 3, 5, 6, 10, 13, 15, 17, 21, 23]",0,0.3469387755102041,-2
3894,442,"[1, 2, 3, 5, 6, 12, 13, 15, 16, 22, 24]",433,"[1, 2, 3, 5, 6, 10, 13, 15, 17, 21, 23]",37,0.3348242811501597,-2
3895,442,"[1, 2, 3, 5, 6, 12, 13, 15, 16, 22, 24]",433,"[1, 2, 3, 5, 6, 10, 13, 15, 17, 21, 23]",0,0.2471590909090909,0
3896,442,"[1, 2, 3, 5, 6, 12, 13, 15, 16, 22, 24]",433,"[1, 2, 3, 5, 6, 10, 13, 15, 17, 21, 23]",61,0.46153846153846156,0
3897,442,"[1, 2, 3, 5, 6, 12, 13, 15, 16, 22, 24]",433,"[1, 2, 3, 5, 6, 10, 13, 15, 17, 21, 23]",69,0.3,0
3898,433,"[1, 2, 3, 5, 6, 10, 13, 15, 17, 21, 23]",41212,"[1, 2, 3, 5, 6, 10, 13, 15, 19, 22, 24]",0,0.69124218051832,3
3899,4231,"[1, 2, 3, 5, 6, 9, 11, 17, 19, 21, 23]",433,"[1, 2, 3, 5, 6, 10, 13, 15, 17, 21, 23]",0,0.40963855421686746,0
3900,4231,"[1, 2, 3, 5, 6, 9, 11, 17, 19, 21, 23]",433,"[1, 2, 3, 5, 6, 10, 13, 15, 17, 21, 23]",4,0.38403614457831325,0
3901,4231,"[1, 2, 3, 5, 6, 9, 11, 17, 19, 21, 23]",433,"[1, 2, 3, 5, 6, 10, 13, 15, 17, 21, 23]",18,0.376303317535545,-1
3902,4231,"[1, 2, 3, 5, 6, 9, 11, 17, 19, 21, 23]",433,"[1, 2, 3, 5, 6, 10, 13, 15, 17, 21, 23]",46,0.5233050847457628,0
3903,442,"[1, 2, 3, 5, 6, 9, 11, 12, 16, 22, 24]",433,"[1, 2, 3, 5, 6, 10, 13, 15, 17, 21, 23]",0,0.3333333333333333,2
3904,41212,"[1, 2, 3, 5, 6, 10, 13, 15, 19, 22, 24]",433,"[1, 2, 3, 5, 6, 10, 13, 15, 17, 21, 23]",0,0.40167865707434053,1
3905,4411,"[1, 2, 3, 5, 6, 12, 13, 15, 16, 19, 23]",433,"[1, 2, 3, 5, 6, 10, 13, 15, 17, 21, 23]",0,0.46841839312784234,2
3906,4411,"[1, 2, 3, 5, 6, 12, 13, 15, 16, 19, 23]",3511,"[1, 3, 4, 5, 7, 8, 10, 13, 15, 19, 23]",45,0.4708879184861718,0
3907,433,"[1, 2, 3, 5, 6, 10, 13, 15, 17, 21, 23]",4231,"[1, 2, 3, 5, 6, 13, 15, 17, 19, 21, 23]",0,0.6966751918158568,0
3908,433,"[1, 2, 3, 5, 6, 10, 13, 15, 17, 21, 23]",4231,"[1, 2, 3, 5, 6, 9, 11, 17, 19, 21, 23]",0,0.6970822281167108,0
3909,442,"[1, 2, 3, 5, 6, 12, 13, 15, 16, 22, 24]",433,"[1, 2, 3, 5, 6, 10, 13, 15, 17, 21, 23]",0,0.43891050583657587,0
3910,433,"[1, 2, 3, 5, 6, 10, 13, 15, 17, 21, 23]",433,"[1, 2, 3, 5, 6, 10, 13, 15, 17, 21, 23]",0,0.5922997593674802,1
3911,442,"[1, 2, 3, 5, 6, 12, 13, 15, 16, 22, 24]",433,"[1, 2, 3, 5, 6, 10, 13, 15, 17, 21, 23]",0,0.289068231841526,1
3912,433,"[1, 2, 3, 5, 6, 10, 13, 15, 17, 21, 23]",4231,"[1, 2, 3, 5, 6, 13, 15, 17, 19, 21, 23]",0,0.6839565741857659,2
3913,433,"[1, 2, 3, 5, 6, 10, 13, 15, 17, 21, 23]",442,"[1, 2, 3, 5, 6, 12, 13, 15, 16, 22, 24]",0,0.5539458635150591,2
3914,433,"[1, 2, 3, 5, 6, 10, 13, 15, 17, 21, 23]",451,"[1, 2, 3, 5, 6, 10, 12, 13, 15, 16, 23]",0,0.6211382113821138,0
3915,433,"[1, 2, 3, 5, 6, 10, 13, 15, 17, 21, 23]",442,"[1, 2, 3, 5, 6, 9, 11, 12, 16, 22, 24]",0,0.6625498007968128,1
3916,433,"[1, 2, 3, 5, 6, 10, 13, 15, 17, 21, 23]",442,"[1, 2, 3, 5, 6, 9, 11, 12, 16, 22, 24]",59,0.5753424657534246,0
3917,442,"[1, 2, 3, 5, 6, 12, 13, 15, 16, 22, 24]",433,"[1, 2, 3, 5, 6, 10, 13, 15, 17, 21, 23]",0,0.45715896279594137,1
3918,442,"[1, 2, 3, 5, 6, 12, 13, 15, 16, 22, 24]",433,"[1, 2, 3, 5, 6, 10, 13, 15, 17, 21, 23]",45,0.3748191027496382,-1
3919,4231,"[1, 2, 3, 5, 6, 13, 15, 17, 19, 21, 23]",433,"[1, 2, 3, 5, 6, 10, 13, 15, 17, 21, 23]",0,0.496098104793757,2
3920,4231,"[1, 2, 3, 5, 6, 13, 15, 17, 19, 21, 23]",4231,"[1, 2, 3, 5, 6, 13, 15, 17, 19, 21, 23]",23,0.4840764331210191,0
3921,4231,"[1, 2, 3, 5, 6, 13, 15, 17, 19, 21, 23]",4231,"[1, 2, 3, 5, 6, 13, 15, 17, 19, 21, 23]",45,0.578494623655914,0
3922,433,"[1, 2, 3, 5, 6, 10, 13, 15, 17, 21, 23]",4231,"[1, 2, 3, 5, 6, 13, 15, 17, 19, 21, 23]",0,0.626984126984127,0
3923,433,"[1, 2, 3, 5, 6, 10, 13, 15, 17, 21, 23]",4231,"[1, 2, 3, 5, 6, 13, 15, 17, 19, 21, 23]",2,0.6083123425692695,3
3924,433,"[1, 2, 3, 5, 6, 10, 13, 15, 17, 21, 23]",4231,"[1, 2, 3, 5, 6, 13, 15, 17, 19, 21, 23]",57,0.5534591194968553,3
3925,433,"[1, 2, 3, 5, 6, 10, 13, 15, 17, 21, 23]",433,"[1, 2, 3, 5, 6, 10, 13, 15, 17, 21, 23]",0,0.33454545454545453,-2
3926,433,"[1, 2, 3, 5, 6, 10, 13, 15, 17, 21, 23]",442,"[1, 2, 3, 5, 6, 12, 13, 15, 16, 22, 24]",0,0.7160342717258262,0
3927,433,"[1, 2, 3, 5, 6, 10, 13, 15, 17, 21, 23]",442,"[1, 2, 3, 5, 6, 12, 13, 15, 16, 22, 24]",0,0.6421654929577465,1
3928,433,"[1, 2, 3, 5, 6, 10, 13, 15, 17, 21, 23]",442,"[1, 2, 3, 5, 6, 12, 13, 15, 16, 22, 24]",57,0.6309921962095875,1
3929,433,"[1, 2, 3, 5, 6, 10, 13, 15, 17, 21, 23]",4231,"[1, 2, 3, 5, 6, 9, 11, 17, 19, 21, 23]",0,0.5931461903025884,2
3930,433,"[1, 2, 3, 5, 6, 10, 13, 15, 17, 21, 23]",4231,"[1, 2, 3, 5, 6, 11, 13, 17, 19, 21, 23]",0,0.584984984984985,3
3931,433,"[1, 2, 3, 5, 6, 10, 13, 15, 17, 21, 23]",4231,"[1, 2, 3, 5, 6, 11, 13, 17, 19, 21, 23]",45,0.538830297219559,0
3932,433,"[1, 2, 3, 5, 6, 10, 13, 15, 17, 21, 23]",433,"[1, 2, 3, 5, 6, 10, 13, 15, 17, 21, 23]",0,0.3935905413814561,-3
3933,4231,"[1, 2, 3, 5, 6, 9, 11, 17, 19, 21, 23]",433,"[1, 2, 3, 5, 6, 10, 13, 15, 17, 21, 23]",0,0.378389653733834,-1
3934,433,"[1, 2, 3, 5, 6, 10, 13, 15, 17, 21, 23]",451,"[1, 2, 3, 5, 6, 10, 12, 13, 15, 16, 23]",0,0.7403636363636363,4
3935,442,"[1, 2, 3, 5, 6, 9, 11, 12, 16, 22, 24]",433,"[1, 2, 3, 5, 6, 10, 13, 15, 17, 21, 23]",0,0.4113054341036852,-2
3936,433,"[1, 2, 3, 5, 6, 10, 13, 15, 17, 21, 23]",4231,"[1, 2, 3, 5, 6, 13, 15, 17, 19, 21, 23]",0,0.5541629364368845,-2
3937,433,"[1, 2, 3, 5, 6, 10, 13, 15, 17, 21, 23]",4231,"[1, 2, 3, 5, 6, 13, 15, 17, 19, 21, 23]",61,0.6130268199233716,0
3938,433,"[1, 2, 3, 5, 6, 10, 13, 15, 17, 21, 23]",442,"[1, 2, 3, 5, 6, 9, 11, 12, 16, 22, 24]",0,0.4699074074074074,0
3939,433,"[1, 2, 3, 5, 6, 10, 13, 15, 17, 21, 23]",442,"[1, 2, 3, 5, 6, 9, 11, 12, 16, 22, 24]",11,0.5872791519434629,-2
3940,433,"[1, 2, 3, 5, 6, 10, 13, 15, 17, 21, 23]",442,"[1, 2, 3, 5, 6, 9, 11, 12, 16, 22, 24]",49,0.7016848364717542,0
3941,433,"[1, 2, 3, 5, 6, 10, 13, 15, 17, 21, 23]",442,"[1, 2, 3, 5, 6, 9, 11, 12, 16, 22, 24]",0,0.5938792390405294,1
3942,4231,"[1, 2, 3, 5, 6, 9, 11, 17, 19, 21, 23]",433,"[1, 2, 3, 5, 6, 10, 13, 15, 17, 21, 23]",0,0.4636920384951881,-1
3943,4231,"[1, 2, 3, 5, 6, 9, 11, 17, 19, 21, 23]",433,"[1, 2, 3, 5, 6, 10, 13, 15, 17, 21, 23]",57,0.5632911392405063,-1
3944,4231,"[1, 2, 3, 5, 6, 9, 11, 17, 19, 21, 23]",433,"[1, 2, 3, 5, 6, 10, 13, 15, 17, 21, 23]",0,0.40145170295924065,-2
3945,4231,"[1, 2, 3, 5, 6, 9, 11, 17, 19, 21, 23]",433,"[1, 2, 3, 5, 6, 10, 13, 15, 17, 21, 23]",45,0.48348348348348347,-1
3946,433,"[1, 2, 3, 5, 6, 10, 13, 15, 17, 21, 23]",4231,"[1, 2, 3, 5, 6, 13, 15, 17, 19, 21, 23]",0,0.6893939393939394,0
3947,433,"[1, 2, 3, 5, 6, 10, 13, 15, 17, 21, 23]",4231,"[1, 2, 3, 5, 6, 13, 15, 17, 19, 21, 23]",21,0.7033831628638867,2
3948,433,"[1, 2, 3, 5, 6, 10, 13, 15, 17, 21, 23]",442,"[1, 2, 3, 5, 6, 12, 13, 15, 16, 22, 24]",55,0.629746835443038,0
3949,433,"[1, 2, 3, 5, 6, 10, 13, 15, 17, 21, 23]",433,"[1, 2, 3, 5, 6, 10, 13, 15, 17, 21, 23]",0,0.4719405003380663,-2
3950,41212,"[1, 2, 3, 5, 6, 10, 13, 15, 19, 22, 24]",3412,"[1, 3, 4, 5, 7, 8, 9, 11, 19, 22, 24]",0,0.4727272727272727,0
3951,41212,"[1, 2, 3, 5, 6, 10, 13, 15, 19, 22, 24]",3412,"[1, 3, 4, 5, 7, 8, 9, 11, 19, 22, 24]",4,0.5086505190311419,1
3952,41212,"[1, 2, 3, 5, 6, 10, 13, 15, 19, 22, 24]",3412,"[1, 3, 4, 5, 7, 8, 9, 11, 19, 22, 24]",45,0.5768321513002365,-1
3953,442,"[1, 2, 3, 5, 6, 9, 11, 12, 16, 22, 24]",4231,"[1, 2, 3, 5, 6, 9, 11, 17, 19, 21, 23]",0,0.41568627450980394,0
3954,442,"[1, 2, 3, 5, 6, 9, 11, 12, 16, 22, 24]",4231,"[1, 2, 3, 5, 6, 9, 11, 17, 19, 21, 23]",16,0.37863121614968,0
3955,433,"[1, 2, 3, 5, 6, 10, 13, 15, 17, 21, 23]",4231,"[1, 2, 3, 5, 6, 9, 11, 17, 19, 21, 23]",66,0.4057971014492754,0
3956,433,"[1, 2, 3, 5, 6, 10, 13, 15, 17, 21, 23]",4231,"[1, 2, 3, 5, 6, 9, 11, 17, 19, 21, 23]",76,0.7248677248677249,0
3957,442,"[1, 2, 3, 5, 6, 9, 11, 12, 16, 22, 24]",433,"[1, 2, 3, 5, 6, 10, 13, 15, 17, 21, 23]",0,0.5533707865168539,1
3958,442,"[1, 2, 3, 5, 6, 9, 11, 12, 16, 22, 24]",433,"[1, 2, 3, 5, 6, 10, 13, 15, 17, 21, 23]",38,0.5572519083969466,0
3959,442,"[1, 2, 3, 5, 6, 9, 11, 12, 16, 22, 24]",433,"[1, 2, 3, 5, 6, 10, 13, 15, 17, 21, 23]",45,0.6307692307692307,0
3960,4141,"[1, 2, 3, 5, 6, 10, 12, 13, 15, 16, 23]",433,"[1, 2, 3, 5, 6, 10, 13, 15, 17, 21, 23]",49,0.5344070278184481,0
3961,4231,"[1, 2, 3, 5, 6, 9, 11, 17, 19, 21, 23]",442,"[1, 2, 3, 5, 6, 9, 11, 12, 16, 22, 24]",0,0.5188328912466843,2
3962,4231,"[1, 2, 3, 5, 6, 9, 11, 17, 19, 21, 23]",442,"[1, 2, 3, 5, 6, 9, 11, 12, 16, 22, 24]",47,0.5078431372549019,0
3963,4231,"[1, 2, 3, 5, 6, 9, 11, 17, 19, 21, 23]",442,"[1, 2, 3, 5, 6, 9, 11, 12, 16, 22, 24]",60,0.5524475524475524,0
3964,4231,"[1, 2, 3, 5, 6, 9, 11, 17, 19, 21, 23]",442,"[1, 2, 3, 5, 6, 9, 11, 12, 16, 22, 24]",64,0.49746192893401014,0
3965,4231,"[1, 2, 3, 5, 6, 9, 11, 17, 19, 21, 23]",442,"[1, 2, 3, 5, 6, 9, 11, 12, 16, 22, 24]",74,0.7948717948717948,0
3966,4141,"[1, 2, 3, 5, 6, 10, 12, 13, 15, 16, 23]",4231,"[1, 2, 3, 5, 6, 9, 11, 17, 19, 21, 23]",0,0.3812777587974035,0
3967,4141,"[1, 2, 3, 5, 6, 10, 12, 13, 15, 16, 23]",4231,"[1, 2, 3, 5, 6, 9, 11, 17, 19, 21, 23]",66,0.6579710144927536,0
3968,4411,"[1, 2, 3, 5, 6, 9, 11, 12, 16, 19, 23]",4231,"[1, 2, 3, 5, 6, 9, 11, 17, 19, 21, 23]",73,0.5,0
3969,4411,"[1, 2, 3, 5, 6, 9, 11, 12, 16, 19, 23]",4231,"[1, 2, 3, 5, 6, 9, 11, 17, 19, 21, 23]",76,0.6455696202531646,0
3970,4411,"[1, 2, 3, 5, 6, 9, 11, 12, 16, 19, 23]",4231,"[1, 2, 3, 5, 6, 9, 11, 17, 19, 21, 23]",77,0.3941176470588235,0
3971,4231,"[1, 2, 3, 5, 6, 9, 11, 17, 19, 21, 23]",433,"[1, 2, 3, 5, 6, 10, 13, 15, 17, 21, 23]",0,0.600896860986547,0
3972,4231,"[1, 2, 3, 5, 6, 9, 11, 17, 19, 21, 23]",433,"[1, 2, 3, 5, 6, 10, 13, 15, 17, 21, 23]",15,0.3867069486404834,-1
3973,4231,"[1, 2, 3, 5, 6, 9, 11, 17, 19, 21, 23]",433,"[1, 2, 3, 5, 6, 10, 13, 15, 17, 21, 23]",23,0.6360093530787218,-1
3974,4231,"[1, 2, 3, 5, 6, 9, 11, 17, 19, 21, 23]",433,"[1, 2, 3, 5, 6, 10, 13, 15, 17, 21, 23]",58,1.0,0
3975,4231,"[1, 2, 3, 5, 6, 9, 11, 17, 19, 21, 23]",433,"[1, 2, 3, 5, 6, 10, 13, 15, 17, 21, 23]",59,0.4349315068493151,0
3976,4231,"[1, 2, 3, 5, 6, 9, 11, 17, 19, 21, 23]",433,"[1, 2, 3, 5, 6, 10, 13, 15, 17, 21, 23]",66,0.7056451612903226,0
3977,4231,"[1, 2, 3, 5, 6, 9, 11, 17, 19, 21, 23]",433,"[1, 2, 3, 5, 6, 10, 13, 15, 17, 21, 23]",74,0.7616580310880829,0
3978,4231,"[1, 2, 3, 5, 6, 9, 11, 17, 19, 21, 23]",433,"[1, 2, 3, 5, 6, 10, 13, 15, 17, 21, 23]",79,0.632183908045977,1
3979,4231,"[1, 2, 3, 5, 6, 9, 11, 17, 19, 21, 23]",433,"[1, 2, 3, 5, 6, 10, 13, 15, 17, 21, 23]",0,0.3291814946619217,1
3980,4231,"[1, 2, 3, 5, 6, 9, 11, 17, 19, 21, 23]",433,"[1, 2, 3, 5, 6, 10, 13, 15, 17, 21, 23]",14,0.36666666666666664,0
3981,4231,"[1, 2, 3, 5, 6, 9, 11, 17, 19, 21, 23]",433,"[1, 2, 3, 5, 6, 10, 13, 15, 17, 21, 23]",20,0.37767379679144386,1
3982,4231,"[1, 2, 3, 5, 6, 9, 11, 17, 19, 21, 23]",433,"[1, 2, 3, 5, 6, 10, 13, 15, 17, 21, 23]",58,0.3282442748091603,0
3983,4231,"[1, 2, 3, 5, 6, 9, 11, 17, 19, 21, 23]",4231,"[1, 2, 3, 5, 6, 9, 11, 17, 19, 21, 23]",61,0.4460431654676259,0
3984,4231,"[1, 2, 3, 5, 6, 9, 11, 17, 19, 21, 23]",4231,"[1, 2, 3, 5, 6, 9, 11, 17, 19, 21, 23]",69,0.7391304347826086,0
3985,4231,"[1, 2, 3, 5, 6, 9, 11, 17, 19, 21, 23]",433,"[1, 2, 3, 5, 6, 10, 13, 15, 17, 21, 23]",0,0.31573896353166986,0
3986,4231,"[1, 2, 3, 5, 6, 9, 11, 17, 19, 21, 23]",433,"[1, 2, 3, 5, 6, 10, 13, 15, 17, 21, 23]",26,0.23022432113341204,0
3987,4231,"[1, 2, 3, 5, 6, 9, 11, 17, 19, 21, 23]",433,"[1, 2, 3, 5, 6, 10, 13, 15, 17, 21, 23]",49,0.31962616822429907,0
3988,4231,"[1, 2, 3, 5, 6, 9, 11, 17, 19, 21, 23]",433,"[1, 2, 3, 5, 6, 10, 13, 15, 17, 21, 23]",63,0.4186046511627907,0
3989,4231,"[1, 2, 3, 5, 6, 9, 11, 17, 19, 21, 23]",433,"[1, 2, 3, 5, 6, 10, 13, 15, 17, 21, 23]",69,0.3953488372093023,0
3990,4231,"[1, 2, 3, 5, 6, 9, 11, 17, 19, 21, 23]",433,"[1, 2, 3, 5, 6, 10, 13, 15, 17, 21, 23]",72,0.22981366459627328,1
3991,4231,"[1, 2, 3, 5, 6, 9, 11, 17, 19, 21, 23]",433,"[1, 2, 3, 5, 6, 10, 13, 15, 17, 21, 23]",82,0.2260536398467433,0
3992,4141,"[1, 2, 3, 5, 6, 10, 12, 13, 15, 16, 23]",4231,"[1, 2, 3, 5, 6, 9, 11, 17, 19, 21, 23]",0,0.4275947793660659,0
3993,4141,"[1, 2, 3, 5, 6, 10, 12, 13, 15, 16, 23]",4231,"[1, 2, 3, 5, 6, 9, 11, 17, 19, 21, 23]",49,0.563570784490532,-1
3994,442,"[1, 2, 3, 5, 6, 9, 11, 12, 16, 22, 24]",4231,"[1, 2, 3, 5, 6, 9, 11, 17, 19, 21, 23]",75,0.704,-1
3995,442,"[1, 2, 3, 5, 6, 9, 11, 12, 16, 22, 24]",3421,"[1, 3, 4, 5, 7, 8, 9, 11, 18, 20, 23]",0,0.5693928128872366,0
3996,442,"[1, 2, 3, 5, 6, 9, 11, 12, 16, 22, 24]",3421,"[1, 3, 4, 5, 7, 8, 9, 11, 18, 20, 23]",45,1.0,0
3997,442,"[1, 2, 3, 5, 6, 9, 11, 12, 16, 22, 24]",3421,"[1, 3, 4, 5, 7, 8, 9, 11, 18, 20, 23]",45,0.5843714609286523,0
3998,442,"[1, 2, 3, 5, 6, 9, 11, 12, 16, 22, 24]",4411,"[1, 2, 3, 5, 6, 9, 11, 12, 16, 19, 23]",70,0.6888217522658611,0
3999,433,"[1, 2, 3, 5, 6, 10, 13, 15, 17, 21, 23]",4141,"[1, 2, 3, 5, 6, 10, 12, 13, 15, 16, 23]",0,0.6570083303151032,3
4000,433,"[1, 2, 3, 5, 6, 10, 13, 15, 17, 21, 23]",4141,"[1, 2, 3, 5, 6, 10, 12, 13, 15, 16, 23]",57,0.46814404432132967,1
4001,4231,"[1, 2, 3, 5, 6, 9, 11, 17, 19, 21, 23]",433,"[1, 2, 3, 5, 6, 10, 13, 15, 17, 21, 23]",0,0.449468085106383,0
4002,4231,"[1, 2, 3, 5, 6, 9, 11, 17, 19, 21, 23]",433,"[1, 2, 3, 5, 6, 10, 13, 15, 17, 21, 23]",19,0.46443514644351463,0
4003,4231,"[1, 2, 3, 5, 6, 9, 11, 17, 19, 21, 23]",433,"[1, 2, 3, 5, 6, 10, 13, 15, 17, 21, 23]",45,0.3835616438356164,1
4004,4231,"[1, 2, 3, 5, 6, 9, 11, 17, 19, 21, 23]",442,"[1, 2, 3, 5, 6, 9, 11, 12, 16, 22, 24]",0,0.5672823218997362,-3
4005,4231,"[1, 2, 3, 5, 6, 9, 11, 17, 19, 21, 23]",442,"[1, 2, 3, 5, 6, 9, 11, 12, 16, 22, 24]",17,0.7235772357723578,1
4006,4231,"[1, 2, 3, 5, 6, 9, 11, 17, 19, 21, 23]",4231,"[1, 2, 3, 5, 6, 9, 11, 17, 19, 21, 23]",32,0.6410256410256411,0
4007,4231,"[1, 2, 3, 5, 6, 9, 11, 17, 19, 21, 23]",4231,"[1, 2, 3, 5, 6, 9, 11, 17, 19, 21, 23]",59,0.6846473029045643,0
4008,4231,"[1, 2, 3, 5, 6, 9, 11, 17, 19, 21, 23]",4231,"[1, 2, 3, 5, 6, 9, 11, 17, 19, 21, 23]",65,0.7006369426751592,0
4009,4231,"[1, 2, 3, 5, 6, 9, 11, 17, 19, 21, 23]",4231,"[1, 2, 3, 5, 6, 9, 11, 17, 19, 21, 23]",72,0.3289902280130293,-1
4010,442,"[1, 2, 3, 5, 6, 9, 11, 12, 16, 22, 24]",4141,"[1, 2, 3, 5, 6, 10, 12, 13, 15, 16, 23]",0,0.7706013363028953,0
4011,442,"[1, 2, 3, 5, 6, 9, 11, 12, 16, 22, 24]",4141,"[1, 2, 3, 5, 6, 10, 12, 13, 15, 16, 23]",11,0.5135135135135135,0
4012,442,"[1, 2, 3, 5, 6, 9, 11, 12, 16, 22, 24]",4141,"[1, 2, 3, 5, 6, 10, 12, 13, 15, 16, 23]",18,0.4371345029239766,0
4013,442,"[1, 2, 3, 5, 6, 9, 11, 12, 16, 22, 24]",4141,"[1, 2, 3, 5, 6, 10, 12, 13, 15, 16, 23]",37,0.5495049504950495,0
4014,442,"[1, 2, 3, 5, 6, 9, 11, 12, 16, 22, 24]",4141,"[1, 2, 3, 5, 6, 10, 12, 13, 15, 16, 23]",41,0.4934086629001883,1
4015,442,"[1, 2, 3, 5, 6, 9, 11, 12, 16, 22, 24]",4141,"[1, 2, 3, 5, 6, 10, 12, 13, 15, 16, 23]",53,0.4857142857142857,0
4016,442,"[1, 2, 3, 5, 6, 9, 11, 12, 16, 22, 24]",4141,"[1, 2, 3, 5, 6, 10, 12, 13, 15, 16, 23]",61,0.44637223974763407,1
4017,4411,"[1, 2, 3, 5, 6, 9, 11, 12, 16, 19, 23]",4231,"[1, 2, 3, 5, 6, 9, 11, 17, 19, 21, 23]",0,0.38128342245989305,4
4018,4411,"[1, 2, 3, 5, 6, 9, 11, 12, 16, 19, 23]",4231,"[1, 2, 3, 5, 6, 9, 11, 17, 19, 21, 23]",45,0.3918741808650065,-1
4019,4411,"[1, 2, 3, 5, 6, 9, 11, 12, 16, 19, 23]",4231,"[1, 2, 3, 5, 6, 9, 11, 17, 19, 21, 23]",61,0.3298245614035088,0
4020,4411,"[1, 2, 3, 5, 6, 9, 11, 12, 16, 19, 23]",4231,"[1, 2, 3, 5, 6, 9, 11, 17, 19, 21, 23]",67,0.24069478908188585,0
4021,4231,"[1, 2, 3, 5, 6, 9, 11, 17, 19, 21, 23]",433,"[1, 2, 3, 5, 6, 10, 13, 15, 17, 21, 23]",0,0.5828424153166422,-1
4022,4231,"[1, 2, 3, 5, 6, 9, 11, 17, 19, 21, 23]",433,"[1, 2, 3, 5, 6, 10, 13, 15, 17, 21, 23]",63,0.4772727272727273,0
4023,433,"[1, 2, 3, 5, 6, 10, 13, 15, 17, 21, 23]",4141,"[1, 2, 3, 5, 6, 10, 12, 13, 15, 16, 23]",0,0.6143790849673203,0
4024,433,"[1, 2, 3, 5, 6, 10, 13, 15, 17, 21, 23]",4141,"[1, 2, 3, 5, 6, 10, 12, 13, 15, 16, 23]",20,0.6321428571428571,0
4025,433,"[1, 2, 3, 5, 6, 10, 13, 15, 17, 21, 23]",4141,"[1, 2, 3, 5, 6, 10, 12, 13, 15, 16, 23]",41,0.5336538461538461,0
4026,433,"[1, 2, 3, 5, 6, 10, 13, 15, 17, 21, 23]",4141,"[1, 2, 3, 5, 6, 10, 12, 13, 15, 16, 23]",45,0.6048780487804878,0
4027,433,"[1, 2, 3, 5, 6, 10, 13, 15, 17, 21, 23]",4141,"[1, 2, 3, 5, 6, 10, 12, 13, 15, 16, 23]",54,0.7082066869300911,0
4028,433,"[1, 2, 3, 5, 6, 10, 13, 15, 17, 21, 23]",4141,"[1, 2, 3, 5, 6, 10, 12, 13, 15, 16, 23]",60,0.5645161290322581,0
4029,433,"[1, 2, 3, 5, 6, 10, 13, 15, 17, 21, 23]",4141,"[1, 2, 3, 5, 6, 10, 12, 13, 15, 16, 23]",72,0.5808383233532934,0
4030,433,"[1, 2, 3, 5, 6, 10, 13, 15, 17, 21, 23]",3412,"[1, 3, 4, 5, 7, 8, 9, 11, 19, 22, 24]",0,0.5218002812939522,1
4031,41212,"[1, 2, 3, 5, 6, 10, 13, 15, 19, 22, 24]",41212,"[1, 2, 3, 5, 6, 10, 13, 15, 19, 22, 24]",0,0.6090569173244703,-4
4032,442,"[1, 2, 3, 5, 6, 9, 11, 12, 16, 22, 24]",41212,"[1, 2, 3, 5, 6, 10, 13, 15, 19, 22, 24]",71,0.7631578947368421,0
4033,4141,"[1, 2, 3, 5, 6, 10, 12, 13, 15, 16, 23]",433,"[1, 2, 3, 5, 6, 10, 13, 15, 17, 21, 23]",0,0.2985685071574642,0
4034,4141,"[1, 2, 3, 5, 6, 10, 12, 13, 15, 16, 23]",433,"[1, 2, 3, 5, 6, 10, 13, 15, 17, 21, 23]",12,0.7575757575757576,1
4035,4141,"[1, 2, 3, 5, 6, 10, 12, 13, 15, 16, 23]",433,"[1, 2, 3, 5, 6, 10, 13, 15, 17, 21, 23]",14,0.3755656108597285,0
4036,4141,"[1, 2, 3, 5, 6, 10, 12, 13, 15, 16, 23]",433,"[1, 2, 3, 5, 6, 10, 13, 15, 17, 21, 23]",22,0.3484375,0
4037,4141,"[1, 2, 3, 5, 6, 10, 12, 13, 15, 16, 23]",4231,"[1, 2, 3, 5, 6, 9, 11, 17, 19, 21, 23]",39,0.2832764505119454,0
4038,4141,"[1, 2, 3, 5, 6, 10, 12, 13, 15, 16, 23]",4231,"[1, 2, 3, 5, 6, 9, 11, 17, 19, 21, 23]",45,0.0,0
4039,4141,"[1, 2, 3, 5, 6, 10, 12, 13, 15, 16, 23]",4231,"[1, 2, 3, 5, 6, 9, 11, 17, 19, 21, 23]",45,0.40772532188841204,0
4040,4141,"[1, 2, 3, 5, 6, 10, 12, 13, 15, 16, 23]",4231,"[1, 2, 3, 5, 6, 9, 11, 17, 19, 21, 23]",55,0.49937733499377335,0
4041,4141,"[1, 2, 3, 5, 6, 10, 12, 13, 15, 16, 23]",4231,"[1, 2, 3, 5, 6, 9, 11, 17, 19, 21, 23]",76,0.1993006993006993,0
4042,4141,"[1, 2, 3, 5, 6, 10, 12, 13, 15, 16, 23]",4411,"[1, 2, 3, 5, 6, 9, 11, 12, 16, 19, 23]",83,0.49800796812749004,0
4043,433,"[1, 2, 3, 5, 6, 10, 13, 15, 17, 21, 23]",4231,"[1, 2, 3, 5, 6, 9, 11, 17, 19, 21, 23]",0,0.5911737664725712,3
4044,433,"[1, 2, 3, 5, 6, 10, 13, 15, 17, 21, 23]",4231,"[1, 2, 3, 5, 6, 9, 11, 17, 19, 21, 23]",73,0.0,0
4045,433,"[1, 2, 3, 5, 6, 10, 13, 15, 17, 21, 23]",4231,"[1, 2, 3, 5, 6, 9, 11, 17, 19, 21, 23]",73,0.7708333333333334,0
4046,442,"[1, 2, 3, 5, 6, 9, 11, 12, 16, 22, 24]",41212,"[1, 2, 3, 5, 6, 10, 13, 15, 19, 22, 24]",0,0.2641107561235357,0
4047,442,"[1, 2, 3, 5, 6, 9, 11, 12, 16, 22, 24]",41212,"[1, 2, 3, 5, 6, 10, 13, 15, 19, 22, 24]",20,0.30876494023904383,-1
4048,442,"[1, 2, 3, 5, 6, 9, 11, 12, 16, 22, 24]",41212,"[1, 2, 3, 5, 6, 10, 13, 15, 19, 22, 24]",62,1.0,0
4049,442,"[1, 2, 3, 5, 6, 9, 11, 12, 16, 22, 24]",41212,"[1, 2, 3, 5, 6, 10, 13, 15, 19, 22, 24]",62,0.4088050314465409,0
4050,4231,"[1, 2, 3, 5, 6, 9, 11, 17, 19, 21, 23]",433,"[1, 2, 3, 5, 6, 10, 13, 15, 17, 21, 23]",0,0.5081058020477816,-1
4051,4231,"[1, 2, 3, 5, 6, 9, 11, 17, 19, 21, 23]",433,"[1, 2, 3, 5, 6, 10, 13, 15, 17, 21, 23]",58,0.7956989247311828,0
4052,4231,"[1, 2, 3, 5, 6, 9, 11, 17, 19, 21, 23]",433,"[1, 2, 3, 5, 6, 10, 13, 15, 17, 21, 23]",64,0.5506329113924051,0
4053,4231,"[1, 2, 3, 5, 6, 9, 11, 17, 19, 21, 23]",433,"[1, 2, 3, 5, 6, 10, 13, 15, 17, 21, 23]",73,0.49557522123893805,0
4054,433,"[1, 2, 3, 5, 6, 10, 13, 15, 17, 21, 23]",41212,"[1, 2, 3, 5, 6, 10, 13, 15, 19, 22, 24]",0,0.44122901036084317,2
4055,433,"[1, 2, 3, 5, 6, 10, 13, 15, 17, 21, 23]",41212,"[1, 2, 3, 5, 6, 10, 13, 15, 19, 22, 24]",68,0.4423076923076923,0
4056,433,"[1, 2, 3, 5, 6, 10, 13, 15, 17, 21, 23]",4231,"[1, 2, 3, 5, 6, 9, 11, 17, 19, 21, 23]",0,0.5140488254260709,1
4057,433,"[1, 2, 3, 5, 6, 10, 13, 15, 17, 21, 23]",3421,"[1, 3, 4, 5, 7, 8, 9, 11, 18, 20, 23]",71,0.5521885521885522,-2
4058,4231,"[1, 2, 3, 5, 6, 9, 11, 17, 19, 21, 23]",433,"[1, 2, 3, 5, 6, 10, 13, 15, 17, 21, 23]",0,0.3251617296561117,3
4059,433,"[1, 2, 3, 5, 6, 10, 13, 15, 17, 21, 23]",433,"[1, 2, 3, 5, 6, 10, 13, 15, 17, 21, 23]",0,0.34285714285714286,0
4060,433,"[1, 2, 3, 5, 6, 10, 13, 15, 17, 21, 23]",4231,"[1, 2, 3, 5, 6, 9, 11, 17, 19, 21, 23]",0,0.5845070422535211,2
4061,433,"[1, 2, 3, 5, 6, 10, 13, 15, 17, 21, 23]",4411,"[1, 2, 3, 5, 6, 9, 11, 12, 16, 19, 23]",24,0.615819209039548,1
4062,4231,"[1, 2, 3, 5, 6, 9, 11, 17, 19, 21, 23]",4141,"[1, 2, 3, 5, 6, 10, 12, 13, 15, 16, 23]",0,0.5824022346368715,1
4063,4231,"[1, 2, 3, 5, 6, 9, 11, 17, 19, 21, 23]",4411,"[1, 2, 3, 5, 6, 9, 11, 12, 16, 19, 23]",74,0.06451612903225806,0
4064,41212,"[1, 2, 3, 5, 6, 10, 13, 15, 19, 22, 24]",352,"[1, 3, 4, 5, 7, 8, 10, 13, 15, 22, 24]",0,0.7513227513227513,0
4065,41212,"[1, 2, 3, 5, 6, 10, 13, 15, 19, 22, 24]",352,"[1, 3, 4, 5, 7, 8, 10, 13, 15, 22, 24]",11,0.5759955131800336,0
4066,41212,"[1, 2, 3, 5, 6, 10, 13, 15, 19, 22, 24]",4411,"[1, 2, 3, 5, 6, 9, 11, 12, 16, 19, 23]",56,0.786053882725832,0
4067,41212,"[1, 2, 3, 5, 6, 10, 13, 15, 19, 22, 24]",352,"[1, 3, 4, 5, 7, 8, 10, 13, 15, 22, 24]",0,0.512118018967334,0
4068,41212,"[1, 2, 3, 5, 6, 10, 13, 15, 19, 22, 24]",433,"[1, 2, 3, 5, 6, 10, 13, 15, 17, 21, 23]",45,0.5401730531520396,1
4069,4231,"[1, 2, 3, 5, 6, 9, 11, 17, 19, 21, 23]",433,"[1, 2, 3, 5, 6, 10, 13, 15, 17, 21, 23]",63,0.6568047337278107,0
4070,433,"[1, 2, 3, 5, 6, 10, 13, 15, 17, 21, 23]",442,"[1, 2, 3, 5, 6, 9, 11, 12, 16, 22, 24]",0,0.6474628004578405,0
4071,433,"[1, 2, 3, 5, 6, 10, 13, 15, 17, 21, 23]",442,"[1, 2, 3, 5, 6, 9, 11, 12, 16, 22, 24]",68,0.40384615384615385,0
4072,4141,"[1, 2, 3, 5, 6, 10, 12, 13, 15, 16, 23]",433,"[1, 2, 3, 5, 6, 10, 13, 15, 17, 21, 23]",0,0.25705329153605017,-2
4073,4411,"[1, 2, 3, 5, 6, 9, 11, 12, 16, 19, 23]",433,"[1, 2, 3, 5, 6, 10, 13, 15, 17, 21, 23]",55,0.39162112932604737,-1
4074,4411,"[1, 2, 3, 5, 6, 9, 11, 12, 16, 19, 23]",433,"[1, 2, 3, 5, 6, 10, 13, 15, 17, 21, 23]",69,0.2993730407523511,0
4075,4411,"[1, 2, 3, 5, 6, 9, 11, 12, 16, 19, 23]",433,"[1, 2, 3, 5, 6, 10, 13, 15, 17, 21, 23]",82,0.22282608695652173,0
4076,4231,"[1, 2, 3, 5, 6, 9, 11, 17, 19, 21, 23]",4141,"[1, 2, 3, 5, 6, 10, 12, 13, 15, 16, 23]",0,0.6822204344328238,-2
4077,4231,"[1, 2, 3, 5, 6, 9, 11, 17, 19, 21, 23]",4141,"[1, 2, 3, 5, 6, 10, 12, 13, 15, 16, 23]",60,0.6382743362831859,1
4078,433,"[1, 2, 3, 5, 6, 10, 13, 15, 17, 21, 23]",442,"[1, 2, 3, 5, 6, 9, 11, 12, 16, 22, 24]",0,0.5782167645488521,2
4079,442,"[1, 2, 3, 5, 6, 9, 11, 12, 16, 22, 24]",4231,"[1, 2, 3, 5, 6, 9, 11, 17, 19, 21, 23]",0,0.5480464625131996,0
4080,4231,"[1, 2, 3, 5, 6, 9, 11, 17, 19, 21, 23]",4231,"[1, 2, 3, 5, 6, 9, 11, 17, 19, 21, 23]",51,0.6058823529411764,1
4081,4231,"[1, 2, 3, 5, 6, 9, 11, 17, 19, 21, 23]",4231,"[1, 2, 3, 5, 6, 9, 11, 17, 19, 21, 23]",60,0.3856655290102389,0
4082,4231,"[1, 2, 3, 5, 6, 9, 11, 17, 19, 21, 23]",4231,"[1, 2, 3, 5, 6, 9, 11, 17, 19, 21, 23]",67,0.49266862170087977,0
4083,433,"[1, 2, 3, 5, 6, 10, 13, 15, 17, 21, 23]",433,"[1, 2, 3, 5, 6, 10, 13, 15, 17, 21, 23]",0,0.6002994011976048,0
4084,433,"[1, 2, 3, 5, 6, 10, 13, 15, 17, 21, 23]",433,"[1, 2, 3, 5, 6, 10, 13, 15, 17, 21, 23]",18,0.5555555555555556,1
4085,4231,"[1, 2, 3, 5, 6, 9, 11, 17, 19, 21, 23]",433,"[1, 2, 3, 5, 6, 10, 13, 15, 17, 21, 23]",45,0.41208791208791207,0
4086,4231,"[1, 2, 3, 5, 6, 9, 11, 17, 19, 21, 23]",433,"[1, 2, 3, 5, 6, 10, 13, 15, 17, 21, 23]",58,0.759493670886076,0
4087,4231,"[1, 2, 3, 5, 6, 9, 11, 17, 19, 21, 23]",433,"[1, 2, 3, 5, 6, 10, 13, 15, 17, 21, 23]",64,0.38571428571428573,0
4088,4231,"[1, 2, 3, 5, 6, 9, 11, 17, 19, 21, 23]",4411,"[1, 2, 3, 5, 6, 9, 11, 12, 16, 19, 23]",66,0.5661375661375662,0
4089,4231,"[1, 2, 3, 5, 6, 9, 11, 17, 19, 21, 23]",4411,"[1, 2, 3, 5, 6, 9, 11, 12, 16, 19, 23]",82,0.5048076923076923,0
4090,433,"[1, 2, 3, 5, 6, 10, 13, 15, 17, 21, 23]",442,"[1, 2, 3, 5, 6, 9, 11, 12, 16, 22, 24]",0,0.5109151973131822,-1
4091,4231,"[1, 2, 3, 5, 6, 9, 11, 17, 19, 21, 23]",442,"[1, 2, 3, 5, 6, 9, 11, 12, 16, 22, 24]",63,0.7638888888888888,0
4092,4231,"[1, 2, 3, 5, 6, 9, 11, 17, 19, 21, 23]",442,"[1, 2, 3, 5, 6, 9, 11, 12, 16, 22, 24]",64,0.4186046511627907,0
4093,4141,"[1, 2, 3, 5, 6, 10, 12, 13, 15, 16, 23]",4231,"[1, 2, 3, 5, 6, 9, 11, 17, 19, 21, 23]",0,0.5219758848697005,0
4094,4141,"[1, 2, 3, 5, 6, 10, 12, 13, 15, 16, 23]",4231,"[1, 2, 3, 5, 6, 9, 11, 17, 19, 21, 23]",59,0.43884892086330934,0
4095,442,"[1, 2, 3, 5, 6, 9, 11, 12, 16, 22, 24]",433,"[1, 2, 3, 5, 6, 10, 13, 15, 17, 21, 23]",0,0.5530960215375411,-1
4096,4231,"[1, 2, 3, 5, 6, 9, 11, 17, 19, 21, 23]",442,"[1, 2, 3, 5, 6, 9, 11, 12, 16, 22, 24]",0,0.539776462853386,2
4097,4231,"[1, 2, 3, 5, 6, 9, 11, 17, 19, 21, 23]",442,"[1, 2, 3, 5, 6, 9, 11, 12, 16, 22, 24]",45,0.5875118259224219,0
4098,4231,"[1, 2, 3, 5, 6, 9, 11, 17, 19, 21, 23]",442,"[1, 2, 3, 5, 6, 9, 11, 12, 16, 22, 24]",70,0.6356164383561644,0
4099,4231,"[1, 2, 3, 5, 6, 9, 11, 17, 19, 21, 23]",442,"[1, 2, 3, 5, 6, 9, 11, 12, 16, 22, 24]",80,0.5257731958762887,-1
4100,4231,"[1, 2, 3, 5, 6, 9, 11, 17, 19, 21, 23]",4231,"[1, 2, 3, 5, 6, 9, 11, 17, 19, 21, 23]",0,0.5146198830409356,0
4101,4231,"[1, 2, 3, 5, 6, 9, 11, 17, 19, 21, 23]",4231,"[1, 2, 3, 5, 6, 9, 11, 17, 19, 21, 23]",31,0.5382185723310171,0
4102,4411,"[1, 2, 3, 5, 6, 9, 11, 12, 16, 19, 23]",41212,"[1, 2, 3, 5, 6, 10, 13, 15, 19, 22, 24]",0,0.43676222596964587,0
4103,4411,"[1, 2, 3, 5, 6, 9, 11, 12, 16, 19, 23]",41212,"[1, 2, 3, 5, 6, 10, 13, 15, 19, 22, 24]",11,0.47845953002610964,0
4104,4411,"[1, 2, 3, 5, 6, 9, 11, 12, 16, 19, 23]",433,"[1, 2, 3, 5, 6, 10, 13, 15, 17, 21, 23]",45,0.5423076923076923,0
4105,4411,"[1, 2, 3, 5, 6, 9, 11, 12, 16, 19, 23]",433,"[1, 2, 3, 5, 6, 10, 13, 15, 17, 21, 23]",63,0.3624733475479744,1
4106,433,"[1, 2, 3, 5, 6, 10, 13, 15, 17, 21, 23]",442,"[1, 2, 3, 5, 6, 9, 11, 12, 16, 22, 24]",0,0.71435546875,2
4107,433,"[1, 2, 3, 5, 6, 10, 13, 15, 17, 21, 23]",442,"[1, 2, 3, 5, 6, 9, 11, 12, 16, 22, 24]",45,0.7118463180362861,-1
4108,41212,"[1, 2, 3, 5, 6, 10, 13, 15, 19, 22, 24]",41212,"[1, 2, 3, 5, 6, 10, 13, 15, 19, 22, 24]",0,0.5061371841155234,-1
4109,433,"[1, 2, 3, 5, 6, 10, 13, 15, 17, 21, 23]",343,"[1, 3, 4, 5, 7, 8, 9, 11, 17, 21, 23]",0,0.6955882352941176,0
4110,433,"[1, 2, 3, 5, 6, 10, 13, 15, 17, 21, 23]",343,"[1, 3, 4, 5, 7, 8, 9, 11, 17, 21, 23]",25,0.4838160136286201,0
4111,433,"[1, 2, 3, 5, 6, 10, 13, 15, 17, 21, 23]",343,"[1, 3, 4, 5, 7, 8, 9, 11, 17, 21, 23]",38,0.8096707818930041,2
4112,433,"[1, 2, 3, 5, 6, 10, 13, 15, 17, 21, 23]",433,"[1, 2, 3, 5, 6, 10, 13, 15, 17, 21, 23]",0,0.682,0
4113,433,"[1, 2, 3, 5, 6, 10, 13, 15, 17, 21, 23]",433,"[1, 2, 3, 5, 6, 10, 13, 15, 17, 21, 23]",9,0.5869565217391305,0
4114,433,"[1, 2, 3, 5, 6, 10, 13, 15, 17, 21, 23]",433,"[1, 2, 3, 5, 6, 10, 13, 15, 17, 21, 23]",31,0.7395397489539749,0
4115,433,"[1, 2, 3, 5, 6, 10, 13, 15, 17, 21, 23]",433,"[1, 2, 3, 5, 6, 10, 13, 15, 17, 21, 23]",52,0.6529516994633273,0
4116,433,"[1, 2, 3, 5, 6, 10, 13, 15, 17, 21, 23]",433,"[1, 2, 3, 5, 6, 10, 13, 15, 17, 21, 23]",66,0.0,0
4117,433,"[1, 2, 3, 5, 6, 10, 13, 15, 17, 21, 23]",433,"[1, 2, 3, 5, 6, 10, 13, 15, 17, 21, 23]",67,0.7490774907749077,0
4118,4141,"[1, 2, 3, 5, 6, 10, 12, 13, 15, 16, 23]",4231,"[1, 2, 3, 5, 6, 9, 11, 17, 19, 21, 23]",0,0.5738526802930968,-1
4119,4141,"[1, 2, 3, 5, 6, 10, 12, 13, 15, 16, 23]",4231,"[1, 2, 3, 5, 6, 9, 11, 17, 19, 21, 23]",63,0.8260869565217391,0
4120,4141,"[1, 2, 3, 5, 6, 10, 12, 13, 15, 16, 23]",4231,"[1, 2, 3, 5, 6, 9, 11, 17, 19, 21, 23]",72,1.0,0
4121,4231,"[1, 2, 3, 5, 6, 9, 11, 17, 19, 21, 23]",4231,"[1, 2, 3, 5, 6, 9, 11, 17, 19, 21, 23]",72,0.8519736842105263,1
4122,4231,"[1, 2, 3, 5, 6, 9, 11, 17, 19, 21, 23]",4231,"[1, 2, 3, 5, 6, 9, 11, 17, 19, 21, 23]",80,0.6205128205128205,0
4123,442,"[1, 2, 3, 5, 6, 9, 11, 12, 16, 22, 24]",343,"[1, 3, 4, 5, 7, 8, 9, 11, 17, 21, 23]",0,0.42485549132947975,-1
4124,442,"[1, 2, 3, 5, 6, 9, 11, 12, 16, 22, 24]",352,"[1, 3, 4, 5, 7, 8, 10, 13, 15, 22, 24]",9,0.7160493827160493,0
4125,41212,"[1, 2, 3, 5, 6, 10, 13, 15, 19, 22, 24]",352,"[1, 3, 4, 5, 7, 8, 10, 13, 15, 22, 24]",12,0.5231335436382755,3
4126,41212,"[1, 2, 3, 5, 6, 10, 13, 15, 19, 22, 24]",442,"[1, 2, 3, 5, 6, 9, 11, 12, 16, 22, 24]",64,0.31496062992125984,0
4127,442,"[1, 2, 3, 5, 6, 9, 11, 12, 16, 22, 24]",4141,"[1, 2, 3, 5, 6, 10, 12, 13, 15, 16, 23]",0,0.6145517540060632,-1
4128,442,"[1, 2, 3, 5, 6, 9, 11, 12, 16, 22, 24]",4141,"[1, 2, 3, 5, 6, 10, 12, 13, 15, 16, 23]",58,0.7241379310344828,0
4129,4231,"[1, 2, 3, 5, 6, 9, 11, 17, 19, 21, 23]",442,"[1, 2, 3, 5, 6, 9, 11, 12, 16, 22, 24]",0,0.47521519738794893,1
4130,442,"[1, 2, 3, 5, 6, 9, 11, 12, 16, 22, 24]",4231,"[1, 2, 3, 5, 6, 9, 11, 17, 19, 21, 23]",0,0.6959896507115135,0
4131,41212,"[1, 2, 3, 5, 6, 10, 13, 15, 19, 22, 24]",4231,"[1, 2, 3, 5, 6, 9, 11, 17, 19, 21, 23]",59,0.21895424836601307,0
4132,41212,"[1, 2, 3, 5, 6, 10, 13, 15, 19, 22, 24]",4231,"[1, 2, 3, 5, 6, 9, 11, 17, 19, 21, 23]",68,0.27613412228796846,0
4133,41212,"[1, 2, 3, 5, 6, 10, 13, 15, 19, 22, 24]",4141,"[1, 2, 3, 5, 6, 10, 12, 13, 15, 16, 23]",0,0.46013390139987825,2
4134,41212,"[1, 2, 3, 5, 6, 10, 13, 15, 19, 22, 24]",4141,"[1, 2, 3, 5, 6, 10, 12, 13, 15, 16, 23]",43,0.33438735177865614,1
4135,41212,"[1, 2, 3, 5, 6, 10, 13, 15, 19, 22, 24]",4141,"[1, 2, 3, 5, 6, 10, 12, 13, 15, 16, 23]",75,0.3589108910891089,0
4136,4231,"[1, 2, 3, 5, 6, 9, 11, 17, 19, 21, 23]",433,"[1, 2, 3, 5, 6, 10, 13, 15, 17, 21, 23]",0,0.3288888888888889,1
4137,4231,"[1, 2, 3, 5, 6, 9, 11, 17, 19, 21, 23]",433,"[1, 2, 3, 5, 6, 10, 13, 15, 17, 21, 23]",57,0.08333333333333333,0
4138,4231,"[1, 2, 3, 5, 6, 9, 11, 17, 19, 21, 23]",41212,"[1, 2, 3, 5, 6, 10, 13, 15, 19, 22, 24]",67,0.13815789473684212,-1
4139,41212,"[1, 2, 3, 5, 6, 10, 13, 15, 19, 22, 24]",352,"[1, 3, 4, 5, 7, 8, 10, 13, 15, 22, 24]",0,0.6571246819338422,2
4140,41212,"[1, 2, 3, 5, 6, 10, 13, 15, 19, 22, 24]",41212,"[1, 2, 3, 5, 6, 10, 13, 15, 19, 22, 24]",73,0.5606060606060606,0
4141,4231,"[1, 2, 3, 5, 6, 9, 11, 17, 19, 21, 23]",4231,"[1, 2, 3, 5, 6, 9, 11, 17, 19, 21, 23]",0,0.4007272727272727,1
4142,4231,"[1, 2, 3, 5, 6, 9, 11, 17, 19, 21, 23]",41212,"[1, 2, 3, 5, 6, 10, 13, 15, 19, 22, 24]",0,0.4918887601390498,-1
4143,4231,"[1, 2, 3, 5, 6, 9, 11, 17, 19, 21, 23]",41212,"[1, 2, 3, 5, 6, 10, 13, 15, 19, 22, 24]",45,0.5770171149144254,0
4144,4231,"[1, 2, 3, 5, 6, 9, 11, 17, 19, 21, 23]",4141,"[1, 2, 3, 5, 6, 10, 12, 13, 15, 16, 23]",65,0.5860566448801743,-1
4145,4231,"[1, 2, 3, 5, 6, 9, 11, 17, 19, 21, 23]",442,"[1, 2, 3, 5, 6, 9, 11, 12, 16, 22, 24]",0,0.6090169992609017,-1
4146,4231,"[1, 2, 3, 5, 6, 9, 11, 17, 19, 21, 23]",442,"[1, 2, 3, 5, 6, 9, 11, 12, 16, 22, 24]",70,0.7119741100323624,-2
4147,4231,"[1, 2, 3, 5, 6, 9, 11, 17, 19, 21, 23]",4141,"[1, 2, 3, 5, 6, 10, 12, 13, 15, 16, 23]",78,0.47103274559193953,0
4148,4231,"[1, 2, 3, 5, 6, 9, 11, 17, 19, 21, 23]",433,"[1, 2, 3, 5, 6, 10, 13, 15, 17, 21, 23]",0,0.5008337965536409,0
4149,4231,"[1, 2, 3, 5, 6, 9, 11, 17, 19, 21, 23]",4231,"[1, 2, 3, 5, 6, 9, 11, 17, 19, 21, 23]",45,0.4329608938547486,0
4150,4231,"[1, 2, 3, 5, 6, 9, 11, 17, 19, 21, 23]",4231,"[1, 2, 3, 5, 6, 9, 11, 17, 19, 21, 23]",54,0.3888888888888889,0
4151,433,"[1, 2, 3, 5, 6, 10, 13, 15, 17, 21, 23]",4231,"[1, 2, 3, 5, 6, 9, 11, 17, 19, 21, 23]",62,0.543613707165109,-1
4152,433,"[1, 2, 3, 5, 6, 10, 13, 15, 17, 21, 23]",4231,"[1, 2, 3, 5, 6, 9, 11, 17, 19, 21, 23]",79,0.5567010309278351,0
4153,442,"[1, 2, 3, 5, 6, 9, 11, 12, 16, 22, 24]",4141,"[1, 2, 3, 5, 6, 10, 12, 13, 15, 16, 23]",0,0.5779666557698594,-1
4154,4231,"[1, 2, 3, 5, 6, 9, 11, 17, 19, 21, 23]",4141,"[1, 2, 3, 5, 6, 10, 12, 13, 15, 16, 23]",0,0.6403695806680881,0
4155,4231,"[1, 2, 3, 5, 6, 9, 11, 17, 19, 21, 23]",4411,"[1, 2, 3, 5, 6, 9, 11, 12, 16, 19, 23]",36,0.624263839811543,0
4156,4231,"[1, 2, 3, 5, 6, 9, 11, 17, 19, 21, 23]",4411,"[1, 2, 3, 5, 6, 9, 11, 12, 16, 19, 23]",56,0.712280701754386,-2
4157,4231,"[1, 2, 3, 5, 6, 9, 11, 17, 19, 21, 23]",4411,"[1, 2, 3, 5, 6, 9, 11, 12, 16, 19, 23]",64,0.7785388127853882,1
4158,4231,"[1, 2, 3, 5, 6, 9, 11, 17, 19, 21, 23]",4231,"[1, 2, 3, 5, 6, 9, 11, 17, 19, 21, 23]",0,0.5693069306930693,0
4159,4231,"[1, 2, 3, 5, 6, 9, 11, 17, 19, 21, 23]",433,"[1, 2, 3, 5, 6, 10, 13, 15, 17, 21, 23]",19,0.6655546288573811,2
4160,4231,"[1, 2, 3, 5, 6, 9, 11, 17, 19, 21, 23]",4231,"[1, 2, 3, 5, 6, 9, 11, 17, 19, 21, 23]",61,0.5757575757575758,-1
4161,451,"[1, 2, 3, 5, 6, 10, 12, 13, 15, 16, 23]",4231,"[1, 2, 3, 5, 6, 9, 11, 17, 19, 21, 23]",66,0.47560975609756095,0
4162,451,"[1, 2, 3, 5, 6, 10, 12, 13, 15, 16, 23]",4231,"[1, 2, 3, 5, 6, 9, 11, 17, 19, 21, 23]",75,0.42857142857142855,0
4163,433,"[1, 2, 3, 5, 6, 10, 13, 15, 17, 21, 23]",343,"[1, 3, 4, 5, 7, 8, 9, 11, 17, 21, 23]",0,0.6934137291280148,3
4164,4231,"[1, 2, 3, 5, 6, 9, 11, 17, 19, 21, 23]",343,"[1, 3, 4, 5, 7, 8, 9, 11, 17, 21, 23]",49,0.5651515151515152,2
4165,4231,"[1, 2, 3, 5, 6, 9, 11, 17, 19, 21, 23]",343,"[1, 3, 4, 5, 7, 8, 9, 11, 17, 21, 23]",64,0.6866812227074236,1
4166,442,"[1, 2, 3, 5, 6, 9, 11, 12, 16, 22, 24]",433,"[1, 2, 3, 5, 6, 10, 13, 15, 17, 21, 23]",0,0.4756554307116105,0
4167,442,"[1, 2, 3, 5, 6, 9, 11, 12, 16, 22, 24]",433,"[1, 2, 3, 5, 6, 10, 13, 15, 17, 21, 23]",13,0.3996148290804044,0
4168,4411,"[1, 2, 3, 5, 6, 9, 11, 12, 16, 19, 23]",433,"[1, 2, 3, 5, 6, 10, 13, 15, 17, 21, 23]",68,0.5,0
4169,433,"[1, 2, 3, 5, 6, 10, 13, 15, 17, 21, 23]",41212,"[1, 2, 3, 5, 6, 10, 13, 15, 19, 22, 24]",0,0.46882217090069284,-1
4170,4231,"[1, 2, 3, 5, 6, 9, 11, 17, 19, 21, 23]",41212,"[1, 2, 3, 5, 6, 10, 13, 15, 19, 22, 24]",34,0.43489254108723135,0
4171,4231,"[1, 2, 3, 5, 6, 9, 11, 17, 19, 21, 23]",41212,"[1, 2, 3, 5, 6, 10, 13, 15, 19, 22, 24]",45,0.5641025641025641,0
4172,4231,"[1, 2, 3, 5, 6, 9, 11, 17, 19, 21, 23]",41212,"[1, 2, 3, 5, 6, 10, 13, 15, 19, 22, 24]",76,0.7592592592592593,1
4173,41212,"[1, 2, 3, 5, 6, 10, 13, 15, 19, 22, 24]",4231,"[1, 2, 3, 5, 6, 9, 11, 17, 19, 21, 23]",0,0.6627218934911243,0
4174,41212,"[1, 2, 3, 5, 6, 10, 13, 15, 19, 22, 24]",4231,"[1, 2, 3, 5, 6, 9, 11, 17, 19, 21, 23]",20,0.7312430011198209,2
4175,41212,"[1, 2, 3, 5, 6, 10, 13, 15, 19, 22, 24]",4231,"[1, 2, 3, 5, 6, 9, 11, 17, 19, 21, 23]",45,0.4306260575296108,1
4176,433,"[1, 2, 3, 5, 6, 10, 13, 15, 17, 21, 23]",4231,"[1, 2, 3, 5, 6, 9, 11, 17, 19, 21, 23]",0,0.5646893974778141,1
4177,4411,"[1, 2, 3, 5, 6, 9, 11, 12, 16, 19, 23]",4231,"[1, 2, 3, 5, 6, 9, 11, 17, 19, 21, 23]",59,0.05263157894736842,0
4178,4411,"[1, 2, 3, 5, 6, 9, 11, 12, 16, 19, 23]",442,"[1, 2, 3, 5, 6, 9, 11, 12, 16, 22, 24]",59,0.3359683794466403,1
4179,4231,"[1, 2, 3, 5, 6, 9, 11, 17, 19, 21, 23]",4411,"[1, 2, 3, 5, 6, 9, 11, 12, 16, 19, 23]",0,0.7121414276184123,0
4180,4231,"[1, 2, 3, 5, 6, 9, 11, 17, 19, 21, 23]",4411,"[1, 2, 3, 5, 6, 9, 11, 12, 16, 19, 23]",71,0.33793103448275863,0
4181,4231,"[1, 2, 3, 5, 6, 9, 11, 17, 19, 21, 23]",4411,"[1, 2, 3, 5, 6, 9, 11, 12, 16, 19, 23]",75,0.5947136563876652,0
4182,433,"[1, 2, 3, 5, 6, 10, 13, 15, 17, 21, 23]",4141,"[1, 2, 3, 5, 6, 10, 12, 13, 15, 16, 23]",0,0.638095238095238,0
4183,433,"[1, 2, 3, 5, 6, 10, 13, 15, 17, 21, 23]",4141,"[1, 2, 3, 5, 6, 10, 12, 13, 15, 16, 23]",17,0.5846016114592659,0
4184,433,"[1, 2, 3, 5, 6, 10, 13, 15, 17, 21, 23]",4141,"[1, 2, 3, 5, 6, 10, 12, 13, 15, 16, 23]",45,0.5277207392197125,0
4185,433,"[1, 2, 3, 5, 6, 10, 13, 15, 17, 21, 23]",4141,"[1, 2, 3, 5, 6, 10, 12, 13, 15, 16, 23]",56,0.6716867469879518,1
4186,433,"[1, 2, 3, 5, 6, 10, 13, 15, 17, 21, 23]",4141,"[1, 2, 3, 5, 6, 10, 12, 13, 15, 16, 23]",74,0.5769230769230769,0
4187,433,"[1, 2, 3, 5, 6, 10, 13, 15, 17, 21, 23]",442,"[1, 2, 3, 5, 6, 9, 11, 12, 16, 22, 24]",0,0.5437956204379562,0
4188,433,"[1, 2, 3, 5, 6, 10, 13, 15, 17, 21, 23]",442,"[1, 2, 3, 5, 6, 9, 11, 12, 16, 22, 24]",6,0.5321888412017167,0
4189,433,"[1, 2, 3, 5, 6, 10, 13, 15, 17, 21, 23]",442,"[1, 2, 3, 5, 6, 9, 11, 12, 16, 22, 24]",38,0.584375,0
4190,433,"[1, 2, 3, 5, 6, 10, 13, 15, 17, 21, 23]",442,"[1, 2, 3, 5, 6, 9, 11, 12, 16, 22, 24]",45,1.0,0
4191,433,"[1, 2, 3, 5, 6, 10, 13, 15, 17, 21, 23]",442,"[1, 2, 3, 5, 6, 9, 11, 12, 16, 22, 24]",45,0.5221674876847291,0
4192,442,"[1, 2, 3, 5, 6, 9, 11, 12, 16, 22, 24]",433,"[1, 2, 3, 5, 6, 10, 13, 15, 17, 21, 23]",0,0.3651599796851194,0
4193,442,"[1, 2, 3, 5, 6, 9, 11, 12, 16, 22, 24]",433,"[1, 2, 3, 5, 6, 10, 13, 15, 17, 21, 23]",45,0.28893550078657576,-2
4194,4141,"[1, 2, 3, 5, 6, 10, 12, 13, 15, 16, 23]",4231,"[1, 2, 3, 5, 6, 9, 11, 17, 19, 21, 23]",0,0.431266846361186,1
4195,433,"[1, 2, 3, 5, 6, 10, 13, 15, 17, 21, 23]",4231,"[1, 2, 3, 5, 6, 9, 11, 17, 19, 21, 23]",0,0.550561797752809,0
4196,433,"[1, 2, 3, 5, 6, 10, 13, 15, 17, 21, 23]",4231,"[1, 2, 3, 5, 6, 9, 11, 17, 19, 21, 23]",12,0.39222042139384117,0
4197,433,"[1, 2, 3, 5, 6, 10, 13, 15, 17, 21, 23]",4231,"[1, 2, 3, 5, 6, 9, 11, 17, 19, 21, 23]",45,0.3723252496433666,2
4198,4141,"[1, 2, 3, 5, 6, 10, 12, 13, 15, 16, 23]",442,"[1, 2, 3, 5, 6, 9, 11, 12, 16, 22, 24]",0,0.5311053984575835,-2
4199,4141,"[1, 2, 3, 5, 6, 10, 12, 13, 15, 16, 23]",442,"[1, 2, 3, 5, 6, 9, 11, 12, 16, 22, 24]",48,0.5107832009080591,1
4200,4141,"[1, 2, 3, 5, 6, 10, 12, 13, 15, 16, 23]",433,"[1, 2, 3, 5, 6, 10, 13, 15, 17, 21, 23]",65,0.5338709677419354,0
4201,442,"[1, 2, 3, 5, 6, 9, 11, 12, 16, 22, 24]",433,"[1, 2, 3, 5, 6, 10, 13, 15, 17, 21, 23]",79,0.7160493827160493,0
4202,4231,"[1, 2, 3, 5, 6, 9, 11, 17, 19, 21, 23]",4141,"[1, 2, 3, 5, 6, 10, 12, 13, 15, 16, 23]",0,0.40811660474421263,-2
4203,442,"[1, 2, 3, 5, 6, 9, 11, 12, 16, 22, 24]",433,"[1, 2, 3, 5, 6, 10, 13, 15, 17, 21, 23]",0,0.5049019607843137,0
4204,442,"[1, 2, 3, 5, 6, 9, 11, 12, 16, 22, 24]",433,"[1, 2, 3, 5, 6, 10, 13, 15, 17, 21, 23]",17,0.6593591905564924,-1
4205,433,"[1, 2, 3, 5, 6, 10, 13, 15, 17, 21, 23]",433,"[1, 2, 3, 5, 6, 10, 13, 15, 17, 21, 23]",45,0.5479876160990712,0
4206,433,"[1, 2, 3, 5, 6, 10, 13, 15, 17, 21, 23]",433,"[1, 2, 3, 5, 6, 10, 13, 15, 17, 21, 23]",53,0.5662100456621004,-1
4207,433,"[1, 2, 3, 5, 6, 10, 13, 15, 17, 21, 23]",433,"[1, 2, 3, 5, 6, 10, 13, 15, 17, 21, 23]",60,0.5623306233062331,0
4208,41212,"[1, 2, 3, 5, 6, 10, 13, 15, 19, 22, 24]",4231,"[1, 2, 3, 5, 6, 9, 11, 17, 19, 21, 23]",0,0.26863572433192684,0
4209,41212,"[1, 2, 3, 5, 6, 10, 13, 15, 19, 22, 24]",4231,"[1, 2, 3, 5, 6, 9, 11, 17, 19, 21, 23]",17,0.34579439252336447,0
4210,4231,"[1, 2, 3, 5, 6, 9, 11, 17, 19, 21, 23]",4231,"[1, 2, 3, 5, 6, 9, 11, 17, 19, 21, 23]",45,0.13636363636363635,0
4211,4231,"[1, 2, 3, 5, 6, 9, 11, 17, 19, 21, 23]",4231,"[1, 2, 3, 5, 6, 9, 11, 17, 19, 21, 23]",45,0.3438485804416404,2
4212,4231,"[1, 2, 3, 5, 6, 9, 11, 17, 19, 21, 23]",4231,"[1, 2, 3, 5, 6, 9, 11, 17, 19, 21, 23]",55,0.27607361963190186,0
4213,4231,"[1, 2, 3, 5, 6, 9, 11, 17, 19, 21, 23]",3412,"[1, 3, 4, 5, 7, 8, 9, 11, 19, 22, 24]",59,0.3488372093023256,0
4214,4231,"[1, 2, 3, 5, 6, 9, 11, 17, 19, 21, 23]",3412,"[1, 3, 4, 5, 7, 8, 9, 11, 19, 22, 24]",64,0.2605633802816901,0
4215,343,"[1, 3, 4, 5, 7, 8, 9, 11, 17, 21, 23]",3412,"[1, 3, 4, 5, 7, 8, 9, 11, 19, 22, 24]",68,0.22884012539184953,-1
4216,343,"[1, 3, 4, 5, 7, 8, 9, 11, 17, 21, 23]",3412,"[1, 3, 4, 5, 7, 8, 9, 11, 19, 22, 24]",76,0.2631578947368421,0
4217,4231,"[1, 2, 3, 5, 6, 9, 11, 17, 19, 21, 23]",4231,"[1, 2, 3, 5, 6, 9, 15, 17, 19, 21, 23]",0,0.5048346055979643,1
4218,4231,"[1, 2, 3, 5, 6, 9, 11, 17, 19, 21, 23]",4231,"[1, 2, 3, 5, 6, 9, 15, 17, 19, 21, 23]",55,0.3625,0
4219,3511,"[1, 3, 4, 5, 7, 8, 10, 13, 15, 19, 23]",4231,"[1, 2, 3, 5, 6, 9, 15, 17, 19, 21, 23]",68,0.43838862559241704,0
4220,4231,"[1, 2, 3, 5, 6, 9, 11, 17, 19, 21, 23]",3412,"[1, 3, 4, 5, 7, 8, 9, 11, 19, 22, 24]",0,0.47352342158859473,2
4221,4231,"[1, 2, 3, 5, 6, 9, 11, 17, 19, 21, 23]",3412,"[1, 3, 4, 5, 7, 8, 9, 11, 19, 22, 24]",45,1.0,0
4222,4231,"[1, 2, 3, 5, 6, 9, 11, 17, 19, 21, 23]",433,"[1, 2, 3, 5, 6, 10, 13, 15, 17, 21, 23]",45,0.38685344827586204,0
4223,4231,"[1, 2, 3, 5, 6, 9, 11, 17, 19, 21, 23]",433,"[1, 2, 3, 5, 6, 10, 13, 15, 17, 21, 23]",67,0.24390243902439024,0
4224,4231,"[1, 2, 3, 5, 6, 9, 11, 17, 19, 21, 23]",442,"[1, 2, 3, 5, 6, 9, 11, 12, 16, 22, 24]",77,0.5686274509803921,0
4225,442,"[1, 2, 3, 5, 6, 9, 11, 12, 16, 22, 24]",41212,"[1, 2, 3, 5, 6, 10, 13, 15, 19, 22, 24]",0,0.460575296108291,0
4226,433,"[1, 2, 3, 5, 6, 10, 13, 15, 17, 21, 23]",433,"[1, 2, 3, 5, 6, 10, 13, 15, 17, 21, 23]",0,0.5138888888888888,0
4227,41212,"[1, 2, 3, 5, 6, 10, 13, 15, 19, 22, 24]",433,"[1, 2, 3, 5, 6, 10, 13, 15, 17, 21, 23]",0,0.5521172638436482,-1
4228,41212,"[1, 2, 3, 5, 6, 10, 13, 15, 19, 22, 24]",433,"[1, 2, 3, 5, 6, 10, 13, 15, 17, 21, 23]",49,0.5956416464891041,-1
4229,4231,"[1, 2, 3, 5, 6, 9, 11, 17, 19, 21, 23]",4231,"[1, 2, 3, 5, 6, 9, 11, 17, 19, 21, 23]",0,0.6055276381909548,-2
4230,433,"[1, 2, 3, 5, 6, 10, 13, 15, 17, 21, 23]",343,"[1, 3, 4, 5, 7, 8, 9, 11, 17, 21, 23]",0,0.6923076923076923,-2
4231,442,"[1, 2, 3, 5, 6, 9, 11, 12, 16, 22, 24]",343,"[1, 3, 4, 5, 7, 8, 9, 11, 17, 21, 23]",68,0.7583333333333333,0
4232,4141,"[1, 2, 3, 5, 6, 10, 12, 13, 15, 16, 23]",41212,"[1, 2, 3, 5, 6, 10, 13, 15, 19, 22, 24]",0,0.4146341463414634,0
4233,4141,"[1, 2, 3, 5, 6, 10, 12, 13, 15, 16, 23]",41212,"[1, 2, 3, 5, 6, 10, 13, 15, 19, 22, 24]",18,0.48605947955390333,0
4234,4141,"[1, 2, 3, 5, 6, 10, 12, 13, 15, 16, 23]",41212,"[1, 2, 3, 5, 6, 10, 13, 15, 19, 22, 24]",45,0.4721141374837873,0
4235,4141,"[1, 2, 3, 5, 6, 10, 12, 13, 15, 16, 23]",41212,"[1, 2, 3, 5, 6, 10, 13, 15, 19, 22, 24]",65,0.6037735849056604,0
4236,4141,"[1, 2, 3, 5, 6, 10, 12, 13, 15, 16, 23]",41212,"[1, 2, 3, 5, 6, 10, 13, 15, 19, 22, 24]",66,0.36639676113360325,0
4237,41212,"[1, 2, 3, 5, 6, 10, 13, 15, 19, 22, 24]",352,"[1, 3, 4, 5, 7, 8, 10, 13, 15, 22, 24]",0,0.6310873915943963,2
4238,41212,"[1, 2, 3, 5, 6, 10, 13, 15, 19, 22, 24]",352,"[1, 3, 4, 5, 7, 8, 10, 13, 15, 22, 24]",69,0.7411764705882353,0
4239,4141,"[1, 2, 3, 5, 6, 10, 12, 13, 15, 16, 23]",4141,"[1, 2, 3, 5, 6, 10, 12, 13, 15, 16, 23]",0,0.6076784643071386,0
4240,4141,"[1, 2, 3, 5, 6, 10, 12, 13, 15, 16, 23]",4141,"[1, 2, 3, 5, 6, 10, 12, 13, 15, 16, 23]",46,0.42015968063872255,1
4241,4141,"[1, 2, 3, 5, 6, 10, 12, 13, 15, 16, 23]",4141,"[1, 2, 3, 5, 6, 10, 12, 13, 15, 16, 23]",69,0.3333333333333333,0
4242,4231,"[1, 2, 3, 5, 6, 9, 11, 17, 19, 21, 23]",4141,"[1, 2, 3, 5, 6, 10, 12, 13, 15, 16, 23]",71,0.35766423357664234,0
4243,433,"[1, 2, 3, 5, 6, 10, 13, 15, 17, 21, 23]",4231,"[1, 2, 3, 5, 6, 9, 11, 17, 19, 21, 23]",0,0.555327868852459,1
4244,433,"[1, 2, 3, 5, 6, 10, 13, 15, 17, 21, 23]",442,"[1, 2, 3, 5, 6, 9, 11, 12, 16, 22, 24]",64,0.5688073394495413,0
4245,4141,"[1, 2, 3, 5, 6, 10, 12, 13, 15, 16, 23]",4411,"[1, 2, 3, 5, 6, 9, 11, 12, 16, 19, 23]",0,0.534471853257432,2
4246,4141,"[1, 2, 3, 5, 6, 10, 12, 13, 15, 16, 23]",442,"[1, 2, 3, 5, 6, 9, 11, 12, 16, 22, 24]",45,0.4602649006622517,0
4247,4141,"[1, 2, 3, 5, 6, 10, 12, 13, 15, 16, 23]",442,"[1, 2, 3, 5, 6, 9, 11, 12, 16, 22, 24]",64,0.37406015037593987,0
4248,433,"[1, 2, 3, 5, 6, 10, 13, 15, 17, 21, 23]",442,"[1, 2, 3, 5, 6, 9, 11, 12, 16, 22, 24]",0,0.6254572055596196,0
4249,433,"[1, 2, 3, 5, 6, 10, 13, 15, 17, 21, 23]",442,"[1, 2, 3, 5, 6, 9, 11, 12, 16, 22, 24]",62,0.6365131578947368,0
4250,442,"[1, 2, 3, 5, 6, 9, 11, 12, 16, 22, 24]",442,"[1, 2, 3, 5, 6, 9, 11, 12, 16, 22, 24]",81,0.45161290322580644,1
4251,343,"[1, 3, 4, 5, 7, 8, 9, 11, 17, 21, 23]",442,"[1, 2, 3, 5, 6, 9, 11, 12, 16, 22, 24]",0,0.7005524861878453,0
4252,343,"[1, 3, 4, 5, 7, 8, 9, 11, 17, 21, 23]",4141,"[1, 2, 3, 5, 6, 10, 12, 13, 15, 16, 23]",23,0.7555396711937098,-1
4253,4231,"[1, 2, 3, 5, 6, 9, 11, 17, 19, 21, 23]",4141,"[1, 2, 3, 5, 6, 10, 12, 13, 15, 16, 23]",58,0.8070175438596491,0
4254,4231,"[1, 2, 3, 5, 6, 9, 11, 17, 19, 21, 23]",4141,"[1, 2, 3, 5, 6, 10, 12, 13, 15, 16, 23]",61,0.8434065934065934,0
4255,4231,"[1, 2, 3, 5, 6, 9, 11, 17, 19, 21, 23]",4141,"[1, 2, 3, 5, 6, 10, 12, 13, 15, 16, 23]",70,0.8364116094986808,0
4256,4141,"[1, 2, 3, 5, 6, 10, 12, 13, 15, 16, 23]",433,"[1, 2, 3, 5, 6, 10, 13, 15, 17, 21, 23]",0,0.35727163461538464,-8
4257,4231,"[1, 2, 3, 5, 6, 9, 11, 17, 19, 21, 23]",433,"[1, 2, 3, 5, 6, 10, 13, 15, 17, 21, 23]",0,0.2511111111111111,0
4258,4231,"[1, 2, 3, 5, 6, 9, 11, 17, 19, 21, 23]",433,"[1, 2, 3, 5, 6, 10, 13, 15, 17, 21, 23]",11,0.325,0
4259,4231,"[1, 2, 3, 5, 6, 9, 11, 17, 19, 21, 23]",433,"[1, 2, 3, 5, 6, 10, 13, 15, 17, 21, 23]",25,0.3952483801295896,-1
4260,4231,"[1, 2, 3, 5, 6, 9, 11, 17, 19, 21, 23]",433,"[1, 2, 3, 5, 6, 10, 13, 15, 17, 21, 23]",38,0.4734006734006734,1
4261,442,"[1, 2, 3, 5, 6, 9, 11, 12, 16, 22, 24]",4141,"[1, 2, 3, 5, 6, 10, 12, 13, 15, 16, 23]",0,0.40328151986183075,2
4262,442,"[1, 2, 3, 5, 6, 9, 11, 12, 16, 22, 24]",4231,"[1, 2, 3, 5, 6, 9, 11, 17, 19, 21, 23]",32,0.34972677595628415,0
4263,442,"[1, 2, 3, 5, 6, 9, 11, 12, 16, 22, 24]",4411,"[1, 2, 3, 5, 6, 9, 11, 12, 16, 19, 23]",45,1.0,0
4264,442,"[1, 2, 3, 5, 6, 9, 11, 12, 16, 22, 24]",4411,"[1, 2, 3, 5, 6, 9, 11, 12, 16, 19, 23]",45,0.1780821917808219,0
4265,442,"[1, 2, 3, 5, 6, 9, 11, 12, 16, 22, 24]",4411,"[1, 2, 3, 5, 6, 9, 11, 12, 16, 19, 23]",58,0.36666666666666664,0
4266,442,"[1, 2, 3, 5, 6, 9, 11, 12, 16, 22, 24]",442,"[1, 2, 3, 5, 6, 9, 11, 12, 16, 22, 24]",61,0.2553846153846154,0
4267,442,"[1, 2, 3, 5, 6, 9, 11, 12, 16, 22, 24]",4411,"[1, 2, 3, 5, 6, 9, 11, 12, 16, 19, 23]",73,0.42021276595744683,0
4268,41212,"[1, 2, 3, 5, 6, 10, 13, 15, 19, 22, 24]",4231,"[1, 2, 3, 5, 6, 9, 11, 17, 19, 21, 23]",0,0.5992721391023049,0
4269,41212,"[1, 2, 3, 5, 6, 10, 13, 15, 19, 22, 24]",4231,"[1, 2, 3, 5, 6, 9, 11, 17, 19, 21, 23]",63,0.6936170212765957,1
4270,41212,"[1, 2, 3, 5, 6, 10, 13, 15, 19, 22, 24]",4231,"[1, 2, 3, 5, 6, 9, 11, 17, 19, 21, 23]",70,0.5471698113207547,0
4271,442,"[1, 2, 3, 5, 6, 9, 11, 12, 16, 22, 24]",433,"[1, 2, 3, 5, 6, 10, 13, 15, 17, 21, 23]",0,0.4767580452920143,-1
4272,433,"[1, 2, 3, 5, 6, 10, 13, 15, 17, 21, 23]",433,"[1, 2, 3, 5, 6, 10, 13, 15, 17, 21, 23]",45,0.4180672268907563,0
4273,4231,"[1, 2, 3, 5, 6, 9, 11, 17, 19, 21, 23]",433,"[1, 2, 3, 5, 6, 10, 13, 15, 17, 21, 23]",0,0.47313432835820896,1
4274,4231,"[1, 2, 3, 5, 6, 9, 11, 17, 19, 21, 23]",433,"[1, 2, 3, 5, 6, 10, 13, 15, 17, 21, 23]",35,0.43915343915343913,1
4275,4231,"[1, 2, 3, 5, 6, 9, 11, 17, 19, 21, 23]",433,"[1, 2, 3, 5, 6, 10, 13, 15, 17, 21, 23]",51,0.6544766708701135,0
4276,4231,"[1, 2, 3, 5, 6, 9, 11, 17, 19, 21, 23]",41212,"[1, 2, 3, 5, 6, 10, 13, 15, 19, 22, 24]",0,0.43439490445859874,0
4277,4231,"[1, 2, 3, 5, 6, 9, 11, 17, 19, 21, 23]",4141,"[1, 2, 3, 5, 6, 10, 12, 13, 15, 16, 23]",18,0.4584464964693102,0
4278,4231,"[1, 2, 3, 5, 6, 9, 11, 17, 19, 21, 23]",4141,"[1, 2, 3, 5, 6, 10, 12, 13, 15, 16, 23]",58,0.45864661654135336,-1
4279,4231,"[1, 2, 3, 5, 6, 9, 11, 17, 19, 21, 23]",4141,"[1, 2, 3, 5, 6, 10, 12, 13, 15, 16, 23]",65,0.5359628770301624,-1
4280,4231,"[1, 2, 3, 5, 6, 9, 11, 17, 19, 21, 23]",4141,"[1, 2, 3, 5, 6, 10, 12, 13, 15, 16, 23]",75,0.8,0
4281,4231,"[1, 2, 3, 5, 6, 9, 11, 17, 19, 21, 23]",4141,"[1, 2, 3, 5, 6, 10, 12, 13, 15, 16, 23]",76,0.41630901287553645,0
4282,4231,"[1, 2, 3, 5, 6, 9, 11, 17, 19, 21, 23]",3412,"[1, 3, 4, 5, 7, 8, 9, 11, 19, 22, 24]",0,0.4453125,1
4283,4231,"[1, 2, 3, 5, 6, 9, 11, 17, 19, 21, 23]",4231,"[1, 2, 3, 5, 6, 9, 11, 17, 19, 21, 23]",51,0.4020618556701031,0
4284,4231,"[1, 2, 3, 5, 6, 9, 11, 17, 19, 21, 23]",4231,"[1, 2, 3, 5, 6, 9, 11, 17, 19, 21, 23]",54,0.2698412698412698,0
4285,4231,"[1, 2, 3, 5, 6, 9, 11, 17, 19, 21, 23]",4231,"[1, 2, 3, 5, 6, 9, 11, 17, 19, 21, 23]",63,0.6416382252559727,0
4286,4231,"[1, 2, 3, 5, 6, 9, 11, 17, 19, 21, 23]",4231,"[1, 2, 3, 5, 6, 9, 11, 17, 19, 21, 23]",71,0.0,0
4287,4231,"[1, 2, 3, 5, 6, 9, 11, 17, 19, 21, 23]",4231,"[1, 2, 3, 5, 6, 9, 11, 17, 19, 21, 23]",73,0.36024844720496896,-1
4288,442,"[1, 2, 3, 5, 6, 9, 11, 12, 16, 22, 24]",4231,"[1, 2, 3, 5, 6, 9, 11, 17, 19, 21, 23]",83,0.2916666666666667,0
4289,442,"[1, 2, 3, 5, 6, 9, 11, 12, 16, 22, 24]",4231,"[1, 2, 3, 5, 6, 9, 11, 17, 19, 21, 23]",84,0.3770491803278688,0
4290,41212,"[1, 2, 3, 5, 6, 10, 13, 15, 19, 22, 24]",4231,"[1, 2, 3, 5, 6, 9, 11, 17, 19, 21, 23]",0,0.41189725101397023,0
4291,41212,"[1, 2, 3, 5, 6, 10, 13, 15, 19, 22, 24]",4231,"[1, 2, 3, 5, 6, 9, 11, 17, 19, 21, 23]",64,0.42700729927007297,-1
4292,41212,"[1, 2, 3, 5, 6, 10, 13, 15, 19, 22, 24]",4231,"[1, 2, 3, 5, 6, 9, 11, 17, 19, 21, 23]",81,0.078125,1
4293,4231,"[1, 2, 3, 5, 6, 9, 11, 17, 19, 21, 23]",4411,"[1, 2, 3, 5, 6, 9, 11, 12, 16, 19, 23]",0,0.6,0
4294,4231,"[1, 2, 3, 5, 6, 9, 11, 17, 19, 21, 23]",4411,"[1, 2, 3, 5, 6, 9, 11, 12, 16, 19, 23]",4,0.538961038961039,0
4295,4231,"[1, 2, 3, 5, 6, 9, 11, 17, 19, 21, 23]",4411,"[1, 2, 3, 5, 6, 9, 11, 12, 16, 19, 23]",15,0.495,0
4296,4231,"[1, 2, 3, 5, 6, 9, 11, 17, 19, 21, 23]",4411,"[1, 2, 3, 5, 6, 9, 11, 12, 16, 19, 23]",82,0.29464285714285715,0
4297,4231,"[1, 2, 3, 5, 6, 9, 11, 17, 19, 21, 23]",4141,"[1, 2, 3, 5, 6, 10, 12, 13, 15, 16, 23]",0,0.4874470166286273,0
4298,41212,"[1, 2, 3, 5, 6, 10, 13, 15, 19, 22, 24]",4231,"[1, 2, 3, 5, 6, 9, 11, 17, 19, 21, 23]",0,0.5276338514680483,1
4299,41212,"[1, 2, 3, 5, 6, 10, 13, 15, 19, 22, 24]",4231,"[1, 2, 3, 5, 6, 9, 11, 17, 19, 21, 23]",56,0.5194805194805194,0
4300,41212,"[1, 2, 3, 5, 6, 10, 13, 15, 19, 22, 24]",4231,"[1, 2, 3, 5, 6, 9, 11, 17, 19, 21, 23]",63,0.43352601156069365,0
4301,41212,"[1, 2, 3, 5, 6, 10, 13, 15, 19, 22, 24]",41212,"[1, 2, 3, 5, 6, 10, 13, 15, 19, 22, 24]",82,0.4269230769230769,-1
4302,433,"[1, 2, 3, 5, 6, 10, 13, 15, 17, 21, 23]",433,"[1, 2, 3, 5, 6, 10, 13, 15, 17, 21, 23]",0,0.41388737014762167,0
4303,4141,"[1, 2, 3, 5, 6, 10, 12, 13, 15, 16, 23]",433,"[1, 2, 3, 5, 6, 10, 13, 15, 17, 21, 23]",45,0.23707664884135474,0
4304,4141,"[1, 2, 3, 5, 6, 10, 12, 13, 15, 16, 23]",433,"[1, 2, 3, 5, 6, 10, 13, 15, 17, 21, 23]",56,0.3868065967016492,0
4305,4141,"[1, 2, 3, 5, 6, 10, 12, 13, 15, 16, 23]",433,"[1, 2, 3, 5, 6, 10, 13, 15, 17, 21, 23]",80,0.30434782608695654,0
4306,4141,"[1, 2, 3, 5, 6, 10, 12, 13, 15, 16, 23]",433,"[1, 2, 3, 5, 6, 10, 13, 15, 17, 21, 23]",80,0.3036649214659686,0
4307,41212,"[1, 2, 3, 5, 6, 10, 13, 15, 19, 22, 24]",4141,"[1, 2, 3, 5, 6, 10, 12, 13, 15, 16, 23]",0,0.7226596675415573,1
4308,343,"[1, 3, 4, 5, 7, 8, 9, 11, 17, 21, 23]",4411,"[1, 2, 3, 5, 6, 9, 11, 12, 16, 19, 23]",0,0.4121921679450949,-1
4309,343,"[1, 3, 4, 5, 7, 8, 9, 11, 17, 21, 23]",4411,"[1, 2, 3, 5, 6, 9, 11, 12, 16, 19, 23]",59,0.5082568807339449,0
4310,4231,"[1, 2, 3, 5, 6, 11, 13, 17, 19, 21, 23]",4411,"[1, 2, 3, 5, 6, 9, 11, 12, 16, 19, 23]",75,0.9493670886075949,0
4311,433,"[1, 2, 3, 5, 6, 10, 13, 15, 17, 21, 23]",343,"[1, 3, 4, 5, 7, 8, 13, 15, 17, 21, 23]",0,0.5864978902953587,0
4312,4231,"[1, 2, 3, 5, 6, 9, 11, 17, 19, 21, 23]",343,"[1, 3, 4, 5, 7, 8, 13, 15, 17, 21, 23]",57,0.5257575757575758,0
4313,4231,"[1, 2, 3, 5, 6, 9, 11, 17, 19, 21, 23]",343,"[1, 3, 4, 5, 7, 8, 13, 15, 17, 21, 23]",74,0.6206896551724138,-1
4314,433,"[1, 2, 3, 5, 6, 10, 13, 15, 17, 21, 23]",433,"[1, 2, 3, 5, 6, 10, 13, 15, 17, 21, 23]",0,0.3512443438914027,2
4315,433,"[1, 2, 3, 5, 6, 10, 13, 15, 17, 21, 23]",4231,"[1, 2, 3, 5, 6, 9, 11, 17, 19, 21, 23]",45,0.4550653594771242,-1
4316,433,"[1, 2, 3, 5, 6, 10, 13, 15, 17, 21, 23]",4231,"[1, 2, 3, 5, 6, 9, 11, 17, 19, 21, 23]",78,0.38509316770186336,0
4317,3511,"[1, 3, 4, 5, 7, 8, 10, 13, 15, 19, 23]",4231,"[1, 2, 3, 5, 6, 9, 11, 17, 19, 21, 23]",83,0.18497109826589594,0
4318,41212,"[1, 2, 3, 5, 6, 10, 13, 15, 19, 22, 24]",4231,"[1, 2, 3, 5, 6, 9, 11, 17, 19, 21, 23]",0,0.43543956043956045,0
4319,41212,"[1, 2, 3, 5, 6, 10, 13, 15, 19, 22, 24]",4231,"[1, 2, 3, 5, 6, 9, 11, 17, 19, 21, 23]",45,0.3791606367583213,0
4320,41212,"[1, 2, 3, 5, 6, 10, 13, 15, 19, 22, 24]",4231,"[1, 2, 3, 5, 6, 9, 11, 17, 19, 21, 23]",59,0.7659574468085106,0
4321,41212,"[1, 2, 3, 5, 6, 10, 13, 15, 19, 22, 24]",4231,"[1, 2, 3, 5, 6, 9, 11, 17, 19, 21, 23]",63,0.602996254681648,0
4322,41212,"[1, 2, 3, 5, 6, 10, 13, 15, 19, 22, 24]",4231,"[1, 2, 3, 5, 6, 9, 11, 17, 19, 21, 23]",75,0.5824742268041238,1
4323,4231,"[1, 2, 3, 5, 6, 9, 11, 17, 19, 21, 23]",4231,"[1, 2, 3, 5, 6, 9, 11, 17, 19, 21, 23]",80,0.0,0
4324,4231,"[1, 2, 3, 5, 6, 9, 11, 17, 19, 21, 23]",4231,"[1, 2, 3, 5, 6, 9, 11, 17, 19, 21, 23]",81,0.344,0
4325,343,"[1, 3, 4, 5, 7, 8, 9, 11, 17, 21, 23]",433,"[1, 2, 3, 5, 6, 10, 13, 15, 17, 21, 23]",0,0.39022881880024735,2
4326,3421,"[1, 3, 4, 5, 7, 8, 9, 11, 18, 20, 23]",433,"[1, 2, 3, 5, 6, 10, 13, 15, 17, 21, 23]",45,0.0,0
4327,3421,"[1, 3, 4, 5, 7, 8, 9, 11, 18, 20, 23]",442,"[1, 2, 3, 5, 6, 9, 11, 12, 16, 22, 24]",45,0.43870967741935485,0
4328,3421,"[1, 3, 4, 5, 7, 8, 9, 11, 18, 20, 23]",442,"[1, 2, 3, 5, 6, 9, 11, 12, 16, 22, 24]",69,0.22676579925650558,0
4329,3421,"[1, 3, 4, 5, 7, 8, 9, 11, 18, 20, 23]",442,"[1, 2, 3, 5, 6, 9, 11, 12, 16, 22, 24]",75,0.27440633245382584,0
4330,442,"[1, 2, 3, 5, 6, 9, 11, 12, 16, 22, 24]",4141,"[1, 2, 3, 5, 6, 10, 12, 13, 15, 16, 23]",0,0.5136026380873866,-1
4331,442,"[1, 2, 3, 5, 6, 9, 11, 12, 16, 22, 24]",4141,"[1, 2, 3, 5, 6, 10, 12, 13, 15, 16, 23]",31,0.6224961479198767,2
4332,442,"[1, 2, 3, 5, 6, 9, 11, 12, 16, 22, 24]",4141,"[1, 2, 3, 5, 6, 10, 12, 13, 15, 16, 23]",71,0.5459770114942529,0
4333,4231,"[1, 2, 3, 5, 6, 9, 11, 17, 19, 21, 23]",433,"[1, 2, 3, 5, 6, 10, 13, 15, 17, 21, 23]",0,0.5560669456066946,2
4334,4231,"[1, 2, 3, 5, 6, 9, 11, 17, 19, 21, 23]",433,"[1, 2, 3, 5, 6, 10, 13, 15, 17, 21, 23]",62,0.51985559566787,0
4335,4231,"[1, 2, 3, 5, 6, 9, 11, 17, 19, 21, 23]",4411,"[1, 2, 3, 5, 6, 9, 11, 12, 16, 19, 23]",78,0.0,0
4336,4411,"[1, 2, 3, 5, 6, 9, 11, 12, 16, 19, 23]",442,"[1, 2, 3, 5, 6, 9, 11, 12, 16, 22, 24]",0,0.5497728211482859,-1
4337,4411,"[1, 2, 3, 5, 6, 9, 11, 12, 16, 19, 23]",442,"[1, 2, 3, 5, 6, 9, 11, 12, 16, 22, 24]",56,0.6040688575899843,0
4338,433,"[1, 2, 3, 5, 6, 10, 13, 15, 17, 21, 23]",442,"[1, 2, 3, 5, 6, 9, 11, 12, 16, 22, 24]",70,0.4805194805194805,0
4339,433,"[1, 2, 3, 5, 6, 10, 13, 15, 17, 21, 23]",4141,"[1, 2, 3, 5, 6, 10, 12, 13, 15, 16, 23]",73,0.8627450980392157,0
4340,41212,"[1, 2, 3, 5, 6, 10, 13, 15, 19, 22, 24]",352,"[1, 3, 4, 5, 7, 8, 10, 13, 15, 22, 24]",0,0.6997275204359673,0
4341,433,"[1, 2, 3, 5, 6, 10, 13, 15, 17, 21, 23]",352,"[1, 3, 4, 5, 7, 8, 10, 13, 15, 22, 24]",45,0.5151515151515151,-1
4342,41212,"[1, 2, 3, 5, 6, 10, 13, 15, 19, 22, 24]",352,"[1, 3, 4, 5, 7, 8, 10, 13, 15, 22, 24]",60,0.7127272727272728,-1
4343,442,"[1, 2, 3, 5, 6, 9, 11, 12, 16, 22, 24]",4141,"[1, 2, 3, 5, 6, 10, 12, 13, 15, 16, 23]",0,0.2952622673434856,0
4344,442,"[1, 2, 3, 5, 6, 9, 11, 12, 16, 22, 24]",4141,"[1, 2, 3, 5, 6, 10, 12, 13, 15, 16, 23]",25,0.35941130906274205,1
4345,442,"[1, 2, 3, 5, 6, 9, 11, 12, 16, 22, 24]",4231,"[1, 2, 3, 5, 6, 9, 11, 17, 19, 21, 23]",59,0.408675799086758,0
4346,4411,"[1, 2, 3, 5, 6, 9, 11, 12, 16, 19, 23]",4231,"[1, 2, 3, 5, 6, 9, 11, 17, 19, 21, 23]",71,1.0,0
4347,4411,"[1, 2, 3, 5, 6, 9, 11, 12, 16, 19, 23]",4231,"[1, 2, 3, 5, 6, 9, 11, 17, 19, 21, 23]",71,0.3724007561436673,0
4348,4411,"[1, 2, 3, 5, 6, 9, 11, 12, 16, 19, 23]",4231,"[1, 2, 3, 5, 6, 9, 11, 17, 19, 21, 23]",84,0.83,0
4349,4231,"[1, 2, 3, 5, 6, 9, 11, 17, 19, 21, 23]",4231,"[1, 2, 3, 5, 6, 9, 11, 17, 19, 21, 23]",0,0.5107108081791626,1
4350,433,"[1, 2, 3, 5, 6, 10, 13, 15, 17, 21, 23]",4231,"[1, 2, 3, 5, 6, 9, 11, 17, 19, 21, 23]",54,0.4322916666666667,0
4351,433,"[1, 2, 3, 5, 6, 10, 13, 15, 17, 21, 23]",4231,"[1, 2, 3, 5, 6, 9, 11, 17, 19, 21, 23]",59,0.5037037037037037,0
4352,433,"[1, 2, 3, 5, 6, 10, 13, 15, 17, 21, 23]",4231,"[1, 2, 3, 5, 6, 9, 11, 17, 19, 21, 23]",64,0.40409683426443205,0
4353,433,"[1, 2, 3, 5, 6, 10, 13, 15, 17, 21, 23]",3511,"[1, 3, 4, 5, 7, 8, 10, 13, 15, 19, 23]",83,0.3644859813084112,0
4354,4411,"[1, 2, 3, 5, 6, 9, 11, 12, 16, 19, 23]",3511,"[1, 3, 4, 5, 7, 8, 10, 13, 15, 19, 23]",86,1.0,0
4355,4231,"[1, 2, 3, 5, 6, 9, 11, 17, 19, 21, 23]",433,"[1, 2, 3, 5, 6, 10, 13, 15, 17, 21, 23]",0,0.544434857635893,0
4356,4411,"[1, 2, 3, 5, 6, 9, 11, 12, 16, 19, 23]",433,"[1, 2, 3, 5, 6, 10, 13, 15, 17, 21, 23]",61,0.26721763085399447,0
4357,4411,"[1, 2, 3, 5, 6, 9, 11, 12, 16, 19, 23]",433,"[1, 2, 3, 5, 6, 10, 13, 15, 17, 21, 23]",71,0.25688073394495414,0
4358,4411,"[1, 2, 3, 5, 6, 9, 11, 12, 16, 19, 23]",433,"[1, 2, 3, 5, 6, 10, 13, 15, 17, 21, 23]",74,0.35294117647058826,0
4359,4411,"[1, 2, 3, 5, 6, 9, 11, 12, 16, 19, 23]",433,"[1, 2, 3, 5, 6, 10, 13, 15, 17, 21, 23]",80,0.45075757575757575,-1
4360,442,"[1, 2, 3, 5, 6, 9, 11, 12, 16, 22, 24]",4411,"[1, 2, 3, 5, 6, 9, 11, 12, 16, 19, 23]",0,0.4698634698634699,2
4361,442,"[1, 2, 3, 5, 6, 9, 11, 12, 16, 22, 24]",4411,"[1, 2, 3, 5, 6, 9, 11, 12, 16, 19, 23]",64,0.4639423076923077,0
4362,4231,"[1, 2, 3, 5, 6, 9, 11, 17, 19, 21, 23]",4411,"[1, 2, 3, 5, 6, 9, 11, 12, 16, 19, 23]",74,0.3948497854077253,-1
4363,442,"[1, 2, 3, 5, 6, 9, 11, 12, 16, 22, 24]",442,"[1, 2, 3, 5, 6, 9, 11, 12, 16, 22, 24]",0,0.6101694915254238,0
4364,442,"[1, 2, 3, 5, 6, 9, 11, 12, 16, 22, 24]",433,"[1, 2, 3, 5, 6, 10, 13, 15, 17, 21, 23]",61,0.2801556420233463,0
4365,442,"[1, 2, 3, 5, 6, 9, 11, 12, 16, 22, 24]",433,"[1, 2, 3, 5, 6, 10, 13, 15, 17, 21, 23]",69,0.592964824120603,0
4366,4141,"[1, 2, 3, 5, 6, 10, 12, 13, 15, 16, 23]",433,"[1, 2, 3, 5, 6, 10, 13, 15, 17, 21, 23]",77,0.3333333333333333,0
4367,442,"[1, 2, 3, 5, 6, 9, 11, 12, 16, 22, 24]",442,"[1, 2, 3, 5, 6, 9, 11, 12, 16, 22, 24]",0,0.5102040816326531,-1
4368,442,"[1, 2, 3, 5, 6, 9, 11, 12, 16, 22, 24]",442,"[1, 2, 3, 5, 6, 9, 11, 12, 16, 22, 24]",63,0.657672849915683,0
4369,442,"[1, 2, 3, 5, 6, 9, 11, 12, 16, 22, 24]",442,"[1, 2, 3, 5, 6, 9, 11, 12, 16, 22, 24]",80,1.0,0
4370,442,"[1, 2, 3, 5, 6, 9, 11, 12, 16, 22, 24]",4411,"[1, 2, 3, 5, 6, 9, 11, 12, 16, 19, 23]",80,0.6744868035190615,0
4371,433,"[1, 2, 3, 5, 6, 10, 13, 15, 17, 21, 23]",3412,"[1, 3, 4, 5, 7, 8, 9, 11, 19, 22, 24]",0,0.7984084880636605,0
4372,433,"[1, 2, 3, 5, 6, 10, 13, 15, 17, 21, 23]",3412,"[1, 3, 4, 5, 7, 8, 9, 11, 19, 22, 24]",6,0.695369030390738,0
4373,433,"[1, 2, 3, 5, 6, 10, 13, 15, 17, 21, 23]",3412,"[1, 3, 4, 5, 7, 8, 9, 11, 19, 22, 24]",34,0.5123595505617977,2
4374,433,"[1, 2, 3, 5, 6, 10, 13, 15, 17, 21, 23]",3412,"[1, 3, 4, 5, 7, 8, 9, 11, 19, 22, 24]",45,0.7191539365452408,0
4375,433,"[1, 2, 3, 5, 6, 10, 13, 15, 17, 21, 23]",433,"[1, 2, 3, 5, 6, 10, 13, 15, 17, 21, 23]",64,0.7484276729559748,1
4376,433,"[1, 2, 3, 5, 6, 10, 13, 15, 17, 21, 23]",4231,"[1, 2, 3, 5, 6, 9, 11, 17, 19, 21, 23]",0,0.4116198916789759,-3
4377,433,"[1, 2, 3, 5, 6, 10, 13, 15, 17, 21, 23]",4231,"[1, 2, 3, 5, 6, 9, 11, 17, 19, 21, 23]",46,0.23134328358208955,0
4378,433,"[1, 2, 3, 5, 6, 10, 13, 15, 17, 21, 23]",4231,"[1, 2, 3, 5, 6, 9, 11, 17, 19, 21, 23]",55,0.5592233009708738,1
4379,433,"[1, 2, 3, 5, 6, 10, 13, 15, 17, 21, 23]",4231,"[1, 2, 3, 5, 6, 9, 11, 17, 19, 21, 23]",70,0.45072992700729925,0
4380,4411,"[1, 2, 3, 5, 6, 9, 11, 12, 16, 19, 23]",41212,"[1, 2, 3, 5, 6, 10, 13, 15, 19, 22, 24]",0,0.5391202802646944,0
4381,4411,"[1, 2, 3, 5, 6, 9, 11, 12, 16, 19, 23]",41212,"[1, 2, 3, 5, 6, 10, 13, 15, 19, 22, 24]",59,0.39327296248382926,0
4382,4141,"[1, 2, 3, 5, 6, 10, 12, 13, 15, 16, 23]",41212,"[1, 2, 3, 5, 6, 10, 13, 15, 19, 22, 24]",75,0.3888888888888889,0
4383,4141,"[1, 2, 3, 5, 6, 10, 12, 13, 15, 16, 23]",41212,"[1, 2, 3, 5, 6, 10, 13, 15, 19, 22, 24]",0,0.2391304347826087,2
4384,4231,"[1, 2, 3, 5, 6, 9, 11, 17, 19, 21, 23]",41212,"[1, 2, 3, 5, 6, 10, 13, 15, 19, 22, 24]",65,0.3709677419354839,0
4385,4231,"[1, 2, 3, 5, 6, 9, 11, 17, 19, 21, 23]",41212,"[1, 2, 3, 5, 6, 10, 13, 15, 19, 22, 24]",75,0.8333333333333334,0
4386,442,"[1, 2, 3, 5, 6, 9, 11, 12, 16, 22, 24]",343,"[1, 3, 4, 5, 7, 8, 9, 11, 17, 21, 23]",0,0.5849539406345957,2
4387,442,"[1, 2, 3, 5, 6, 9, 11, 12, 16, 22, 24]",4231,"[1, 2, 3, 5, 6, 9, 11, 17, 19, 21, 23]",53,0.19402985074626866,0
4388,442,"[1, 2, 3, 5, 6, 9, 11, 12, 16, 22, 24]",4231,"[1, 2, 3, 5, 6, 9, 11, 17, 19, 21, 23]",65,0.21505376344086022,0
4389,4141,"[1, 2, 3, 5, 6, 10, 12, 13, 15, 16, 23]",4231,"[1, 2, 3, 5, 6, 9, 11, 17, 19, 21, 23]",69,0.21818181818181817,0
4390,4231,"[1, 2, 3, 5, 6, 9, 11, 17, 19, 21, 23]",4231,"[1, 2, 3, 5, 6, 9, 11, 17, 19, 21, 23]",0,0.4801587301587302,-1
4391,433,"[1, 2, 3, 5, 6, 10, 13, 15, 17, 21, 23]",4231,"[1, 2, 3, 5, 6, 9, 11, 17, 19, 21, 23]",75,0.1896551724137931,0
4392,442,"[1, 2, 3, 5, 6, 9, 11, 12, 16, 22, 24]",4411,"[1, 2, 3, 5, 6, 9, 11, 12, 16, 19, 23]",0,0.5736478711162255,2
4393,4141,"[1, 2, 3, 5, 6, 10, 12, 13, 15, 16, 23]",4411,"[1, 2, 3, 5, 6, 9, 11, 12, 16, 19, 23]",45,0.4860724233983287,0
4394,4141,"[1, 2, 3, 5, 6, 10, 12, 13, 15, 16, 23]",4411,"[1, 2, 3, 5, 6, 9, 11, 12, 16, 19, 23]",63,0.5373608903020668,0
4395,41212,"[1, 2, 3, 5, 6, 10, 13, 15, 19, 22, 24]",3412,"[1, 3, 4, 5, 7, 8, 9, 11, 19, 22, 24]",0,0.5640138408304498,0
4396,41212,"[1, 2, 3, 5, 6, 10, 13, 15, 19, 22, 24]",3412,"[1, 3, 4, 5, 7, 8, 9, 11, 19, 22, 24]",21,0.5113702623906705,1
4397,41212,"[1, 2, 3, 5, 6, 10, 13, 15, 19, 22, 24]",433,"[1, 2, 3, 5, 6, 10, 13, 15, 17, 21, 23]",67,0.2631578947368421,0
4398,442,"[1, 2, 3, 5, 6, 9, 11, 12, 16, 22, 24]",433,"[1, 2, 3, 5, 6, 10, 13, 15, 17, 21, 23]",70,0.22456140350877193,0
4399,433,"[1, 2, 3, 5, 6, 10, 13, 15, 17, 21, 23]",4231,"[1, 2, 3, 5, 6, 9, 11, 17, 19, 21, 23]",0,0.724669603524229,1
4400,433,"[1, 2, 3, 5, 6, 10, 13, 15, 17, 21, 23]",4231,"[1, 2, 3, 5, 6, 9, 11, 17, 19, 21, 23]",45,0.4916387959866221,1
4401,433,"[1, 2, 3, 5, 6, 10, 13, 15, 17, 21, 23]",4231,"[1, 2, 3, 5, 6, 9, 11, 17, 19, 21, 23]",51,0.6348884381338742,1
4402,41212,"[1, 2, 3, 5, 6, 10, 13, 15, 19, 22, 24]",4231,"[1, 2, 3, 5, 6, 9, 11, 17, 19, 21, 23]",0,0.592173017507724,1
4403,41212,"[1, 2, 3, 5, 6, 10, 13, 15, 19, 22, 24]",4231,"[1, 2, 3, 5, 6, 9, 11, 17, 19, 21, 23]",25,0.3953488372093023,0
4404,41212,"[1, 2, 3, 5, 6, 10, 13, 15, 19, 22, 24]",4231,"[1, 2, 3, 5, 6, 9, 11, 17, 19, 21, 23]",28,0.3288590604026846,0
4405,41212,"[1, 2, 3, 5, 6, 10, 13, 15, 19, 22, 24]",4231,"[1, 2, 3, 5, 6, 9, 11, 17, 19, 21, 23]",36,0.5021097046413502,0
4406,3511,"[1, 3, 4, 5, 7, 8, 10, 13, 15, 19, 23]",4231,"[1, 2, 3, 5, 6, 9, 11, 17, 19, 21, 23]",46,0.7627118644067796,0
4407,3511,"[1, 3, 4, 5, 7, 8, 10, 13, 15, 19, 23]",4231,"[1, 2, 3, 5, 6, 9, 11, 17, 19, 21, 23]",45,0.14285714285714285,0
4408,3511,"[1, 3, 4, 5, 7, 8, 10, 13, 15, 19, 23]",4231,"[1, 2, 3, 5, 6, 9, 11, 17, 19, 21, 23]",45,0.3724340175953079,-2
4409,3412,"[1, 3, 4, 5, 7, 8, 9, 11, 19, 22, 24]",4231,"[1, 2, 3, 5, 6, 9, 11, 17, 19, 21, 23]",62,0.36251920122887865,0
4410,41212,"[1, 2, 3, 5, 6, 10, 13, 15, 19, 22, 24]",442,"[1, 2, 3, 5, 6, 9, 11, 12, 16, 22, 24]",0,0.6407420620763468,0
4411,4231,"[1, 2, 3, 5, 6, 9, 11, 17, 19, 21, 23]",442,"[1, 2, 3, 5, 6, 9, 11, 12, 16, 22, 24]",0,0.43595769682726204,2
4412,4231,"[1, 2, 3, 5, 6, 9, 11, 17, 19, 21, 23]",442,"[1, 2, 3, 5, 6, 9, 11, 12, 16, 22, 24]",66,0.09523809523809523,0
4413,4231,"[1, 2, 3, 5, 6, 9, 11, 17, 19, 21, 23]",442,"[1, 2, 3, 5, 6, 9, 11, 12, 16, 22, 24]",68,0.4227188081936685,-1
4414,41212,"[1, 2, 3, 5, 6, 10, 13, 15, 19, 22, 24]",4231,"[1, 2, 3, 5, 6, 9, 11, 17, 19, 21, 23]",0,0.5352112676056338,0
4415,41212,"[1, 2, 3, 5, 6, 10, 13, 15, 19, 22, 24]",4231,"[1, 2, 3, 5, 6, 9, 11, 17, 19, 21, 23]",34,0.65,-1
4416,41212,"[1, 2, 3, 5, 6, 10, 13, 15, 19, 22, 24]",4231,"[1, 2, 3, 5, 6, 9, 11, 17, 19, 21, 23]",41,0.6136363636363636,-1
4417,4231,"[1, 2, 3, 5, 6, 9, 11, 17, 19, 21, 23]",4231,"[1, 2, 3, 5, 6, 9, 11, 17, 19, 21, 23]",45,0.4018161180476731,1
4418,433,"[1, 2, 3, 5, 6, 10, 13, 15, 17, 21, 23]",433,"[1, 2, 3, 5, 6, 10, 13, 15, 17, 21, 23]",0,0.3863080684596577,0
4419,433,"[1, 2, 3, 5, 6, 10, 13, 15, 17, 21, 23]",433,"[1, 2, 3, 5, 6, 10, 13, 15, 17, 21, 23]",8,0.5515570934256055,1
4420,433,"[1, 2, 3, 5, 6, 10, 13, 15, 17, 21, 23]",433,"[1, 2, 3, 5, 6, 10, 13, 15, 17, 21, 23]",45,0.40037593984962405,0
4421,4231,"[1, 2, 3, 5, 6, 9, 11, 17, 19, 21, 23]",433,"[1, 2, 3, 5, 6, 10, 13, 15, 17, 21, 23]",0,0.5587828492392808,-1
4422,433,"[1, 2, 3, 5, 6, 10, 13, 15, 17, 21, 23]",433,"[1, 2, 3, 5, 6, 10, 13, 15, 17, 21, 23]",45,0.6943887775551102,-1
4423,4231,"[1, 2, 3, 5, 6, 9, 11, 17, 19, 21, 23]",433,"[1, 2, 3, 5, 6, 10, 13, 15, 17, 21, 23]",73,0.7575757575757576,-1
4424,4231,"[1, 2, 3, 5, 6, 9, 11, 17, 19, 21, 23]",433,"[1, 2, 3, 5, 6, 10, 13, 15, 17, 21, 23]",78,0.9259259259259259,0
4425,4231,"[1, 2, 3, 5, 6, 9, 11, 17, 19, 21, 23]",41212,"[1, 2, 3, 5, 6, 10, 13, 15, 19, 22, 24]",0,0.3905109489051095,0
4426,4231,"[1, 2, 3, 5, 6, 9, 11, 17, 19, 21, 23]",41212,"[1, 2, 3, 5, 6, 10, 13, 15, 19, 22, 24]",11,0.4162371134020619,0
4427,4411,"[1, 2, 3, 5, 6, 9, 11, 12, 16, 19, 23]",41212,"[1, 2, 3, 5, 6, 10, 13, 15, 19, 22, 24]",47,0.15236051502145923,0
4428,4411,"[1, 2, 3, 5, 6, 9, 11, 12, 16, 19, 23]",41212,"[1, 2, 3, 5, 6, 10, 13, 15, 19, 22, 24]",58,0.2480916030534351,0
4429,4411,"[1, 2, 3, 5, 6, 9, 11, 12, 16, 19, 23]",41212,"[1, 2, 3, 5, 6, 10, 13, 15, 19, 22, 24]",67,0.258160237388724,1
4430,433,"[1, 2, 3, 5, 6, 10, 13, 15, 17, 21, 23]",433,"[1, 2, 3, 5, 6, 10, 13, 15, 17, 21, 23]",0,0.3635057471264368,-1
4431,4141,"[1, 2, 3, 5, 6, 10, 12, 13, 15, 16, 23]",433,"[1, 2, 3, 5, 6, 10, 13, 15, 17, 21, 23]",16,0.31994901210962395,-1
4432,4141,"[1, 2, 3, 5, 6, 10, 12, 13, 15, 16, 23]",433,"[1, 2, 3, 5, 6, 10, 13, 15, 17, 21, 23]",49,0.6025641025641025,0
4433,4141,"[1, 2, 3, 5, 6, 10, 12, 13, 15, 16, 23]",433,"[1, 2, 3, 5, 6, 10, 13, 15, 17, 21, 23]",51,0.3361904761904762,0
4434,4141,"[1, 2, 3, 5, 6, 10, 12, 13, 15, 16, 23]",433,"[1, 2, 3, 5, 6, 10, 13, 15, 17, 21, 23]",79,0.07291666666666667,-1
4435,433,"[1, 2, 3, 5, 6, 10, 13, 15, 17, 21, 23]",433,"[1, 2, 3, 5, 6, 10, 13, 15, 17, 21, 23]",0,0.6394736842105263,1
4436,433,"[1, 2, 3, 5, 6, 10, 13, 15, 17, 21, 23]",442,"[1, 2, 3, 5, 6, 9, 11, 12, 16, 22, 24]",45,0.535042735042735,0
4437,433,"[1, 2, 3, 5, 6, 10, 13, 15, 17, 21, 23]",442,"[1, 2, 3, 5, 6, 9, 11, 12, 16, 22, 24]",63,0.5507246376811594,0
4438,433,"[1, 2, 3, 5, 6, 10, 13, 15, 17, 21, 23]",442,"[1, 2, 3, 5, 6, 9, 11, 12, 16, 22, 24]",66,0.5675213675213675,0
4439,433,"[1, 2, 3, 5, 6, 10, 13, 15, 17, 21, 23]",442,"[1, 2, 3, 5, 6, 9, 11, 12, 16, 22, 24]",83,0.5658914728682171,1
4440,343,"[1, 3, 4, 5, 7, 8, 9, 11, 17, 21, 23]",4141,"[1, 2, 3, 5, 6, 10, 12, 13, 15, 16, 23]",0,0.6160267111853088,0
4441,4231,"[1, 2, 3, 5, 6, 9, 11, 17, 19, 21, 23]",4141,"[1, 2, 3, 5, 6, 10, 12, 13, 15, 16, 23]",45,0.5095652173913043,1
4442,4231,"[1, 2, 3, 5, 6, 9, 11, 17, 19, 21, 23]",4141,"[1, 2, 3, 5, 6, 10, 12, 13, 15, 16, 23]",59,0.2857142857142857,0
4443,4231,"[1, 2, 3, 5, 6, 9, 11, 17, 19, 21, 23]",4141,"[1, 2, 3, 5, 6, 10, 12, 13, 15, 16, 23]",62,0.47058823529411764,0
4444,4231,"[1, 2, 3, 5, 6, 9, 11, 17, 19, 21, 23]",4231,"[1, 2, 3, 5, 6, 9, 11, 17, 19, 21, 23]",65,0.6657142857142857,0
4445,343,"[1, 3, 4, 5, 7, 8, 9, 11, 17, 21, 23]",4231,"[1, 2, 3, 5, 6, 9, 11, 17, 19, 21, 23]",76,0.6122448979591837,0
4446,343,"[1, 3, 4, 5, 7, 8, 9, 11, 17, 21, 23]",4231,"[1, 2, 3, 5, 6, 9, 11, 17, 19, 21, 23]",79,0.4507042253521127,0
4447,433,"[1, 2, 3, 5, 6, 10, 13, 15, 17, 21, 23]",4141,"[1, 2, 3, 5, 6, 10, 12, 13, 15, 16, 23]",0,0.5572559366754617,1
4448,4141,"[1, 2, 3, 5, 6, 10, 12, 13, 15, 16, 23]",4231,"[1, 2, 3, 5, 6, 9, 11, 17, 19, 21, 23]",0,0.4545104086353123,3
4449,4141,"[1, 2, 3, 5, 6, 10, 12, 13, 15, 16, 23]",4231,"[1, 2, 3, 5, 6, 9, 11, 17, 19, 21, 23]",71,0.15254237288135594,0
4450,4141,"[1, 2, 3, 5, 6, 10, 12, 13, 15, 16, 23]",4231,"[1, 2, 3, 5, 6, 9, 11, 17, 19, 21, 23]",73,0.3890909090909091,0
4451,4141,"[1, 2, 3, 5, 6, 10, 12, 13, 15, 16, 23]",4231,"[1, 2, 3, 5, 6, 9, 11, 17, 19, 21, 23]",79,0.5,0
4452,4141,"[1, 2, 3, 5, 6, 10, 12, 13, 15, 16, 23]",4231,"[1, 2, 3, 5, 6, 9, 11, 17, 19, 21, 23]",79,0.4588744588744589,0
4453,4231,"[1, 2, 3, 5, 6, 9, 11, 17, 19, 21, 23]",433,"[1, 2, 3, 5, 6, 10, 13, 15, 17, 21, 23]",0,0.30274202574146614,0
4454,4231,"[1, 2, 3, 5, 6, 9, 11, 17, 19, 21, 23]",4231,"[1, 2, 3, 5, 6, 9, 11, 17, 19, 21, 23]",45,0.3187294633077766,1
4455,4231,"[1, 2, 3, 5, 6, 9, 11, 17, 19, 21, 23]",4231,"[1, 2, 3, 5, 6, 9, 11, 17, 19, 21, 23]",69,0.24057450628366248,0
4456,4411,"[1, 2, 3, 5, 6, 9, 11, 12, 16, 19, 23]",4231,"[1, 2, 3, 5, 6, 9, 11, 17, 19, 21, 23]",87,0.2727272727272727,0
4457,4141,"[1, 2, 3, 5, 6, 10, 12, 13, 15, 16, 23]",442,"[1, 2, 3, 5, 6, 9, 11, 12, 16, 22, 24]",0,0.6200780418588152,-1
4458,4141,"[1, 2, 3, 5, 6, 10, 12, 13, 15, 16, 23]",4141,"[1, 2, 3, 5, 6, 10, 12, 13, 15, 16, 23]",73,0.8200836820083682,0
4459,4231,"[1, 2, 3, 5, 6, 9, 11, 17, 19, 21, 23]",4231,"[1, 2, 3, 5, 6, 9, 11, 17, 19, 21, 23]",0,0.5019577133907596,-1
4460,4231,"[1, 2, 3, 5, 6, 9, 11, 17, 19, 21, 23]",4231,"[1, 2, 3, 5, 6, 9, 11, 17, 19, 21, 23]",57,0.6115384615384616,0
4461,4231,"[1, 2, 3, 5, 6, 9, 11, 17, 19, 21, 23]",4231,"[1, 2, 3, 5, 6, 9, 11, 17, 19, 21, 23]",77,0.5143487858719646,0
4462,4231,"[1, 2, 3, 5, 6, 9, 11, 17, 19, 21, 23]",433,"[1, 2, 3, 5, 6, 10, 13, 15, 17, 21, 23]",0,0.5785356695869838,-1
4463,4231,"[1, 2, 3, 5, 6, 9, 11, 17, 19, 21, 23]",433,"[1, 2, 3, 5, 6, 10, 13, 15, 17, 21, 23]",81,0.034482758620689655,0
4464,4231,"[1, 2, 3, 5, 6, 9, 11, 17, 19, 21, 23]",433,"[1, 2, 3, 5, 6, 10, 13, 15, 17, 21, 23]",82,0.5681818181818182,0
4465,4231,"[1, 2, 3, 5, 6, 9, 11, 17, 19, 21, 23]",3421,"[1, 3, 4, 5, 7, 8, 9, 11, 18, 20, 23]",0,0.45835077438258687,2
4466,433,"[1, 2, 3, 5, 6, 10, 13, 15, 17, 21, 23]",4231,"[1, 2, 3, 5, 6, 9, 11, 17, 19, 21, 23]",0,0.6398841838581252,-1
4467,433,"[1, 2, 3, 5, 6, 10, 13, 15, 17, 21, 23]",4231,"[1, 2, 3, 5, 6, 9, 11, 17, 19, 21, 23]",68,0.8060344827586207,0
4468,433,"[1, 2, 3, 5, 6, 10, 13, 15, 17, 21, 23]",4231,"[1, 2, 3, 5, 6, 9, 11, 17, 19, 21, 23]",73,0.6420118343195266,1
4469,343,"[1, 3, 4, 5, 7, 8, 9, 11, 17, 21, 23]",343,"[1, 3, 4, 5, 7, 8, 9, 11, 17, 21, 23]",0,0.406027397260274,0
4470,343,"[1, 3, 4, 5, 7, 8, 9, 11, 17, 21, 23]",343,"[1, 3, 4, 5, 7, 8, 9, 11, 17, 21, 23]",45,0.5963414634146341,-1
4471,343,"[1, 3, 4, 5, 7, 8, 9, 11, 17, 21, 23]",343,"[1, 3, 4, 5, 7, 8, 9, 11, 17, 21, 23]",65,0.7236842105263158,0
4472,343,"[1, 3, 4, 5, 7, 8, 9, 11, 17, 21, 23]",343,"[1, 3, 4, 5, 7, 8, 9, 11, 17, 21, 23]",68,0.8726114649681529,0
4473,4231,"[1, 2, 3, 5, 6, 9, 11, 17, 19, 21, 23]",4231,"[1, 2, 3, 5, 6, 9, 11, 17, 19, 21, 23]",0,0.6568627450980392,0
4474,4231,"[1, 2, 3, 5, 6, 9, 11, 17, 19, 21, 23]",4231,"[1, 2, 3, 5, 6, 9, 11, 17, 19, 21, 23]",45,0.5310734463276836,-1
4475,4231,"[1, 2, 3, 5, 6, 9, 11, 17, 19, 21, 23]",4231,"[1, 2, 3, 5, 6, 9, 11, 17, 19, 21, 23]",52,0.7219451371571073,0
4476,4231,"[1, 2, 3, 5, 6, 9, 11, 17, 19, 21, 23]",4231,"[1, 2, 3, 5, 6, 9, 11, 17, 19, 21, 23]",71,0.8518518518518519,0
4477,4231,"[1, 2, 3, 5, 6, 9, 11, 17, 19, 21, 23]",4231,"[1, 2, 3, 5, 6, 9, 11, 17, 19, 21, 23]",75,0.5652173913043478,0
4478,41212,"[1, 2, 3, 5, 6, 10, 13, 15, 19, 22, 24]",4141,"[1, 2, 3, 5, 6, 10, 12, 13, 15, 16, 23]",0,0.5881513204853676,1
4479,41212,"[1, 2, 3, 5, 6, 10, 13, 15, 19, 22, 24]",4141,"[1, 2, 3, 5, 6, 10, 12, 13, 15, 16, 23]",61,0.4046610169491525,0
4480,41212,"[1, 2, 3, 5, 6, 10, 13, 15, 19, 22, 24]",4411,"[1, 2, 3, 5, 6, 9, 11, 12, 16, 19, 23]",72,0.5471464019851117,0
4481,433,"[1, 2, 3, 5, 6, 10, 13, 15, 17, 21, 23]",442,"[1, 2, 3, 5, 6, 9, 11, 12, 16, 22, 24]",0,0.5552497050727487,1
4482,433,"[1, 2, 3, 5, 6, 10, 13, 15, 17, 21, 23]",4231,"[1, 2, 3, 5, 6, 9, 11, 17, 19, 21, 23]",61,0.5764192139737991,-2
4483,4141,"[1, 2, 3, 5, 6, 10, 12, 13, 15, 16, 23]",41212,"[1, 2, 3, 5, 6, 10, 13, 15, 19, 22, 24]",0,0.5604099244875944,0
4484,4141,"[1, 2, 3, 5, 6, 10, 12, 13, 15, 16, 23]",4411,"[1, 2, 3, 5, 6, 9, 11, 12, 16, 19, 23]",45,1.0,0
4485,4231,"[1, 2, 3, 5, 6, 9, 11, 17, 19, 21, 23]",4411,"[1, 2, 3, 5, 6, 9, 11, 12, 16, 19, 23]",45,0.5426587301587301,0
4486,4231,"[1, 2, 3, 5, 6, 9, 11, 17, 19, 21, 23]",4411,"[1, 2, 3, 5, 6, 9, 11, 12, 16, 19, 23]",71,0.693069306930693,0
4487,4231,"[1, 2, 3, 5, 6, 9, 11, 17, 19, 21, 23]",4411,"[1, 2, 3, 5, 6, 9, 11, 12, 16, 19, 23]",80,1.0,0
4488,4141,"[1, 2, 3, 5, 6, 10, 12, 13, 15, 16, 23]",4231,"[1, 2, 3, 5, 6, 9, 11, 17, 19, 21, 23]",0,0.36984126984126986,-1
4489,4141,"[1, 2, 3, 5, 6, 10, 12, 13, 15, 16, 23]",4231,"[1, 2, 3, 5, 6, 9, 11, 17, 19, 21, 23]",48,0.43982494529540483,-1
4490,4231,"[1, 2, 3, 5, 6, 9, 11, 17, 19, 21, 23]",4231,"[1, 2, 3, 5, 6, 9, 11, 17, 19, 21, 23]",62,0.4855072463768116,1
4491,4231,"[1, 2, 3, 5, 6, 9, 11, 17, 19, 21, 23]",4231,"[1, 2, 3, 5, 6, 9, 11, 17, 19, 21, 23]",81,0.34099616858237547,-1
4492,4141,"[1, 2, 3, 5, 6, 10, 12, 13, 15, 16, 23]",4231,"[1, 2, 3, 5, 6, 9, 11, 17, 19, 21, 23]",0,0.5605095541401274,-2
4493,4141,"[1, 2, 3, 5, 6, 10, 12, 13, 15, 16, 23]",4231,"[1, 2, 3, 5, 6, 9, 11, 17, 19, 21, 23]",70,0.5638888888888889,0
4494,442,"[1, 2, 3, 5, 6, 9, 11, 12, 16, 22, 24]",4231,"[1, 2, 3, 5, 6, 9, 11, 17, 19, 21, 23]",0,0.49330900243309,2
4495,442,"[1, 2, 3, 5, 6, 9, 11, 12, 16, 22, 24]",4231,"[1, 2, 3, 5, 6, 9, 11, 17, 19, 21, 23]",45,1.0,0
4496,442,"[1, 2, 3, 5, 6, 9, 11, 12, 16, 22, 24]",4231,"[1, 2, 3, 5, 6, 9, 11, 17, 19, 21, 23]",45,0.473568281938326,-1
4497,4231,"[1, 2, 3, 5, 6, 9, 11, 17, 19, 21, 23]",4231,"[1, 2, 3, 5, 6, 9, 11, 17, 19, 21, 23]",70,0.6593886462882096,0
4498,4231,"[1, 2, 3, 5, 6, 9, 11, 17, 19, 21, 23]",4231,"[1, 2, 3, 5, 6, 9, 11, 17, 19, 21, 23]",78,0.4309623430962343,0
4499,433,"[1, 2, 3, 5, 6, 10, 13, 15, 17, 21, 23]",4231,"[1, 2, 3, 5, 6, 9, 11, 17, 19, 21, 23]",0,0.49637542922548644,1
4500,4411,"[1, 2, 3, 5, 6, 9, 11, 12, 16, 19, 23]",4231,"[1, 2, 3, 5, 6, 9, 11, 17, 19, 21, 23]",66,0.6086956521739131,0
4501,4411,"[1, 2, 3, 5, 6, 9, 11, 12, 16, 19, 23]",4411,"[1, 2, 3, 5, 6, 9, 11, 12, 16, 19, 23]",66,0.5,0
4502,4411,"[1, 2, 3, 5, 6, 9, 11, 12, 16, 19, 23]",4411,"[1, 2, 3, 5, 6, 9, 11, 12, 16, 19, 23]",69,0.3649484536082474,0
4503,41212,"[1, 2, 3, 5, 6, 10, 13, 15, 19, 22, 24]",3421,"[1, 3, 4, 5, 7, 8, 9, 11, 18, 20, 23]",0,0.46582278481012657,1
4504,41212,"[1, 2, 3, 5, 6, 10, 13, 15, 19, 22, 24]",3421,"[1, 3, 4, 5, 7, 8, 9, 11, 18, 20, 23]",10,0.552099533437014,-1
4505,41212,"[1, 2, 3, 5, 6, 10, 13, 15, 19, 22, 24]",3421,"[1, 3, 4, 5, 7, 8, 9, 11, 18, 20, 23]",22,0.5733082706766918,-1
4506,41212,"[1, 2, 3, 5, 6, 10, 13, 15, 19, 22, 24]",3412,"[1, 3, 4, 5, 7, 8, 9, 11, 19, 22, 24]",45,0.5464684014869888,1
4507,4231,"[1, 2, 3, 5, 6, 9, 11, 17, 19, 21, 23]",4231,"[1, 2, 3, 5, 6, 9, 11, 17, 19, 21, 23]",0,0.4106753812636166,-1
4508,4231,"[1, 2, 3, 5, 6, 9, 11, 17, 19, 21, 23]",4141,"[1, 2, 3, 5, 6, 10, 12, 13, 15, 16, 23]",45,0.5776965265082267,0
4509,4231,"[1, 2, 3, 5, 6, 9, 11, 17, 19, 21, 23]",4141,"[1, 2, 3, 5, 6, 10, 12, 13, 15, 16, 23]",61,0.36923076923076925,0
4510,343,"[1, 3, 4, 5, 7, 8, 9, 11, 17, 21, 23]",433,"[1, 2, 3, 5, 6, 10, 13, 15, 17, 21, 23]",0,0.23521026372059872,0
4511,343,"[1, 3, 4, 5, 7, 8, 9, 11, 17, 21, 23]",433,"[1, 2, 3, 5, 6, 10, 13, 15, 17, 21, 23]",30,0.3592375366568915,0
4512,343,"[1, 3, 4, 5, 7, 8, 9, 11, 17, 21, 23]",433,"[1, 2, 3, 5, 6, 10, 13, 15, 17, 21, 23]",45,0.2172211350293542,0
4513,343,"[1, 3, 4, 5, 7, 8, 9, 11, 17, 21, 23]",433,"[1, 2, 3, 5, 6, 10, 13, 15, 17, 21, 23]",60,0.26040268456375837,-1
4514,433,"[1, 2, 3, 5, 6, 10, 13, 15, 17, 21, 23]",442,"[1, 2, 3, 5, 6, 9, 11, 12, 16, 22, 24]",0,0.740597539543058,2
4515,433,"[1, 2, 3, 5, 6, 10, 13, 15, 17, 21, 23]",433,"[1, 2, 3, 5, 6, 10, 13, 15, 17, 21, 23]",62,0.8005952380952381,0
4516,433,"[1, 2, 3, 5, 6, 10, 13, 15, 17, 21, 23]",433,"[1, 2, 3, 5, 6, 10, 13, 15, 17, 21, 23]",78,0.8953488372093024,0
4517,433,"[1, 2, 3, 5, 6, 10, 13, 15, 17, 21, 23]",433,"[1, 2, 3, 5, 6, 10, 13, 15, 17, 21, 23]",80,0.5445544554455446,0
4518,433,"[1, 2, 3, 5, 6, 10, 13, 15, 17, 21, 23]",4231,"[1, 2, 3, 5, 6, 9, 11, 17, 19, 21, 23]",0,0.42152996845425866,0
4519,433,"[1, 2, 3, 5, 6, 10, 13, 15, 17, 21, 23]",4231,"[1, 2, 3, 5, 6, 9, 11, 17, 19, 21, 23]",60,0.35175879396984927,0
4520,433,"[1, 2, 3, 5, 6, 10, 13, 15, 17, 21, 23]",4231,"[1, 2, 3, 5, 6, 9, 11, 17, 19, 21, 23]",65,0.4473324213406293,0
4521,41212,"[1, 2, 3, 5, 6, 10, 13, 15, 19, 22, 24]",352,"[1, 3, 4, 5, 7, 8, 10, 13, 15, 22, 24]",0,0.5791433891992551,0
4522,41212,"[1, 2, 3, 5, 6, 10, 13, 15, 19, 22, 24]",352,"[1, 3, 4, 5, 7, 8, 10, 13, 15, 22, 24]",13,0.3583128583128583,1
4523,41212,"[1, 2, 3, 5, 6, 10, 13, 15, 19, 22, 24]",352,"[1, 3, 4, 5, 7, 8, 10, 13, 15, 22, 24]",71,0.49645390070921985,0
4524,4231,"[1, 2, 3, 5, 6, 9, 11, 17, 19, 21, 23]",4141,"[1, 2, 3, 5, 6, 10, 12, 13, 15, 16, 23]",0,0.5698639230003318,-1
4525,4231,"[1, 2, 3, 5, 6, 11, 13, 17, 19, 21, 23]",433,"[1, 2, 3, 5, 6, 10, 13, 15, 17, 21, 23]",0,0.6982570806100218,0
4526,4231,"[1, 2, 3, 5, 6, 11, 13, 17, 19, 21, 23]",433,"[1, 2, 3, 5, 6, 10, 13, 15, 17, 21, 23]",48,0.5383663366336634,1
4527,4231,"[1, 2, 3, 5, 6, 11, 13, 17, 19, 21, 23]",442,"[1, 2, 3, 5, 6, 9, 11, 12, 16, 22, 24]",68,0.49173553719008267,0
4528,4231,"[1, 2, 3, 5, 6, 11, 13, 17, 19, 21, 23]",442,"[1, 2, 3, 5, 6, 9, 11, 12, 16, 22, 24]",77,0.34507042253521125,0
4529,4231,"[1, 2, 3, 5, 6, 9, 11, 17, 19, 21, 23]",4141,"[1, 2, 3, 5, 6, 10, 12, 13, 15, 16, 23]",0,0.6975308641975309,0
4530,4231,"[1, 2, 3, 5, 6, 9, 11, 17, 19, 21, 23]",4141,"[1, 2, 3, 5, 6, 10, 12, 13, 15, 16, 23]",7,0.6734832992501704,-1
4531,4231,"[1, 2, 3, 5, 6, 9, 11, 17, 19, 21, 23]",4141,"[1, 2, 3, 5, 6, 10, 12, 13, 15, 16, 23]",45,0.5715467328370554,1
4532,4231,"[1, 2, 3, 5, 6, 9, 11, 17, 19, 21, 23]",4141,"[1, 2, 3, 5, 6, 10, 12, 13, 15, 16, 23]",78,0.5863013698630137,0
4533,41212,"[1, 2, 3, 5, 6, 10, 13, 15, 19, 22, 24]",4141,"[1, 2, 3, 5, 6, 10, 12, 13, 15, 16, 23]",0,0.6503187837175086,-1
4534,433,"[1, 2, 3, 5, 6, 10, 13, 15, 17, 21, 23]",4141,"[1, 2, 3, 5, 6, 10, 12, 13, 15, 16, 23]",45,0.5725075528700906,0
4535,433,"[1, 2, 3, 5, 6, 10, 13, 15, 17, 21, 23]",4141,"[1, 2, 3, 5, 6, 10, 12, 13, 15, 16, 23]",60,0.7556008146639511,0
4536,433,"[1, 2, 3, 5, 6, 10, 13, 15, 17, 21, 23]",4411,"[1, 2, 3, 5, 6, 9, 11, 12, 16, 19, 23]",0,0.5635838150289018,-1
4537,433,"[1, 2, 3, 5, 6, 10, 13, 15, 17, 21, 23]",4411,"[1, 2, 3, 5, 6, 9, 11, 12, 16, 19, 23]",65,0.8805460750853242,0
4538,4141,"[1, 2, 3, 5, 6, 10, 12, 13, 15, 16, 23]",4411,"[1, 2, 3, 5, 6, 9, 11, 12, 16, 19, 23]",0,0.5403057678943711,0
4539,4141,"[1, 2, 3, 5, 6, 10, 12, 13, 15, 16, 23]",4411,"[1, 2, 3, 5, 6, 9, 11, 12, 16, 19, 23]",68,0.3932926829268293,-1
4540,4231,"[1, 2, 3, 5, 6, 9, 11, 17, 19, 21, 23]",4411,"[1, 2, 3, 5, 6, 9, 11, 12, 16, 19, 23]",77,0.916030534351145,0
4541,3412,"[1, 3, 4, 5, 7, 8, 9, 11, 19, 22, 24]",433,"[1, 2, 3, 5, 6, 10, 13, 15, 17, 21, 23]",0,0.3818085668958223,-2
4542,41212,"[1, 2, 3, 5, 6, 10, 13, 15, 19, 22, 24]",433,"[1, 2, 3, 5, 6, 10, 13, 15, 17, 21, 23]",45,0.3730445246690734,-1
4543,41212,"[1, 2, 3, 5, 6, 10, 13, 15, 19, 22, 24]",433,"[1, 2, 3, 5, 6, 10, 13, 15, 17, 21, 23]",62,0.4007936507936508,0
4544,41212,"[1, 2, 3, 5, 6, 10, 13, 15, 19, 22, 24]",4231,"[1, 2, 3, 5, 6, 9, 11, 17, 19, 21, 23]",77,0.11956521739130435,0
4545,4141,"[1, 2, 3, 5, 6, 10, 12, 13, 15, 16, 23]",4231,"[1, 2, 3, 5, 6, 9, 11, 17, 19, 21, 23]",0,0.4573304157549234,-1
4546,4141,"[1, 2, 3, 5, 6, 10, 12, 13, 15, 16, 23]",4231,"[1, 2, 3, 5, 6, 9, 11, 17, 19, 21, 23]",33,0.4412532637075718,0
4547,4231,"[1, 2, 3, 5, 6, 9, 11, 17, 19, 21, 23]",433,"[1, 2, 3, 5, 6, 10, 13, 15, 17, 21, 23]",0,0.6399594320486816,0
4548,4231,"[1, 2, 3, 5, 6, 9, 11, 17, 19, 21, 23]",433,"[1, 2, 3, 5, 6, 10, 13, 15, 17, 21, 23]",24,0.6151142355008787,0
4549,4231,"[1, 2, 3, 5, 6, 9, 11, 17, 19, 21, 23]",433,"[1, 2, 3, 5, 6, 10, 13, 15, 17, 21, 23]",39,0.49019607843137253,0
4550,4231,"[1, 2, 3, 5, 6, 9, 11, 17, 19, 21, 23]",433,"[1, 2, 3, 5, 6, 10, 13, 15, 17, 21, 23]",45,0.6277145811789038,1
4551,4231,"[1, 2, 3, 5, 6, 9, 11, 17, 19, 21, 23]",433,"[1, 2, 3, 5, 6, 10, 13, 15, 17, 21, 23]",68,0.6172248803827751,0
4552,4231,"[1, 2, 3, 5, 6, 9, 11, 17, 19, 21, 23]",442,"[1, 2, 3, 5, 6, 9, 11, 12, 16, 22, 24]",79,0.7844311377245509,0
4553,4231,"[1, 2, 3, 5, 6, 9, 11, 17, 19, 21, 23]",442,"[1, 2, 3, 5, 6, 9, 11, 12, 16, 22, 24]",83,0.52,-1
4554,442,"[1, 2, 3, 5, 6, 9, 11, 12, 16, 22, 24]",4411,"[1, 2, 3, 5, 6, 9, 11, 12, 16, 19, 23]",0,0.5293696275071633,-1
4555,442,"[1, 2, 3, 5, 6, 9, 11, 12, 16, 22, 24]",4411,"[1, 2, 3, 5, 6, 9, 11, 12, 16, 19, 23]",40,0.5237020316027088,1
4556,4411,"[1, 2, 3, 5, 6, 9, 11, 12, 16, 19, 23]",4411,"[1, 2, 3, 5, 6, 9, 11, 12, 16, 19, 23]",52,0.5347313237221494,-1
4557,4231,"[1, 2, 3, 5, 6, 9, 11, 17, 19, 21, 23]",41212,"[1, 2, 3, 5, 6, 10, 13, 15, 19, 22, 24]",0,0.6260729613733905,-1
4558,4231,"[1, 2, 3, 5, 6, 9, 11, 17, 19, 21, 23]",4141,"[1, 2, 3, 5, 6, 10, 12, 13, 15, 16, 23]",45,0.6285097192224622,-1
4559,4231,"[1, 2, 3, 5, 6, 9, 11, 17, 19, 21, 23]",4411,"[1, 2, 3, 5, 6, 9, 11, 12, 16, 19, 23]",68,0.7452830188679245,0
4560,442,"[1, 2, 3, 5, 6, 9, 11, 12, 16, 22, 24]",4411,"[1, 2, 3, 5, 6, 9, 11, 12, 16, 19, 23]",74,0.65,0
4561,4411,"[1, 2, 3, 5, 6, 9, 11, 12, 16, 19, 23]",4411,"[1, 2, 3, 5, 6, 9, 11, 12, 16, 19, 23]",79,0.43934426229508194,-1
4562,433,"[1, 2, 3, 5, 6, 10, 13, 15, 17, 21, 23]",41212,"[1, 2, 3, 5, 6, 10, 13, 15, 19, 22, 24]",0,0.6703221384509939,0
4563,433,"[1, 2, 3, 5, 6, 10, 13, 15, 17, 21, 23]",41212,"[1, 2, 3, 5, 6, 10, 13, 15, 19, 22, 24]",40,0.0,0
4564,442,"[1, 2, 3, 5, 6, 9, 11, 12, 16, 22, 24]",41212,"[1, 2, 3, 5, 6, 10, 13, 15, 19, 22, 24]",41,0.4904214559386973,-1
4565,442,"[1, 2, 3, 5, 6, 9, 11, 12, 16, 22, 24]",4231,"[1, 2, 3, 5, 6, 9, 11, 17, 19, 21, 23]",45,0.7506631299734748,0
4566,433,"[1, 2, 3, 5, 6, 10, 13, 15, 17, 21, 23]",4231,"[1, 2, 3, 5, 6, 9, 11, 17, 19, 21, 23]",57,0.6431137724550898,-1
4567,442,"[1, 2, 3, 5, 6, 9, 11, 12, 16, 22, 24]",4231,"[1, 2, 3, 5, 6, 9, 11, 17, 19, 21, 23]",0,0.3687535898908673,0
4568,4231,"[1, 2, 3, 5, 6, 9, 11, 17, 19, 21, 23]",4231,"[1, 2, 3, 5, 6, 9, 11, 17, 19, 21, 23]",45,0.5414965986394558,0
4569,433,"[1, 2, 3, 5, 6, 10, 13, 15, 17, 21, 23]",4231,"[1, 2, 3, 5, 6, 9, 11, 17, 19, 21, 23]",0,0.5546047269763651,1
4570,4231,"[1, 2, 3, 5, 6, 9, 11, 17, 19, 21, 23]",41212,"[1, 2, 3, 5, 6, 10, 13, 15, 19, 22, 24]",0,0.39487496140784195,0
4571,433,"[1, 2, 3, 5, 6, 10, 13, 15, 17, 21, 23]",433,"[1, 2, 3, 5, 6, 10, 13, 15, 17, 21, 23]",0,0.3167210060549604,0
4572,433,"[1, 2, 3, 5, 6, 10, 13, 15, 17, 21, 23]",433,"[1, 2, 3, 5, 6, 10, 13, 15, 17, 21, 23]",46,0.2622107969151671,0
4573,433,"[1, 2, 3, 5, 6, 10, 13, 15, 17, 21, 23]",433,"[1, 2, 3, 5, 6, 10, 13, 15, 17, 21, 23]",56,0.18548387096774194,0
4574,433,"[1, 2, 3, 5, 6, 10, 13, 15, 17, 21, 23]",433,"[1, 2, 3, 5, 6, 10, 13, 15, 17, 21, 23]",64,0.34797297297297297,0
4575,433,"[1, 2, 3, 5, 6, 10, 13, 15, 17, 21, 23]",433,"[1, 2, 3, 5, 6, 10, 13, 15, 17, 21, 23]",71,0.5,0
4576,4231,"[1, 2, 3, 5, 6, 9, 11, 17, 19, 21, 23]",442,"[1, 2, 3, 5, 6, 9, 11, 12, 16, 22, 24]",0,0.5653241650294696,1
4577,4231,"[1, 2, 3, 5, 6, 9, 11, 17, 19, 21, 23]",442,"[1, 2, 3, 5, 6, 9, 11, 12, 16, 22, 24]",73,0.5657276995305164,1
4578,433,"[1, 2, 3, 5, 6, 10, 13, 15, 17, 21, 23]",442,"[1, 2, 3, 5, 6, 9, 11, 12, 16, 22, 24]",88,0.08333333333333333,0
4579,433,"[1, 2, 3, 5, 6, 10, 13, 15, 17, 21, 23]",433,"[1, 2, 3, 5, 6, 10, 13, 15, 17, 21, 23]",0,0.668824163969795,-1
4580,4231,"[1, 2, 3, 5, 6, 9, 11, 17, 19, 21, 23]",433,"[1, 2, 3, 5, 6, 10, 13, 15, 17, 21, 23]",24,0.6894158473105841,-2
4581,433,"[1, 2, 3, 5, 6, 10, 13, 15, 17, 21, 23]",433,"[1, 2, 3, 5, 6, 10, 13, 15, 17, 21, 23]",71,0.8757961783439491,-1
4582,4321,"[1, 2, 3, 5, 6, 10, 13, 15, 18, 20, 23]",352,"[1, 3, 4, 5, 7, 8, 10, 13, 15, 22, 24]",0,0.3482905982905983,0
4583,4321,"[1, 2, 3, 5, 6, 10, 13, 15, 18, 20, 23]",41212,"[1, 2, 3, 5, 6, 10, 13, 15, 19, 22, 24]",29,0.4117647058823529,2
4584,4231,"[1, 2, 3, 5, 6, 9, 11, 17, 19, 21, 23]",433,"[1, 2, 3, 5, 6, 10, 13, 15, 17, 21, 23]",0,0.5237333333333334,-1
4585,4231,"[1, 2, 3, 5, 6, 9, 11, 17, 19, 21, 23]",433,"[1, 2, 3, 5, 6, 10, 13, 15, 17, 21, 23]",45,0.4783861671469741,1
4586,4411,"[1, 2, 3, 5, 6, 9, 11, 12, 16, 19, 23]",433,"[1, 2, 3, 5, 6, 10, 13, 15, 17, 21, 23]",64,0.3393782383419689,1
4587,4411,"[1, 2, 3, 5, 6, 9, 11, 12, 16, 19, 23]",433,"[1, 2, 3, 5, 6, 10, 13, 15, 17, 21, 23]",76,0.07142857142857142,0
4588,4411,"[1, 2, 3, 5, 6, 9, 11, 12, 16, 19, 23]",433,"[1, 2, 3, 5, 6, 10, 13, 15, 17, 21, 23]",77,0.5321637426900585,-1
4589,442,"[1, 2, 3, 5, 6, 9, 11, 12, 16, 22, 24]",4231,"[1, 2, 3, 5, 6, 9, 11, 17, 19, 21, 23]",0,0.608010955152345,2
4590,442,"[1, 2, 3, 5, 6, 9, 11, 12, 16, 22, 24]",4231,"[1, 2, 3, 5, 6, 9, 11, 17, 19, 21, 23]",61,0.7801047120418848,1
4591,433,"[1, 2, 3, 5, 6, 10, 13, 15, 17, 21, 23]",4231,"[1, 2, 3, 5, 6, 9, 11, 17, 19, 21, 23]",66,0.6487455197132617,0
4592,4141,"[1, 2, 3, 5, 6, 10, 12, 13, 15, 16, 23]",433,"[1, 2, 3, 5, 6, 10, 13, 15, 17, 21, 23]",0,0.3881401617250674,0
4593,4411,"[1, 2, 3, 5, 6, 9, 11, 12, 16, 19, 23]",433,"[1, 2, 3, 5, 6, 10, 13, 15, 17, 21, 23]",35,0.4418604651162791,0
4594,41212,"[1, 2, 3, 5, 6, 10, 13, 15, 19, 22, 24]",433,"[1, 2, 3, 5, 6, 10, 13, 15, 17, 21, 23]",45,0.3546576879910213,0
4595,41212,"[1, 2, 3, 5, 6, 10, 13, 15, 19, 22, 24]",433,"[1, 2, 3, 5, 6, 10, 13, 15, 17, 21, 23]",66,0.4630738522954092,0
4596,4411,"[1, 2, 3, 5, 6, 9, 11, 12, 16, 19, 23]",433,"[1, 2, 3, 5, 6, 10, 13, 15, 17, 21, 23]",0,0.609271523178808,1
4597,4411,"[1, 2, 3, 5, 6, 9, 11, 12, 16, 19, 23]",442,"[1, 2, 3, 5, 6, 9, 11, 12, 16, 22, 24]",32,0.4113263785394933,-1
4598,4411,"[1, 2, 3, 5, 6, 9, 11, 12, 16, 19, 23]",442,"[1, 2, 3, 5, 6, 9, 11, 12, 16, 22, 24]",45,1.0,0
4599,4411,"[1, 2, 3, 5, 6, 9, 11, 12, 16, 19, 23]",442,"[1, 2, 3, 5, 6, 9, 11, 12, 16, 22, 24]",45,0.5625,0
4600,4411,"[1, 2, 3, 5, 6, 9, 11, 12, 16, 19, 23]",442,"[1, 2, 3, 5, 6, 9, 11, 12, 16, 22, 24]",54,0.31137724550898205,0
4601,442,"[1, 2, 3, 5, 6, 9, 11, 12, 16, 22, 24]",433,"[1, 2, 3, 5, 6, 10, 13, 15, 17, 21, 23]",0,0.3537941034316095,-2
4602,442,"[1, 2, 3, 5, 6, 9, 11, 12, 16, 22, 24]",433,"[1, 2, 3, 5, 6, 10, 13, 15, 17, 21, 23]",45,0.47291268323773106,0
4603,442,"[1, 2, 3, 5, 6, 9, 11, 12, 16, 22, 24]",433,"[1, 2, 3, 5, 6, 10, 13, 15, 17, 21, 23]",77,0.5384615384615384,0
4604,442,"[1, 2, 3, 5, 6, 9, 11, 12, 16, 22, 24]",41212,"[1, 2, 3, 5, 6, 10, 13, 15, 19, 22, 24]",0,0.4548898071625344,2
4605,433,"[1, 2, 3, 5, 6, 10, 13, 15, 17, 21, 23]",4231,"[1, 2, 3, 5, 6, 9, 11, 17, 19, 21, 23]",0,0.5523619806488332,1
4606,433,"[1, 2, 3, 5, 6, 10, 13, 15, 17, 21, 23]",4231,"[1, 2, 3, 5, 6, 9, 11, 17, 19, 21, 23]",92,1.0,0
4607,41212,"[1, 2, 3, 5, 6, 10, 13, 15, 19, 22, 24]",4411,"[1, 2, 3, 5, 6, 9, 11, 12, 16, 19, 23]",0,0.6612021857923497,1
4608,41212,"[1, 2, 3, 5, 6, 10, 13, 15, 19, 22, 24]",4321,"[1, 2, 3, 5, 6, 10, 13, 15, 18, 20, 23]",45,0.6483644859813084,1
4609,41212,"[1, 2, 3, 5, 6, 10, 13, 15, 19, 22, 24]",41212,"[1, 2, 3, 5, 6, 10, 13, 15, 19, 22, 24]",70,0.6878109452736318,0
4610,41212,"[1, 2, 3, 5, 6, 10, 13, 15, 19, 22, 24]",4411,"[1, 2, 3, 5, 6, 9, 11, 12, 16, 19, 23]",0,0.6584615384615384,0
4611,41212,"[1, 2, 3, 5, 6, 10, 13, 15, 19, 22, 24]",4411,"[1, 2, 3, 5, 6, 9, 11, 12, 16, 19, 23]",8,0.714968152866242,0
4612,41212,"[1, 2, 3, 5, 6, 10, 13, 15, 19, 22, 24]",4411,"[1, 2, 3, 5, 6, 9, 11, 12, 16, 19, 23]",22,0.7770961145194274,0
4613,41212,"[1, 2, 3, 5, 6, 10, 13, 15, 19, 22, 24]",4411,"[1, 2, 3, 5, 6, 9, 11, 12, 16, 19, 23]",34,0.7567567567567568,1
4614,41212,"[1, 2, 3, 5, 6, 10, 13, 15, 19, 22, 24]",4411,"[1, 2, 3, 5, 6, 9, 11, 12, 16, 19, 23]",45,0.4087403598971722,0
4615,4231,"[1, 2, 3, 5, 6, 9, 11, 17, 19, 21, 23]",4141,"[1, 2, 3, 5, 6, 10, 12, 13, 15, 16, 23]",0,0.5763485477178423,1
4616,4231,"[1, 2, 3, 5, 6, 9, 11, 17, 19, 21, 23]",4231,"[1, 2, 3, 5, 6, 9, 11, 17, 19, 21, 23]",66,0.4945652173913043,1
4617,4231,"[1, 2, 3, 5, 6, 9, 11, 17, 19, 21, 23]",4231,"[1, 2, 3, 5, 6, 9, 11, 17, 19, 21, 23]",72,0.8362369337979094,0
4618,4231,"[1, 2, 3, 5, 6, 9, 11, 17, 19, 21, 23]",4231,"[1, 2, 3, 5, 6, 9, 11, 17, 19, 21, 23]",80,0.4,1
4619,4231,"[1, 2, 3, 5, 6, 9, 11, 17, 19, 21, 23]",41212,"[1, 2, 3, 5, 6, 10, 13, 15, 19, 22, 24]",0,0.6263736263736264,-1
4620,442,"[1, 2, 3, 5, 6, 9, 11, 12, 16, 22, 24]",41212,"[1, 2, 3, 5, 6, 10, 13, 15, 19, 22, 24]",64,0.635593220338983,-1
4621,442,"[1, 2, 3, 5, 6, 9, 11, 12, 16, 22, 24]",41212,"[1, 2, 3, 5, 6, 10, 13, 15, 19, 22, 24]",72,0.671875,1
4622,442,"[1, 2, 3, 5, 6, 9, 11, 12, 16, 22, 24]",41212,"[1, 2, 3, 5, 6, 10, 13, 15, 19, 22, 24]",79,0.5261437908496732,0
4623,433,"[1, 2, 3, 5, 6, 10, 13, 15, 17, 21, 23]",442,"[1, 2, 3, 5, 6, 9, 11, 12, 16, 22, 24]",0,0.43656015037593987,0
4624,433,"[1, 2, 3, 5, 6, 10, 13, 15, 17, 21, 23]",442,"[1, 2, 3, 5, 6, 9, 11, 12, 16, 22, 24]",60,0.46,1
4625,433,"[1, 2, 3, 5, 6, 10, 13, 15, 17, 21, 23]",442,"[1, 2, 3, 5, 6, 9, 11, 12, 16, 22, 24]",62,0.7244094488188977,0
4626,433,"[1, 2, 3, 5, 6, 10, 13, 15, 17, 21, 23]",442,"[1, 2, 3, 5, 6, 9, 11, 12, 16, 22, 24]",66,0.16129032258064516,0
4627,433,"[1, 2, 3, 5, 6, 10, 13, 15, 17, 21, 23]",442,"[1, 2, 3, 5, 6, 9, 11, 12, 16, 22, 24]",68,0.6612903225806451,1
4628,433,"[1, 2, 3, 5, 6, 10, 13, 15, 17, 21, 23]",442,"[1, 2, 3, 5, 6, 9, 11, 12, 16, 22, 24]",71,0.40198511166253104,0
4629,433,"[1, 2, 3, 5, 6, 10, 13, 15, 17, 21, 23]",442,"[1, 2, 3, 5, 6, 9, 11, 12, 16, 22, 24]",83,0.2826086956521739,-1
4630,4141,"[1, 2, 3, 5, 6, 10, 12, 13, 15, 16, 23]",433,"[1, 2, 3, 5, 6, 10, 13, 15, 17, 21, 23]",0,0.6396694214876033,0
4631,4141,"[1, 2, 3, 5, 6, 10, 12, 13, 15, 16, 23]",433,"[1, 2, 3, 5, 6, 10, 13, 15, 17, 21, 23]",15,0.5800865800865801,1
4632,4141,"[1, 2, 3, 5, 6, 10, 12, 13, 15, 16, 23]",442,"[1, 2, 3, 5, 6, 9, 11, 12, 16, 22, 24]",45,0.625154130702836,0
4633,4141,"[1, 2, 3, 5, 6, 10, 12, 13, 15, 16, 23]",442,"[1, 2, 3, 5, 6, 9, 11, 12, 16, 22, 24]",0,0.4838709677419355,0
4634,4141,"[1, 2, 3, 5, 6, 10, 12, 13, 15, 16, 23]",4231,"[1, 2, 3, 5, 6, 9, 11, 17, 19, 21, 23]",60,1.0,0
4635,433,"[1, 2, 3, 5, 6, 10, 13, 15, 17, 21, 23]",4231,"[1, 2, 3, 5, 6, 9, 11, 17, 19, 21, 23]",60,0.5572327044025157,0
4636,433,"[1, 2, 3, 5, 6, 10, 13, 15, 17, 21, 23]",4231,"[1, 2, 3, 5, 6, 9, 11, 17, 19, 21, 23]",0,0.42696629213483145,0
4637,433,"[1, 2, 3, 5, 6, 10, 13, 15, 17, 21, 23]",4231,"[1, 2, 3, 5, 6, 9, 11, 17, 19, 21, 23]",32,0.4014300306435138,1
4638,433,"[1, 2, 3, 5, 6, 10, 13, 15, 17, 21, 23]",442,"[1, 2, 3, 5, 6, 9, 11, 12, 16, 22, 24]",65,0.21608040201005024,0
4639,4231,"[1, 2, 3, 5, 6, 9, 11, 17, 19, 21, 23]",442,"[1, 2, 3, 5, 6, 9, 11, 12, 16, 22, 24]",70,0.3328402366863905,0
4640,4231,"[1, 2, 3, 5, 6, 9, 11, 17, 19, 21, 23]",442,"[1, 2, 3, 5, 6, 9, 11, 12, 16, 22, 24]",0,0.5533845080251221,-1
4641,4231,"[1, 2, 3, 5, 6, 9, 11, 17, 19, 21, 23]",442,"[1, 2, 3, 5, 6, 9, 11, 12, 16, 22, 24]",36,0.5833333333333334,0
4642,4231,"[1, 2, 3, 5, 6, 9, 11, 17, 19, 21, 23]",433,"[1, 2, 3, 5, 6, 10, 13, 15, 17, 21, 23]",60,0.7097222222222223,0
4643,41212,"[1, 2, 3, 5, 6, 10, 13, 15, 19, 22, 24]",343,"[1, 3, 4, 5, 7, 8, 9, 11, 17, 21, 23]",0,0.5752688172043011,0
4644,41212,"[1, 2, 3, 5, 6, 10, 13, 15, 19, 22, 24]",343,"[1, 3, 4, 5, 7, 8, 9, 11, 17, 21, 23]",45,0.6603284356093345,0
4645,41212,"[1, 2, 3, 5, 6, 10, 13, 15, 19, 22, 24]",343,"[1, 3, 4, 5, 7, 8, 9, 11, 17, 21, 23]",78,0.9285714285714286,0
4646,4321,"[1, 2, 3, 5, 6, 10, 13, 15, 18, 20, 23]",433,"[1, 2, 3, 5, 6, 10, 13, 15, 17, 21, 23]",0,0.475499803998432,0
4647,4321,"[1, 2, 3, 5, 6, 10, 13, 15, 18, 20, 23]",4231,"[1, 2, 3, 5, 6, 9, 11, 17, 19, 21, 23]",71,0.25742574257425743,0
4648,4411,"[1, 2, 3, 5, 6, 9, 11, 12, 16, 19, 23]",4231,"[1, 2, 3, 5, 6, 9, 11, 17, 19, 21, 23]",78,0.38095238095238093,0
4649,4231,"[1, 2, 3, 5, 6, 9, 11, 17, 19, 21, 23]",4411,"[1, 2, 3, 5, 6, 9, 11, 12, 16, 19, 23]",0,0.5051751592356688,-2
4650,3412,"[1, 3, 4, 5, 7, 8, 9, 11, 19, 22, 24]",41212,"[1, 2, 3, 5, 6, 10, 13, 15, 19, 22, 24]",0,0.41953163926258097,-1
4651,3412,"[1, 3, 4, 5, 7, 8, 9, 11, 19, 22, 24]",41212,"[1, 2, 3, 5, 6, 10, 13, 15, 19, 22, 24]",45,0.2191780821917808,0
4652,4231,"[1, 2, 3, 5, 6, 9, 11, 17, 19, 21, 23]",41212,"[1, 2, 3, 5, 6, 10, 13, 15, 19, 22, 24]",51,0.3756218905472637,-1
4653,4141,"[1, 2, 3, 5, 6, 10, 12, 13, 15, 16, 23]",41212,"[1, 2, 3, 5, 6, 10, 13, 15, 19, 22, 24]",0,0.37249095097071405,0
4654,4141,"[1, 2, 3, 5, 6, 10, 12, 13, 15, 16, 23]",41212,"[1, 2, 3, 5, 6, 10, 13, 15, 19, 22, 24]",78,0.48936170212765956,0
4655,4141,"[1, 2, 3, 5, 6, 10, 12, 13, 15, 16, 23]",41212,"[1, 2, 3, 5, 6, 10, 13, 15, 19, 22, 24]",80,0.058333333333333334,0
4656,4231,"[1, 2, 3, 5, 6, 9, 11, 17, 19, 21, 23]",433,"[1, 2, 3, 5, 6, 10, 13, 15, 17, 21, 23]",0,0.3149568552253116,0
4657,4141,"[1, 2, 3, 5, 6, 10, 12, 13, 15, 16, 23]",433,"[1, 2, 3, 5, 6, 10, 13, 15, 17, 21, 23]",45,0.29863301787592006,-1
4658,4411,"[1, 2, 3, 5, 6, 9, 11, 12, 16, 19, 23]",433,"[1, 2, 3, 5, 6, 10, 13, 15, 17, 21, 23]",69,0.45288753799392095,0
4659,433,"[1, 2, 3, 5, 6, 10, 13, 15, 17, 21, 23]",442,"[1, 2, 3, 5, 6, 9, 11, 12, 16, 22, 24]",0,0.5315457413249212,0
4660,4411,"[1, 2, 3, 5, 6, 9, 11, 12, 16, 19, 23]",442,"[1, 2, 3, 5, 6, 9, 11, 12, 16, 22, 24]",34,0.2694610778443114,0
4661,4411,"[1, 2, 3, 5, 6, 9, 11, 12, 16, 19, 23]",442,"[1, 2, 3, 5, 6, 9, 11, 12, 16, 22, 24]",39,0.3643031784841076,0
4662,4411,"[1, 2, 3, 5, 6, 9, 11, 12, 16, 19, 23]",442,"[1, 2, 3, 5, 6, 9, 11, 12, 16, 22, 24]",46,0.4271186440677966,1
4663,4411,"[1, 2, 3, 5, 6, 9, 11, 12, 16, 19, 23]",442,"[1, 2, 3, 5, 6, 9, 11, 12, 16, 22, 24]",57,0.22253521126760564,0
4664,4411,"[1, 2, 3, 5, 6, 9, 11, 12, 16, 19, 23]",442,"[1, 2, 3, 5, 6, 9, 11, 12, 16, 22, 24]",69,0.2823529411764706,0
4665,433,"[1, 2, 3, 5, 6, 10, 13, 15, 17, 21, 23]",433,"[1, 2, 3, 5, 6, 10, 13, 15, 17, 21, 23]",0,0.6669893514036787,0
4666,433,"[1, 2, 3, 5, 6, 10, 13, 15, 17, 21, 23]",433,"[1, 2, 3, 5, 6, 10, 13, 15, 17, 21, 23]",29,0.5919583023082651,1
4667,433,"[1, 2, 3, 5, 6, 10, 13, 15, 17, 21, 23]",433,"[1, 2, 3, 5, 6, 10, 13, 15, 17, 21, 23]",68,0.0,0
4668,433,"[1, 2, 3, 5, 6, 10, 13, 15, 17, 21, 23]",442,"[1, 2, 3, 5, 6, 9, 11, 12, 16, 22, 24]",68,0.5414847161572053,0
4669,433,"[1, 2, 3, 5, 6, 10, 13, 15, 17, 21, 23]",442,"[1, 2, 3, 5, 6, 9, 11, 12, 16, 22, 24]",77,0.35634743875278396,-1
4670,433,"[1, 2, 3, 5, 6, 10, 13, 15, 17, 21, 23]",4411,"[1, 2, 3, 5, 6, 9, 11, 12, 16, 19, 23]",0,0.6254777070063694,3
4671,41212,"[1, 2, 3, 5, 6, 10, 13, 15, 19, 22, 24]",4231,"[1, 2, 3, 5, 6, 9, 11, 17, 19, 21, 23]",0,0.5224434694566318,0
4672,41212,"[1, 2, 3, 5, 6, 10, 13, 15, 19, 22, 24]",4231,"[1, 2, 3, 5, 6, 9, 11, 17, 19, 21, 23]",67,0.4927536231884058,0
4673,343,"[1, 3, 4, 5, 7, 8, 9, 11, 17, 21, 23]",352,"[1, 3, 4, 5, 7, 8, 10, 13, 15, 22, 24]",0,0.5399622404027691,0
4674,442,"[1, 2, 3, 5, 6, 9, 11, 12, 16, 22, 24]",352,"[1, 3, 4, 5, 7, 8, 10, 13, 15, 22, 24]",45,0.6677631578947368,-1
4675,442,"[1, 2, 3, 5, 6, 9, 11, 12, 16, 22, 24]",343,"[1, 3, 4, 5, 7, 8, 9, 11, 17, 21, 23]",52,0.4746760895170789,0
4676,433,"[1, 2, 3, 5, 6, 10, 13, 15, 17, 21, 23]",433,"[1, 2, 3, 5, 6, 10, 13, 15, 17, 21, 23]",0,0.5887176123319121,0
4677,442,"[1, 2, 3, 5, 6, 9, 11, 12, 16, 22, 24]",442,"[1, 2, 3, 5, 6, 9, 11, 12, 16, 22, 24]",0,0.3641545281823939,-1
4678,442,"[1, 2, 3, 5, 6, 9, 11, 12, 16, 22, 24]",442,"[1, 2, 3, 5, 6, 9, 11, 12, 16, 22, 24]",45,0.5649095200629426,0
4679,41212,"[1, 2, 3, 5, 6, 10, 13, 15, 19, 22, 24]",433,"[1, 2, 3, 5, 6, 10, 13, 15, 17, 21, 23]",0,0.4618421052631579,1
4680,4231,"[1, 2, 3, 5, 6, 9, 11, 17, 19, 21, 23]",433,"[1, 2, 3, 5, 6, 10, 13, 15, 17, 21, 23]",54,0.47342995169082125,0
4681,4231,"[1, 2, 3, 5, 6, 9, 11, 17, 19, 21, 23]",4222,"[1, 2, 3, 5, 6, 9, 11, 18, 20, 22, 24]",60,0.2725,0
4682,433,"[1, 2, 3, 5, 6, 10, 13, 15, 17, 21, 23]",4141,"[1, 2, 3, 5, 6, 10, 12, 13, 15, 16, 23]",0,0.7198316183348924,0
4683,4231,"[1, 2, 3, 5, 6, 9, 11, 17, 19, 21, 23]",433,"[1, 2, 3, 5, 6, 10, 13, 15, 17, 21, 23]",0,0.4732717604254128,-1
4684,4231,"[1, 2, 3, 5, 6, 9, 11, 17, 19, 21, 23]",433,"[1, 2, 3, 5, 6, 10, 13, 15, 17, 21, 23]",81,0.4311377245508982,0
4685,352,"[1, 3, 4, 5, 7, 8, 10, 13, 15, 22, 24]",442,"[1, 2, 3, 5, 6, 9, 11, 12, 16, 22, 24]",0,0.8680851063829788,0
4686,442,"[1, 2, 3, 5, 6, 9, 11, 12, 16, 22, 24]",4141,"[1, 2, 3, 5, 6, 10, 12, 13, 15, 16, 23]",0,0.58451536643026,0
4687,4411,"[1, 2, 3, 5, 6, 9, 11, 12, 16, 19, 23]",4141,"[1, 2, 3, 5, 6, 10, 12, 13, 15, 16, 23]",38,0.3287671232876712,0
4688,4411,"[1, 2, 3, 5, 6, 9, 11, 12, 16, 19, 23]",4141,"[1, 2, 3, 5, 6, 10, 12, 13, 15, 16, 23]",45,0.4647887323943662,-1
4689,4411,"[1, 2, 3, 5, 6, 9, 11, 12, 16, 19, 23]",41212,"[1, 2, 3, 5, 6, 10, 13, 15, 19, 22, 24]",45,0.4181326116373478,1
4690,4231,"[1, 2, 3, 5, 6, 9, 11, 17, 19, 21, 23]",4141,"[1, 2, 3, 5, 6, 10, 12, 13, 15, 16, 23]",0,0.44556558682952735,1
4691,4411,"[1, 2, 3, 5, 6, 9, 11, 12, 16, 19, 23]",4141,"[1, 2, 3, 5, 6, 10, 12, 13, 15, 16, 23]",48,0.33651551312649164,0
4692,4411,"[1, 2, 3, 5, 6, 9, 11, 12, 16, 19, 23]",4141,"[1, 2, 3, 5, 6, 10, 12, 13, 15, 16, 23]",62,0.13793103448275862,0
4693,4411,"[1, 2, 3, 5, 6, 9, 11, 12, 16, 19, 23]",4411,"[1, 2, 3, 5, 6, 9, 11, 12, 16, 19, 23]",64,0.3242753623188406,0
4694,4231,"[1, 2, 3, 5, 6, 9, 11, 17, 19, 21, 23]",4231,"[1, 2, 3, 5, 6, 9, 11, 17, 19, 21, 23]",0,0.5003584229390681,0
4695,4231,"[1, 2, 3, 5, 6, 9, 11, 17, 19, 21, 23]",4231,"[1, 2, 3, 5, 6, 9, 11, 17, 19, 21, 23]",68,0.21897810218978103,0
4696,4141,"[1, 2, 3, 5, 6, 10, 12, 13, 15, 16, 23]",3421,"[1, 3, 4, 5, 7, 8, 9, 11, 18, 20, 23]",0,0.44703872437357633,-1
4697,4231,"[1, 2, 3, 5, 6, 9, 11, 17, 19, 21, 23]",3421,"[1, 3, 4, 5, 7, 8, 9, 11, 18, 20, 23]",45,0.7695961995249406,0
4698,4231,"[1, 2, 3, 5, 6, 9, 11, 17, 19, 21, 23]",3421,"[1, 3, 4, 5, 7, 8, 9, 11, 18, 20, 23]",59,0.5811138014527845,-1
4699,4231,"[1, 2, 3, 5, 6, 9, 11, 17, 19, 21, 23]",3421,"[1, 3, 4, 5, 7, 8, 9, 11, 18, 20, 23]",72,0.45925925925925926,0
4700,4231,"[1, 2, 3, 5, 6, 9, 11, 17, 19, 21, 23]",433,"[1, 2, 3, 5, 6, 10, 13, 15, 17, 21, 23]",0,0.4559118236472946,0
4701,4231,"[1, 2, 3, 5, 6, 9, 11, 17, 19, 21, 23]",433,"[1, 2, 3, 5, 6, 10, 13, 15, 17, 21, 23]",49,0.4829059829059829,0
4702,433,"[1, 2, 3, 5, 6, 10, 13, 15, 17, 21, 23]",433,"[1, 2, 3, 5, 6, 10, 13, 15, 17, 21, 23]",61,0.38495575221238937,-1
4703,4231,"[1, 2, 3, 5, 6, 9, 11, 17, 19, 21, 23]",433,"[1, 2, 3, 5, 6, 10, 13, 15, 17, 21, 23]",75,0.6311787072243346,0
4704,433,"[1, 2, 3, 5, 6, 10, 13, 15, 17, 21, 23]",4411,"[1, 2, 3, 5, 6, 9, 11, 12, 16, 19, 23]",0,0.677747828691225,2
4705,442,"[1, 2, 3, 5, 6, 9, 11, 12, 16, 22, 24]",4411,"[1, 2, 3, 5, 6, 9, 11, 12, 16, 19, 23]",70,0.413953488372093,0
4706,4231,"[1, 2, 3, 5, 6, 9, 11, 17, 19, 21, 23]",4411,"[1, 2, 3, 5, 6, 9, 11, 12, 16, 19, 23]",0,0.5019965772960638,1
4707,4231,"[1, 2, 3, 5, 6, 9, 11, 17, 19, 21, 23]",4411,"[1, 2, 3, 5, 6, 9, 11, 12, 16, 19, 23]",52,0.5228346456692914,1
4708,433,"[1, 2, 3, 5, 6, 10, 13, 15, 17, 21, 23]",4141,"[1, 2, 3, 5, 6, 10, 12, 13, 15, 16, 23]",0,0.6368692888359158,1
4709,433,"[1, 2, 3, 5, 6, 10, 13, 15, 17, 21, 23]",4141,"[1, 2, 3, 5, 6, 10, 12, 13, 15, 16, 23]",61,1.0,0
4710,433,"[1, 2, 3, 5, 6, 10, 13, 15, 17, 21, 23]",442,"[1, 2, 3, 5, 6, 9, 11, 12, 16, 22, 24]",61,0.676923076923077,0
4711,433,"[1, 2, 3, 5, 6, 10, 13, 15, 17, 21, 23]",442,"[1, 2, 3, 5, 6, 9, 11, 12, 16, 22, 24]",72,0.530952380952381,0
4712,41212,"[1, 2, 3, 5, 6, 10, 13, 15, 19, 22, 24]",4141,"[1, 2, 3, 5, 6, 10, 12, 13, 15, 16, 23]",0,0.5720665854648802,0
4713,41212,"[1, 2, 3, 5, 6, 10, 13, 15, 19, 22, 24]",4141,"[1, 2, 3, 5, 6, 10, 12, 13, 15, 16, 23]",51,0.6888888888888889,0
4714,442,"[1, 2, 3, 5, 6, 9, 11, 12, 16, 22, 24]",4141,"[1, 2, 3, 5, 6, 10, 12, 13, 15, 16, 23]",0,0.5641025641025641,3
4715,442,"[1, 2, 3, 5, 6, 9, 11, 12, 16, 22, 24]",4141,"[1, 2, 3, 5, 6, 10, 12, 13, 15, 16, 23]",56,0.47058823529411764,0
4716,442,"[1, 2, 3, 5, 6, 9, 11, 12, 16, 22, 24]",442,"[1, 2, 3, 5, 6, 9, 11, 12, 16, 22, 24]",64,0.2761627906976744,0
4717,4141,"[1, 2, 3, 5, 6, 10, 12, 13, 15, 16, 23]",442,"[1, 2, 3, 5, 6, 9, 11, 12, 16, 22, 24]",71,0.8057553956834532,0
4718,4231,"[1, 2, 3, 5, 6, 9, 11, 17, 19, 21, 23]",4231,"[1, 2, 3, 5, 6, 9, 11, 17, 19, 21, 23]",0,0.6430693069306931,1
4719,4231,"[1, 2, 3, 5, 6, 9, 11, 17, 19, 21, 23]",4231,"[1, 2, 3, 5, 6, 9, 11, 17, 19, 21, 23]",45,0.45076586433260396,0
4720,4231,"[1, 2, 3, 5, 6, 9, 11, 17, 19, 21, 23]",4231,"[1, 2, 3, 5, 6, 9, 11, 17, 19, 21, 23]",67,0.5163398692810458,0
4721,4231,"[1, 2, 3, 5, 6, 9, 11, 17, 19, 21, 23]",4231,"[1, 2, 3, 5, 6, 9, 11, 17, 19, 21, 23]",70,0.21379310344827587,1
4722,4231,"[1, 2, 3, 5, 6, 9, 11, 17, 19, 21, 23]",4231,"[1, 2, 3, 5, 6, 9, 11, 17, 19, 21, 23]",75,0.41739130434782606,0
4723,4141,"[1, 2, 3, 5, 6, 10, 12, 13, 15, 16, 23]",4231,"[1, 2, 3, 5, 6, 9, 11, 17, 19, 21, 23]",0,0.42105263157894735,0
4724,4141,"[1, 2, 3, 5, 6, 10, 12, 13, 15, 16, 23]",4231,"[1, 2, 3, 5, 6, 9, 11, 17, 19, 21, 23]",45,0.313893653516295,0
4725,4141,"[1, 2, 3, 5, 6, 10, 12, 13, 15, 16, 23]",4231,"[1, 2, 3, 5, 6, 9, 11, 17, 19, 21, 23]",58,0.3463414634146341,-1
4726,4141,"[1, 2, 3, 5, 6, 10, 12, 13, 15, 16, 23]",4231,"[1, 2, 3, 5, 6, 9, 11, 17, 19, 21, 23]",69,0.42641509433962266,0
4727,4222,"[1, 2, 3, 5, 6, 9, 15, 18, 20, 22, 24]",4231,"[1, 2, 3, 5, 6, 9, 11, 17, 19, 21, 23]",75,0.6784452296819788,0
4728,433,"[1, 2, 3, 5, 6, 10, 13, 15, 17, 21, 23]",433,"[1, 2, 3, 5, 6, 10, 13, 15, 17, 21, 23]",0,0.6394422310756972,0
4729,433,"[1, 2, 3, 5, 6, 10, 13, 15, 17, 21, 23]",433,"[1, 2, 3, 5, 6, 10, 13, 15, 17, 21, 23]",24,0.5532128514056225,0
4730,433,"[1, 2, 3, 5, 6, 10, 13, 15, 17, 21, 23]",433,"[1, 2, 3, 5, 6, 10, 13, 15, 17, 21, 23]",45,0.5575815738963532,1
4731,433,"[1, 2, 3, 5, 6, 10, 13, 15, 17, 21, 23]",433,"[1, 2, 3, 5, 6, 10, 13, 15, 17, 21, 23]",73,0.5247524752475248,0
4732,41212,"[1, 2, 3, 5, 6, 10, 13, 15, 19, 22, 24]",433,"[1, 2, 3, 5, 6, 10, 13, 15, 17, 21, 23]",0,0.6208944793850454,-1
4733,41212,"[1, 2, 3, 5, 6, 10, 13, 15, 19, 22, 24]",433,"[1, 2, 3, 5, 6, 10, 13, 15, 17, 21, 23]",65,0.7636655948553055,1
4734,41212,"[1, 2, 3, 5, 6, 10, 13, 15, 19, 22, 24]",433,"[1, 2, 3, 5, 6, 10, 13, 15, 17, 21, 23]",81,0.5347222222222222,1
4735,41212,"[1, 2, 3, 5, 6, 10, 13, 15, 19, 22, 24]",41212,"[1, 2, 3, 5, 6, 10, 13, 15, 19, 22, 24]",85,0.49557522123893805,0
4736,4411,"[1, 2, 3, 5, 6, 9, 11, 12, 16, 19, 23]",4141,"[1, 2, 3, 5, 6, 10, 12, 13, 15, 16, 23]",0,0.5710102489019033,0
4737,4411,"[1, 2, 3, 5, 6, 9, 11, 12, 16, 19, 23]",4231,"[1, 2, 3, 5, 6, 9, 11, 17, 19, 21, 23]",45,0.4957865168539326,0
4738,4411,"[1, 2, 3, 5, 6, 9, 11, 12, 16, 19, 23]",4231,"[1, 2, 3, 5, 6, 9, 11, 17, 19, 21, 23]",65,0.6682027649769585,0
4739,4411,"[1, 2, 3, 5, 6, 9, 11, 12, 16, 19, 23]",4231,"[1, 2, 3, 5, 6, 9, 11, 17, 19, 21, 23]",70,0.4,1
4740,433,"[1, 2, 3, 5, 6, 10, 13, 15, 17, 21, 23]",41212,"[1, 2, 3, 5, 6, 10, 13, 15, 19, 22, 24]",0,0.3352534562211982,0
4741,433,"[1, 2, 3, 5, 6, 10, 13, 15, 17, 21, 23]",442,"[1, 2, 3, 5, 6, 9, 11, 12, 16, 22, 24]",45,0.4533582089552239,0
4742,433,"[1, 2, 3, 5, 6, 10, 13, 15, 17, 21, 23]",442,"[1, 2, 3, 5, 6, 9, 11, 12, 16, 22, 24]",74,0.5349264705882353,0
4743,4231,"[1, 2, 3, 5, 6, 9, 11, 17, 19, 21, 23]",442,"[1, 2, 3, 5, 6, 9, 11, 12, 16, 22, 24]",0,0.7139800285306704,0
4744,433,"[1, 2, 3, 5, 6, 10, 13, 15, 17, 21, 23]",442,"[1, 2, 3, 5, 6, 9, 11, 12, 16, 22, 24]",35,0.681447963800905,0
4745,433,"[1, 2, 3, 5, 6, 10, 13, 15, 17, 21, 23]",442,"[1, 2, 3, 5, 6, 9, 11, 12, 16, 22, 24]",60,0.9096209912536443,0
4746,4231,"[1, 2, 3, 5, 6, 9, 11, 17, 19, 21, 23]",442,"[1, 2, 3, 5, 6, 9, 11, 12, 16, 22, 24]",71,0.4888888888888889,0
4747,4231,"[1, 2, 3, 5, 6, 9, 11, 17, 19, 21, 23]",442,"[1, 2, 3, 5, 6, 9, 11, 12, 16, 22, 24]",73,0.5882352941176471,0
4748,4231,"[1, 2, 3, 5, 6, 9, 11, 17, 19, 21, 23]",4141,"[1, 2, 3, 5, 6, 10, 12, 13, 15, 16, 23]",82,0.7857142857142857,0
4749,4231,"[1, 2, 3, 5, 6, 9, 11, 17, 19, 21, 23]",4141,"[1, 2, 3, 5, 6, 10, 12, 13, 15, 16, 23]",85,0.4444444444444444,0
4750,4231,"[1, 2, 3, 5, 6, 9, 11, 17, 19, 21, 23]",433,"[1, 2, 3, 5, 6, 10, 13, 15, 17, 21, 23]",0,0.47761842677096916,-1
4751,4231,"[1, 2, 3, 5, 6, 9, 11, 17, 19, 21, 23]",433,"[1, 2, 3, 5, 6, 10, 13, 15, 17, 21, 23]",55,0.4420131291028446,0
4752,4231,"[1, 2, 3, 5, 6, 9, 11, 17, 19, 21, 23]",433,"[1, 2, 3, 5, 6, 10, 13, 15, 17, 21, 23]",65,0.5963149078726968,0
4753,4411,"[1, 2, 3, 5, 6, 9, 11, 12, 16, 19, 23]",41212,"[1, 2, 3, 5, 6, 10, 13, 15, 19, 22, 24]",0,0.44106463878326996,1
4754,4411,"[1, 2, 3, 5, 6, 9, 11, 12, 16, 19, 23]",41212,"[1, 2, 3, 5, 6, 10, 13, 15, 19, 22, 24]",19,0.49750747756729813,0
4755,4411,"[1, 2, 3, 5, 6, 9, 11, 12, 16, 19, 23]",41212,"[1, 2, 3, 5, 6, 10, 13, 15, 19, 22, 24]",45,0.487468671679198,-2
4756,4411,"[1, 2, 3, 5, 6, 9, 11, 12, 16, 19, 23]",41212,"[1, 2, 3, 5, 6, 10, 13, 15, 19, 22, 24]",70,0.6319018404907976,0
4757,4411,"[1, 2, 3, 5, 6, 9, 11, 12, 16, 19, 23]",41212,"[1, 2, 3, 5, 6, 10, 13, 15, 19, 22, 24]",78,0.6026490066225165,0
4758,4411,"[1, 2, 3, 5, 6, 9, 11, 12, 16, 19, 23]",41212,"[1, 2, 3, 5, 6, 10, 13, 15, 19, 22, 24]",86,0.6752136752136753,-1
4759,4141,"[1, 2, 3, 5, 6, 10, 12, 13, 15, 16, 23]",4141,"[1, 2, 3, 5, 6, 10, 12, 13, 15, 16, 23]",0,0.7029657089898054,1
4760,4141,"[1, 2, 3, 5, 6, 10, 12, 13, 15, 16, 23]",442,"[1, 2, 3, 5, 6, 9, 11, 12, 16, 22, 24]",45,0.6975806451612904,0
4761,4141,"[1, 2, 3, 5, 6, 10, 12, 13, 15, 16, 23]",442,"[1, 2, 3, 5, 6, 9, 11, 12, 16, 22, 24]",55,0.655367231638418,-1
4762,4141,"[1, 2, 3, 5, 6, 10, 12, 13, 15, 16, 23]",442,"[1, 2, 3, 5, 6, 9, 11, 12, 16, 22, 24]",70,0.726027397260274,1
4763,433,"[1, 2, 3, 5, 6, 10, 13, 15, 17, 21, 23]",4141,"[1, 2, 3, 5, 6, 10, 12, 13, 15, 16, 23]",0,0.5991797166293811,1
4764,4231,"[1, 2, 3, 5, 6, 9, 11, 17, 19, 21, 23]",41212,"[1, 2, 3, 5, 6, 10, 13, 15, 19, 22, 24]",0,0.5749190462172505,0
4765,4231,"[1, 2, 3, 5, 6, 9, 11, 17, 19, 21, 23]",41212,"[1, 2, 3, 5, 6, 10, 13, 15, 19, 22, 24]",84,0.30833333333333335,0
4766,4141,"[1, 2, 3, 5, 6, 10, 12, 13, 15, 16, 23]",4141,"[1, 2, 3, 5, 6, 10, 12, 13, 15, 16, 23]",0,0.4531872509960159,-2
4767,4141,"[1, 2, 3, 5, 6, 10, 12, 13, 15, 16, 23]",4141,"[1, 2, 3, 5, 6, 10, 12, 13, 15, 16, 23]",22,0.5518207282913166,2
4768,4141,"[1, 2, 3, 5, 6, 10, 12, 13, 15, 16, 23]",4141,"[1, 2, 3, 5, 6, 10, 12, 13, 15, 16, 23]",69,0.4647887323943662,0
4769,4141,"[1, 2, 3, 5, 6, 10, 12, 13, 15, 16, 23]",4141,"[1, 2, 3, 5, 6, 10, 12, 13, 15, 16, 23]",74,0.5882352941176471,0
4770,4141,"[1, 2, 3, 5, 6, 10, 12, 13, 15, 16, 23]",4411,"[1, 2, 3, 5, 6, 9, 11, 12, 16, 19, 23]",77,0.74,0
4771,4231,"[1, 2, 3, 5, 6, 9, 11, 17, 19, 21, 23]",433,"[1, 2, 3, 5, 6, 10, 13, 15, 17, 21, 23]",0,0.6472506989748369,0
4772,4231,"[1, 2, 3, 5, 6, 9, 11, 17, 19, 21, 23]",433,"[1, 2, 3, 5, 6, 10, 13, 15, 17, 21, 23]",57,0.828125,1
4773,4231,"[1, 2, 3, 5, 6, 9, 11, 17, 19, 21, 23]",433,"[1, 2, 3, 5, 6, 10, 13, 15, 17, 21, 23]",61,0.4360655737704918,0
4774,4231,"[1, 2, 3, 5, 6, 9, 11, 17, 19, 21, 23]",4231,"[1, 2, 3, 5, 6, 9, 11, 17, 19, 21, 23]",71,0.35294117647058826,0
4775,4231,"[1, 2, 3, 5, 6, 9, 11, 17, 19, 21, 23]",4231,"[1, 2, 3, 5, 6, 9, 11, 17, 19, 21, 23]",72,0.33516483516483514,0
4776,4231,"[1, 2, 3, 5, 6, 9, 11, 17, 19, 21, 23]",4231,"[1, 2, 3, 5, 6, 9, 11, 17, 19, 21, 23]",77,0.30412371134020616,0
4777,433,"[1, 2, 3, 5, 6, 10, 13, 15, 17, 21, 23]",442,"[1, 2, 3, 5, 6, 12, 13, 15, 16, 22, 24]",0,0.574585635359116,0
4778,433,"[1, 2, 3, 5, 6, 10, 13, 15, 17, 21, 23]",442,"[1, 2, 3, 5, 6, 12, 13, 15, 16, 22, 24]",16,0.39823008849557523,1
4779,433,"[1, 2, 3, 5, 6, 10, 13, 15, 17, 21, 23]",442,"[1, 2, 3, 5, 6, 12, 13, 15, 16, 22, 24]",21,0.46153846153846156,0
4780,433,"[1, 2, 3, 5, 6, 10, 13, 15, 17, 21, 23]",442,"[1, 2, 3, 5, 6, 12, 13, 15, 16, 22, 24]",32,0.4,0
4781,433,"[1, 2, 3, 5, 6, 10, 13, 15, 17, 21, 23]",4411,"[1, 2, 3, 5, 6, 9, 11, 12, 16, 19, 23]",58,0.25874125874125875,0
4782,433,"[1, 2, 3, 5, 6, 10, 13, 15, 17, 21, 23]",4411,"[1, 2, 3, 5, 6, 9, 11, 12, 16, 19, 23]",72,1.0,0
4783,442,"[1, 2, 3, 5, 6, 9, 11, 12, 16, 22, 24]",4231,"[1, 2, 3, 5, 6, 9, 11, 17, 19, 21, 23]",0,0.5783434922911438,0
4784,442,"[1, 2, 3, 5, 6, 9, 11, 12, 16, 22, 24]",4231,"[1, 2, 3, 5, 6, 9, 11, 17, 19, 21, 23]",71,0.535593220338983,0
4785,442,"[1, 2, 3, 5, 6, 9, 11, 12, 16, 22, 24]",4231,"[1, 2, 3, 5, 6, 9, 11, 17, 19, 21, 23]",82,0.5,0
4786,451,"[1, 2, 3, 5, 6, 10, 12, 13, 15, 16, 23]",4141,"[1, 2, 3, 5, 6, 10, 12, 13, 15, 16, 23]",0,0.24083769633507854,0
4787,4411,"[1, 2, 3, 5, 6, 9, 11, 12, 16, 19, 23]",4141,"[1, 2, 3, 5, 6, 10, 12, 13, 15, 16, 23]",5,0.2834591626630062,0
4788,4411,"[1, 2, 3, 5, 6, 9, 11, 12, 16, 19, 23]",4231,"[1, 2, 3, 5, 6, 9, 11, 17, 19, 21, 23]",45,0.3089311859443631,0
4789,4411,"[1, 2, 3, 5, 6, 9, 11, 12, 16, 19, 23]",442,"[1, 2, 3, 5, 6, 9, 11, 12, 16, 22, 24]",63,0.12295081967213115,0
4790,4411,"[1, 2, 3, 5, 6, 9, 11, 12, 16, 19, 23]",442,"[1, 2, 3, 5, 6, 9, 11, 12, 16, 22, 24]",66,0.40445859872611467,0
4791,4141,"[1, 2, 3, 5, 6, 10, 12, 13, 15, 16, 23]",4231,"[1, 2, 3, 5, 6, 9, 11, 17, 19, 21, 23]",0,0.41770833333333335,0
4792,4141,"[1, 2, 3, 5, 6, 10, 12, 13, 15, 16, 23]",4231,"[1, 2, 3, 5, 6, 9, 11, 17, 19, 21, 23]",26,0.4924965893587995,0
4793,4141,"[1, 2, 3, 5, 6, 10, 12, 13, 15, 16, 23]",4231,"[1, 2, 3, 5, 6, 9, 11, 17, 19, 21, 23]",43,0.5731922398589065,-1
4794,433,"[1, 2, 3, 5, 6, 10, 13, 15, 17, 21, 23]",433,"[1, 2, 3, 5, 6, 10, 13, 15, 17, 21, 23]",0,0.17320261437908496,0
4795,433,"[1, 2, 3, 5, 6, 10, 13, 15, 17, 21, 23]",433,"[1, 2, 3, 5, 6, 10, 13, 15, 17, 21, 23]",6,0.23851590106007067,-3
4796,4231,"[1, 2, 3, 5, 6, 9, 11, 17, 19, 21, 23]",433,"[1, 2, 3, 5, 6, 10, 13, 15, 17, 21, 23]",59,0.23367697594501718,0
4797,4231,"[1, 2, 3, 5, 6, 9, 11, 17, 19, 21, 23]",433,"[1, 2, 3, 5, 6, 10, 13, 15, 17, 21, 23]",75,0.10756972111553785,0
4798,4231,"[1, 2, 3, 5, 6, 9, 11, 17, 19, 21, 23]",433,"[1, 2, 3, 5, 6, 10, 13, 15, 17, 21, 23]",81,0.0,0
4799,4141,"[1, 2, 3, 5, 6, 10, 12, 13, 15, 16, 23]",433,"[1, 2, 3, 5, 6, 10, 13, 15, 17, 21, 23]",0,0.6257668711656442,1
4800,4141,"[1, 2, 3, 5, 6, 10, 12, 13, 15, 16, 23]",433,"[1, 2, 3, 5, 6, 10, 13, 15, 17, 21, 23]",14,0.3528468323977546,0
4801,442,"[1, 2, 3, 5, 6, 9, 11, 12, 16, 22, 24]",433,"[1, 2, 3, 5, 6, 10, 13, 15, 17, 21, 23]",45,0.37420986093552466,0
4802,4411,"[1, 2, 3, 5, 6, 9, 11, 12, 16, 19, 23]",433,"[1, 2, 3, 5, 6, 10, 13, 15, 17, 21, 23]",70,0.22796934865900384,0
4803,352,"[1, 3, 4, 5, 7, 8, 10, 13, 15, 22, 24]",4231,"[1, 2, 3, 5, 6, 9, 11, 17, 19, 21, 23]",0,0.5771195097037793,1
4804,352,"[1, 3, 4, 5, 7, 8, 10, 13, 15, 22, 24]",4231,"[1, 2, 3, 5, 6, 9, 11, 17, 19, 21, 23]",45,0.5829493087557603,0
4805,352,"[1, 3, 4, 5, 7, 8, 10, 13, 15, 22, 24]",4231,"[1, 2, 3, 5, 6, 9, 11, 17, 19, 21, 23]",57,0.4847328244274809,0
4806,352,"[1, 3, 4, 5, 7, 8, 10, 13, 15, 22, 24]",4231,"[1, 2, 3, 5, 6, 9, 11, 17, 19, 21, 23]",67,0.37037037037037035,0
4807,352,"[1, 3, 4, 5, 7, 8, 10, 13, 15, 22, 24]",4231,"[1, 2, 3, 5, 6, 9, 11, 17, 19, 21, 23]",70,0.6189024390243902,0
4808,352,"[1, 3, 4, 5, 7, 8, 10, 13, 15, 22, 24]",4231,"[1, 2, 3, 5, 6, 9, 11, 17, 19, 21, 23]",84,0.3103448275862069,0
4809,4231,"[1, 2, 3, 5, 6, 9, 11, 17, 19, 21, 23]",41212,"[1, 2, 3, 5, 6, 10, 13, 15, 19, 22, 24]",0,0.6394485683987274,0
4810,4231,"[1, 2, 3, 5, 6, 9, 11, 17, 19, 21, 23]",4411,"[1, 2, 3, 5, 6, 9, 11, 12, 16, 19, 23]",45,0.5215827338129496,0
4811,4231,"[1, 2, 3, 5, 6, 9, 11, 17, 19, 21, 23]",4411,"[1, 2, 3, 5, 6, 9, 11, 12, 16, 19, 23]",53,0.5437731196054254,0
4812,4231,"[1, 2, 3, 5, 6, 9, 11, 17, 19, 21, 23]",4231,"[1, 2, 3, 5, 6, 9, 11, 17, 19, 21, 23]",0,0.548949485918641,0
4813,4231,"[1, 2, 3, 5, 6, 9, 11, 17, 19, 21, 23]",4231,"[1, 2, 3, 5, 6, 9, 11, 17, 19, 21, 23]",62,0.29518072289156627,0
4814,4231,"[1, 2, 3, 5, 6, 9, 11, 17, 19, 21, 23]",4231,"[1, 2, 3, 5, 6, 9, 11, 17, 19, 21, 23]",69,0.5162523900573613,1
4815,433,"[1, 2, 3, 5, 6, 10, 13, 15, 17, 21, 23]",4141,"[1, 2, 3, 5, 6, 10, 12, 13, 15, 16, 23]",0,0.6174426685198054,2
4816,433,"[1, 2, 3, 5, 6, 10, 13, 15, 17, 21, 23]",4141,"[1, 2, 3, 5, 6, 10, 12, 13, 15, 16, 23]",71,0.8201438848920863,1
4817,4141,"[1, 2, 3, 5, 6, 10, 12, 13, 15, 16, 23]",4141,"[1, 2, 3, 5, 6, 10, 12, 13, 15, 16, 23]",0,0.41261550823623944,-1
4818,4141,"[1, 2, 3, 5, 6, 10, 12, 13, 15, 16, 23]",4141,"[1, 2, 3, 5, 6, 10, 12, 13, 15, 16, 23]",57,0.9841269841269841,0
4819,4411,"[1, 2, 3, 5, 6, 9, 11, 12, 16, 19, 23]",4141,"[1, 2, 3, 5, 6, 10, 12, 13, 15, 16, 23]",59,0.5244094488188976,0
4820,4231,"[1, 2, 3, 5, 6, 9, 11, 17, 19, 21, 23]",41212,"[1, 2, 3, 5, 6, 10, 13, 15, 19, 22, 24]",0,0.5923076923076923,0
4821,4231,"[1, 2, 3, 5, 6, 9, 11, 17, 19, 21, 23]",41212,"[1, 2, 3, 5, 6, 10, 13, 15, 19, 22, 24]",12,0.509607993850884,0
4822,433,"[1, 2, 3, 5, 6, 10, 13, 15, 17, 21, 23]",41212,"[1, 2, 3, 5, 6, 10, 13, 15, 19, 22, 24]",47,0.6807017543859649,-1
4823,433,"[1, 2, 3, 5, 6, 10, 13, 15, 17, 21, 23]",442,"[1, 2, 3, 5, 6, 9, 11, 12, 16, 22, 24]",63,0.4838709677419355,0
4824,433,"[1, 2, 3, 5, 6, 10, 13, 15, 17, 21, 23]",442,"[1, 2, 3, 5, 6, 9, 11, 12, 16, 22, 24]",64,0.5702127659574469,0
4825,442,"[1, 2, 3, 5, 6, 9, 11, 12, 16, 22, 24]",442,"[1, 2, 3, 5, 6, 9, 11, 12, 16, 22, 24]",79,0.6484018264840182,1
4826,442,"[1, 2, 3, 5, 6, 9, 11, 12, 16, 22, 24]",4231,"[1, 2, 3, 5, 6, 9, 11, 17, 19, 21, 23]",87,0.6223404255319149,0
4827,433,"[1, 2, 3, 5, 6, 10, 13, 15, 17, 21, 23]",4141,"[1, 2, 3, 5, 6, 10, 12, 13, 15, 16, 23]",0,0.5505689001264222,-1
4828,4231,"[1, 2, 3, 5, 6, 9, 11, 17, 19, 21, 23]",4141,"[1, 2, 3, 5, 6, 10, 12, 13, 15, 16, 23]",45,0.6588785046728972,0
4829,4231,"[1, 2, 3, 5, 6, 9, 11, 17, 19, 21, 23]",4141,"[1, 2, 3, 5, 6, 10, 12, 13, 15, 16, 23]",49,0.46357615894039733,0
4830,4231,"[1, 2, 3, 5, 6, 9, 11, 17, 19, 21, 23]",4141,"[1, 2, 3, 5, 6, 10, 12, 13, 15, 16, 23]",56,0.5343511450381679,1
4831,4231,"[1, 2, 3, 5, 6, 9, 11, 17, 19, 21, 23]",4141,"[1, 2, 3, 5, 6, 10, 12, 13, 15, 16, 23]",61,0.8288770053475936,0
4832,4231,"[1, 2, 3, 5, 6, 9, 11, 17, 19, 21, 23]",4141,"[1, 2, 3, 5, 6, 10, 12, 13, 15, 16, 23]",67,0.4699074074074074,0
4833,4231,"[1, 2, 3, 5, 6, 9, 11, 17, 19, 21, 23]",4141,"[1, 2, 3, 5, 6, 10, 12, 13, 15, 16, 23]",76,1.0,0
4834,4231,"[1, 2, 3, 5, 6, 9, 11, 17, 19, 21, 23]",4141,"[1, 2, 3, 5, 6, 10, 12, 13, 15, 16, 23]",77,0.8269230769230769,0
4835,4231,"[1, 2, 3, 5, 6, 9, 11, 17, 19, 21, 23]",4141,"[1, 2, 3, 5, 6, 10, 12, 13, 15, 16, 23]",81,0.4473684210526316,0
4836,4411,"[1, 2, 3, 5, 6, 9, 11, 12, 16, 19, 23]",41212,"[1, 2, 3, 5, 6, 10, 13, 15, 19, 22, 24]",0,0.4172154280338664,-1
4837,442,"[1, 2, 3, 5, 6, 9, 11, 12, 16, 22, 24]",41212,"[1, 2, 3, 5, 6, 10, 13, 15, 19, 22, 24]",45,0.33404255319148934,0
4838,442,"[1, 2, 3, 5, 6, 9, 11, 12, 16, 22, 24]",41212,"[1, 2, 3, 5, 6, 10, 13, 15, 19, 22, 24]",66,0.5564387917329093,1
4839,442,"[1, 2, 3, 5, 6, 9, 11, 12, 16, 22, 24]",41212,"[1, 2, 3, 5, 6, 10, 13, 15, 19, 22, 24]",87,0.41333333333333333,0
4840,442,"[1, 2, 3, 5, 6, 9, 11, 12, 16, 22, 24]",442,"[1, 2, 3, 5, 6, 9, 11, 12, 16, 22, 24]",0,0.6731669266770671,-1
4841,442,"[1, 2, 3, 5, 6, 9, 11, 12, 16, 22, 24]",4411,"[1, 2, 3, 5, 6, 9, 11, 12, 16, 19, 23]",36,1.0,0
4842,433,"[1, 2, 3, 5, 6, 10, 13, 15, 17, 21, 23]",4411,"[1, 2, 3, 5, 6, 9, 11, 12, 16, 19, 23]",37,0.6940298507462687,0
4843,433,"[1, 2, 3, 5, 6, 10, 13, 15, 17, 21, 23]",4411,"[1, 2, 3, 5, 6, 9, 11, 12, 16, 19, 23]",45,0.6904761904761905,2
4844,442,"[1, 2, 3, 5, 6, 9, 11, 12, 16, 22, 24]",4411,"[1, 2, 3, 5, 6, 9, 11, 12, 16, 19, 23]",65,0.501466275659824,0
4845,442,"[1, 2, 3, 5, 6, 9, 11, 12, 16, 22, 24]",4411,"[1, 2, 3, 5, 6, 9, 11, 12, 16, 19, 23]",72,0.5717255717255717,0
4846,433,"[1, 2, 3, 5, 6, 10, 13, 15, 17, 21, 23]",442,"[1, 2, 3, 5, 6, 9, 11, 12, 16, 22, 24]",0,0.5809045226130654,1
4847,433,"[1, 2, 3, 5, 6, 10, 13, 15, 17, 21, 23]",442,"[1, 2, 3, 5, 6, 9, 11, 12, 16, 22, 24]",45,0.41125541125541126,0
4848,433,"[1, 2, 3, 5, 6, 10, 13, 15, 17, 21, 23]",442,"[1, 2, 3, 5, 6, 9, 11, 12, 16, 22, 24]",51,0.3219178082191781,1
4849,433,"[1, 2, 3, 5, 6, 10, 13, 15, 17, 21, 23]",442,"[1, 2, 3, 5, 6, 9, 11, 12, 16, 22, 24]",61,0.3642241379310345,0
4850,4231,"[1, 2, 3, 5, 6, 9, 11, 17, 19, 21, 23]",433,"[1, 2, 3, 5, 6, 10, 13, 15, 17, 21, 23]",0,0.6701821668264621,0
4851,4231,"[1, 2, 3, 5, 6, 9, 11, 17, 19, 21, 23]",433,"[1, 2, 3, 5, 6, 10, 13, 15, 17, 21, 23]",24,0.6801909307875895,0
4852,4231,"[1, 2, 3, 5, 6, 9, 11, 17, 19, 21, 23]",4411,"[1, 2, 3, 5, 6, 9, 11, 12, 16, 19, 23]",38,0.5333333333333333,0
4853,4231,"[1, 2, 3, 5, 6, 9, 11, 17, 19, 21, 23]",4411,"[1, 2, 3, 5, 6, 9, 11, 12, 16, 19, 23]",40,0.5062240663900415,0
4854,4231,"[1, 2, 3, 5, 6, 9, 11, 17, 19, 21, 23]",4411,"[1, 2, 3, 5, 6, 9, 11, 12, 16, 19, 23]",45,0.0,0
4855,4231,"[1, 2, 3, 5, 6, 9, 11, 17, 19, 21, 23]",4141,"[1, 2, 3, 5, 6, 10, 12, 13, 15, 16, 23]",0,0.5968937522061419,0
4856,442,"[1, 2, 3, 5, 6, 9, 11, 12, 16, 22, 24]",4141,"[1, 2, 3, 5, 6, 10, 12, 13, 15, 16, 23]",66,0.4991304347826087,0
4857,4141,"[1, 2, 3, 5, 6, 10, 12, 13, 15, 16, 23]",433,"[1, 2, 3, 5, 6, 10, 13, 15, 17, 21, 23]",0,0.33035714285714285,0
4858,4141,"[1, 2, 3, 5, 6, 10, 12, 13, 15, 16, 23]",433,"[1, 2, 3, 5, 6, 10, 13, 15, 17, 21, 23]",3,0.5840336134453782,0
4859,4141,"[1, 2, 3, 5, 6, 10, 12, 13, 15, 16, 23]",433,"[1, 2, 3, 5, 6, 10, 13, 15, 17, 21, 23]",23,0.5174154467440687,-1
4860,4231,"[1, 2, 3, 5, 6, 9, 11, 17, 19, 21, 23]",4231,"[1, 2, 3, 5, 6, 9, 11, 17, 19, 21, 23]",0,0.6791044776119403,-1
4861,433,"[1, 2, 3, 5, 6, 10, 13, 15, 17, 21, 23]",433,"[1, 2, 3, 5, 6, 10, 13, 15, 17, 21, 23]",0,0.41847826086956524,2
4862,433,"[1, 2, 3, 5, 6, 10, 13, 15, 17, 21, 23]",433,"[1, 2, 3, 5, 6, 10, 13, 15, 17, 21, 23]",69,0.656,0
4863,4231,"[1, 2, 3, 5, 6, 9, 11, 17, 19, 21, 23]",4141,"[1, 2, 3, 5, 6, 10, 12, 13, 15, 16, 23]",0,0.5657186779400462,0
4864,442,"[1, 2, 3, 5, 6, 9, 11, 12, 16, 22, 24]",4141,"[1, 2, 3, 5, 6, 10, 12, 13, 15, 16, 23]",71,0.6240601503759399,0
4865,442,"[1, 2, 3, 5, 6, 9, 11, 12, 16, 22, 24]",4141,"[1, 2, 3, 5, 6, 10, 12, 13, 15, 16, 23]",79,0.6771653543307087,0
4866,41212,"[1, 2, 3, 5, 6, 10, 13, 15, 19, 22, 24]",4141,"[1, 2, 3, 5, 6, 10, 12, 13, 15, 16, 23]",0,0.40211267605633805,0
4867,41212,"[1, 2, 3, 5, 6, 10, 13, 15, 19, 22, 24]",4141,"[1, 2, 3, 5, 6, 10, 12, 13, 15, 16, 23]",65,0.5156695156695157,0
4868,41212,"[1, 2, 3, 5, 6, 10, 13, 15, 19, 22, 24]",4141,"[1, 2, 3, 5, 6, 10, 12, 13, 15, 16, 23]",72,0.39080459770114945,0
4869,41212,"[1, 2, 3, 5, 6, 10, 13, 15, 19, 22, 24]",4231,"[1, 2, 3, 5, 6, 9, 11, 17, 19, 21, 23]",76,0.577639751552795,0
4870,41212,"[1, 2, 3, 5, 6, 10, 13, 15, 19, 22, 24]",4411,"[1, 2, 3, 5, 6, 9, 11, 12, 16, 19, 23]",0,0.591715976331361,-1
4871,41212,"[1, 2, 3, 5, 6, 10, 13, 15, 19, 22, 24]",4141,"[1, 2, 3, 5, 6, 10, 12, 13, 15, 16, 23]",24,0.693118756936737,-1
4872,4231,"[1, 2, 3, 5, 6, 9, 11, 17, 19, 21, 23]",4231,"[1, 2, 3, 5, 6, 9, 11, 17, 19, 21, 23]",0,0.4176861237329605,-2
4873,4231,"[1, 2, 3, 5, 6, 9, 11, 17, 19, 21, 23]",4231,"[1, 2, 3, 5, 6, 9, 11, 17, 19, 21, 23]",65,0.6567164179104478,0
4874,4231,"[1, 2, 3, 5, 6, 9, 11, 17, 19, 21, 23]",433,"[1, 2, 3, 5, 6, 10, 13, 15, 17, 21, 23]",0,0.5269133725820017,-1
4875,442,"[1, 2, 3, 5, 6, 9, 11, 12, 16, 22, 24]",433,"[1, 2, 3, 5, 6, 10, 13, 15, 17, 21, 23]",59,0.5147492625368731,1
4876,4231,"[1, 2, 3, 5, 6, 9, 11, 17, 19, 21, 23]",433,"[1, 2, 3, 5, 6, 10, 13, 15, 17, 21, 23]",0,0.5165217391304348,-1
4877,4231,"[1, 2, 3, 5, 6, 9, 11, 17, 19, 21, 23]",433,"[1, 2, 3, 5, 6, 10, 13, 15, 17, 21, 23]",15,0.6091954022988506,1
4878,4231,"[1, 2, 3, 5, 6, 9, 11, 17, 19, 21, 23]",433,"[1, 2, 3, 5, 6, 10, 13, 15, 17, 21, 23]",37,0.6437869822485207,0
4879,4231,"[1, 2, 3, 5, 6, 9, 11, 17, 19, 21, 23]",433,"[1, 2, 3, 5, 6, 10, 13, 15, 17, 21, 23]",56,0.6964285714285714,0
4880,4231,"[1, 2, 3, 5, 6, 9, 11, 17, 19, 21, 23]",433,"[1, 2, 3, 5, 6, 10, 13, 15, 17, 21, 23]",59,0.7073791348600509,1
4881,433,"[1, 2, 3, 5, 6, 10, 13, 15, 17, 21, 23]",433,"[1, 2, 3, 5, 6, 10, 13, 15, 17, 21, 23]",72,0.375,0
4882,433,"[1, 2, 3, 5, 6, 10, 13, 15, 17, 21, 23]",442,"[1, 2, 3, 5, 6, 9, 11, 12, 16, 22, 24]",73,0.45517241379310347,1
4883,3412,"[1, 3, 4, 5, 7, 8, 9, 11, 19, 22, 24]",41212,"[1, 2, 3, 5, 6, 10, 13, 15, 19, 22, 24]",0,0.4761124761124761,3
4884,3412,"[1, 3, 4, 5, 7, 8, 9, 11, 19, 22, 24]",41212,"[1, 2, 3, 5, 6, 10, 13, 15, 19, 22, 24]",77,0.025974025974025976,0
4885,41212,"[1, 2, 3, 5, 6, 10, 13, 15, 19, 22, 24]",433,"[1, 2, 3, 5, 6, 10, 13, 15, 17, 21, 23]",0,0.6456211812627292,0
4886,41212,"[1, 2, 3, 5, 6, 10, 13, 15, 19, 22, 24]",433,"[1, 2, 3, 5, 6, 10, 13, 15, 17, 21, 23]",31,0.6035353535353535,1
4887,41212,"[1, 2, 3, 5, 6, 10, 13, 15, 19, 22, 24]",433,"[1, 2, 3, 5, 6, 10, 13, 15, 17, 21, 23]",53,0.5342465753424658,1
4888,41212,"[1, 2, 3, 5, 6, 10, 13, 15, 19, 22, 24]",352,"[1, 3, 4, 5, 7, 8, 10, 13, 15, 22, 24]",67,0.041666666666666664,0
4889,433,"[1, 2, 3, 5, 6, 10, 13, 15, 17, 21, 23]",433,"[1, 2, 3, 5, 6, 10, 13, 15, 17, 21, 23]",0,0.5780691299165673,0
4890,433,"[1, 2, 3, 5, 6, 10, 13, 15, 17, 21, 23]",433,"[1, 2, 3, 5, 6, 10, 13, 15, 17, 21, 23]",19,0.14606741573033707,-1
4891,433,"[1, 2, 3, 5, 6, 10, 13, 15, 17, 21, 23]",433,"[1, 2, 3, 5, 6, 10, 13, 15, 17, 21, 23]",25,0.7344632768361582,1
4892,433,"[1, 2, 3, 5, 6, 10, 13, 15, 17, 21, 23]",433,"[1, 2, 3, 5, 6, 10, 13, 15, 17, 21, 23]",36,0.3505535055350554,2
4893,433,"[1, 2, 3, 5, 6, 10, 13, 15, 17, 21, 23]",4411,"[1, 2, 3, 5, 6, 9, 11, 12, 16, 19, 23]",61,0.17785234899328858,0
4894,433,"[1, 2, 3, 5, 6, 10, 13, 15, 17, 21, 23]",4411,"[1, 2, 3, 5, 6, 9, 11, 12, 16, 19, 23]",69,0.25405405405405407,0
4895,4231,"[1, 2, 3, 5, 6, 9, 11, 17, 19, 21, 23]",41212,"[1, 2, 3, 5, 6, 10, 13, 15, 19, 22, 24]",0,0.5318681318681319,-1
4896,4231,"[1, 2, 3, 5, 6, 9, 11, 17, 19, 21, 23]",41212,"[1, 2, 3, 5, 6, 10, 13, 15, 19, 22, 24]",62,1.0,0
4897,4231,"[1, 2, 3, 5, 6, 9, 11, 17, 19, 21, 23]",4141,"[1, 2, 3, 5, 6, 10, 12, 13, 15, 16, 23]",62,0.7024793388429752,0
4898,343,"[1, 3, 4, 5, 7, 8, 9, 11, 17, 21, 23]",4231,"[1, 2, 3, 5, 6, 9, 11, 17, 19, 21, 23]",0,0.6618444846292948,0
4899,343,"[1, 3, 4, 5, 7, 8, 9, 11, 17, 21, 23]",442,"[1, 2, 3, 5, 6, 9, 11, 12, 16, 22, 24]",45,0.5276967930029155,0
4900,4231,"[1, 2, 3, 5, 6, 9, 11, 17, 19, 21, 23]",442,"[1, 2, 3, 5, 6, 9, 11, 12, 16, 22, 24]",54,0.6584362139917695,0
4901,4231,"[1, 2, 3, 5, 6, 9, 11, 17, 19, 21, 23]",442,"[1, 2, 3, 5, 6, 9, 11, 12, 16, 22, 24]",65,0.7390542907180385,-1
4902,442,"[1, 2, 3, 5, 6, 9, 11, 12, 16, 22, 24]",442,"[1, 2, 3, 5, 6, 9, 11, 12, 16, 22, 24]",0,0.6196567862714508,1
4903,433,"[1, 2, 3, 5, 6, 10, 13, 15, 17, 21, 23]",4141,"[1, 2, 3, 5, 6, 10, 12, 13, 15, 16, 23]",0,0.727580372250423,2
4904,433,"[1, 2, 3, 5, 6, 10, 13, 15, 17, 21, 23]",4141,"[1, 2, 3, 5, 6, 10, 12, 13, 15, 16, 23]",63,0.488,1
4905,433,"[1, 2, 3, 5, 6, 10, 13, 15, 17, 21, 23]",4231,"[1, 2, 3, 5, 6, 9, 11, 17, 19, 21, 23]",0,0.49685094471658503,-2
4906,433,"[1, 2, 3, 5, 6, 10, 13, 15, 17, 21, 23]",4231,"[1, 2, 3, 5, 6, 9, 11, 17, 19, 21, 23]",64,0.7002237136465325,0
4907,4231,"[1, 2, 3, 5, 6, 9, 11, 17, 19, 21, 23]",4231,"[1, 2, 3, 5, 6, 9, 11, 17, 19, 21, 23]",0,0.49036511156186613,0
4908,4231,"[1, 2, 3, 5, 6, 9, 11, 17, 19, 21, 23]",4231,"[1, 2, 3, 5, 6, 9, 11, 17, 19, 21, 23]",45,1.0,0
4909,4231,"[1, 2, 3, 5, 6, 9, 11, 17, 19, 21, 23]",4231,"[1, 2, 3, 5, 6, 9, 11, 17, 19, 21, 23]",45,0.413527397260274,-1
4910,4231,"[1, 2, 3, 5, 6, 9, 11, 17, 19, 21, 23]",4231,"[1, 2, 3, 5, 6, 9, 11, 17, 19, 21, 23]",76,0.5575447570332481,0
4911,433,"[1, 2, 3, 5, 6, 10, 13, 15, 17, 21, 23]",433,"[1, 2, 3, 5, 6, 10, 13, 15, 17, 21, 23]",0,0.5286512928022362,1
4912,433,"[1, 2, 3, 5, 6, 10, 13, 15, 17, 21, 23]",41212,"[1, 2, 3, 5, 6, 10, 13, 15, 19, 22, 24]",69,0.20286396181384247,0
4913,41212,"[1, 2, 3, 5, 6, 10, 13, 15, 19, 22, 24]",352,"[1, 3, 4, 5, 7, 8, 10, 13, 15, 22, 24]",0,0.5600877192982456,0
4914,41212,"[1, 2, 3, 5, 6, 10, 13, 15, 19, 22, 24]",4231,"[1, 2, 3, 5, 6, 9, 11, 17, 19, 21, 23]",0,0.491876523151909,0
4915,41212,"[1, 2, 3, 5, 6, 10, 13, 15, 19, 22, 24]",4231,"[1, 2, 3, 5, 6, 9, 11, 17, 19, 21, 23]",61,0.6859649122807018,0
4916,442,"[1, 2, 3, 5, 6, 9, 11, 12, 16, 22, 24]",4231,"[1, 2, 3, 5, 6, 9, 11, 17, 19, 21, 23]",72,0.4388349514563107,0
4917,4231,"[1, 2, 3, 5, 6, 9, 11, 17, 19, 21, 23]",433,"[1, 2, 3, 5, 6, 10, 13, 15, 17, 21, 23]",0,0.5871369294605809,1
4918,4231,"[1, 2, 3, 5, 6, 9, 11, 17, 19, 21, 23]",4231,"[1, 2, 3, 5, 6, 9, 11, 17, 19, 21, 23]",53,0.2803738317757009,0
4919,4231,"[1, 2, 3, 5, 6, 9, 11, 17, 19, 21, 23]",4231,"[1, 2, 3, 5, 6, 9, 11, 17, 19, 21, 23]",59,0.4808362369337979,0
4920,4231,"[1, 2, 3, 5, 6, 9, 11, 17, 19, 21, 23]",4141,"[1, 2, 3, 5, 6, 10, 12, 13, 15, 16, 23]",69,0.554945054945055,0
4921,41212,"[1, 2, 3, 5, 6, 10, 13, 15, 19, 22, 24]",4231,"[1, 2, 3, 5, 6, 9, 11, 17, 19, 21, 23]",0,0.6152492668621701,1
4922,41212,"[1, 2, 3, 5, 6, 10, 13, 15, 19, 22, 24]",41212,"[1, 2, 3, 5, 6, 10, 13, 15, 19, 22, 24]",45,0.403899721448468,0
4923,41212,"[1, 2, 3, 5, 6, 10, 13, 15, 19, 22, 24]",41212,"[1, 2, 3, 5, 6, 10, 13, 15, 19, 22, 24]",54,0.2277580071174377,0
4924,41212,"[1, 2, 3, 5, 6, 10, 13, 15, 19, 22, 24]",41212,"[1, 2, 3, 5, 6, 10, 13, 15, 19, 22, 24]",65,0.22297297297297297,1
4925,3412,"[1, 3, 4, 5, 7, 8, 9, 11, 19, 22, 24]",41212,"[1, 2, 3, 5, 6, 10, 13, 15, 19, 22, 24]",69,0.10507246376811594,0
4926,4231,"[1, 2, 3, 5, 6, 9, 11, 17, 19, 21, 23]",41212,"[1, 2, 3, 5, 6, 10, 13, 15, 19, 22, 24]",0,0.3616519174041298,0
4927,4411,"[1, 2, 3, 5, 6, 9, 11, 12, 16, 19, 23]",41212,"[1, 2, 3, 5, 6, 10, 13, 15, 19, 22, 24]",35,0.31459797033567527,0
4928,4411,"[1, 2, 3, 5, 6, 9, 11, 12, 16, 19, 23]",4231,"[1, 2, 3, 5, 6, 9, 11, 17, 19, 21, 23]",66,0.10305343511450382,-1
4929,4411,"[1, 2, 3, 5, 6, 9, 11, 12, 16, 19, 23]",4231,"[1, 2, 3, 5, 6, 9, 11, 17, 19, 21, 23]",78,0.592,0
4930,442,"[1, 2, 3, 5, 6, 9, 11, 12, 16, 22, 24]",433,"[1, 2, 3, 5, 6, 10, 13, 15, 17, 21, 23]",0,0.3629675045984059,1
4931,442,"[1, 2, 3, 5, 6, 9, 11, 12, 16, 22, 24]",4411,"[1, 2, 3, 5, 6, 9, 11, 12, 16, 19, 23]",43,0.3448275862068966,0
4932,442,"[1, 2, 3, 5, 6, 9, 11, 12, 16, 22, 24]",4411,"[1, 2, 3, 5, 6, 9, 11, 12, 16, 19, 23]",45,1.0,0
4933,4411,"[1, 2, 3, 5, 6, 9, 11, 12, 16, 19, 23]",4411,"[1, 2, 3, 5, 6, 9, 11, 12, 16, 19, 23]",45,0.45714285714285713,0
4934,4411,"[1, 2, 3, 5, 6, 9, 11, 12, 16, 19, 23]",4411,"[1, 2, 3, 5, 6, 9, 11, 12, 16, 19, 23]",57,0.4044943820224719,-1
4935,4411,"[1, 2, 3, 5, 6, 9, 11, 12, 16, 19, 23]",433,"[1, 2, 3, 5, 6, 10, 13, 15, 17, 21, 23]",0,0.347068145800317,0
4936,4411,"[1, 2, 3, 5, 6, 9, 11, 12, 16, 19, 23]",433,"[1, 2, 3, 5, 6, 10, 13, 15, 17, 21, 23]",65,0.30979827089337175,-1
4937,41212,"[1, 2, 3, 5, 6, 10, 13, 15, 19, 22, 24]",4141,"[1, 2, 3, 5, 6, 10, 12, 13, 15, 16, 23]",0,0.6785502079619726,0
4938,41212,"[1, 2, 3, 5, 6, 10, 13, 15, 19, 22, 24]",4141,"[1, 2, 3, 5, 6, 10, 12, 13, 15, 16, 23]",39,0.7768924302788844,0
4939,41212,"[1, 2, 3, 5, 6, 10, 13, 15, 19, 22, 24]",4141,"[1, 2, 3, 5, 6, 10, 12, 13, 15, 16, 23]",45,0.7182222222222222,0
4940,41212,"[1, 2, 3, 5, 6, 10, 13, 15, 19, 22, 24]",4141,"[1, 2, 3, 5, 6, 10, 12, 13, 15, 16, 23]",71,0.6991404011461319,1
4941,442,"[1, 2, 3, 5, 6, 9, 11, 12, 16, 22, 24]",433,"[1, 2, 3, 5, 6, 10, 13, 15, 17, 21, 23]",0,0.4897094430992736,0
4942,442,"[1, 2, 3, 5, 6, 9, 11, 12, 16, 22, 24]",4231,"[1, 2, 3, 5, 6, 9, 11, 17, 19, 21, 23]",45,0.6476190476190476,0
4943,4141,"[1, 2, 3, 5, 6, 10, 12, 13, 15, 16, 23]",4321,"[1, 2, 3, 5, 6, 10, 13, 15, 18, 20, 23]",0,0.4213270142180095,0
4944,41212,"[1, 2, 3, 5, 6, 10, 13, 15, 19, 22, 24]",4231,"[1, 2, 3, 5, 6, 9, 11, 17, 19, 21, 23]",0,0.6249567922571725,-1
4945,4231,"[1, 2, 3, 5, 6, 9, 11, 17, 19, 21, 23]",4231,"[1, 2, 3, 5, 6, 9, 11, 17, 19, 21, 23]",75,0.58,0
4946,4141,"[1, 2, 3, 5, 6, 10, 12, 13, 15, 16, 23]",4231,"[1, 2, 3, 5, 6, 9, 11, 17, 19, 21, 23]",82,0.3333333333333333,0
4947,442,"[1, 2, 3, 5, 6, 9, 11, 12, 16, 22, 24]",4231,"[1, 2, 3, 5, 6, 9, 11, 17, 19, 21, 23]",0,0.5168461271274748,0
4948,442,"[1, 2, 3, 5, 6, 9, 11, 12, 16, 22, 24]",4231,"[1, 2, 3, 5, 6, 9, 11, 17, 19, 21, 23]",70,0.52,0
4949,442,"[1, 2, 3, 5, 6, 9, 11, 12, 16, 22, 24]",4231,"[1, 2, 3, 5, 6, 9, 11, 17, 19, 21, 23]",73,0.6608391608391608,1
4950,4231,"[1, 2, 3, 5, 6, 9, 11, 17, 19, 21, 23]",433,"[1, 2, 3, 5, 6, 10, 13, 15, 17, 21, 23]",0,0.5046928327645052,-1
4951,4231,"[1, 2, 3, 5, 6, 9, 11, 17, 19, 21, 23]",433,"[1, 2, 3, 5, 6, 10, 13, 15, 17, 21, 23]",57,0.6956521739130435,0
4952,4411,"[1, 2, 3, 5, 6, 9, 11, 12, 16, 19, 23]",433,"[1, 2, 3, 5, 6, 10, 13, 15, 17, 21, 23]",76,0.6141078838174274,0
4953,41212,"[1, 2, 3, 5, 6, 10, 13, 15, 19, 22, 24]",41212,"[1, 2, 3, 5, 6, 10, 13, 15, 19, 22, 24]",0,0.4097926775474195,2
4954,41212,"[1, 2, 3, 5, 6, 10, 13, 15, 19, 22, 24]",41212,"[1, 2, 3, 5, 6, 10, 13, 15, 19, 22, 24]",58,0.40166204986149584,0
4955,442,"[1, 2, 3, 5, 6, 9, 11, 12, 16, 22, 24]",41212,"[1, 2, 3, 5, 6, 10, 13, 15, 19, 22, 24]",67,0.20684292379471228,0
4956,442,"[1, 2, 3, 5, 6, 9, 11, 12, 16, 22, 24]",41212,"[1, 2, 3, 5, 6, 10, 13, 15, 19, 22, 24]",84,1.0,0
4957,442,"[1, 2, 3, 5, 6, 9, 11, 12, 16, 22, 24]",41212,"[1, 2, 3, 5, 6, 10, 13, 15, 19, 22, 24]",85,0.10526315789473684,0
4958,442,"[1, 2, 3, 5, 6, 9, 11, 12, 16, 22, 24]",4231,"[1, 2, 3, 5, 6, 9, 11, 17, 19, 21, 23]",0,0.46085858585858586,1
4959,442,"[1, 2, 3, 5, 6, 9, 11, 12, 16, 22, 24]",4231,"[1, 2, 3, 5, 6, 9, 11, 17, 19, 21, 23]",52,0.45940959409594095,-1
4960,4411,"[1, 2, 3, 5, 6, 9, 11, 12, 16, 19, 23]",4231,"[1, 2, 3, 5, 6, 9, 11, 17, 19, 21, 23]",68,0.44805194805194803,0
4961,4411,"[1, 2, 3, 5, 6, 9, 11, 12, 16, 19, 23]",4231,"[1, 2, 3, 5, 6, 9, 11, 17, 19, 21, 23]",74,0.5339168490153173,0
4962,4411,"[1, 2, 3, 5, 6, 9, 11, 12, 16, 19, 23]",4411,"[1, 2, 3, 5, 6, 9, 11, 12, 16, 19, 23]",85,0.5,0
4963,4231,"[1, 2, 3, 5, 6, 9, 11, 17, 19, 21, 23]",442,"[1, 2, 3, 5, 6, 9, 11, 12, 16, 22, 24]",0,0.45848091302636756,0
4964,4231,"[1, 2, 3, 5, 6, 9, 11, 17, 19, 21, 23]",442,"[1, 2, 3, 5, 6, 9, 11, 12, 16, 22, 24]",58,0.6213592233009708,1
4965,4231,"[1, 2, 3, 5, 6, 9, 11, 17, 19, 21, 23]",4231,"[1, 2, 3, 5, 6, 9, 11, 17, 19, 21, 23]",0,0.5283018867924528,0
4966,4231,"[1, 2, 3, 5, 6, 9, 11, 17, 19, 21, 23]",4231,"[1, 2, 3, 5, 6, 9, 11, 17, 19, 21, 23]",31,0.6447688564476886,0
4967,442,"[1, 2, 3, 5, 6, 9, 11, 12, 16, 22, 24]",433,"[1, 2, 3, 5, 6, 10, 13, 15, 17, 21, 23]",0,0.40540540540540543,0
4968,4411,"[1, 2, 3, 5, 6, 9, 11, 12, 16, 19, 23]",433,"[1, 2, 3, 5, 6, 10, 13, 15, 17, 21, 23]",4,0.5807327001356852,0
4969,4411,"[1, 2, 3, 5, 6, 9, 11, 12, 16, 19, 23]",4231,"[1, 2, 3, 5, 6, 9, 11, 17, 19, 21, 23]",45,0.588334742180896,-1
4970,4411,"[1, 2, 3, 5, 6, 9, 11, 12, 16, 19, 23]",4231,"[1, 2, 3, 5, 6, 9, 11, 17, 19, 21, 23]",81,0.6442687747035574,0
4971,4321,"[1, 2, 3, 5, 6, 10, 13, 15, 18, 20, 23]",433,"[1, 2, 3, 5, 6, 10, 13, 15, 17, 21, 23]",0,0.582476749877631,-1
4972,4321,"[1, 2, 3, 5, 6, 10, 13, 15, 18, 20, 23]",433,"[1, 2, 3, 5, 6, 10, 13, 15, 17, 21, 23]",45,0.6481012658227848,0
4973,442,"[1, 2, 3, 5, 6, 9, 11, 12, 16, 22, 24]",343,"[1, 3, 4, 5, 7, 8, 9, 11, 17, 21, 23]",0,0.35028901734104045,0
4974,442,"[1, 2, 3, 5, 6, 9, 11, 12, 16, 22, 24]",343,"[1, 3, 4, 5, 7, 8, 9, 11, 17, 21, 23]",23,0.42452830188679247,0
4975,442,"[1, 2, 3, 5, 6, 9, 11, 12, 16, 22, 24]",343,"[1, 3, 4, 5, 7, 8, 9, 11, 17, 21, 23]",45,0.652317880794702,0
4976,442,"[1, 2, 3, 5, 6, 9, 11, 12, 16, 22, 24]",343,"[1, 3, 4, 5, 7, 8, 9, 11, 17, 21, 23]",55,0.20707070707070707,0
4977,442,"[1, 2, 3, 5, 6, 9, 11, 12, 16, 22, 24]",343,"[1, 3, 4, 5, 7, 8, 9, 11, 17, 21, 23]",65,0.31877729257641924,0
4978,442,"[1, 2, 3, 5, 6, 9, 11, 12, 16, 22, 24]",343,"[1, 3, 4, 5, 7, 8, 9, 11, 17, 21, 23]",73,0.3744493392070485,0
4979,4231,"[1, 2, 3, 5, 6, 9, 11, 17, 19, 21, 23]",4231,"[1, 2, 3, 5, 6, 9, 11, 17, 19, 21, 23]",0,0.5493895671476138,1
4980,4231,"[1, 2, 3, 5, 6, 9, 11, 17, 19, 21, 23]",4231,"[1, 2, 3, 5, 6, 9, 11, 17, 19, 21, 23]",45,0.5512048192771084,0
4981,4231,"[1, 2, 3, 5, 6, 9, 11, 17, 19, 21, 23]",4231,"[1, 2, 3, 5, 6, 9, 11, 17, 19, 21, 23]",59,0.5,0
4982,4231,"[1, 2, 3, 5, 6, 9, 11, 17, 19, 21, 23]",4231,"[1, 2, 3, 5, 6, 9, 11, 17, 19, 21, 23]",66,0.6109660574412533,1
4983,442,"[1, 2, 3, 5, 6, 9, 11, 12, 16, 22, 24]",433,"[1, 2, 3, 5, 6, 10, 13, 15, 17, 21, 23]",0,0.3650224215246637,0
4984,442,"[1, 2, 3, 5, 6, 9, 11, 12, 16, 22, 24]",433,"[1, 2, 3, 5, 6, 10, 13, 15, 17, 21, 23]",25,0.34022556390977443,0
4985,442,"[1, 2, 3, 5, 6, 9, 11, 12, 16, 22, 24]",433,"[1, 2, 3, 5, 6, 10, 13, 15, 17, 21, 23]",38,0.3017543859649123,0
4986,4231,"[1, 2, 3, 5, 6, 9, 11, 17, 19, 21, 23]",4141,"[1, 2, 3, 5, 6, 10, 12, 13, 15, 16, 23]",0,0.5697940503432495,2
4987,4231,"[1, 2, 3, 5, 6, 9, 11, 17, 19, 21, 23]",4141,"[1, 2, 3, 5, 6, 10, 12, 13, 15, 16, 23]",57,0.3704663212435233,1
4988,4231,"[1, 2, 3, 5, 6, 9, 11, 17, 19, 21, 23]",442,"[1, 2, 3, 5, 6, 9, 11, 12, 16, 22, 24]",68,0.38461538461538464,0
4989,4231,"[1, 2, 3, 5, 6, 9, 11, 17, 19, 21, 23]",442,"[1, 2, 3, 5, 6, 9, 11, 12, 16, 22, 24]",71,0.4155495978552279,0
4990,4231,"[1, 2, 3, 5, 6, 9, 11, 17, 19, 21, 23]",442,"[1, 2, 3, 5, 6, 9, 11, 12, 16, 22, 24]",80,0.49743589743589745,0
4991,4141,"[1, 2, 3, 5, 6, 10, 12, 13, 15, 16, 23]",41212,"[1, 2, 3, 5, 6, 10, 13, 15, 19, 22, 24]",0,0.3969957081545064,1
4992,4141,"[1, 2, 3, 5, 6, 10, 12, 13, 15, 16, 23]",4141,"[1, 2, 3, 5, 6, 10, 12, 13, 15, 16, 23]",45,0.3071748878923767,0
4993,4411,"[1, 2, 3, 5, 6, 9, 11, 12, 16, 19, 23]",4141,"[1, 2, 3, 5, 6, 10, 12, 13, 15, 16, 23]",65,0.16129032258064516,0
4994,4231,"[1, 2, 3, 5, 6, 9, 11, 17, 19, 21, 23]",4411,"[1, 2, 3, 5, 6, 9, 11, 12, 16, 19, 23]",0,0.5572979493365501,-1
4995,433,"[1, 2, 3, 5, 6, 10, 13, 15, 17, 21, 23]",4411,"[1, 2, 3, 5, 6, 9, 11, 12, 16, 19, 23]",45,1.0,0
4996,433,"[1, 2, 3, 5, 6, 10, 13, 15, 17, 21, 23]",433,"[1, 2, 3, 5, 6, 10, 13, 15, 17, 21, 23]",45,0.46077457795431975,1
4997,433,"[1, 2, 3, 5, 6, 10, 13, 15, 17, 21, 23]",4231,"[1, 2, 3, 5, 6, 9, 11, 17, 19, 21, 23]",0,0.5855728429985856,1
4998,433,"[1, 2, 3, 5, 6, 10, 13, 15, 17, 21, 23]",4231,"[1, 2, 3, 5, 6, 9, 11, 17, 19, 21, 23]",71,0.5,0
4999,433,"[1, 2, 3, 5, 6, 10, 13, 15, 17, 21, 23]",4231,"[1, 2, 3, 5, 6, 9, 11, 17, 19, 21, 23]",71,0.4371859296482412,0
5000,433,"[1, 2, 3, 5, 6, 10, 13, 15, 17, 21, 23]",433,"[1, 2, 3, 5, 6, 10, 13, 15, 17, 21, 23]",84,0.16,0
5001,442,"[1, 2, 3, 5, 6, 9, 11, 12, 16, 22, 24]",4231,"[1, 2, 3, 5, 6, 9, 11, 17, 19, 21, 23]",0,0.5524956970740104,0
5002,442,"[1, 2, 3, 5, 6, 9, 11, 12, 16, 22, 24]",4231,"[1, 2, 3, 5, 6, 9, 11, 17, 19, 21, 23]",26,0.5,-1
5003,442,"[1, 2, 3, 5, 6, 9, 11, 12, 16, 22, 24]",4231,"[1, 2, 3, 5, 6, 9, 11, 17, 19, 21, 23]",42,0.6900584795321637,0
5004,442,"[1, 2, 3, 5, 6, 9, 11, 12, 16, 22, 24]",4231,"[1, 2, 3, 5, 6, 9, 11, 17, 19, 21, 23]",45,0.4608050847457627,2
5005,442,"[1, 2, 3, 5, 6, 9, 11, 12, 16, 22, 24]",4231,"[1, 2, 3, 5, 6, 9, 11, 17, 19, 21, 23]",74,0.75,0
5006,4141,"[1, 2, 3, 5, 6, 10, 12, 13, 15, 16, 23]",4231,"[1, 2, 3, 5, 6, 9, 11, 17, 19, 21, 23]",74,0.421875,1
5007,4141,"[1, 2, 3, 5, 6, 10, 12, 13, 15, 16, 23]",4231,"[1, 2, 3, 5, 6, 9, 11, 17, 19, 21, 23]",82,0.125,0
5008,4231,"[1, 2, 3, 5, 6, 9, 11, 17, 19, 21, 23]",442,"[1, 2, 3, 5, 6, 9, 11, 12, 16, 22, 24]",0,0.4025974025974026,0
5009,4231,"[1, 2, 3, 5, 6, 9, 11, 17, 19, 21, 23]",442,"[1, 2, 3, 5, 6, 9, 11, 12, 16, 22, 24]",8,0.45412039742840443,0
5010,4231,"[1, 2, 3, 5, 6, 9, 11, 17, 19, 21, 23]",442,"[1, 2, 3, 5, 6, 9, 11, 12, 16, 22, 24]",56,0.581039755351682,0
5011,4231,"[1, 2, 3, 5, 6, 9, 11, 17, 19, 21, 23]",442,"[1, 2, 3, 5, 6, 9, 11, 12, 16, 22, 24]",66,0.29591836734693877,0
5012,4231,"[1, 2, 3, 5, 6, 9, 11, 17, 19, 21, 23]",442,"[1, 2, 3, 5, 6, 9, 11, 12, 16, 22, 24]",70,0.6968421052631579,-1
5013,433,"[1, 2, 3, 5, 6, 10, 13, 15, 17, 21, 23]",433,"[1, 2, 3, 5, 6, 10, 13, 15, 17, 21, 23]",0,0.5578231292517006,0
5014,433,"[1, 2, 3, 5, 6, 10, 13, 15, 17, 21, 23]",433,"[1, 2, 3, 5, 6, 10, 13, 15, 17, 21, 23]",11,0.5081833060556464,1
5015,433,"[1, 2, 3, 5, 6, 10, 13, 15, 17, 21, 23]",433,"[1, 2, 3, 5, 6, 10, 13, 15, 17, 21, 23]",45,1.0,0
5016,433,"[1, 2, 3, 5, 6, 10, 13, 15, 17, 21, 23]",433,"[1, 2, 3, 5, 6, 10, 13, 15, 17, 21, 23]",45,0.4253075571177504,-1
5017,433,"[1, 2, 3, 5, 6, 10, 13, 15, 17, 21, 23]",433,"[1, 2, 3, 5, 6, 10, 13, 15, 17, 21, 23]",58,0.2773333333333333,0
5018,433,"[1, 2, 3, 5, 6, 10, 13, 15, 17, 21, 23]",41212,"[1, 2, 3, 5, 6, 10, 13, 15, 19, 22, 24]",69,0.3463541666666667,0
5019,343,"[1, 3, 4, 5, 7, 8, 9, 11, 17, 21, 23]",4231,"[1, 2, 3, 5, 6, 9, 11, 17, 19, 21, 23]",0,0.6496872207327972,0
5020,343,"[1, 3, 4, 5, 7, 8, 9, 11, 17, 21, 23]",4231,"[1, 2, 3, 5, 6, 9, 11, 17, 19, 21, 23]",28,0.5666666666666667,1
5021,343,"[1, 3, 4, 5, 7, 8, 9, 11, 17, 21, 23]",4231,"[1, 2, 3, 5, 6, 9, 11, 17, 19, 21, 23]",45,0.5084507042253521,1
5022,343,"[1, 3, 4, 5, 7, 8, 9, 11, 17, 21, 23]",4231,"[1, 2, 3, 5, 6, 9, 11, 17, 19, 21, 23]",64,0.43504901960784315,0
5023,4231,"[1, 2, 3, 5, 6, 9, 11, 17, 19, 21, 23]",4411,"[1, 2, 3, 5, 6, 9, 11, 12, 16, 19, 23]",0,0.7587587587587588,-1
5024,4231,"[1, 2, 3, 5, 6, 9, 11, 17, 19, 21, 23]",4411,"[1, 2, 3, 5, 6, 9, 11, 12, 16, 19, 23]",28,0.5895953757225434,0
5025,4231,"[1, 2, 3, 5, 6, 9, 11, 17, 19, 21, 23]",4411,"[1, 2, 3, 5, 6, 9, 11, 12, 16, 19, 23]",45,0.0,0
5026,4231,"[1, 2, 3, 5, 6, 9, 11, 17, 19, 21, 23]",4411,"[1, 2, 3, 5, 6, 9, 11, 12, 16, 19, 23]",45,0.6638418079096046,0
5027,4231,"[1, 2, 3, 5, 6, 9, 11, 17, 19, 21, 23]",4411,"[1, 2, 3, 5, 6, 9, 11, 12, 16, 19, 23]",56,0.7681818181818182,0
5028,4231,"[1, 2, 3, 5, 6, 9, 11, 17, 19, 21, 23]",4411,"[1, 2, 3, 5, 6, 9, 11, 12, 16, 19, 23]",61,0.22549019607843138,0
5029,4231,"[1, 2, 3, 5, 6, 9, 11, 17, 19, 21, 23]",4411,"[1, 2, 3, 5, 6, 9, 11, 12, 16, 19, 23]",65,0.6666666666666666,0
5030,433,"[1, 2, 3, 5, 6, 10, 13, 15, 17, 21, 23]",433,"[1, 2, 3, 5, 6, 10, 13, 15, 17, 21, 23]",0,0.7003469210754554,-1
5031,433,"[1, 2, 3, 5, 6, 10, 13, 15, 17, 21, 23]",433,"[1, 2, 3, 5, 6, 10, 13, 15, 17, 21, 23]",57,0.8484848484848485,0
5032,4231,"[1, 2, 3, 5, 6, 9, 11, 17, 19, 21, 23]",41212,"[1, 2, 3, 5, 6, 10, 13, 15, 19, 22, 24]",0,0.41126194067370536,-2
5033,41212,"[1, 2, 3, 5, 6, 10, 13, 15, 19, 22, 24]",41212,"[1, 2, 3, 5, 6, 10, 13, 15, 19, 22, 24]",45,0.35419847328244275,-1
5034,442,"[1, 2, 3, 5, 6, 9, 11, 12, 16, 22, 24]",41212,"[1, 2, 3, 5, 6, 10, 13, 15, 19, 22, 24]",65,0.8026315789473685,0
5035,442,"[1, 2, 3, 5, 6, 9, 11, 12, 16, 22, 24]",41212,"[1, 2, 3, 5, 6, 10, 13, 15, 19, 22, 24]",67,0.5314685314685315,0
5036,4231,"[1, 2, 3, 5, 6, 9, 11, 17, 19, 21, 23]",442,"[1, 2, 3, 5, 6, 9, 11, 12, 16, 22, 24]",0,0.48088139987038236,1
5037,4231,"[1, 2, 3, 5, 6, 9, 11, 17, 19, 21, 23]",442,"[1, 2, 3, 5, 6, 9, 11, 12, 16, 22, 24]",45,0.4607679465776294,0
5038,442,"[1, 2, 3, 5, 6, 9, 11, 12, 16, 22, 24]",442,"[1, 2, 3, 5, 6, 9, 11, 12, 16, 22, 24]",0,0.45294117647058824,0
5039,442,"[1, 2, 3, 5, 6, 9, 11, 12, 16, 22, 24]",442,"[1, 2, 3, 5, 6, 9, 11, 12, 16, 22, 24]",34,0.4550839091806515,-1
5040,4141,"[1, 2, 3, 5, 6, 10, 12, 13, 15, 16, 23]",4231,"[1, 2, 3, 5, 6, 9, 11, 17, 19, 21, 23]",0,0.48243243243243245,1
5041,4141,"[1, 2, 3, 5, 6, 10, 12, 13, 15, 16, 23]",4231,"[1, 2, 3, 5, 6, 9, 11, 17, 19, 21, 23]",35,0.4811676082862524,1
5042,4141,"[1, 2, 3, 5, 6, 10, 12, 13, 15, 16, 23]",4231,"[1, 2, 3, 5, 6, 9, 11, 17, 19, 21, 23]",70,0.8208955223880597,0
5043,4141,"[1, 2, 3, 5, 6, 10, 12, 13, 15, 16, 23]",4231,"[1, 2, 3, 5, 6, 9, 11, 17, 19, 21, 23]",72,0.3987730061349693,0
5044,4141,"[1, 2, 3, 5, 6, 10, 12, 13, 15, 16, 23]",4231,"[1, 2, 3, 5, 6, 9, 11, 17, 19, 21, 23]",79,0.1382488479262673,0
5045,4231,"[1, 2, 3, 5, 6, 9, 11, 17, 19, 21, 23]",4321,"[1, 2, 3, 5, 6, 10, 13, 15, 18, 20, 23]",0,0.40062111801242234,3
5046,4231,"[1, 2, 3, 5, 6, 9, 11, 17, 19, 21, 23]",4321,"[1, 2, 3, 5, 6, 10, 13, 15, 18, 20, 23]",59,0.4689922480620155,0
5047,343,"[1, 3, 4, 5, 7, 8, 9, 11, 17, 21, 23]",4231,"[1, 2, 3, 5, 6, 9, 11, 17, 19, 21, 23]",0,0.5900621118012422,-1
5048,4231,"[1, 2, 3, 5, 6, 9, 11, 17, 19, 21, 23]",4231,"[1, 2, 3, 5, 6, 9, 11, 17, 19, 21, 23]",49,0.8990825688073395,0
5049,4231,"[1, 2, 3, 5, 6, 9, 11, 17, 19, 21, 23]",4231,"[1, 2, 3, 5, 6, 9, 11, 17, 19, 21, 23]",51,0.648074369189907,1
5050,4231,"[1, 2, 3, 5, 6, 9, 11, 17, 19, 21, 23]",4231,"[1, 2, 3, 5, 6, 9, 11, 17, 19, 21, 23]",77,0.7043189368770764,0
5051,4231,"[1, 2, 3, 5, 6, 9, 11, 17, 19, 21, 23]",41212,"[1, 2, 3, 5, 6, 10, 13, 15, 19, 22, 24]",0,0.5344460227272727,3
5052,4231,"[1, 2, 3, 5, 6, 9, 11, 17, 19, 21, 23]",41212,"[1, 2, 3, 5, 6, 10, 13, 15, 19, 22, 24]",63,0.4266666666666667,0
5053,442,"[1, 2, 3, 5, 6, 9, 11, 12, 16, 22, 24]",433,"[1, 2, 3, 5, 6, 10, 13, 15, 17, 21, 23]",0,0.3079862437905999,0
5054,4231,"[1, 2, 3, 5, 6, 9, 11, 17, 19, 21, 23]",343,"[1, 3, 4, 5, 7, 8, 9, 11, 17, 21, 23]",0,0.42137508509189925,0
5055,4231,"[1, 2, 3, 5, 6, 9, 11, 17, 19, 21, 23]",343,"[1, 3, 4, 5, 7, 8, 9, 11, 17, 21, 23]",45,0.4502923976608187,1
5056,4231,"[1, 2, 3, 5, 6, 9, 11, 17, 19, 21, 23]",343,"[1, 3, 4, 5, 7, 8, 9, 11, 17, 21, 23]",62,0.20921985815602837,0
5057,4231,"[1, 2, 3, 5, 6, 9, 11, 17, 19, 21, 23]",4231,"[1, 2, 3, 5, 6, 9, 11, 17, 19, 21, 23]",69,0.5714285714285714,0
5058,442,"[1, 2, 3, 5, 6, 9, 11, 12, 16, 22, 24]",4231,"[1, 2, 3, 5, 6, 9, 11, 17, 19, 21, 23]",70,0.3446969696969697,0
5059,442,"[1, 2, 3, 5, 6, 9, 11, 12, 16, 22, 24]",4231,"[1, 2, 3, 5, 6, 9, 11, 17, 19, 21, 23]",75,0.518095238095238,0
5060,442,"[1, 2, 3, 5, 6, 9, 11, 12, 16, 22, 24]",41212,"[1, 2, 3, 5, 6, 10, 13, 15, 19, 22, 24]",90,0.0,0
5061,41212,"[1, 2, 3, 5, 6, 10, 13, 15, 19, 22, 24]",4231,"[1, 2, 3, 5, 6, 9, 11, 17, 19, 21, 23]",0,0.5097402597402597,2
5062,4411,"[1, 2, 3, 5, 6, 9, 11, 12, 16, 19, 23]",4231,"[1, 2, 3, 5, 6, 9, 11, 17, 19, 21, 23]",45,1.0,0
5063,4411,"[1, 2, 3, 5, 6, 9, 11, 12, 16, 19, 23]",4231,"[1, 2, 3, 5, 6, 9, 11, 17, 19, 21, 23]",45,0.36025641025641025,-2
5064,433,"[1, 2, 3, 5, 6, 10, 13, 15, 17, 21, 23]",4231,"[1, 2, 3, 5, 6, 9, 11, 17, 19, 21, 23]",67,0.6257668711656442,0
5065,4231,"[1, 2, 3, 5, 6, 9, 11, 17, 19, 21, 23]",4231,"[1, 2, 3, 5, 6, 9, 11, 17, 19, 21, 23]",75,0.33568904593639576,0
5066,4231,"[1, 2, 3, 5, 6, 9, 11, 17, 19, 21, 23]",4231,"[1, 2, 3, 5, 6, 9, 11, 17, 19, 21, 23]",81,0.2611683848797251,0
5067,4231,"[1, 2, 3, 5, 6, 9, 11, 17, 19, 21, 23]",4231,"[1, 2, 3, 5, 6, 9, 11, 17, 19, 21, 23]",0,0.4522184300341297,-1
5068,4231,"[1, 2, 3, 5, 6, 9, 11, 17, 19, 21, 23]",4231,"[1, 2, 3, 5, 6, 9, 11, 17, 19, 21, 23]",57,0.45107794361525705,0
5069,4231,"[1, 2, 3, 5, 6, 9, 11, 17, 19, 21, 23]",4411,"[1, 2, 3, 5, 6, 9, 11, 12, 16, 19, 23]",78,0.5555555555555556,0
5070,4231,"[1, 2, 3, 5, 6, 9, 11, 17, 19, 21, 23]",4411,"[1, 2, 3, 5, 6, 9, 11, 12, 16, 19, 23]",78,0.3890675241157556,0
5071,4231,"[1, 2, 3, 5, 6, 9, 11, 17, 19, 21, 23]",4411,"[1, 2, 3, 5, 6, 9, 11, 12, 16, 19, 23]",85,0.16853932584269662,0
5072,4411,"[1, 2, 3, 5, 6, 9, 11, 12, 16, 19, 23]",433,"[1, 2, 3, 5, 6, 10, 13, 15, 17, 21, 23]",0,0.4802547770700637,0
5073,4411,"[1, 2, 3, 5, 6, 9, 11, 12, 16, 19, 23]",433,"[1, 2, 3, 5, 6, 10, 13, 15, 17, 21, 23]",17,0.3486454652532391,0
5074,4411,"[1, 2, 3, 5, 6, 9, 11, 12, 16, 19, 23]",433,"[1, 2, 3, 5, 6, 10, 13, 15, 17, 21, 23]",59,0.37282780410742494,1
5075,4411,"[1, 2, 3, 5, 6, 9, 11, 12, 16, 19, 23]",3511,"[1, 3, 4, 5, 7, 8, 10, 13, 15, 19, 23]",76,0.3522012578616352,0
5076,4411,"[1, 2, 3, 5, 6, 9, 11, 12, 16, 19, 23]",3511,"[1, 3, 4, 5, 7, 8, 10, 13, 15, 19, 23]",86,0.3125,0
5077,41212,"[1, 2, 3, 5, 6, 10, 13, 15, 19, 22, 24]",3412,"[1, 3, 4, 5, 7, 8, 9, 11, 19, 22, 24]",0,0.7287671232876712,1
5078,41212,"[1, 2, 3, 5, 6, 10, 13, 15, 19, 22, 24]",3511,"[1, 3, 4, 5, 7, 8, 10, 13, 15, 19, 23]",45,1.0,0
5079,41212,"[1, 2, 3, 5, 6, 10, 13, 15, 19, 22, 24]",3511,"[1, 3, 4, 5, 7, 8, 10, 13, 15, 19, 23]",45,0.5469798657718121,0
5080,433,"[1, 2, 3, 5, 6, 10, 13, 15, 17, 21, 23]",3511,"[1, 3, 4, 5, 7, 8, 10, 13, 15, 19, 23]",59,0.7332382310984308,0
5081,41212,"[1, 2, 3, 5, 6, 10, 13, 15, 19, 22, 24]",4141,"[1, 2, 3, 5, 6, 10, 12, 13, 15, 16, 23]",0,0.4914874551971326,1
5082,41212,"[1, 2, 3, 5, 6, 10, 13, 15, 19, 22, 24]",41212,"[1, 2, 3, 5, 6, 10, 13, 15, 19, 22, 24]",49,0.41798941798941797,1
5083,41212,"[1, 2, 3, 5, 6, 10, 13, 15, 19, 22, 24]",41212,"[1, 2, 3, 5, 6, 10, 13, 15, 19, 22, 24]",55,0.5441176470588235,0
5084,41212,"[1, 2, 3, 5, 6, 10, 13, 15, 19, 22, 24]",41212,"[1, 2, 3, 5, 6, 10, 13, 15, 19, 22, 24]",61,0.5326370757180157,1
5085,41212,"[1, 2, 3, 5, 6, 10, 13, 15, 19, 22, 24]",41212,"[1, 2, 3, 5, 6, 10, 13, 15, 19, 22, 24]",70,0.9485294117647058,0
5086,433,"[1, 2, 3, 5, 6, 10, 13, 15, 17, 21, 23]",4231,"[1, 2, 3, 5, 6, 9, 11, 17, 19, 21, 23]",0,0.6264009962640099,0
5087,433,"[1, 2, 3, 5, 6, 10, 13, 15, 17, 21, 23]",4231,"[1, 2, 3, 5, 6, 9, 11, 17, 19, 21, 23]",38,0.13333333333333333,0
5088,433,"[1, 2, 3, 5, 6, 10, 13, 15, 17, 21, 23]",4231,"[1, 2, 3, 5, 6, 9, 11, 17, 19, 21, 23]",45,0.75,0
5089,433,"[1, 2, 3, 5, 6, 10, 13, 15, 17, 21, 23]",4231,"[1, 2, 3, 5, 6, 9, 11, 17, 19, 21, 23]",45,0.3720626631853786,0
5090,433,"[1, 2, 3, 5, 6, 10, 13, 15, 17, 21, 23]",4231,"[1, 2, 3, 5, 6, 9, 11, 17, 19, 21, 23]",63,0.5184049079754601,0
5091,433,"[1, 2, 3, 5, 6, 10, 13, 15, 17, 21, 23]",442,"[1, 2, 3, 5, 6, 9, 11, 12, 16, 22, 24]",0,0.7410358565737052,1
5092,433,"[1, 2, 3, 5, 6, 10, 13, 15, 17, 21, 23]",442,"[1, 2, 3, 5, 6, 9, 11, 12, 16, 22, 24]",59,0.4807692307692308,0
5093,433,"[1, 2, 3, 5, 6, 10, 13, 15, 17, 21, 23]",442,"[1, 2, 3, 5, 6, 9, 11, 12, 16, 22, 24]",65,0.6629526462395543,0
5094,433,"[1, 2, 3, 5, 6, 10, 13, 15, 17, 21, 23]",442,"[1, 2, 3, 5, 6, 9, 11, 12, 16, 22, 24]",71,0.7408,2
5095,433,"[1, 2, 3, 5, 6, 10, 13, 15, 17, 21, 23]",41212,"[1, 2, 3, 5, 6, 10, 13, 15, 19, 22, 24]",0,0.5708358032009484,-1
5096,4141,"[1, 2, 3, 5, 6, 10, 12, 13, 15, 16, 23]",41212,"[1, 2, 3, 5, 6, 10, 13, 15, 19, 22, 24]",44,0.42857142857142855,0
5097,3412,"[1, 3, 4, 5, 7, 8, 9, 11, 19, 22, 24]",4321,"[1, 2, 3, 5, 6, 10, 13, 15, 18, 20, 23]",0,0.5542328042328042,-1
5098,41212,"[1, 2, 3, 5, 6, 10, 13, 15, 19, 22, 24]",4321,"[1, 2, 3, 5, 6, 10, 13, 15, 18, 20, 23]",24,0.4022346368715084,0
5099,3412,"[1, 3, 4, 5, 7, 8, 9, 11, 19, 22, 24]",4321,"[1, 2, 3, 5, 6, 10, 13, 15, 18, 20, 23]",38,0.7545219638242894,0
5100,4231,"[1, 2, 3, 5, 6, 9, 11, 17, 19, 21, 23]",4321,"[1, 2, 3, 5, 6, 10, 13, 15, 18, 20, 23]",45,0.6111771700356718,0
5101,4231,"[1, 2, 3, 5, 6, 9, 11, 17, 19, 21, 23]",4321,"[1, 2, 3, 5, 6, 10, 13, 15, 18, 20, 23]",70,0.5701754385964912,0
5102,442,"[1, 2, 3, 5, 6, 9, 11, 12, 16, 22, 24]",433,"[1, 2, 3, 5, 6, 10, 13, 15, 17, 21, 23]",0,0.6146341463414634,0
5103,442,"[1, 2, 3, 5, 6, 9, 11, 12, 16, 22, 24]",4411,"[1, 2, 3, 5, 6, 9, 11, 12, 16, 19, 23]",39,0.8416666666666667,0
5104,442,"[1, 2, 3, 5, 6, 9, 11, 12, 16, 22, 24]",4411,"[1, 2, 3, 5, 6, 9, 11, 12, 16, 19, 23]",43,0.6452854393842207,1
5105,4141,"[1, 2, 3, 5, 6, 10, 12, 13, 15, 16, 23]",4231,"[1, 2, 3, 5, 6, 9, 11, 17, 19, 21, 23]",0,0.4036557501904037,0
5106,4231,"[1, 2, 3, 5, 6, 9, 11, 17, 19, 21, 23]",4231,"[1, 2, 3, 5, 6, 9, 11, 17, 19, 21, 23]",72,0.7142857142857143,0
5107,442,"[1, 2, 3, 5, 6, 9, 11, 12, 16, 22, 24]",433,"[1, 2, 3, 5, 6, 10, 13, 15, 17, 21, 23]",0,0.37122736418511065,0
5108,442,"[1, 2, 3, 5, 6, 9, 11, 12, 16, 22, 24]",433,"[1, 2, 3, 5, 6, 10, 13, 15, 17, 21, 23]",24,0.28183118741058655,0
5109,442,"[1, 2, 3, 5, 6, 9, 11, 12, 16, 22, 24]",433,"[1, 2, 3, 5, 6, 10, 13, 15, 17, 21, 23]",55,0.19861431870669746,0
5110,4231,"[1, 2, 3, 5, 6, 9, 11, 17, 19, 21, 23]",433,"[1, 2, 3, 5, 6, 10, 13, 15, 17, 21, 23]",0,0.3925845147219193,1
5111,4231,"[1, 2, 3, 5, 6, 9, 11, 17, 19, 21, 23]",433,"[1, 2, 3, 5, 6, 10, 13, 15, 17, 21, 23]",24,0.5096359743040685,-1
5112,4231,"[1, 2, 3, 5, 6, 9, 11, 17, 19, 21, 23]",433,"[1, 2, 3, 5, 6, 10, 13, 15, 17, 21, 23]",36,0.6382252559726962,-1
5113,4231,"[1, 2, 3, 5, 6, 9, 11, 17, 19, 21, 23]",433,"[1, 2, 3, 5, 6, 10, 13, 15, 17, 21, 23]",45,0.616504854368932,0
5114,4231,"[1, 2, 3, 5, 6, 9, 11, 17, 19, 21, 23]",433,"[1, 2, 3, 5, 6, 10, 13, 15, 17, 21, 23]",62,0.41244573082489144,0
5115,4231,"[1, 2, 3, 5, 6, 9, 11, 17, 19, 21, 23]",433,"[1, 2, 3, 5, 6, 10, 13, 15, 17, 21, 23]",78,0.3220338983050847,0
5116,4231,"[1, 2, 3, 5, 6, 9, 11, 17, 19, 21, 23]",433,"[1, 2, 3, 5, 6, 10, 13, 15, 17, 21, 23]",80,0.32432432432432434,0
5117,3412,"[1, 3, 4, 5, 7, 8, 9, 11, 19, 22, 24]",3412,"[1, 3, 4, 5, 7, 8, 9, 11, 19, 22, 24]",0,0.4206195546950629,-1
5118,3412,"[1, 3, 4, 5, 7, 8, 9, 11, 19, 22, 24]",3412,"[1, 3, 4, 5, 7, 8, 9, 11, 19, 22, 24]",55,0.39575289575289574,0
5119,3412,"[1, 3, 4, 5, 7, 8, 9, 11, 19, 22, 24]",3412,"[1, 3, 4, 5, 7, 8, 9, 11, 19, 22, 24]",71,1.0,1
5120,4231,"[1, 2, 3, 5, 6, 9, 11, 17, 19, 21, 23]",3412,"[1, 3, 4, 5, 7, 8, 9, 11, 19, 22, 24]",74,0.48,0
5121,4231,"[1, 2, 3, 5, 6, 9, 11, 17, 19, 21, 23]",352,"[1, 3, 4, 5, 7, 8, 10, 13, 15, 22, 24]",76,0.6864864864864865,0
5122,433,"[1, 2, 3, 5, 6, 10, 13, 15, 17, 21, 23]",433,"[1, 2, 3, 5, 6, 10, 13, 15, 17, 21, 23]",0,0.5356935577481138,-1
5123,4141,"[1, 2, 3, 5, 6, 10, 12, 13, 15, 16, 23]",4141,"[1, 2, 3, 5, 6, 10, 12, 13, 15, 16, 23]",0,0.6266294227188082,1
5124,4141,"[1, 2, 3, 5, 6, 10, 12, 13, 15, 16, 23]",4141,"[1, 2, 3, 5, 6, 10, 12, 13, 15, 16, 23]",25,0.7158385093167702,0
5125,4141,"[1, 2, 3, 5, 6, 10, 12, 13, 15, 16, 23]",4411,"[1, 2, 3, 5, 6, 9, 11, 12, 16, 19, 23]",45,0.3130841121495327,1
5126,4141,"[1, 2, 3, 5, 6, 10, 12, 13, 15, 16, 23]",4411,"[1, 2, 3, 5, 6, 9, 11, 12, 16, 19, 23]",50,0.4507042253521127,0
5127,4141,"[1, 2, 3, 5, 6, 10, 12, 13, 15, 16, 23]",4411,"[1, 2, 3, 5, 6, 9, 11, 12, 16, 19, 23]",64,0.6386292834890965,2
5128,4141,"[1, 2, 3, 5, 6, 10, 12, 13, 15, 16, 23]",4411,"[1, 2, 3, 5, 6, 9, 11, 12, 16, 19, 23]",73,0.22900763358778625,0
5129,41212,"[1, 2, 3, 5, 6, 10, 13, 15, 19, 22, 24]",3412,"[1, 3, 4, 5, 7, 8, 9, 11, 19, 22, 24]",0,0.45505906522855677,0
5130,41212,"[1, 2, 3, 5, 6, 10, 13, 15, 19, 22, 24]",3412,"[1, 3, 4, 5, 7, 8, 9, 11, 19, 22, 24]",48,0.37066402378592667,-1
5131,4321,"[1, 2, 3, 5, 6, 10, 13, 15, 18, 20, 23]",3412,"[1, 3, 4, 5, 7, 8, 9, 11, 19, 22, 24]",79,0.3425,-1
5132,41212,"[1, 2, 3, 5, 6, 10, 13, 15, 19, 22, 24]",4231,"[1, 2, 3, 5, 6, 9, 11, 17, 19, 21, 23]",0,0.515230635335074,2
5133,41212,"[1, 2, 3, 5, 6, 10, 13, 15, 19, 22, 24]",442,"[1, 2, 3, 5, 6, 9, 11, 12, 16, 22, 24]",50,0.6151685393258427,-1
5134,4321,"[1, 2, 3, 5, 6, 10, 13, 15, 18, 20, 23]",442,"[1, 2, 3, 5, 6, 9, 11, 12, 16, 22, 24]",60,0.368763557483731,0
5135,4231,"[1, 2, 3, 5, 6, 9, 11, 17, 19, 21, 23]",442,"[1, 2, 3, 5, 6, 9, 11, 12, 16, 22, 24]",75,0.5275862068965518,-1
5136,4231,"[1, 2, 3, 5, 6, 9, 11, 17, 19, 21, 23]",4231,"[1, 2, 3, 5, 6, 9, 11, 17, 19, 21, 23]",0,0.5539033457249071,-1
5137,4411,"[1, 2, 3, 5, 6, 9, 11, 12, 16, 19, 23]",4231,"[1, 2, 3, 5, 6, 9, 11, 17, 19, 21, 23]",45,0.6073717948717948,-1
5138,4411,"[1, 2, 3, 5, 6, 9, 11, 12, 16, 19, 23]",4231,"[1, 2, 3, 5, 6, 9, 11, 17, 19, 21, 23]",61,0.4322033898305085,0
5139,4141,"[1, 2, 3, 5, 6, 10, 12, 13, 15, 16, 23]",4141,"[1, 2, 3, 5, 6, 10, 12, 13, 15, 16, 23]",0,0.662613981762918,0
5140,4141,"[1, 2, 3, 5, 6, 10, 12, 13, 15, 16, 23]",4411,"[1, 2, 3, 5, 6, 9, 11, 12, 16, 19, 23]",7,0.6709816612729234,-2
5141,4141,"[1, 2, 3, 5, 6, 10, 12, 13, 15, 16, 23]",4411,"[1, 2, 3, 5, 6, 9, 11, 12, 16, 19, 23]",56,0.7452054794520548,-1
5142,4141,"[1, 2, 3, 5, 6, 10, 12, 13, 15, 16, 23]",4411,"[1, 2, 3, 5, 6, 9, 11, 12, 16, 19, 23]",67,0.6086956521739131,0
5143,433,"[1, 2, 3, 5, 6, 10, 13, 15, 17, 21, 23]",4411,"[1, 2, 3, 5, 6, 9, 11, 12, 16, 19, 23]",0,0.6649166151945646,1
5144,4231,"[1, 2, 3, 5, 6, 9, 11, 17, 19, 21, 23]",433,"[1, 2, 3, 5, 6, 10, 13, 15, 17, 21, 23]",0,0.5504373177842565,1
5145,4231,"[1, 2, 3, 5, 6, 9, 11, 17, 19, 21, 23]",442,"[1, 2, 3, 5, 6, 9, 11, 12, 16, 22, 24]",45,0.5076142131979695,0
5146,4231,"[1, 2, 3, 5, 6, 9, 11, 17, 19, 21, 23]",4411,"[1, 2, 3, 5, 6, 9, 11, 12, 16, 19, 23]",51,0.4878048780487805,0
5147,4231,"[1, 2, 3, 5, 6, 9, 11, 17, 19, 21, 23]",41212,"[1, 2, 3, 5, 6, 10, 13, 15, 19, 22, 24]",62,0.5443037974683544,0
5148,4231,"[1, 2, 3, 5, 6, 9, 11, 17, 19, 21, 23]",451,"[1, 2, 3, 5, 6, 10, 12, 13, 15, 16, 23]",0,0.9771428571428571,0
5149,4231,"[1, 2, 3, 5, 6, 9, 11, 17, 19, 21, 23]",4411,"[1, 2, 3, 5, 6, 9, 11, 12, 16, 19, 23]",2,0.582391713747646,0
5150,4231,"[1, 2, 3, 5, 6, 9, 11, 17, 19, 21, 23]",4411,"[1, 2, 3, 5, 6, 9, 11, 12, 16, 19, 23]",60,0.3875,1
5151,442,"[1, 2, 3, 5, 6, 9, 11, 12, 16, 22, 24]",4411,"[1, 2, 3, 5, 6, 9, 11, 12, 16, 19, 23]",63,0.782608695652174,0
5152,4231,"[1, 2, 3, 5, 6, 9, 11, 17, 19, 21, 23]",433,"[1, 2, 3, 5, 6, 10, 13, 15, 17, 21, 23]",0,0.3054106910039113,-1
5153,4231,"[1, 2, 3, 5, 6, 9, 11, 17, 19, 21, 23]",433,"[1, 2, 3, 5, 6, 10, 13, 15, 17, 21, 23]",67,0.37209302325581395,0
5154,4231,"[1, 2, 3, 5, 6, 9, 11, 17, 19, 21, 23]",433,"[1, 2, 3, 5, 6, 10, 13, 15, 17, 21, 23]",69,0.592274678111588,-1
5155,4231,"[1, 2, 3, 5, 6, 9, 11, 17, 19, 21, 23]",433,"[1, 2, 3, 5, 6, 10, 13, 15, 17, 21, 23]",75,0.23711340206185566,0
5156,343,"[1, 3, 4, 5, 7, 8, 9, 11, 17, 21, 23]",4321,"[1, 2, 3, 5, 6, 10, 13, 15, 18, 20, 23]",0,0.5422948073701842,0
5157,343,"[1, 3, 4, 5, 7, 8, 9, 11, 17, 21, 23]",4321,"[1, 2, 3, 5, 6, 10, 13, 15, 18, 20, 23]",62,0.3851851851851852,1
5158,4231,"[1, 2, 3, 5, 6, 9, 11, 15, 17, 19, 23]",4231,"[1, 2, 3, 5, 6, 9, 11, 17, 19, 21, 23]",0,0.4603938730853392,2
5159,433,"[1, 2, 3, 5, 6, 10, 13, 15, 17, 21, 23]",442,"[1, 2, 3, 5, 6, 9, 11, 12, 16, 22, 24]",0,0.8199300699300699,0
5160,433,"[1, 2, 3, 5, 6, 10, 13, 15, 17, 21, 23]",442,"[1, 2, 3, 5, 6, 9, 11, 12, 16, 22, 24]",17,0.47302158273381295,1
5161,433,"[1, 2, 3, 5, 6, 10, 13, 15, 17, 21, 23]",442,"[1, 2, 3, 5, 6, 9, 11, 12, 16, 22, 24]",31,0.527806925498426,0
5162,433,"[1, 2, 3, 5, 6, 10, 13, 15, 17, 21, 23]",442,"[1, 2, 3, 5, 6, 9, 11, 12, 16, 22, 24]",57,0.46949327817993797,0
5163,442,"[1, 2, 3, 5, 6, 9, 11, 12, 16, 22, 24]",4321,"[1, 2, 3, 5, 6, 10, 13, 15, 18, 20, 23]",0,0.38372093023255816,0
5164,442,"[1, 2, 3, 5, 6, 9, 11, 12, 16, 22, 24]",4321,"[1, 2, 3, 5, 6, 10, 13, 15, 18, 20, 23]",45,0.44196951934349354,0
5165,4141,"[1, 2, 3, 5, 6, 10, 12, 13, 15, 16, 23]",41212,"[1, 2, 3, 5, 6, 10, 13, 15, 19, 22, 24]",0,0.4420387911592242,-3
5166,4141,"[1, 2, 3, 5, 6, 10, 12, 13, 15, 16, 23]",41212,"[1, 2, 3, 5, 6, 10, 13, 15, 19, 22, 24]",63,0.42366412213740456,0
5167,433,"[1, 2, 3, 5, 6, 10, 13, 15, 17, 21, 23]",4411,"[1, 2, 3, 5, 6, 9, 11, 12, 16, 19, 23]",0,0.6340136054421769,0
5168,433,"[1, 2, 3, 5, 6, 10, 13, 15, 17, 21, 23]",4411,"[1, 2, 3, 5, 6, 9, 11, 12, 16, 19, 23]",18,0.5412429378531074,0
5169,433,"[1, 2, 3, 5, 6, 10, 13, 15, 17, 21, 23]",4411,"[1, 2, 3, 5, 6, 9, 11, 12, 16, 19, 23]",45,0.5931307793923382,0
5170,433,"[1, 2, 3, 5, 6, 10, 13, 15, 17, 21, 23]",4231,"[1, 2, 3, 5, 6, 9, 11, 17, 19, 21, 23]",0,0.6500607533414338,1
5171,433,"[1, 2, 3, 5, 6, 10, 13, 15, 17, 21, 23]",4231,"[1, 2, 3, 5, 6, 9, 11, 17, 19, 21, 23]",18,0.5,0
5172,433,"[1, 2, 3, 5, 6, 10, 13, 15, 17, 21, 23]",4231,"[1, 2, 3, 5, 6, 9, 11, 17, 19, 21, 23]",33,0.6350148367952523,2
5173,433,"[1, 2, 3, 5, 6, 10, 13, 15, 17, 21, 23]",4231,"[1, 2, 3, 5, 6, 9, 11, 17, 19, 21, 23]",58,1.0,0
5174,433,"[1, 2, 3, 5, 6, 10, 13, 15, 17, 21, 23]",4231,"[1, 2, 3, 5, 6, 9, 11, 17, 19, 21, 23]",58,0.4315068493150685,1
5175,433,"[1, 2, 3, 5, 6, 10, 13, 15, 17, 21, 23]",4231,"[1, 2, 3, 5, 6, 9, 11, 17, 19, 21, 23]",67,0.46396396396396394,0
5176,442,"[1, 2, 3, 5, 6, 9, 11, 12, 16, 22, 24]",4231,"[1, 2, 3, 5, 6, 9, 11, 17, 19, 21, 23]",0,0.1,0
5177,4411,"[1, 2, 3, 5, 6, 9, 11, 12, 16, 19, 23]",4231,"[1, 2, 3, 5, 6, 9, 11, 17, 19, 21, 23]",2,0.40484739676840215,0
5178,4411,"[1, 2, 3, 5, 6, 9, 11, 12, 16, 19, 23]",4231,"[1, 2, 3, 5, 6, 9, 11, 17, 19, 21, 23]",28,0.35358255451713394,0
5179,4411,"[1, 2, 3, 5, 6, 9, 11, 12, 16, 19, 23]",4231,"[1, 2, 3, 5, 6, 9, 11, 17, 19, 21, 23]",45,0.39766839378238344,-1
5180,433,"[1, 2, 3, 5, 6, 10, 13, 15, 17, 21, 23]",4141,"[1, 2, 3, 5, 6, 10, 12, 13, 15, 16, 23]",0,0.6985769728331177,-2
5181,442,"[1, 2, 3, 5, 6, 9, 11, 12, 16, 22, 24]",4141,"[1, 2, 3, 5, 6, 10, 12, 13, 15, 16, 23]",45,0.0,0
5182,442,"[1, 2, 3, 5, 6, 9, 11, 12, 16, 22, 24]",4141,"[1, 2, 3, 5, 6, 10, 12, 13, 15, 16, 23]",45,0.6598513011152416,0
5183,442,"[1, 2, 3, 5, 6, 9, 11, 12, 16, 22, 24]",4141,"[1, 2, 3, 5, 6, 10, 12, 13, 15, 16, 23]",71,0.6069651741293532,0
5184,4231,"[1, 2, 3, 5, 6, 9, 11, 17, 19, 21, 23]",433,"[1, 2, 3, 5, 6, 10, 13, 15, 17, 21, 23]",0,0.5329905741216795,0
5185,4231,"[1, 2, 3, 5, 6, 9, 11, 17, 19, 21, 23]",433,"[1, 2, 3, 5, 6, 10, 13, 15, 17, 21, 23]",24,0.6480446927374302,0
5186,4231,"[1, 2, 3, 5, 6, 9, 11, 17, 19, 21, 23]",433,"[1, 2, 3, 5, 6, 10, 13, 15, 17, 21, 23]",34,0.36009174311926606,0
5187,4231,"[1, 2, 3, 5, 6, 9, 11, 17, 19, 21, 23]",433,"[1, 2, 3, 5, 6, 10, 13, 15, 17, 21, 23]",45,0.4956521739130435,0
5188,4231,"[1, 2, 3, 5, 6, 9, 11, 17, 19, 21, 23]",433,"[1, 2, 3, 5, 6, 10, 13, 15, 17, 21, 23]",53,0.539440203562341,0
5189,4231,"[1, 2, 3, 5, 6, 9, 11, 17, 19, 21, 23]",433,"[1, 2, 3, 5, 6, 10, 13, 15, 17, 21, 23]",69,0.44831460674157303,1
5190,41212,"[1, 2, 3, 5, 6, 10, 13, 15, 19, 22, 24]",343,"[1, 3, 4, 5, 7, 8, 9, 11, 17, 21, 23]",0,0.7057604641525073,-1
5191,41212,"[1, 2, 3, 5, 6, 10, 13, 15, 19, 22, 24]",343,"[1, 3, 4, 5, 7, 8, 9, 11, 17, 21, 23]",60,0.41533546325878595,0
5192,41212,"[1, 2, 3, 5, 6, 10, 13, 15, 19, 22, 24]",343,"[1, 3, 4, 5, 7, 8, 9, 11, 17, 21, 23]",68,0.6529850746268657,0
5193,41212,"[1, 2, 3, 5, 6, 10, 13, 15, 19, 22, 24]",343,"[1, 3, 4, 5, 7, 8, 9, 11, 17, 21, 23]",77,0.0,0
5194,4231,"[1, 2, 3, 5, 6, 9, 11, 17, 19, 21, 23]",442,"[1, 2, 3, 5, 6, 9, 11, 12, 16, 22, 24]",0,0.5045648204503956,2
5195,4231,"[1, 2, 3, 5, 6, 9, 11, 17, 19, 21, 23]",442,"[1, 2, 3, 5, 6, 9, 11, 12, 16, 22, 24]",45,0.311284046692607,0
5196,4231,"[1, 2, 3, 5, 6, 9, 11, 17, 19, 21, 23]",442,"[1, 2, 3, 5, 6, 9, 11, 12, 16, 22, 24]",53,0.3374233128834356,0
5197,4231,"[1, 2, 3, 5, 6, 9, 11, 17, 19, 21, 23]",442,"[1, 2, 3, 5, 6, 9, 11, 12, 16, 22, 24]",57,0.5617977528089888,0
5198,4231,"[1, 2, 3, 5, 6, 9, 11, 17, 19, 21, 23]",442,"[1, 2, 3, 5, 6, 9, 11, 12, 16, 22, 24]",63,0.4305177111716621,0
5199,442,"[1, 2, 3, 5, 6, 9, 11, 12, 16, 22, 24]",442,"[1, 2, 3, 5, 6, 9, 11, 12, 16, 22, 24]",72,0.42574257425742573,0
5200,442,"[1, 2, 3, 5, 6, 9, 11, 12, 16, 22, 24]",442,"[1, 2, 3, 5, 6, 9, 11, 12, 16, 22, 24]",76,0.24705882352941178,0
5201,433,"[1, 2, 3, 5, 6, 10, 13, 15, 17, 21, 23]",442,"[1, 2, 3, 5, 6, 9, 11, 12, 16, 22, 24]",0,0.7266514806378133,2
5202,442,"[1, 2, 3, 5, 6, 9, 11, 12, 16, 22, 24]",4141,"[1, 2, 3, 5, 6, 10, 12, 13, 15, 16, 23]",0,0.7235688499226406,-1
5203,442,"[1, 2, 3, 5, 6, 9, 11, 12, 16, 22, 24]",4141,"[1, 2, 3, 5, 6, 10, 12, 13, 15, 16, 23]",45,0.5286506469500925,0
5204,442,"[1, 2, 3, 5, 6, 9, 11, 12, 16, 22, 24]",4141,"[1, 2, 3, 5, 6, 10, 12, 13, 15, 16, 23]",61,0.68625,0
5205,433,"[1, 2, 3, 5, 6, 10, 13, 15, 17, 21, 23]",4231,"[1, 2, 3, 5, 6, 9, 11, 17, 19, 21, 23]",0,0.4155188246097337,1
5206,433,"[1, 2, 3, 5, 6, 10, 13, 15, 17, 21, 23]",4231,"[1, 2, 3, 5, 6, 9, 11, 17, 19, 21, 23]",58,0.42780748663101603,0
5207,433,"[1, 2, 3, 5, 6, 10, 13, 15, 17, 21, 23]",4231,"[1, 2, 3, 5, 6, 9, 11, 17, 19, 21, 23]",78,0.5882352941176471,0
5208,343,"[1, 3, 4, 5, 7, 8, 9, 11, 17, 21, 23]",4231,"[1, 2, 3, 5, 6, 9, 11, 17, 19, 21, 23]",0,0.4810267857142857,0
5209,343,"[1, 3, 4, 5, 7, 8, 9, 11, 17, 21, 23]",4231,"[1, 2, 3, 5, 6, 9, 11, 17, 19, 21, 23]",45,0.648424543946932,0
5210,343,"[1, 3, 4, 5, 7, 8, 9, 11, 17, 21, 23]",4231,"[1, 2, 3, 5, 6, 9, 11, 17, 19, 21, 23]",59,0.38225538971807627,1
5211,343,"[1, 3, 4, 5, 7, 8, 9, 11, 17, 21, 23]",442,"[1, 2, 3, 5, 6, 9, 11, 12, 16, 22, 24]",86,0.4675324675324675,0
5212,4231,"[1, 2, 3, 5, 6, 9, 11, 17, 19, 21, 23]",41212,"[1, 2, 3, 5, 6, 10, 13, 15, 19, 22, 24]",0,0.4258064516129032,-1
5213,433,"[1, 2, 3, 5, 6, 10, 13, 15, 17, 21, 23]",41212,"[1, 2, 3, 5, 6, 10, 13, 15, 19, 22, 24]",32,0.36550632911392406,-1
5214,4411,"[1, 2, 3, 5, 6, 9, 11, 12, 16, 19, 23]",41212,"[1, 2, 3, 5, 6, 10, 13, 15, 19, 22, 24]",0,0.41166735622672734,0
5215,4141,"[1, 2, 3, 5, 6, 10, 12, 13, 15, 16, 23]",442,"[1, 2, 3, 5, 6, 9, 11, 12, 16, 22, 24]",0,0.4936215450035436,0
5216,4141,"[1, 2, 3, 5, 6, 10, 12, 13, 15, 16, 23]",442,"[1, 2, 3, 5, 6, 9, 11, 12, 16, 22, 24]",68,0.5035971223021583,0
5217,4141,"[1, 2, 3, 5, 6, 10, 12, 13, 15, 16, 23]",442,"[1, 2, 3, 5, 6, 9, 11, 12, 16, 22, 24]",74,0.16666666666666666,0
5218,433,"[1, 2, 3, 5, 6, 10, 13, 15, 17, 21, 23]",4231,"[1, 2, 3, 5, 6, 9, 11, 17, 19, 21, 23]",0,0.5095652173913043,0
5219,433,"[1, 2, 3, 5, 6, 10, 13, 15, 17, 21, 23]",4231,"[1, 2, 3, 5, 6, 9, 11, 17, 19, 21, 23]",50,0.5614035087719298,1
5220,4231,"[1, 2, 3, 5, 6, 9, 11, 17, 19, 21, 23]",433,"[1, 2, 3, 5, 6, 10, 13, 15, 17, 21, 23]",0,0.6391018619934282,0
5221,4231,"[1, 2, 3, 5, 6, 9, 11, 17, 19, 21, 23]",433,"[1, 2, 3, 5, 6, 10, 13, 15, 17, 21, 23]",48,0.4788273615635179,0
5222,4231,"[1, 2, 3, 5, 6, 9, 11, 17, 19, 21, 23]",433,"[1, 2, 3, 5, 6, 10, 13, 15, 17, 21, 23]",56,0.46846846846846846,0
5223,41212,"[1, 2, 3, 5, 6, 10, 13, 15, 19, 22, 24]",4411,"[1, 2, 3, 5, 6, 9, 11, 12, 16, 19, 23]",0,0.6310183212611845,0
5224,41212,"[1, 2, 3, 5, 6, 10, 13, 15, 19, 22, 24]",4411,"[1, 2, 3, 5, 6, 9, 11, 12, 16, 19, 23]",56,0.8697916666666666,0
5225,41212,"[1, 2, 3, 5, 6, 10, 13, 15, 19, 22, 24]",4411,"[1, 2, 3, 5, 6, 9, 11, 12, 16, 19, 23]",61,0.7449768160741885,0
5226,41212,"[1, 2, 3, 5, 6, 10, 13, 15, 19, 22, 24]",4411,"[1, 2, 3, 5, 6, 9, 11, 12, 16, 19, 23]",76,0.5386100386100386,0
5227,4321,"[1, 2, 3, 5, 6, 10, 13, 15, 18, 20, 23]",343,"[1, 3, 4, 5, 7, 8, 9, 11, 17, 21, 23]",0,0.46493399339933994,1
5228,4321,"[1, 2, 3, 5, 6, 10, 13, 15, 18, 20, 23]",442,"[1, 2, 3, 5, 6, 9, 11, 12, 16, 22, 24]",61,0.3512304250559284,0
5229,4321,"[1, 2, 3, 5, 6, 10, 13, 15, 18, 20, 23]",442,"[1, 2, 3, 5, 6, 9, 11, 12, 16, 22, 24]",74,0.5336134453781513,0
5230,442,"[1, 2, 3, 5, 6, 9, 11, 12, 16, 22, 24]",442,"[1, 2, 3, 5, 6, 9, 11, 12, 16, 22, 24]",80,0.41353383458646614,0
5231,442,"[1, 2, 3, 5, 6, 9, 11, 12, 16, 22, 24]",4141,"[1, 2, 3, 5, 6, 10, 12, 13, 15, 16, 23]",0,0.6035889070146819,0
5232,442,"[1, 2, 3, 5, 6, 9, 11, 12, 16, 22, 24]",4141,"[1, 2, 3, 5, 6, 10, 12, 13, 15, 16, 23]",14,0.6210045662100456,0
5233,442,"[1, 2, 3, 5, 6, 9, 11, 12, 16, 22, 24]",4141,"[1, 2, 3, 5, 6, 10, 12, 13, 15, 16, 23]",23,0.36086956521739133,0
5234,442,"[1, 2, 3, 5, 6, 9, 11, 12, 16, 22, 24]",4141,"[1, 2, 3, 5, 6, 10, 12, 13, 15, 16, 23]",28,0.4144144144144144,0
5235,433,"[1, 2, 3, 5, 6, 10, 13, 15, 17, 21, 23]",4141,"[1, 2, 3, 5, 6, 10, 12, 13, 15, 16, 23]",33,0.3894736842105263,0
5236,433,"[1, 2, 3, 5, 6, 10, 13, 15, 17, 21, 23]",4141,"[1, 2, 3, 5, 6, 10, 12, 13, 15, 16, 23]",38,0.3856877323420074,1
5237,433,"[1, 2, 3, 5, 6, 10, 13, 15, 17, 21, 23]",4141,"[1, 2, 3, 5, 6, 10, 12, 13, 15, 16, 23]",63,0.7160493827160493,0
5238,433,"[1, 2, 3, 5, 6, 10, 13, 15, 17, 21, 23]",442,"[1, 2, 3, 5, 6, 9, 11, 12, 16, 22, 24]",68,0.5031055900621118,0
5239,4141,"[1, 2, 3, 5, 6, 10, 12, 13, 15, 16, 23]",442,"[1, 2, 3, 5, 6, 9, 11, 12, 16, 22, 24]",71,0.5448717948717948,-1
5240,433,"[1, 2, 3, 5, 6, 10, 13, 15, 17, 21, 23]",433,"[1, 2, 3, 5, 6, 10, 13, 15, 17, 21, 23]",0,0.5180180180180181,-1
5241,433,"[1, 2, 3, 5, 6, 10, 13, 15, 17, 21, 23]",433,"[1, 2, 3, 5, 6, 10, 13, 15, 17, 21, 23]",29,0.6465364120781527,0
5242,4411,"[1, 2, 3, 5, 6, 9, 11, 12, 16, 19, 23]",433,"[1, 2, 3, 5, 6, 10, 13, 15, 17, 21, 23]",45,0.7593457943925234,0
5243,4411,"[1, 2, 3, 5, 6, 9, 11, 12, 16, 19, 23]",433,"[1, 2, 3, 5, 6, 10, 13, 15, 17, 21, 23]",55,0.7432762836185819,0
5244,433,"[1, 2, 3, 5, 6, 10, 13, 15, 17, 21, 23]",442,"[1, 2, 3, 5, 6, 9, 11, 12, 16, 22, 24]",0,0.5659993213437394,0
5245,433,"[1, 2, 3, 5, 6, 10, 13, 15, 17, 21, 23]",442,"[1, 2, 3, 5, 6, 9, 11, 12, 16, 22, 24]",74,0.9666666666666667,0
5246,4231,"[1, 2, 3, 5, 6, 9, 11, 17, 19, 21, 23]",433,"[1, 2, 3, 5, 6, 10, 13, 15, 17, 21, 23]",0,0.5152292401410709,0
5247,4231,"[1, 2, 3, 5, 6, 9, 11, 17, 19, 21, 23]",343,"[1, 3, 4, 5, 7, 8, 9, 11, 17, 21, 23]",0,0.5674603174603174,0
5248,4231,"[1, 2, 3, 5, 6, 9, 11, 17, 19, 21, 23]",343,"[1, 3, 4, 5, 7, 8, 9, 11, 17, 21, 23]",5,0.4694244604316547,-1
5249,4231,"[1, 2, 3, 5, 6, 9, 11, 17, 19, 21, 23]",343,"[1, 3, 4, 5, 7, 8, 9, 11, 17, 21, 23]",39,0.6983240223463687,0
5250,433,"[1, 2, 3, 5, 6, 10, 13, 15, 17, 21, 23]",343,"[1, 3, 4, 5, 7, 8, 9, 11, 17, 21, 23]",45,0.5545755237045203,2
5251,433,"[1, 2, 3, 5, 6, 10, 13, 15, 17, 21, 23]",343,"[1, 3, 4, 5, 7, 8, 9, 11, 17, 21, 23]",73,0.3897058823529412,0
5252,4411,"[1, 2, 3, 5, 6, 9, 11, 12, 16, 19, 23]",343,"[1, 3, 4, 5, 7, 8, 9, 11, 17, 21, 23]",78,0.4077669902912621,0
5253,4231,"[1, 2, 3, 5, 6, 9, 11, 17, 19, 21, 23]",4141,"[1, 2, 3, 5, 6, 10, 12, 13, 15, 16, 23]",0,0.7069499778663125,-1
5254,4231,"[1, 2, 3, 5, 6, 9, 11, 17, 19, 21, 23]",4141,"[1, 2, 3, 5, 6, 10, 12, 13, 15, 16, 23]",62,0.48863636363636365,0
5255,4231,"[1, 2, 3, 5, 6, 9, 11, 17, 19, 21, 23]",4141,"[1, 2, 3, 5, 6, 10, 12, 13, 15, 16, 23]",64,0.4788732394366197,0
5256,442,"[1, 2, 3, 5, 6, 12, 13, 15, 16, 22, 24]",532,"[1, 3, 4, 5, 7, 8, 13, 14, 15, 22, 24]",0,0.5506912442396313,2
5257,4141,"[1, 2, 3, 5, 6, 10, 12, 13, 15, 16, 23]",532,"[1, 3, 4, 5, 7, 8, 13, 14, 15, 22, 24]",64,0.6104417670682731,0
5258,4141,"[1, 2, 3, 5, 6, 10, 12, 13, 15, 16, 23]",532,"[1, 3, 4, 5, 7, 8, 13, 14, 15, 22, 24]",71,0.2962962962962963,0
5259,442,"[1, 2, 3, 5, 6, 10, 13, 15, 19, 22, 24]",4231,"[1, 2, 3, 5, 6, 9, 11, 18, 19, 20, 23]",0,0.3269035532994924,1
5260,442,"[1, 2, 3, 5, 6, 10, 13, 15, 19, 22, 24]",4231,"[1, 2, 3, 5, 6, 9, 11, 18, 19, 20, 23]",45,0.3448275862068966,0
5261,442,"[1, 2, 3, 5, 6, 10, 13, 15, 19, 22, 24]",442,"[1, 2, 3, 5, 6, 12, 13, 15, 16, 22, 24]",67,0.5236051502145923,0
5262,4231,"[1, 2, 3, 5, 6, 13, 15, 17, 19, 21, 23]",451,"[1, 2, 3, 5, 6, 9, 11, 12, 16, 19, 23]",0,0.635858786195954,2
5263,4231,"[1, 2, 3, 5, 6, 13, 15, 17, 19, 21, 23]",451,"[1, 2, 3, 5, 6, 9, 11, 12, 16, 19, 23]",71,0.5625,0
5264,4231,"[1, 2, 3, 5, 6, 13, 15, 17, 19, 21, 23]",451,"[1, 2, 3, 5, 6, 9, 11, 12, 16, 19, 23]",79,0.7857142857142857,0
5265,442,"[1, 2, 3, 5, 6, 12, 13, 15, 16, 22, 24]",4321,"[1, 2, 3, 5, 6, 10, 13, 15, 17, 21, 23]",0,0.5050505050505051,-1
5266,433,"[1, 2, 3, 5, 6, 10, 13, 15, 17, 21, 23]",442,"[1, 2, 3, 5, 6, 13, 15, 17, 21, 22, 24]",0,0.4837702871410737,-2
5267,442,"[1, 2, 3, 5, 6, 13, 15, 17, 21, 22, 24]",433,"[1, 2, 3, 5, 6, 10, 13, 15, 17, 21, 23]",0,0.6288828337874659,-1
5268,3412,"[1, 3, 4, 5, 9, 11, 12, 16, 19, 22, 24]",4231,"[1, 2, 3, 5, 6, 13, 15, 17, 19, 21, 23]",0,0.5116279069767442,0
5269,4231,"[1, 2, 3, 5, 6, 13, 15, 17, 19, 21, 23]",4231,"[1, 2, 3, 5, 6, 13, 15, 18, 19, 20, 23]",0,0.4571118349619978,0
5270,4231,"[1, 2, 3, 5, 6, 13, 15, 17, 19, 21, 23]",4231,"[1, 2, 3, 5, 6, 13, 15, 18, 19, 20, 23]",30,0.398166339227243,0
5271,4141,"[1, 2, 3, 5, 6, 10, 12, 13, 15, 16, 23]",4231,"[1, 2, 3, 5, 6, 13, 15, 18, 19, 20, 23]",75,0.5419847328244275,-1
5272,4411,"[1, 2, 3, 5, 6, 9, 11, 17, 21, 23, 25]",3412,"[1, 3, 4, 5, 7, 8, 13, 15, 19, 22, 24]",0,0.6432584269662921,0
5273,4231,"[1, 2, 3, 5, 6, 9, 11, 17, 19, 21, 23]",3412,"[1, 3, 4, 5, 7, 8, 13, 15, 19, 22, 24]",9,0.5081669691470054,0
5274,4231,"[1, 2, 3, 5, 6, 9, 11, 17, 19, 21, 23]",4231,"[1, 3, 4, 5, 7, 8, 13, 15, 19, 22, 24]",47,0.5950155763239875,0
5275,4231,"[1, 2, 3, 5, 6, 9, 11, 17, 19, 21, 23]",4231,"[1, 3, 4, 5, 7, 8, 13, 15, 19, 22, 24]",63,0.4199134199134199,0
5276,4411,"[1, 2, 3, 5, 6, 12, 13, 15, 16, 23, 25]",4231,"[1, 3, 4, 5, 7, 8, 13, 15, 19, 22, 24]",70,0.9848484848484849,0
5277,4411,"[1, 2, 3, 5, 6, 12, 13, 15, 16, 23, 25]",4231,"[1, 2, 3, 5, 6, 13, 15, 17, 19, 21, 23]",72,0.36923076923076925,1
5278,4411,"[1, 2, 3, 5, 6, 12, 13, 15, 16, 23, 25]",4231,"[1, 3, 4, 5, 7, 8, 13, 15, 19, 22, 24]",74,0.38164251207729466,0
5279,532,"[1, 2, 3, 4, 5, 6, 12, 14, 16, 22, 24]",433,"[1, 2, 3, 5, 6, 10, 13, 15, 17, 21, 23]",0,0.4078164825828377,-2
5280,4231,"[1, 2, 3, 5, 6, 9, 11, 17, 19, 21, 23]",4321,"[1, 2, 3, 5, 6, 10, 13, 15, 19, 22, 24]",0,0.627382146439318,3
5281,4231,"[1, 2, 3, 5, 6, 9, 11, 17, 19, 21, 23]",451,"[1, 2, 3, 5, 6, 12, 13, 14, 15, 16, 23]",45,0.6741935483870968,-1
5282,4231,"[1, 2, 3, 5, 6, 9, 11, 17, 19, 21, 23]",442,"[1, 2, 3, 5, 6, 12, 13, 15, 16, 22, 24]",71,0.475,0
5283,4231,"[1, 2, 3, 5, 6, 9, 11, 17, 19, 21, 23]",442,"[1, 2, 3, 5, 6, 12, 13, 15, 16, 22, 24]",73,0.5252225519287834,0
5284,4231,"[1, 2, 3, 5, 6, 9, 11, 17, 19, 21, 23]",442,"[1, 2, 3, 5, 6, 12, 13, 15, 16, 22, 24]",84,0.3673469387755102,0
5285,4231,"[1, 2, 3, 5, 6, 9, 11, 17, 19, 21, 23]",451,"[1, 2, 3, 5, 6, 12, 13, 14, 15, 16, 23]",86,0.28,0
5286,4231,"[1, 2, 3, 5, 6, 9, 11, 12, 16, 19, 23]",442,"[1, 2, 3, 5, 6, 9, 11, 17, 21, 22, 24]",0,0.5204301075268817,1
5287,4231,"[1, 2, 3, 5, 6, 9, 11, 12, 16, 19, 23]",442,"[1, 2, 3, 5, 6, 9, 11, 17, 21, 22, 24]",60,0.6612903225806451,0
5288,4231,"[1, 2, 3, 5, 6, 9, 11, 12, 16, 19, 23]",442,"[1, 2, 3, 5, 6, 9, 11, 17, 21, 22, 24]",62,0.4474187380497132,-1
5289,4231,"[1, 2, 3, 5, 6, 9, 11, 17, 19, 21, 23]",442,"[1, 2, 3, 5, 6, 12, 13, 15, 16, 22, 24]",0,0.4769711163153786,-2
5290,442,"[1, 2, 3, 5, 6, 12, 13, 15, 16, 22, 24]",442,"[1, 2, 3, 5, 6, 12, 13, 15, 16, 22, 24]",68,0.7467532467532467,-1
5291,442,"[1, 2, 3, 5, 6, 12, 13, 15, 16, 22, 24]",4321,"[1, 2, 3, 5, 6, 13, 14, 15, 17, 21, 23]",73,0.35323383084577115,0
5292,4222,"[1, 2, 3, 5, 6, 13, 15, 17, 21, 22, 24]",4222,"[1, 2, 3, 5, 6, 13, 15, 17, 21, 22, 24]",0,0.5069648093841642,3
5293,433,"[1, 2, 3, 5, 6, 10, 13, 15, 17, 21, 25]",433,"[1, 2, 3, 5, 6, 13, 14, 15, 22, 24, 25]",0,0.46650035637918746,-1
5294,442,"[1, 2, 3, 5, 6, 12, 13, 15, 16, 22, 24]",451,"[1, 2, 3, 5, 6, 9, 11, 12, 16, 19, 23]",0,0.5172284644194757,-1
5295,442,"[1, 2, 3, 5, 6, 12, 13, 15, 16, 22, 24]",4231,"[1, 2, 3, 5, 6, 9, 11, 17, 19, 21, 23]",72,0.5133587786259542,0
5296,433,"[1, 2, 3, 5, 6, 10, 13, 15, 19, 22, 24]",4321,"[1, 2, 3, 5, 6, 13, 14, 15, 17, 21, 23]",0,0.5568408456322298,0
5297,4231,"[1, 2, 3, 5, 6, 9, 11, 17, 19, 21, 23]",4231,"[1, 2, 3, 5, 6, 9, 11, 17, 19, 21, 23]",0,0.6335042735042735,2
5298,433,"[1, 2, 3, 5, 6, 10, 13, 15, 17, 21, 23]",442,"[1, 2, 3, 5, 6, 12, 13, 15, 16, 22, 24]",0,0.3582335947172926,-2
5299,442,"[1, 2, 3, 5, 6, 12, 13, 15, 16, 22, 24]",442,"[1, 2, 3, 5, 6, 12, 13, 15, 16, 22, 24]",0,0.5658125658125658,-3
5300,4231,"[1, 2, 3, 5, 6, 9, 11, 17, 19, 21, 23]",442,"[1, 2, 3, 5, 6, 12, 13, 15, 16, 22, 24]",0,0.6903765690376569,1
5301,4321,"[1, 2, 3, 5, 6, 13, 14, 15, 17, 21, 23]",4231,"[1, 2, 3, 5, 6, 9, 11, 17, 19, 21, 23]",0,0.5674137317680541,0
5302,4231,"[1, 2, 3, 5, 6, 9, 11, 17, 19, 21, 23]",433,"[1, 2, 3, 5, 6, 13, 14, 15, 17, 21, 23]",0,0.5247079964061097,2
5303,4231,"[1, 2, 3, 5, 6, 9, 11, 17, 19, 21, 23]",4321,"[1, 2, 3, 5, 6, 13, 14, 15, 18, 20, 23]",69,0.0,0
5304,4231,"[1, 2, 3, 5, 6, 9, 11, 17, 19, 21, 23]",4321,"[1, 2, 3, 5, 6, 13, 14, 15, 18, 20, 23]",69,0.4951923076923077,0
5305,4231,"[1, 2, 3, 5, 6, 13, 15, 17, 21, 23, 25]",442,"[1, 2, 3, 5, 6, 12, 13, 15, 16, 22, 24]",0,0.5628865979381443,0
5306,451,"[1, 2, 3, 5, 6, 9, 11, 12, 16, 19, 23]",4321,"[1, 2, 3, 5, 6, 12, 14, 16, 17, 21, 23]",0,0.4578313253012048,0
5307,451,"[1, 2, 3, 5, 6, 9, 11, 12, 16, 19, 23]",4321,"[1, 2, 3, 5, 6, 12, 14, 16, 17, 21, 23]",45,0.6542222222222223,0
5308,4231,"[1, 2, 3, 5, 6, 13, 15, 17, 19, 21, 23]",3142,"[1, 3, 4, 5, 10, 12, 13, 15, 16, 22, 24]",0,0.5356394129979035,-1
5309,4321,"[1, 2, 3, 5, 6, 13, 14, 15, 17, 21, 23]",4231,"[1, 2, 3, 5, 6, 9, 11, 17, 19, 21, 23]",0,0.5253424657534247,1
5310,4321,"[1, 2, 3, 5, 6, 13, 14, 15, 17, 21, 23]",4231,"[1, 2, 3, 5, 6, 9, 11, 17, 19, 21, 23]",88,0.6666666666666666,0
5311,442,"[1, 2, 3, 5, 6, 11, 12, 13, 16, 22, 24]",4141,"[1, 2, 3, 5, 6, 10, 12, 13, 15, 16, 23]",0,0.4578620941262313,0
5312,4231,"[1, 2, 3, 5, 6, 9, 11, 17, 19, 21, 23]",41212,"[1, 2, 3, 5, 6, 10, 13, 15, 19, 22, 24]",0,0.4601967799642218,0
5313,4231,"[1, 2, 3, 5, 6, 9, 11, 17, 19, 21, 23]",4141,"[1, 2, 3, 5, 6, 10, 12, 13, 15, 16, 23]",61,0.31521739130434784,0
5314,4141,"[1, 2, 3, 5, 6, 10, 12, 13, 15, 16, 23]",433,"[1, 2, 3, 5, 6, 10, 13, 15, 17, 21, 23]",0,0.44630225080385855,0
5315,4141,"[1, 2, 3, 5, 6, 10, 12, 13, 15, 16, 23]",433,"[1, 2, 3, 5, 6, 10, 13, 15, 17, 21, 23]",45,0.7772108843537415,0
5316,4141,"[1, 2, 3, 5, 6, 10, 12, 13, 15, 16, 23]",442,"[1, 2, 3, 5, 6, 12, 13, 15, 16, 22, 24]",62,0.6502732240437158,0
5317,4231,"[1, 2, 3, 5, 6, 9, 11, 17, 19, 21, 23]",352,"[1, 3, 4, 5, 7, 8, 10, 13, 15, 22, 24]",0,0.5926037282020445,2
5318,4231,"[1, 2, 3, 5, 6, 13, 15, 17, 19, 21, 23]",433,"[1, 2, 3, 5, 6, 10, 13, 15, 17, 21, 23]",0,0.3087431693989071,0
5319,4231,"[1, 2, 3, 5, 6, 13, 15, 17, 19, 21, 23]",433,"[1, 2, 3, 5, 6, 10, 13, 15, 17, 21, 23]",51,0.5982721382289417,0
5320,4231,"[1, 2, 3, 5, 6, 9, 11, 17, 19, 21, 23]",442,"[1, 2, 3, 5, 6, 9, 11, 12, 16, 22, 24]",0,0.5704735376044568,3
5321,451,"[1, 2, 3, 5, 6, 10, 12, 13, 15, 16, 23]",4231,"[1, 2, 3, 5, 6, 9, 11, 17, 19, 21, 23]",0,0.40541543026706234,0
5322,4411,"[1, 2, 3, 5, 6, 9, 11, 12, 16, 19, 23]",4231,"[1, 2, 3, 5, 6, 9, 11, 17, 19, 21, 23]",70,0.0,0
5323,4411,"[1, 2, 3, 5, 6, 9, 11, 12, 16, 19, 23]",4231,"[1, 2, 3, 5, 6, 9, 11, 17, 19, 21, 23]",70,0.6113744075829384,0
5324,442,"[1, 2, 3, 5, 6, 9, 11, 12, 16, 22, 24]",4231,"[1, 2, 3, 5, 6, 13, 15, 17, 19, 21, 23]",0,0.4622694242593628,0
5325,433,"[1, 2, 3, 5, 6, 10, 13, 15, 17, 21, 23]",4231,"[1, 2, 3, 5, 6, 13, 15, 17, 19, 21, 23]",45,0.3373493975903614,0
5326,433,"[1, 2, 3, 5, 6, 10, 13, 15, 17, 21, 23]",4231,"[1, 2, 3, 5, 6, 13, 15, 17, 19, 21, 23]",62,0.8504273504273504,0
5327,433,"[1, 2, 3, 5, 6, 10, 13, 15, 17, 21, 23]",4411,"[1, 2, 3, 5, 6, 9, 13, 15, 16, 19, 23]",75,0.9782608695652174,0
5328,433,"[1, 2, 3, 5, 6, 10, 13, 15, 17, 21, 23]",4411,"[1, 2, 3, 5, 6, 9, 13, 15, 16, 19, 23]",76,0.6971279373368147,0
5329,442,"[1, 2, 3, 5, 6, 9, 11, 12, 16, 22, 24]",343,"[1, 3, 4, 5, 7, 8, 13, 15, 17, 21, 23]",0,0.5864341085271317,0
5330,4231,"[1, 2, 3, 5, 6, 9, 11, 17, 19, 21, 23]",343,"[1, 3, 4, 5, 7, 8, 13, 15, 17, 21, 23]",72,0.6768060836501901,0
5331,442,"[1, 2, 3, 5, 6, 9, 11, 12, 16, 22, 24]",343,"[1, 3, 4, 5, 7, 8, 13, 15, 17, 21, 23]",80,0.47277936962750716,1
5332,4141,"[1, 2, 3, 5, 6, 10, 12, 13, 15, 16, 23]",4231,"[1, 2, 3, 5, 6, 9, 11, 17, 19, 21, 23]",0,0.6368452030606239,1
5333,4141,"[1, 2, 3, 5, 6, 10, 12, 13, 15, 16, 23]",4231,"[1, 2, 3, 5, 6, 9, 11, 17, 19, 21, 23]",52,0.6243386243386243,-2
5334,4231,"[1, 2, 3, 5, 6, 9, 11, 17, 19, 21, 23]",442,"[1, 2, 3, 5, 6, 12, 13, 15, 16, 22, 24]",0,0.5196850393700787,0
5335,4231,"[1, 2, 3, 5, 6, 9, 11, 17, 19, 21, 23]",442,"[1, 2, 3, 5, 6, 12, 13, 15, 16, 22, 24]",45,0.326271186440678,-1
5336,4231,"[1, 2, 3, 5, 6, 9, 11, 17, 19, 21, 23]",442,"[1, 2, 3, 5, 6, 12, 13, 15, 16, 22, 24]",59,0.6005586592178771,0
5337,4231,"[1, 2, 3, 5, 6, 9, 11, 17, 19, 21, 23]",442,"[1, 2, 3, 5, 6, 12, 13, 15, 16, 22, 24]",73,0.37168141592920356,0
5338,4231,"[1, 2, 3, 5, 6, 9, 11, 17, 19, 21, 23]",4231,"[1, 2, 3, 5, 6, 9, 11, 17, 19, 21, 23]",0,0.3779673590504451,-2
5339,4231,"[1, 2, 3, 5, 6, 9, 11, 17, 19, 21, 23]",4231,"[1, 2, 3, 5, 6, 9, 11, 17, 19, 21, 23]",70,0.24060150375939848,0
5340,4411,"[1, 2, 3, 5, 6, 12, 13, 15, 16, 19, 23]",4231,"[1, 2, 3, 5, 6, 9, 11, 17, 19, 21, 23]",0,0.5439832941790655,-1
5341,433,"[1, 2, 3, 5, 6, 10, 13, 15, 17, 21, 23]",4231,"[1, 2, 3, 5, 6, 9, 11, 17, 19, 21, 23]",0,0.39545454545454545,0
5342,433,"[1, 2, 3, 5, 6, 10, 13, 15, 17, 21, 23]",451,"[1, 2, 3, 5, 6, 10, 12, 13, 14, 15, 16]",3,0.0,0
5343,433,"[1, 2, 3, 5, 6, 10, 13, 15, 17, 21, 23]",4231,"[1, 2, 3, 5, 6, 9, 11, 17, 19, 21, 23]",3,0.34673366834170855,0
5344,433,"[1, 2, 3, 5, 6, 10, 13, 15, 17, 21, 23]",4231,"[1, 2, 3, 5, 6, 9, 11, 17, 19, 21, 23]",41,0.3791208791208791,0
5345,433,"[1, 2, 3, 5, 6, 10, 13, 15, 17, 21, 23]",4321,"[1, 2, 3, 5, 6, 10, 13, 15, 18, 20, 23]",45,0.0,0
5346,433,"[1, 2, 3, 5, 6, 10, 13, 15, 17, 21, 23]",4231,"[1, 2, 3, 5, 6, 9, 11, 17, 19, 21, 23]",45,0.5440097799511002,-1
5347,4231,"[1, 2, 3, 5, 6, 13, 15, 17, 19, 21, 23]",4231,"[1, 2, 3, 5, 6, 13, 15, 17, 19, 21, 23]",0,0.4505050505050505,2
5348,451,"[1, 2, 3, 5, 6, 10, 12, 13, 15, 16, 23]",4231,"[1, 2, 3, 5, 6, 9, 11, 17, 19, 21, 23]",0,0.4570154095701541,2
5349,451,"[1, 2, 3, 5, 6, 10, 12, 13, 15, 16, 23]",442,"[1, 2, 3, 5, 6, 9, 11, 12, 16, 22, 24]",64,0.42291666666666666,0
5350,4231,"[1, 2, 3, 5, 6, 13, 15, 17, 19, 21, 23]",4231,"[1, 2, 3, 5, 6, 13, 15, 17, 19, 21, 23]",0,0.39536954585930545,1
5351,4231,"[1, 2, 3, 5, 6, 13, 15, 17, 19, 21, 23]",4231,"[1, 2, 3, 5, 6, 13, 15, 17, 19, 21, 23]",70,0.16393442622950818,0
5352,4231,"[1, 2, 3, 5, 6, 13, 15, 17, 19, 21, 23]",3412,"[1, 3, 4, 5, 7, 8, 13, 15, 19, 22, 24]",76,0.22596153846153846,0
5353,4231,"[1, 2, 3, 5, 6, 9, 11, 17, 19, 21, 23]",442,"[1, 2, 3, 5, 6, 9, 11, 12, 16, 22, 24]",0,0.5646180356117174,2
5354,4231,"[1, 2, 3, 5, 6, 9, 11, 17, 19, 21, 23]",451,"[1, 2, 3, 5, 6, 10, 12, 13, 15, 16, 23]",0,0.6246719160104987,0
5355,433,"[1, 2, 3, 5, 6, 10, 13, 15, 17, 21, 23]",4141,"[1, 2, 3, 5, 6, 10, 12, 13, 15, 16, 23]",0,0.6944971537001897,0
5356,433,"[1, 2, 3, 5, 6, 10, 13, 15, 17, 21, 23]",4141,"[1, 2, 3, 5, 6, 10, 12, 13, 15, 16, 23]",71,0.582089552238806,-1
5357,4411,"[1, 2, 3, 5, 6, 9, 11, 12, 16, 19, 23]",442,"[1, 2, 3, 5, 6, 9, 11, 12, 16, 22, 24]",0,0.5396770869117142,0
5358,4231,"[1, 2, 3, 5, 6, 9, 11, 17, 19, 21, 23]",4411,"[1, 2, 3, 5, 6, 9, 11, 12, 16, 19, 23]",0,0.3692455242966752,0
5359,4411,"[1, 2, 3, 5, 6, 9, 11, 12, 16, 19, 23]",433,"[1, 2, 3, 5, 6, 10, 13, 15, 17, 21, 23]",0,0.35575281666097647,0
5360,4231,"[1, 2, 3, 5, 6, 13, 15, 17, 19, 21, 23]",4231,"[1, 2, 3, 5, 6, 13, 15, 17, 19, 21, 23]",0,0.5524266027561414,-3
5361,4231,"[1, 2, 3, 5, 6, 9, 11, 17, 19, 21, 23]",4231,"[1, 2, 3, 5, 6, 9, 11, 17, 19, 21, 23]",0,0.612932195779075,0
5362,4231,"[1, 2, 3, 5, 6, 9, 11, 17, 19, 21, 23]",4231,"[1, 2, 3, 5, 6, 9, 11, 17, 19, 21, 23]",55,0.6242905788876277,0
5363,442,"[1, 2, 3, 5, 6, 12, 13, 15, 16, 22, 24]",4231,"[1, 2, 3, 5, 6, 13, 15, 17, 19, 21, 23]",0,0.5921052631578947,0
5364,4231,"[1, 2, 3, 5, 6, 9, 11, 17, 19, 21, 23]",451,"[1, 2, 3, 5, 6, 10, 12, 13, 15, 16, 23]",0,0.7581151832460733,0
5365,4231,"[1, 2, 3, 5, 6, 9, 11, 17, 19, 21, 23]",451,"[1, 2, 3, 5, 6, 10, 12, 13, 15, 16, 23]",26,0.7068273092369478,0
5366,4231,"[1, 2, 3, 5, 6, 9, 11, 17, 19, 21, 23]",442,"[1, 2, 3, 5, 6, 9, 11, 12, 16, 22, 24]",34,1.0,0
5367,442,"[1, 2, 3, 5, 6, 9, 13, 15, 16, 22, 24]",442,"[1, 2, 3, 5, 6, 9, 11, 12, 16, 22, 24]",34,0.29984662576687116,-1
5368,4231,"[1, 2, 3, 5, 6, 9, 11, 17, 19, 21, 23]",4141,"[1, 2, 3, 5, 6, 10, 12, 13, 15, 16, 23]",0,0.6203488372093023,1
5369,4231,"[1, 2, 3, 5, 6, 9, 11, 17, 19, 21, 23]",4141,"[1, 2, 3, 5, 6, 10, 12, 13, 15, 16, 23]",45,0.713128038897893,1
5370,4231,"[1, 2, 3, 5, 6, 13, 15, 17, 19, 21, 23]",4231,"[1, 2, 3, 5, 6, 9, 11, 17, 19, 21, 23]",0,0.6402544823597455,2
5371,4231,"[1, 2, 3, 5, 6, 13, 15, 17, 19, 21, 23]",4231,"[1, 2, 3, 5, 6, 9, 11, 17, 19, 21, 23]",46,0.5755102040816327,-1
5372,4231,"[1, 2, 3, 5, 6, 9, 11, 17, 19, 21, 23]",4231,"[1, 2, 3, 5, 6, 9, 11, 17, 19, 21, 23]",0,0.5238095238095238,-2
5373,442,"[1, 2, 3, 5, 6, 12, 13, 15, 16, 22, 24]",4231,"[1, 2, 3, 5, 6, 13, 15, 17, 19, 21, 23]",0,0.3412235979606701,-2
5374,442,"[1, 2, 3, 5, 6, 12, 13, 15, 16, 22, 24]",442,"[1, 2, 3, 5, 6, 12, 13, 15, 16, 22, 24]",0,0.48465984882169855,-1
5375,442,"[1, 2, 3, 5, 6, 12, 13, 15, 16, 22, 24]",442,"[1, 2, 3, 5, 6, 12, 13, 15, 16, 22, 24]",76,0.6677740863787376,0
5376,4411,"[1, 2, 3, 5, 6, 12, 13, 15, 16, 19, 23]",4141,"[1, 2, 3, 5, 6, 10, 12, 13, 15, 16, 23]",0,0.6142306043720531,1
5377,433,"[1, 2, 3, 5, 6, 10, 13, 15, 17, 21, 23]",433,"[1, 2, 3, 5, 6, 10, 13, 15, 17, 21, 23]",0,0.6981566820276498,-2
5378,3421,"[1, 3, 4, 5, 7, 8, 9, 11, 18, 20, 23]",433,"[1, 2, 3, 5, 6, 10, 13, 15, 17, 21, 23]",45,0.5510204081632653,0
5379,3421,"[1, 3, 4, 5, 7, 8, 9, 11, 18, 20, 23]",433,"[1, 2, 3, 5, 6, 10, 13, 15, 17, 21, 23]",77,0.9508196721311475,0
5380,4231,"[1, 2, 3, 5, 6, 13, 15, 17, 19, 21, 23]",4231,"[1, 2, 3, 5, 6, 9, 11, 17, 19, 21, 23]",0,0.43176831943835015,-1
5381,4231,"[1, 2, 3, 5, 6, 13, 15, 17, 19, 21, 23]",4231,"[1, 2, 3, 5, 6, 9, 11, 17, 19, 21, 23]",59,0.2097560975609756,-1
5382,4141,"[1, 2, 3, 5, 6, 10, 12, 13, 15, 16, 23]",442,"[1, 2, 3, 5, 6, 9, 11, 12, 16, 22, 24]",0,0.5990190067443286,-2
5383,4141,"[1, 2, 3, 5, 6, 10, 12, 13, 15, 16, 23]",442,"[1, 2, 3, 5, 6, 9, 11, 12, 16, 22, 24]",45,0.580829756795422,1
5384,4231,"[1, 2, 3, 5, 6, 9, 11, 17, 19, 21, 23]",4141,"[1, 2, 3, 5, 6, 10, 12, 13, 15, 16, 23]",0,0.45527859237536655,2
5385,4231,"[1, 2, 3, 5, 6, 9, 11, 17, 19, 21, 23]",4141,"[1, 2, 3, 5, 6, 10, 12, 13, 15, 16, 23]",39,0.3492647058823529,0
5386,4231,"[1, 2, 3, 5, 6, 9, 11, 17, 19, 21, 23]",4141,"[1, 2, 3, 5, 6, 10, 12, 13, 15, 16, 23]",45,0.6923076923076923,0
5387,4231,"[1, 2, 3, 5, 6, 9, 11, 17, 19, 21, 23]",4231,"[1, 2, 3, 5, 6, 13, 15, 17, 19, 21, 23]",45,0.5981308411214953,0
5388,4231,"[1, 2, 3, 5, 6, 9, 11, 17, 19, 21, 23]",4231,"[1, 2, 3, 5, 6, 13, 15, 17, 19, 21, 23]",70,0.4853932584269663,0
5389,4231,"[1, 2, 3, 5, 6, 13, 15, 17, 19, 21, 23]",352,"[1, 3, 4, 5, 7, 8, 10, 13, 15, 22, 24]",0,0.744131455399061,2
5390,4231,"[1, 2, 3, 5, 6, 13, 15, 17, 19, 21, 23]",451,"[1, 2, 3, 5, 6, 10, 12, 13, 15, 16, 23]",22,0.7384284176533907,0
5391,433,"[1, 2, 3, 5, 6, 10, 13, 15, 17, 21, 23]",4231,"[1, 2, 3, 5, 6, 9, 11, 17, 19, 21, 23]",0,0.5277012549739822,0
5392,3412,"[1, 3, 4, 5, 7, 8, 9, 11, 19, 22, 24]",4141,"[1, 2, 3, 5, 6, 10, 12, 13, 15, 16, 23]",0,0.5747361252979231,0
5393,4231,"[1, 2, 3, 5, 6, 13, 15, 17, 19, 21, 23]",4231,"[1, 2, 3, 5, 6, 13, 15, 17, 19, 21, 23]",0,0.4585076708507671,0
5394,4231,"[1, 2, 3, 5, 6, 9, 11, 17, 19, 21, 23]",4231,"[1, 2, 3, 5, 6, 9, 11, 17, 19, 21, 23]",0,0.6016177957532861,2
5395,4231,"[1, 2, 3, 5, 6, 9, 11, 17, 19, 21, 23]",4231,"[1, 2, 3, 5, 6, 9, 11, 17, 19, 21, 23]",27,0.45034843205574915,-1
5396,4231,"[1, 2, 3, 5, 6, 9, 11, 17, 19, 21, 23]",442,"[1, 2, 3, 5, 6, 9, 11, 12, 16, 22, 24]",57,0.34210526315789475,-1
5397,4231,"[1, 2, 3, 5, 6, 9, 11, 17, 19, 21, 23]",4231,"[1, 2, 3, 5, 6, 9, 11, 17, 19, 21, 23]",0,0.4677137870855148,0
5398,4231,"[1, 2, 3, 5, 6, 9, 11, 17, 19, 21, 23]",442,"[1, 2, 3, 5, 6, 9, 11, 12, 16, 22, 24]",62,0.0,0
5399,4231,"[1, 2, 3, 5, 6, 13, 15, 17, 19, 21, 23]",4231,"[1, 2, 3, 5, 6, 13, 15, 17, 19, 21, 23]",0,0.6294372294372295,5
5400,4231,"[1, 2, 3, 5, 6, 13, 15, 17, 19, 21, 23]",4231,"[1, 2, 3, 5, 6, 13, 15, 17, 19, 21, 23]",67,0.7538940809968847,0
5401,442,"[1, 2, 3, 5, 6, 12, 13, 15, 16, 22, 24]",4231,"[1, 2, 3, 5, 6, 9, 11, 17, 19, 21, 23]",0,0.5271135062310542,0
5402,4231,"[1, 2, 3, 5, 6, 9, 11, 17, 19, 21, 23]",4231,"[1, 2, 3, 5, 6, 9, 11, 17, 19, 21, 23]",0,0.6540106951871658,0
5403,4231,"[1, 2, 3, 5, 6, 9, 11, 17, 19, 21, 23]",4231,"[1, 2, 3, 5, 6, 9, 11, 17, 19, 21, 23]",45,0.47641509433962265,0
5404,4231,"[1, 2, 3, 5, 6, 9, 11, 17, 19, 21, 23]",4231,"[1, 2, 3, 5, 6, 9, 11, 17, 19, 21, 23]",54,0.6775956284153005,-1
5405,4231,"[1, 2, 3, 5, 6, 13, 15, 17, 19, 21, 23]",4141,"[1, 2, 3, 5, 6, 10, 12, 13, 15, 16, 23]",0,0.6682098765432098,-1
5406,4231,"[1, 2, 3, 5, 6, 13, 15, 17, 19, 21, 23]",4141,"[1, 2, 3, 5, 6, 10, 12, 13, 15, 16, 23]",45,0.7503030303030302,0
5407,4231,"[1, 2, 3, 5, 6, 13, 15, 17, 19, 21, 23]",4141,"[1, 2, 3, 5, 6, 10, 12, 13, 15, 16, 23]",62,0.8841201716738197,0
5408,4231,"[1, 2, 3, 5, 6, 13, 15, 17, 19, 21, 23]",4141,"[1, 2, 3, 5, 6, 10, 12, 13, 15, 16, 23]",70,0.7371541501976284,0
5409,352,"[1, 3, 4, 5, 7, 8, 10, 13, 15, 22, 24]",4141,"[1, 2, 3, 5, 6, 10, 12, 13, 15, 16, 23]",84,1.0,0
5410,4231,"[1, 2, 3, 5, 6, 13, 15, 17, 19, 21, 23]",451,"[1, 2, 3, 5, 6, 10, 12, 13, 15, 16, 23]",0,0.5739417262231996,0
5411,4231,"[1, 2, 3, 5, 6, 13, 15, 17, 19, 21, 23]",451,"[1, 2, 3, 5, 6, 10, 12, 13, 15, 16, 23]",45,0.6648854961832061,-1
5412,4231,"[1, 2, 3, 5, 6, 13, 15, 17, 19, 21, 23]",442,"[1, 2, 3, 5, 6, 12, 13, 15, 16, 22, 24]",0,0.5950155763239875,-2
5413,4231,"[1, 2, 3, 5, 6, 13, 15, 17, 19, 21, 23]",442,"[1, 2, 3, 5, 6, 12, 13, 15, 16, 22, 24]",45,0.7548161120840631,0
5414,433,"[1, 2, 3, 5, 6, 10, 13, 15, 17, 21, 23]",4411,"[1, 2, 3, 5, 6, 11, 12, 13, 15, 16, 23]",0,1.0,0
5415,433,"[1, 2, 3, 5, 6, 10, 13, 15, 17, 21, 23]",4141,"[1, 2, 3, 5, 6, 10, 12, 13, 15, 16, 23]",0,0.556274721323265,1
5416,4141,"[1, 2, 3, 5, 6, 10, 12, 13, 15, 16, 23]",4141,"[1, 2, 3, 5, 6, 10, 12, 13, 15, 16, 23]",67,0.5080906148867314,0
5417,4141,"[1, 2, 3, 5, 6, 10, 12, 13, 15, 16, 23]",4231,"[1, 2, 3, 5, 6, 13, 15, 17, 19, 21, 23]",76,0.3619047619047619,0
5418,442,"[1, 2, 3, 5, 6, 9, 11, 12, 16, 22, 24]",433,"[1, 2, 3, 5, 6, 10, 13, 15, 17, 21, 23]",0,0.35827664399092973,2
5419,442,"[1, 2, 3, 5, 6, 9, 11, 12, 16, 22, 24]",41212,"[1, 2, 3, 5, 6, 10, 13, 15, 19, 22, 24]",41,0.32840832773673606,1
5420,4321,"[1, 2, 3, 5, 6, 10, 13, 15, 18, 20, 23]",4231,"[1, 2, 3, 5, 6, 9, 11, 17, 19, 21, 23]",0,0.5751633986928104,0
5421,4231,"[1, 2, 3, 5, 6, 9, 11, 17, 19, 21, 23]",433,"[1, 2, 3, 5, 6, 10, 13, 15, 17, 21, 23]",0,0.6194318915429309,-1
5422,3421,"[1, 3, 4, 5, 7, 8, 9, 11, 13, 15, 23]",4231,"[1, 2, 3, 5, 6, 9, 11, 17, 19, 21, 23]",0,0.4712103407755582,-1
5423,3421,"[1, 3, 4, 5, 7, 8, 9, 11, 13, 15, 23]",4231,"[1, 2, 3, 5, 6, 9, 11, 17, 19, 21, 23]",23,0.44968332160450386,0
5424,3421,"[1, 3, 4, 5, 7, 8, 9, 11, 13, 15, 23]",4231,"[1, 2, 3, 5, 6, 9, 11, 17, 19, 21, 23]",58,0.533213644524237,0
5425,4231,"[1, 2, 3, 5, 6, 13, 15, 17, 19, 21, 23]",3412,"[1, 3, 4, 5, 7, 8, 9, 11, 19, 22, 24]",0,0.6645622895622896,3
5426,4231,"[1, 2, 3, 5, 6, 13, 15, 17, 19, 21, 23]",3412,"[1, 3, 4, 5, 7, 8, 9, 11, 19, 22, 24]",63,0.8387096774193549,0
5427,4231,"[1, 2, 3, 5, 6, 13, 15, 17, 19, 21, 23]",3412,"[1, 3, 4, 5, 7, 8, 9, 11, 19, 22, 24]",68,0.7659574468085106,1
5428,442,"[1, 2, 3, 5, 6, 9, 11, 12, 16, 22, 24]",4231,"[1, 2, 3, 5, 6, 9, 15, 17, 19, 21, 23]",0,0.515820149875104,-2
5429,442,"[1, 2, 3, 5, 6, 9, 11, 12, 16, 22, 24]",4231,"[1, 2, 3, 5, 6, 9, 15, 17, 19, 21, 23]",65,0.6,0
5430,433,"[1, 2, 3, 5, 6, 10, 13, 15, 17, 21, 23]",433,"[1, 2, 3, 5, 6, 10, 13, 15, 17, 21, 23]",0,0.6521452145214521,0
5431,4231,"[1, 2, 3, 5, 6, 9, 11, 17, 19, 21, 23]",4321,"[1, 2, 3, 5, 6, 10, 13, 15, 18, 20, 23]",0,0.4036526276556094,0
5432,4231,"[1, 2, 3, 5, 6, 9, 11, 17, 19, 21, 23]",4231,"[1, 2, 3, 5, 6, 9, 11, 17, 19, 21, 23]",64,0.5551601423487544,-1
5433,4231,"[1, 2, 3, 5, 6, 9, 11, 17, 19, 21, 23]",4231,"[1, 2, 3, 5, 6, 9, 11, 17, 19, 21, 23]",0,0.5928872250818905,2
5434,4231,"[1, 2, 3, 5, 6, 9, 11, 17, 19, 21, 23]",4231,"[1, 2, 3, 5, 6, 9, 11, 17, 19, 21, 23]",60,0.6,1
5435,433,"[1, 2, 3, 5, 6, 10, 13, 15, 17, 21, 23]",4231,"[1, 2, 3, 5, 6, 13, 15, 17, 19, 21, 23]",0,0.47509765625,-2
5436,433,"[1, 2, 3, 5, 6, 10, 13, 15, 17, 21, 23]",4231,"[1, 2, 3, 5, 6, 13, 15, 17, 19, 21, 23]",56,0.5882352941176471,0
5437,433,"[1, 2, 3, 5, 6, 10, 13, 15, 17, 21, 23]",4231,"[1, 2, 3, 5, 6, 13, 15, 17, 19, 21, 23]",64,0.6452991452991453,0
5438,4231,"[1, 2, 3, 5, 6, 9, 11, 17, 19, 21, 23]",4231,"[1, 2, 3, 5, 6, 13, 15, 17, 19, 21, 23]",77,0.28135593220338984,0
5439,4231,"[1, 2, 3, 5, 6, 9, 11, 17, 19, 21, 23]",4231,"[1, 2, 3, 5, 6, 13, 15, 17, 19, 21, 23]",85,0.37142857142857144,0
5440,4411,"[1, 2, 3, 5, 6, 9, 11, 12, 16, 19, 23]",4231,"[1, 2, 3, 5, 6, 9, 11, 17, 19, 21, 23]",0,0.47790189412336087,0
5441,4411,"[1, 2, 3, 5, 6, 9, 11, 12, 16, 19, 23]",4231,"[1, 2, 3, 5, 6, 9, 11, 17, 19, 21, 23]",57,0.33783783783783783,0
5442,4231,"[1, 2, 3, 5, 6, 9, 11, 17, 19, 21, 23]",433,"[1, 2, 3, 5, 6, 10, 13, 15, 17, 21, 23]",0,0.66015625,0
5443,4231,"[1, 2, 3, 5, 6, 9, 11, 17, 19, 21, 23]",433,"[1, 2, 3, 5, 6, 10, 13, 15, 17, 21, 23]",14,0.473604826546003,0
5444,433,"[1, 2, 3, 5, 6, 10, 13, 15, 17, 21, 23]",4231,"[1, 2, 3, 5, 6, 13, 15, 17, 19, 21, 23]",0,0.5116681071737251,0
5445,433,"[1, 2, 3, 5, 6, 10, 13, 15, 17, 21, 23]",4231,"[1, 2, 3, 5, 6, 13, 15, 17, 19, 21, 23]",30,0.34205933682373474,1
5446,433,"[1, 2, 3, 5, 6, 10, 13, 15, 17, 21, 23]",4231,"[1, 2, 3, 5, 6, 13, 15, 17, 19, 21, 23]",45,0.513262599469496,0
5447,433,"[1, 2, 3, 5, 6, 10, 13, 15, 17, 21, 23]",4231,"[1, 2, 3, 5, 6, 13, 15, 17, 19, 21, 23]",68,0.23469387755102042,0
5448,433,"[1, 2, 3, 5, 6, 10, 13, 15, 17, 21, 23]",4231,"[1, 2, 3, 5, 6, 13, 15, 17, 19, 21, 23]",72,0.32575757575757575,-2
5449,442,"[1, 2, 3, 5, 6, 12, 13, 15, 16, 22, 24]",4231,"[1, 2, 3, 5, 6, 13, 15, 17, 19, 21, 23]",0,0.44287158746208294,3
5450,4411,"[1, 2, 3, 5, 6, 9, 11, 12, 16, 19, 23]",4231,"[1, 2, 3, 5, 6, 13, 15, 17, 19, 21, 23]",0,0.48651960784313725,1
5451,4411,"[1, 2, 3, 5, 6, 9, 11, 12, 16, 19, 23]",4231,"[1, 2, 3, 5, 6, 13, 15, 17, 19, 21, 23]",45,0.3877327491785323,1
5452,4231,"[1, 2, 3, 5, 6, 9, 11, 17, 19, 21, 23]",4222,"[1, 2, 3, 5, 6, 9, 11, 18, 20, 22, 24]",0,0.4213197969543147,-1
5453,4231,"[1, 2, 3, 5, 6, 9, 11, 17, 19, 21, 23]",3412,"[1, 3, 4, 5, 7, 8, 9, 11, 19, 22, 24]",24,0.42158273381294964,0
5454,4231,"[1, 2, 3, 5, 6, 9, 11, 17, 19, 21, 23]",3412,"[1, 3, 4, 5, 7, 8, 9, 11, 19, 22, 24]",45,0.47001090512540894,0
5455,4141,"[1, 2, 3, 5, 6, 10, 12, 13, 15, 16, 23]",4231,"[1, 2, 3, 5, 6, 9, 11, 17, 19, 21, 23]",0,0.4175824175824176,1
5456,4141,"[1, 2, 3, 5, 6, 10, 12, 13, 15, 16, 23]",4231,"[1, 2, 3, 5, 6, 9, 11, 17, 19, 21, 23]",0,0.5242378810594702,0
5457,4141,"[1, 2, 3, 5, 6, 10, 12, 13, 15, 16, 23]",4231,"[1, 2, 3, 5, 6, 9, 11, 17, 19, 21, 23]",55,0.3540983606557377,0
5458,4231,"[1, 2, 3, 5, 6, 13, 15, 17, 19, 21, 23]",4231,"[1, 2, 3, 5, 6, 13, 15, 17, 19, 21, 23]",0,0.4626262626262626,3
5459,4231,"[1, 2, 3, 5, 6, 9, 11, 17, 19, 21, 23]",442,"[1, 2, 3, 5, 6, 9, 11, 12, 16, 22, 24]",0,0.32262669521770165,1
5460,4231,"[1, 2, 3, 5, 6, 9, 11, 17, 19, 21, 23]",442,"[1, 2, 3, 5, 6, 9, 11, 12, 16, 22, 24]",45,0.44393382352941174,1
5461,4231,"[1, 2, 3, 5, 6, 9, 11, 17, 19, 21, 23]",442,"[1, 2, 3, 5, 6, 9, 11, 12, 16, 22, 24]",77,0.1276595744680851,0
5462,4231,"[1, 2, 3, 5, 6, 9, 11, 17, 19, 21, 23]",4231,"[1, 2, 3, 5, 6, 9, 11, 17, 19, 21, 23]",0,0.5634132086499123,1
5463,4141,"[1, 2, 3, 5, 6, 10, 12, 13, 15, 16, 23]",442,"[1, 2, 3, 5, 6, 9, 11, 12, 16, 22, 24]",0,0.6060727127447063,-1
5464,442,"[1, 2, 3, 5, 6, 9, 11, 12, 16, 22, 24]",3421,"[1, 3, 4, 5, 7, 8, 9, 11, 18, 20, 23]",0,0.7073676928398478,1
5465,442,"[1, 2, 3, 5, 6, 9, 11, 12, 16, 22, 24]",4231,"[1, 2, 3, 5, 6, 13, 15, 17, 19, 21, 23]",0,0.30410122164048864,-2
5466,4411,"[1, 2, 3, 5, 6, 9, 11, 12, 16, 19, 23]",4231,"[1, 2, 3, 5, 6, 9, 11, 17, 19, 21, 23]",0,0.2,0
5467,4411,"[1, 2, 3, 5, 6, 9, 11, 12, 16, 19, 23]",4231,"[1, 2, 3, 5, 6, 9, 11, 17, 19, 21, 23]",0,0.44321329639889195,0
5468,4411,"[1, 2, 3, 5, 6, 9, 11, 12, 16, 19, 23]",4231,"[1, 2, 3, 5, 6, 9, 11, 17, 19, 21, 23]",8,0.46827794561933533,0
5469,4411,"[1, 2, 3, 5, 6, 9, 11, 12, 16, 19, 23]",4231,"[1, 2, 3, 5, 6, 9, 11, 17, 19, 21, 23]",61,0.4063745019920319,1
5470,4411,"[1, 2, 3, 5, 6, 9, 11, 12, 16, 19, 23]",41212,"[1, 2, 3, 5, 6, 10, 13, 15, 19, 22, 24]",74,0.2074074074074074,0
5471,4411,"[1, 2, 3, 5, 6, 9, 11, 12, 16, 19, 23]",41212,"[1, 2, 3, 5, 6, 10, 13, 15, 19, 22, 24]",81,0.07920792079207921,0
5472,433,"[1, 2, 3, 5, 6, 10, 13, 15, 17, 21, 23]",41212,"[1, 2, 3, 5, 6, 10, 13, 15, 19, 22, 24]",84,0.0,0
5473,4411,"[1, 2, 3, 5, 6, 9, 11, 12, 16, 19, 23]",4231,"[1, 2, 3, 5, 6, 9, 11, 17, 19, 21, 23]",0,0.4632507349853003,1
5474,433,"[1, 2, 3, 5, 6, 10, 13, 15, 17, 21, 23]",442,"[1, 2, 3, 5, 6, 9, 11, 12, 16, 22, 24]",0,0.7279843444227005,0
5475,433,"[1, 2, 3, 5, 6, 10, 13, 15, 17, 21, 23]",442,"[1, 2, 3, 5, 6, 9, 11, 12, 16, 22, 24]",66,1.0,0
5476,4411,"[1, 2, 3, 5, 6, 12, 13, 15, 16, 19, 23]",4231,"[1, 2, 3, 5, 6, 9, 11, 17, 19, 21, 23]",0,0.49030172413793105,-2
5477,4411,"[1, 2, 3, 5, 6, 12, 13, 15, 16, 19, 23]",4231,"[1, 2, 3, 5, 6, 9, 11, 17, 19, 21, 23]",45,1.0,0
5478,4411,"[1, 2, 3, 5, 6, 12, 13, 15, 16, 19, 23]",4231,"[1, 2, 3, 5, 6, 9, 11, 17, 19, 21, 23]",45,0.7592592592592593,0
5479,352,"[1, 3, 4, 5, 7, 8, 10, 13, 15, 22, 24]",4231,"[1, 2, 3, 5, 6, 13, 15, 17, 19, 21, 23]",0,0.36584051724137934,0
5480,352,"[1, 3, 4, 5, 7, 8, 10, 13, 15, 22, 24]",4231,"[1, 2, 3, 5, 6, 13, 15, 17, 19, 21, 23]",49,0.5362903225806451,0
5481,3421,"[1, 3, 4, 5, 7, 8, 9, 11, 18, 20, 23]",4231,"[1, 2, 3, 5, 6, 13, 15, 17, 19, 21, 23]",58,0.46568627450980393,0
5482,3421,"[1, 3, 4, 5, 7, 8, 9, 11, 18, 20, 23]",4231,"[1, 2, 3, 5, 6, 13, 15, 17, 19, 21, 23]",69,0.6717557251908397,0
5483,4231,"[1, 2, 3, 5, 6, 9, 11, 17, 19, 21, 23]",343,"[1, 3, 4, 5, 7, 8, 9, 11, 17, 21, 23]",0,0.7123665173957975,1
5484,442,"[1, 2, 3, 5, 6, 12, 13, 15, 16, 22, 24]",343,"[1, 3, 4, 5, 7, 8, 9, 11, 17, 21, 23]",0,0.4360508601346298,1
5485,4231,"[1, 2, 3, 5, 6, 9, 11, 17, 19, 21, 23]",4231,"[1, 2, 3, 5, 6, 9, 11, 17, 19, 21, 23]",0,0.5044722719141324,0
5486,4231,"[1, 2, 3, 5, 6, 9, 11, 17, 19, 21, 23]",4231,"[1, 2, 3, 5, 6, 9, 11, 17, 19, 21, 23]",47,0.5964912280701754,0
5487,4231,"[1, 2, 3, 5, 6, 9, 11, 17, 19, 21, 23]",4231,"[1, 2, 3, 5, 6, 9, 11, 17, 19, 21, 23]",45,0.6550290939318371,1
5488,4231,"[1, 2, 3, 5, 6, 13, 15, 17, 19, 21, 23]",4231,"[1, 2, 3, 5, 6, 11, 13, 17, 19, 21, 23]",0,0.4169449081803005,-1
5489,41212,"[1, 2, 3, 5, 6, 10, 13, 15, 19, 22, 24]",4231,"[1, 2, 3, 5, 6, 11, 13, 17, 19, 21, 23]",58,0.21609538002980627,2
5490,4231,"[1, 2, 3, 5, 6, 9, 11, 17, 19, 21, 23]",4231,"[1, 2, 3, 5, 6, 13, 15, 17, 19, 21, 23]",0,0.6039215686274509,0
5491,4231,"[1, 2, 3, 5, 6, 9, 11, 17, 19, 21, 23]",4231,"[1, 2, 3, 5, 6, 13, 15, 17, 19, 21, 23]",45,0.6011673151750972,1
5492,442,"[1, 2, 3, 5, 6, 12, 13, 15, 16, 22, 24]",4231,"[1, 2, 3, 5, 6, 13, 15, 17, 19, 21, 23]",0,0.41852487135506006,1
5493,4231,"[1, 2, 3, 5, 6, 13, 15, 17, 19, 21, 23]",4231,"[1, 2, 3, 5, 6, 13, 15, 17, 19, 21, 23]",0,0.4246575342465753,0
5494,4231,"[1, 2, 3, 5, 6, 13, 15, 17, 19, 21, 23]",4231,"[1, 2, 3, 5, 6, 13, 15, 17, 19, 21, 23]",45,0.5,0
5495,4231,"[1, 2, 3, 5, 6, 13, 15, 17, 19, 21, 23]",4231,"[1, 2, 3, 5, 6, 9, 11, 17, 19, 21, 23]",0,0.49499582985821516,2
5496,4231,"[1, 2, 3, 5, 6, 13, 15, 17, 19, 21, 23]",4231,"[1, 2, 3, 5, 6, 9, 11, 17, 19, 21, 23]",60,0.3419354838709677,0
5497,4231,"[1, 2, 3, 5, 6, 13, 15, 17, 19, 21, 23]",4141,"[1, 2, 3, 5, 6, 10, 12, 13, 15, 16, 23]",69,0.3931484502446982,1
5498,4231,"[1, 2, 3, 5, 6, 9, 11, 17, 19, 21, 23]",433,"[1, 2, 3, 5, 6, 10, 13, 15, 17, 21, 23]",0,0.671147383581373,-2
5499,41212,"[1, 2, 3, 5, 6, 10, 13, 15, 19, 22, 24]",433,"[1, 2, 3, 5, 6, 10, 13, 15, 17, 21, 23]",45,0.5674763832658569,-1
5500,4231,"[1, 2, 3, 5, 6, 9, 11, 17, 19, 21, 23]",4231,"[1, 2, 3, 5, 6, 9, 11, 17, 19, 21, 23]",0,0.6567275437942601,0
5501,4231,"[1, 2, 3, 5, 6, 9, 11, 17, 19, 21, 23]",4231,"[1, 2, 3, 5, 6, 9, 11, 17, 19, 21, 23]",67,0.7151162790697675,0
5502,41212,"[1, 2, 3, 5, 6, 10, 13, 15, 19, 22, 24]",4231,"[1, 2, 3, 5, 6, 13, 15, 17, 19, 21, 23]",0,0.5739928201037097,0
5503,4231,"[1, 2, 3, 5, 6, 9, 15, 17, 19, 21, 23]",4231,"[1, 2, 3, 5, 6, 9, 11, 17, 19, 21, 23]",0,0.5349904397705545,2
5504,4231,"[1, 2, 3, 5, 6, 9, 15, 17, 19, 21, 23]",4231,"[1, 2, 3, 5, 6, 9, 11, 17, 19, 21, 23]",62,0.0,0
5505,4231,"[1, 2, 3, 5, 6, 9, 11, 17, 19, 21, 23]",442,"[1, 2, 3, 5, 6, 12, 13, 15, 16, 22, 24]",0,0.4348879466989703,0
5506,4231,"[1, 2, 3, 5, 6, 9, 11, 17, 19, 21, 23]",4231,"[1, 2, 3, 5, 6, 9, 11, 17, 19, 21, 23]",46,0.4088,0
5507,4231,"[1, 2, 3, 5, 6, 9, 11, 17, 19, 21, 23]",4231,"[1, 2, 3, 5, 6, 9, 11, 17, 19, 21, 23]",84,0.4074074074074074,-1
5508,442,"[1, 2, 3, 5, 6, 12, 13, 15, 16, 22, 24]",4231,"[1, 2, 3, 5, 6, 9, 11, 17, 19, 21, 23]",0,0.5569139966273187,-1
5509,4231,"[1, 2, 3, 5, 6, 9, 11, 17, 19, 21, 23]",4231,"[1, 2, 3, 5, 6, 9, 11, 17, 19, 21, 23]",0,0.41650913673597983,1
5510,4231,"[1, 2, 3, 5, 6, 9, 11, 17, 19, 21, 23]",4231,"[1, 2, 3, 5, 6, 9, 11, 17, 19, 21, 23]",45,0.511742892459827,-1
5511,4231,"[1, 2, 3, 5, 6, 9, 11, 17, 19, 21, 23]",4231,"[1, 2, 3, 5, 6, 9, 11, 17, 19, 21, 23]",68,0.6946236559139785,1
5512,4411,"[1, 2, 3, 5, 6, 12, 13, 15, 16, 19, 23]",442,"[1, 2, 3, 5, 6, 12, 13, 15, 16, 22, 24]",0,0.7002406325197662,-1
5513,4411,"[1, 2, 3, 5, 6, 12, 13, 15, 16, 19, 23]",4231,"[1, 2, 3, 5, 6, 13, 15, 17, 19, 21, 23]",78,1.0,0
5514,4231,"[1, 2, 3, 5, 6, 13, 15, 17, 19, 21, 23]",4231,"[1, 2, 3, 5, 6, 9, 11, 17, 19, 21, 23]",0,0.5392248062015503,-1
5515,4231,"[1, 2, 3, 5, 6, 13, 15, 17, 19, 21, 23]",4411,"[1, 2, 3, 5, 6, 12, 13, 15, 16, 19, 23]",0,0.4205911010068204,2
5516,4231,"[1, 2, 3, 5, 6, 9, 11, 17, 19, 21, 23]",4231,"[1, 2, 3, 5, 6, 13, 15, 17, 19, 21, 23]",0,0.5875389408099688,1
5517,4231,"[1, 2, 3, 5, 6, 9, 11, 17, 19, 21, 23]",4231,"[1, 2, 3, 5, 6, 13, 15, 17, 19, 21, 23]",45,0.4980330448465775,1
5518,4231,"[1, 2, 3, 5, 6, 9, 11, 17, 19, 21, 23]",4231,"[1, 2, 3, 5, 6, 13, 15, 17, 19, 21, 23]",85,1.0,0
5519,442,"[1, 2, 3, 5, 6, 9, 11, 12, 16, 22, 24]",343,"[1, 3, 4, 5, 7, 8, 9, 11, 17, 21, 23]",0,0.41687041564792177,0
5520,4231,"[1, 2, 3, 5, 6, 9, 11, 17, 19, 21, 23]",433,"[1, 2, 3, 5, 6, 10, 13, 15, 17, 21, 23]",0,0.6176923076923077,4
5521,4231,"[1, 2, 3, 5, 6, 9, 11, 17, 19, 21, 23]",433,"[1, 2, 3, 5, 6, 10, 13, 15, 17, 21, 23]",63,0.540587219343696,0
5522,4141,"[1, 2, 3, 5, 6, 10, 12, 13, 15, 16, 23]",4411,"[1, 2, 3, 5, 6, 9, 11, 12, 16, 19, 23]",0,0.6053240740740741,0
5523,4141,"[1, 2, 3, 5, 6, 10, 12, 13, 15, 16, 23]",4411,"[1, 2, 3, 5, 6, 9, 11, 12, 16, 19, 23]",50,0.5075528700906344,0
5524,4231,"[1, 2, 3, 5, 6, 13, 15, 17, 19, 21, 23]",4231,"[1, 2, 3, 5, 6, 13, 15, 17, 19, 21, 23]",0,0.5864562787639711,1
5525,4141,"[1, 2, 3, 5, 6, 10, 12, 13, 15, 16, 23]",4231,"[1, 2, 3, 5, 6, 13, 15, 17, 19, 21, 23]",45,0.650375939849624,0
5526,4141,"[1, 2, 3, 5, 6, 10, 12, 13, 15, 16, 23]",4231,"[1, 2, 3, 5, 6, 13, 15, 17, 19, 21, 23]",59,0.43103448275862066,0
5527,4231,"[1, 2, 3, 5, 6, 9, 11, 17, 19, 21, 23]",442,"[1, 2, 3, 5, 6, 12, 13, 15, 16, 22, 24]",0,0.5978047824382595,0
5528,4411,"[1, 2, 3, 5, 6, 9, 11, 12, 16, 19, 23]",442,"[1, 2, 3, 5, 6, 12, 13, 15, 16, 22, 24]",0,0.6786288162828067,-2
5529,4411,"[1, 2, 3, 5, 6, 9, 11, 12, 16, 19, 23]",442,"[1, 2, 3, 5, 6, 12, 13, 15, 16, 22, 24]",50,0.7468671679197995,0
5530,442,"[1, 2, 3, 5, 6, 12, 13, 15, 16, 22, 24]",442,"[1, 2, 3, 5, 6, 12, 13, 15, 16, 22, 24]",61,0.9259259259259259,0
5531,352,"[1, 3, 4, 5, 7, 8, 10, 13, 15, 22, 24]",4231,"[1, 2, 3, 5, 6, 9, 11, 17, 19, 21, 23]",0,0.5055432372505543,0
5532,41212,"[1, 2, 3, 5, 6, 10, 13, 15, 19, 22, 24]",4231,"[1, 2, 3, 5, 6, 9, 11, 17, 19, 21, 23]",45,0.5885057471264368,-1
5533,41212,"[1, 2, 3, 5, 6, 10, 13, 15, 19, 22, 24]",4231,"[1, 2, 3, 5, 6, 9, 11, 17, 19, 21, 23]",69,0.6694214876033058,0
5534,41212,"[1, 2, 3, 5, 6, 10, 13, 15, 19, 22, 24]",4231,"[1, 2, 3, 5, 6, 9, 11, 17, 19, 21, 23]",77,0.799373040752351,0
5535,4231,"[1, 2, 3, 5, 6, 13, 15, 17, 19, 21, 23]",4411,"[1, 2, 3, 5, 6, 12, 13, 15, 16, 19, 23]",0,0.5988074957410562,0
5536,4231,"[1, 2, 3, 5, 6, 13, 15, 17, 19, 21, 23]",4411,"[1, 2, 3, 5, 6, 12, 13, 15, 16, 19, 23]",32,0.6498054474708171,3
5537,4231,"[1, 2, 3, 5, 6, 13, 15, 17, 19, 21, 23]",4411,"[1, 2, 3, 5, 6, 12, 13, 15, 16, 19, 23]",72,0.5718232044198895,0
5538,4231,"[1, 2, 3, 5, 6, 13, 15, 17, 19, 21, 23]",451,"[1, 2, 3, 5, 6, 10, 12, 13, 15, 16, 23]",0,0.691493116837275,1
5539,4231,"[1, 2, 3, 5, 6, 13, 15, 17, 19, 21, 23]",442,"[1, 2, 3, 5, 6, 12, 13, 15, 16, 22, 24]",71,0.6423529411764706,0
5540,4231,"[1, 2, 3, 5, 6, 9, 11, 17, 19, 21, 23]",4231,"[1, 2, 3, 5, 6, 9, 11, 17, 19, 21, 23]",0,0.32974601808006887,1
5541,4231,"[1, 2, 3, 5, 6, 9, 11, 17, 19, 21, 23]",4231,"[1, 2, 3, 5, 6, 9, 11, 17, 19, 21, 23]",62,0.18646864686468648,0
5542,4231,"[1, 2, 3, 5, 6, 9, 11, 17, 19, 21, 23]",4231,"[1, 2, 3, 5, 6, 13, 15, 17, 19, 21, 23]",0,0.5951103160405486,2
5543,4411,"[1, 2, 3, 5, 6, 9, 11, 12, 16, 19, 23]",4231,"[1, 2, 3, 5, 6, 13, 15, 17, 19, 21, 23]",0,0.304678585013313,0
5544,4411,"[1, 2, 3, 5, 6, 9, 11, 12, 16, 19, 23]",4231,"[1, 2, 3, 5, 6, 13, 15, 17, 19, 21, 23]",63,0.43405889884763127,1
5545,4231,"[1, 2, 3, 5, 6, 9, 11, 17, 19, 21, 23]",433,"[1, 2, 3, 5, 6, 10, 13, 15, 17, 21, 23]",0,0.5380884450784593,1
5546,4231,"[1, 2, 3, 5, 6, 9, 11, 17, 19, 21, 23]",4231,"[1, 2, 3, 5, 6, 9, 11, 17, 19, 21, 23]",0,0.46853677028051555,1
5547,4231,"[1, 2, 3, 5, 6, 9, 11, 17, 19, 21, 23]",4231,"[1, 2, 3, 5, 6, 9, 11, 17, 19, 21, 23]",35,0.20833333333333334,0
5548,4231,"[1, 2, 3, 5, 6, 9, 11, 17, 19, 21, 23]",4231,"[1, 2, 3, 5, 6, 9, 11, 17, 19, 21, 23]",44,0.35,0
5549,4411,"[1, 2, 3, 5, 6, 9, 11, 12, 16, 19, 23]",4231,"[1, 2, 3, 5, 6, 9, 11, 17, 19, 21, 23]",47,0.338255033557047,2
5550,4411,"[1, 2, 3, 5, 6, 9, 11, 12, 16, 19, 23]",4231,"[1, 2, 3, 5, 6, 9, 11, 17, 19, 21, 23]",73,0.2923076923076923,0
5551,442,"[1, 2, 3, 5, 6, 9, 11, 12, 16, 22, 24]",4141,"[1, 2, 3, 5, 6, 10, 12, 13, 15, 16, 23]",0,0.3770617568085923,0
5552,4231,"[1, 2, 3, 5, 6, 9, 11, 17, 19, 21, 23]",4231,"[1, 2, 3, 5, 6, 11, 13, 17, 19, 21, 23]",0,0.42178098676293624,1
5553,4231,"[1, 2, 3, 5, 6, 9, 11, 17, 19, 21, 23]",4231,"[1, 2, 3, 5, 6, 11, 13, 17, 19, 21, 23]",45,0.390715667311412,1
5554,433,"[1, 2, 3, 5, 6, 10, 13, 15, 17, 21, 23]",4231,"[1, 2, 3, 5, 6, 11, 13, 17, 19, 21, 23]",62,0.39158163265306123,0
5555,442,"[1, 2, 3, 5, 6, 9, 11, 12, 16, 22, 24]",4231,"[1, 2, 3, 5, 6, 9, 11, 17, 19, 21, 23]",0,0.3652268999453253,2
5556,442,"[1, 2, 3, 5, 6, 9, 11, 12, 16, 22, 24]",343,"[1, 3, 4, 5, 7, 8, 9, 11, 17, 21, 23]",52,0.3347826086956522,0
5557,4231,"[1, 2, 3, 5, 6, 9, 11, 17, 19, 21, 23]",4411,"[1, 2, 3, 5, 6, 9, 11, 12, 16, 19, 23]",0,0.6944806605823555,-2
5558,4231,"[1, 2, 3, 5, 6, 9, 11, 17, 19, 21, 23]",4411,"[1, 2, 3, 5, 6, 9, 11, 12, 16, 19, 23]",59,0.68125,1
5559,4231,"[1, 2, 3, 5, 6, 9, 11, 17, 19, 21, 23]",442,"[1, 2, 3, 5, 6, 9, 11, 12, 16, 22, 24]",0,0.7092050209205021,1
5560,4231,"[1, 2, 3, 5, 6, 9, 11, 17, 19, 21, 23]",4231,"[1, 2, 3, 5, 6, 9, 11, 17, 19, 21, 23]",0,0.41370010787486516,-1
5561,4231,"[1, 2, 3, 5, 6, 9, 11, 17, 19, 21, 23]",4231,"[1, 2, 3, 5, 6, 9, 11, 17, 19, 21, 23]",45,0.382,1
5562,4231,"[1, 2, 3, 5, 6, 9, 11, 17, 19, 21, 23]",4231,"[1, 2, 3, 5, 6, 9, 11, 17, 19, 21, 23]",0,0.7540891144952059,1
5563,4231,"[1, 2, 3, 5, 6, 9, 11, 17, 19, 21, 23]",4411,"[1, 2, 3, 5, 6, 9, 11, 12, 16, 19, 23]",45,0.7585585585585586,0
5564,4231,"[1, 2, 3, 5, 6, 9, 11, 17, 19, 21, 23]",4411,"[1, 2, 3, 5, 6, 9, 11, 12, 16, 19, 23]",57,0.6786296900489397,0
5565,4231,"[1, 2, 3, 5, 6, 9, 11, 17, 19, 21, 23]",4411,"[1, 2, 3, 5, 6, 9, 11, 12, 16, 19, 23]",76,0.28085106382978725,0
5566,41212,"[1, 2, 3, 5, 6, 10, 13, 15, 19, 22, 24]",4231,"[1, 2, 3, 5, 6, 13, 15, 17, 19, 21, 23]",0,0.402610786671247,1
5567,4411,"[1, 2, 3, 5, 6, 9, 11, 12, 16, 19, 23]",4231,"[1, 2, 3, 5, 6, 13, 15, 17, 19, 21, 23]",71,0.41134751773049644,0
5568,4231,"[1, 2, 3, 5, 6, 9, 11, 17, 19, 21, 23]",4231,"[1, 2, 3, 5, 6, 9, 11, 17, 19, 21, 23]",0,0.5324036095159967,-1
5569,4231,"[1, 2, 3, 5, 6, 9, 11, 17, 19, 21, 23]",4231,"[1, 2, 3, 5, 6, 9, 11, 17, 19, 21, 23]",65,0.6160493827160494,0
5570,4411,"[1, 2, 3, 5, 6, 9, 11, 12, 16, 19, 23]",442,"[1, 2, 3, 5, 6, 12, 13, 15, 16, 22, 24]",0,0.42537616917446114,2
5571,4411,"[1, 2, 3, 5, 6, 9, 11, 12, 16, 19, 23]",442,"[1, 2, 3, 5, 6, 12, 13, 15, 16, 22, 24]",71,0.3218390804597701,-1
5572,4231,"[1, 2, 3, 5, 6, 9, 11, 17, 19, 21, 23]",4231,"[1, 2, 3, 5, 6, 9, 11, 17, 19, 21, 23]",0,0.5394021739130435,-1
5573,4231,"[1, 2, 3, 5, 6, 9, 11, 17, 19, 21, 23]",4231,"[1, 2, 3, 5, 6, 9, 11, 17, 19, 21, 23]",74,0.9473684210526315,1
5574,4231,"[1, 2, 3, 5, 6, 13, 15, 17, 19, 21, 23]",4231,"[1, 2, 3, 5, 6, 9, 11, 17, 19, 21, 23]",0,0.3756373937677054,0
5575,4231,"[1, 2, 3, 5, 6, 13, 15, 17, 19, 21, 23]",4231,"[1, 2, 3, 5, 6, 9, 11, 17, 19, 21, 23]",47,0.29397590361445786,-1
5576,4231,"[1, 2, 3, 5, 6, 13, 15, 17, 19, 21, 23]",4231,"[1, 2, 3, 5, 6, 13, 15, 17, 19, 21, 23]",0,0.6105320899616018,1
5577,4231,"[1, 2, 3, 5, 6, 13, 15, 17, 19, 21, 23]",442,"[1, 2, 3, 5, 6, 12, 13, 15, 16, 22, 24]",45,0.7717319177173192,1
5578,4321,"[1, 2, 3, 5, 6, 10, 13, 15, 18, 20, 23]",442,"[1, 2, 3, 5, 6, 12, 13, 15, 16, 22, 24]",0,0.41420118343195267,0
5579,4321,"[1, 2, 3, 5, 6, 10, 13, 15, 18, 20, 23]",442,"[1, 2, 3, 5, 6, 12, 13, 15, 16, 22, 24]",4,0.4447539461467038,-2
5580,4321,"[1, 2, 3, 5, 6, 10, 13, 15, 18, 20, 23]",442,"[1, 2, 3, 5, 6, 12, 13, 15, 16, 22, 24]",37,0.5859030837004405,1
5581,4231,"[1, 2, 3, 5, 6, 9, 11, 17, 19, 21, 23]",442,"[1, 2, 3, 5, 6, 12, 13, 15, 16, 22, 24]",47,0.5227272727272727,1
5582,4231,"[1, 2, 3, 5, 6, 9, 11, 17, 19, 21, 23]",442,"[1, 2, 3, 5, 6, 12, 13, 15, 16, 22, 24]",56,0.3650075414781297,-2
5583,4231,"[1, 2, 3, 5, 6, 9, 11, 17, 19, 21, 23]",4411,"[1, 2, 3, 5, 6, 12, 13, 15, 16, 19, 23]",0,0.6860949208992506,-1
5584,4231,"[1, 2, 3, 5, 6, 9, 11, 17, 19, 21, 23]",4411,"[1, 2, 3, 5, 6, 12, 13, 15, 16, 19, 23]",58,0.686046511627907,0
5585,451,"[1, 2, 3, 5, 6, 10, 12, 13, 15, 16, 23]",4231,"[1, 2, 3, 5, 6, 9, 11, 17, 19, 21, 23]",0,0.38443830570902393,0
5586,4141,"[1, 2, 3, 5, 6, 10, 12, 13, 15, 16, 23]",4231,"[1, 2, 3, 5, 6, 9, 11, 17, 19, 21, 23]",49,0.2028985507246377,0
5587,4411,"[1, 2, 3, 5, 6, 9, 11, 12, 16, 19, 23]",4231,"[1, 2, 3, 5, 6, 9, 11, 17, 19, 21, 23]",52,0.5632183908045977,-1
5588,4411,"[1, 2, 3, 5, 6, 9, 11, 12, 16, 19, 23]",4231,"[1, 2, 3, 5, 6, 9, 11, 17, 19, 21, 23]",63,0.4339152119700748,0
5589,4411,"[1, 2, 3, 5, 6, 9, 11, 12, 16, 19, 23]",4231,"[1, 2, 3, 5, 6, 9, 11, 17, 19, 21, 23]",74,0.30097087378640774,0
5590,433,"[1, 2, 3, 5, 6, 10, 13, 15, 17, 21, 23]",442,"[1, 2, 3, 5, 6, 9, 11, 12, 16, 22, 24]",0,0.6656094245582238,-1
5591,433,"[1, 2, 3, 5, 6, 10, 13, 15, 17, 21, 23]",4231,"[1, 2, 3, 5, 6, 9, 11, 17, 19, 21, 23]",66,0.6961602671118531,0
5592,442,"[1, 2, 3, 5, 6, 12, 13, 15, 16, 22, 24]",4231,"[1, 2, 3, 5, 6, 9, 11, 17, 19, 21, 23]",85,0.8178571428571428,0
5593,4231,"[1, 2, 3, 5, 6, 9, 11, 17, 19, 21, 23]",4231,"[1, 2, 3, 5, 6, 9, 11, 17, 19, 21, 23]",0,0.5339262187088274,1
5594,4231,"[1, 2, 3, 5, 6, 9, 11, 17, 19, 21, 23]",4231,"[1, 2, 3, 5, 6, 9, 11, 17, 19, 21, 23]",0,0.7248803827751196,0
5595,4231,"[1, 2, 3, 5, 6, 9, 11, 17, 19, 21, 23]",4231,"[1, 2, 3, 5, 6, 9, 11, 17, 19, 21, 23]",12,0.49288762446657186,-2
5596,4231,"[1, 2, 3, 5, 6, 9, 11, 17, 19, 21, 23]",4231,"[1, 2, 3, 5, 6, 9, 11, 17, 19, 21, 23]",0,0.4953560371517028,0
5597,4231,"[1, 2, 3, 5, 6, 9, 11, 17, 19, 21, 23]",4231,"[1, 2, 3, 5, 6, 9, 11, 17, 19, 21, 23]",60,0.11764705882352941,0
5598,4231,"[1, 2, 3, 5, 6, 9, 11, 17, 19, 21, 23]",3412,"[1, 3, 4, 5, 7, 8, 9, 11, 19, 22, 24]",0,0.5351032448377581,0
5599,4231,"[1, 2, 3, 5, 6, 9, 11, 17, 19, 21, 23]",433,"[1, 2, 3, 5, 6, 10, 13, 15, 17, 21, 23]",0,0.6427981272376756,0
5600,4141,"[1, 2, 3, 5, 6, 10, 12, 13, 15, 16, 23]",4231,"[1, 2, 3, 5, 6, 13, 15, 17, 19, 21, 23]",0,0.35007105637138797,-1
5601,4141,"[1, 2, 3, 5, 6, 10, 12, 13, 15, 16, 23]",4231,"[1, 2, 3, 5, 6, 13, 15, 17, 19, 21, 23]",60,0.36363636363636365,0
5602,442,"[1, 2, 3, 5, 6, 9, 11, 12, 16, 22, 24]",442,"[1, 2, 3, 5, 6, 12, 13, 15, 16, 22, 24]",0,0.46764408493427706,-2
5603,433,"[1, 2, 3, 5, 6, 10, 13, 15, 17, 21, 23]",442,"[1, 2, 3, 5, 6, 12, 13, 15, 16, 22, 24]",45,0.5283600493218249,3
5604,4231,"[1, 2, 3, 5, 6, 9, 11, 17, 19, 21, 23]",442,"[1, 2, 3, 5, 6, 12, 13, 15, 16, 22, 24]",0,0.6464174454828661,0
5605,4231,"[1, 2, 3, 5, 6, 13, 15, 17, 19, 21, 23]",4141,"[1, 2, 3, 5, 6, 10, 12, 13, 15, 16, 23]",0,0.5858840475333094,1
5606,451,"[1, 2, 3, 5, 6, 10, 12, 13, 15, 16, 23]",4231,"[1, 2, 3, 5, 6, 9, 11, 17, 19, 21, 23]",0,0.5027624309392266,0
5607,451,"[1, 2, 3, 5, 6, 10, 12, 13, 15, 16, 23]",4231,"[1, 2, 3, 5, 6, 9, 11, 17, 19, 21, 23]",10,0.2716049382716049,0
5608,451,"[1, 2, 3, 5, 6, 10, 12, 13, 15, 16, 23]",4231,"[1, 2, 3, 5, 6, 9, 11, 17, 19, 21, 23]",19,0.5618320610687023,0
5609,451,"[1, 2, 3, 5, 6, 10, 12, 13, 15, 16, 23]",442,"[1, 2, 3, 5, 6, 9, 11, 12, 16, 22, 24]",39,0.25096525096525096,0
5610,451,"[1, 2, 3, 5, 6, 10, 12, 13, 15, 16, 23]",442,"[1, 2, 3, 5, 6, 9, 11, 12, 16, 22, 24]",43,0.36879432624113473,0
5611,451,"[1, 2, 3, 5, 6, 10, 12, 13, 15, 16, 23]",442,"[1, 2, 3, 5, 6, 9, 11, 12, 16, 22, 24]",47,0.6928251121076233,0
5612,451,"[1, 2, 3, 5, 6, 10, 12, 13, 15, 16, 23]",451,"[1, 2, 3, 5, 6, 10, 12, 13, 15, 16, 23]",78,0.7674418604651163,0
5613,41212,"[1, 2, 3, 5, 6, 10, 13, 15, 19, 22, 24]",451,"[1, 2, 3, 5, 6, 10, 12, 13, 15, 16, 23]",85,0.5764705882352941,0
5614,4231,"[1, 2, 3, 5, 6, 9, 11, 17, 19, 21, 23]",4141,"[1, 2, 3, 5, 6, 10, 12, 13, 15, 16, 23]",0,0.43107861060329067,0
5615,4231,"[1, 2, 3, 5, 6, 9, 11, 17, 19, 21, 23]",41212,"[1, 2, 3, 5, 6, 10, 13, 15, 19, 22, 24]",0,0.5992275698158052,-1
5616,442,"[1, 2, 3, 5, 6, 9, 11, 12, 16, 22, 24]",4231,"[1, 2, 3, 5, 6, 9, 11, 17, 19, 21, 23]",0,0.4945054945054945,-2
5617,4231,"[1, 2, 3, 5, 6, 13, 15, 17, 19, 21, 23]",4231,"[1, 2, 3, 5, 6, 9, 11, 17, 19, 21, 23]",0,0.40911294231701406,-2
5618,4231,"[1, 2, 3, 5, 6, 13, 15, 17, 19, 21, 23]",4231,"[1, 2, 3, 5, 6, 9, 11, 17, 19, 21, 23]",47,0.6648199445983379,0
5619,433,"[1, 2, 3, 5, 6, 10, 13, 15, 17, 21, 23]",4231,"[1, 2, 3, 5, 6, 13, 15, 17, 19, 21, 23]",0,0.569593147751606,0
5620,433,"[1, 2, 3, 5, 6, 10, 13, 15, 17, 21, 23]",4231,"[1, 2, 3, 5, 6, 13, 15, 17, 19, 21, 23]",45,0.4232233502538071,1
5621,442,"[1, 2, 3, 5, 6, 9, 11, 12, 16, 22, 24]",3421,"[1, 3, 4, 5, 7, 8, 9, 11, 18, 20, 23]",0,0.47127510509107895,1
5622,442,"[1, 2, 3, 5, 6, 9, 11, 12, 16, 22, 24]",442,"[1, 2, 3, 5, 6, 12, 13, 15, 16, 22, 24]",58,0.27648578811369506,0
5623,442,"[1, 2, 3, 5, 6, 9, 11, 12, 16, 22, 24]",442,"[1, 2, 3, 5, 6, 12, 13, 15, 16, 22, 24]",77,0.5326633165829145,0
5624,442,"[1, 2, 3, 5, 6, 9, 11, 12, 16, 22, 24]",4231,"[1, 2, 3, 5, 6, 9, 11, 17, 19, 21, 23]",0,0.3931888544891641,1
5625,4141,"[1, 2, 3, 5, 6, 10, 12, 13, 15, 16, 23]",4231,"[1, 2, 3, 5, 6, 9, 11, 17, 19, 21, 23]",0,0.41825344714379514,3
5626,4411,"[1, 2, 3, 5, 6, 12, 13, 15, 16, 19, 23]",4231,"[1, 2, 3, 5, 6, 9, 11, 17, 19, 21, 23]",0,0.48154981549815495,3
5627,4231,"[1, 2, 3, 5, 6, 9, 11, 17, 19, 21, 23]",4231,"[1, 2, 3, 5, 6, 9, 11, 17, 19, 21, 23]",0,0.6847167794798718,-1
5628,433,"[1, 2, 3, 5, 6, 10, 13, 15, 17, 21, 23]",4231,"[1, 2, 3, 5, 6, 9, 11, 17, 19, 21, 23]",0,0.5476065228826933,-1
5629,442,"[1, 2, 3, 5, 6, 12, 13, 15, 16, 22, 24]",4231,"[1, 2, 3, 5, 6, 9, 11, 17, 19, 21, 23]",0,0.5260811413285778,1
5630,4231,"[1, 2, 3, 5, 6, 9, 11, 17, 19, 21, 23]",4231,"[1, 2, 3, 5, 6, 13, 15, 17, 19, 21, 23]",0,0.6500530222693531,0
5631,4231,"[1, 2, 3, 5, 6, 9, 11, 17, 19, 21, 23]",442,"[1, 2, 3, 5, 6, 9, 11, 12, 16, 22, 24]",0,0.7841666666666667,1
5632,4231,"[1, 2, 3, 5, 6, 9, 11, 17, 19, 21, 23]",442,"[1, 2, 3, 5, 6, 9, 11, 12, 16, 22, 24]",52,0.6583924349881797,0
5633,4231,"[1, 2, 3, 5, 6, 9, 11, 17, 19, 21, 23]",442,"[1, 2, 3, 5, 6, 9, 11, 12, 16, 22, 24]",76,0.463768115942029,-1
5634,4231,"[1, 2, 3, 5, 6, 9, 11, 17, 19, 21, 23]",442,"[1, 2, 3, 5, 6, 9, 11, 12, 16, 22, 24]",81,0.7986111111111112,0
5635,4231,"[1, 2, 3, 5, 6, 9, 11, 17, 19, 21, 23]",442,"[1, 2, 3, 5, 6, 9, 11, 12, 16, 22, 24]",85,0.44651162790697674,0
5636,4231,"[1, 2, 3, 5, 6, 9, 11, 17, 19, 21, 23]",4231,"[1, 2, 3, 5, 6, 13, 15, 17, 19, 21, 23]",0,0.35703703703703704,-1
5637,4231,"[1, 2, 3, 5, 6, 13, 15, 17, 19, 21, 23]",4231,"[1, 2, 3, 5, 6, 9, 11, 17, 19, 21, 23]",0,0.5552099533437014,2
5638,4231,"[1, 2, 3, 5, 6, 13, 15, 17, 19, 21, 23]",4231,"[1, 2, 3, 5, 6, 9, 11, 17, 19, 21, 23]",39,0.5932203389830508,0
5639,4231,"[1, 2, 3, 5, 6, 13, 15, 17, 19, 21, 23]",4231,"[1, 2, 3, 5, 6, 9, 11, 17, 19, 21, 23]",45,0.44759825327510916,0
5640,4231,"[1, 2, 3, 5, 6, 9, 11, 17, 19, 21, 23]",4411,"[1, 2, 3, 5, 6, 12, 13, 15, 16, 19, 23]",0,0.517866129843986,2
5641,4231,"[1, 2, 3, 5, 6, 9, 11, 17, 19, 21, 23]",442,"[1, 2, 3, 5, 6, 12, 13, 15, 16, 22, 24]",46,0.40826052422557585,0
5642,4231,"[1, 2, 3, 5, 6, 9, 11, 17, 19, 21, 23]",442,"[1, 2, 3, 5, 6, 12, 13, 15, 16, 22, 24]",74,0.6730769230769231,0
5643,4231,"[1, 2, 3, 5, 6, 9, 11, 17, 19, 21, 23]",4231,"[1, 2, 3, 5, 6, 9, 11, 17, 19, 21, 23]",0,0.6622837370242215,0
5644,4231,"[1, 2, 3, 5, 6, 9, 11, 17, 19, 21, 23]",4231,"[1, 2, 3, 5, 6, 9, 11, 17, 19, 21, 23]",76,0.8130434782608695,0
5645,4141,"[1, 2, 3, 5, 6, 10, 12, 13, 15, 16, 23]",4411,"[1, 2, 3, 5, 6, 9, 11, 12, 16, 19, 23]",0,0.5363214837712519,0
5646,4231,"[1, 2, 3, 5, 6, 9, 11, 17, 19, 21, 23]",4231,"[1, 2, 3, 5, 6, 9, 11, 17, 19, 21, 23]",0,0.40801186943620177,1
5647,4231,"[1, 2, 3, 5, 6, 9, 11, 17, 19, 21, 23]",4231,"[1, 2, 3, 5, 6, 9, 11, 17, 19, 21, 23]",57,0.20961538461538462,0
5648,4231,"[1, 2, 3, 5, 6, 9, 11, 17, 19, 21, 23]",4141,"[1, 2, 3, 5, 6, 10, 12, 13, 15, 16, 23]",0,0.6636418632788869,-1
5649,4231,"[1, 2, 3, 5, 6, 9, 11, 17, 19, 21, 23]",4141,"[1, 2, 3, 5, 6, 10, 12, 13, 15, 16, 23]",45,0.6575052854122622,1
5650,4231,"[1, 2, 3, 5, 6, 9, 11, 17, 19, 21, 23]",442,"[1, 2, 3, 5, 6, 12, 13, 15, 16, 22, 24]",64,0.546644844517185,1
5651,4231,"[1, 2, 3, 5, 6, 9, 11, 17, 19, 21, 23]",4231,"[1, 2, 3, 5, 6, 9, 11, 17, 19, 21, 23]",0,0.6889097744360902,0
5652,4141,"[1, 2, 3, 5, 6, 10, 12, 13, 15, 16, 23]",4231,"[1, 2, 3, 5, 6, 9, 11, 17, 19, 21, 23]",0,0.3365983971504898,0
5653,4141,"[1, 2, 3, 5, 6, 10, 12, 13, 15, 16, 23]",4231,"[1, 2, 3, 5, 6, 9, 11, 17, 19, 21, 23]",62,0.4216300940438871,1
5654,4231,"[1, 2, 3, 5, 6, 9, 11, 17, 19, 21, 23]",4411,"[1, 2, 3, 5, 6, 9, 11, 12, 16, 19, 23]",0,0.4824120603015075,0
5655,4231,"[1, 2, 3, 5, 6, 9, 11, 17, 19, 21, 23]",4411,"[1, 2, 3, 5, 6, 9, 11, 12, 16, 19, 23]",32,0.6595059076262084,1
5656,442,"[1, 2, 3, 5, 6, 12, 13, 15, 16, 22, 24]",442,"[1, 2, 3, 5, 6, 9, 11, 12, 16, 22, 24]",0,0.3899943149516771,2
5657,442,"[1, 2, 3, 5, 6, 12, 13, 15, 16, 22, 24]",442,"[1, 2, 3, 5, 6, 9, 11, 12, 16, 22, 24]",45,0.4435857805255023,0
5658,442,"[1, 2, 3, 5, 6, 9, 11, 12, 16, 22, 24]",4231,"[1, 2, 3, 5, 6, 9, 11, 17, 19, 21, 23]",0,0.6758064516129032,0
5659,442,"[1, 2, 3, 5, 6, 9, 11, 12, 16, 22, 24]",4231,"[1, 2, 3, 5, 6, 9, 11, 17, 19, 21, 23]",21,0.578076525336091,0
5660,442,"[1, 2, 3, 5, 6, 9, 11, 12, 16, 22, 24]",451,"[1, 2, 3, 5, 6, 12, 13, 14, 15, 16, 23]",45,0.6302794022092267,1
5661,4231,"[1, 2, 3, 5, 6, 9, 11, 17, 19, 21, 23]",433,"[1, 2, 3, 5, 6, 10, 13, 15, 17, 21, 23]",0,0.43901303538175046,1
5662,4231,"[1, 2, 3, 5, 6, 9, 11, 17, 19, 21, 23]",442,"[1, 2, 3, 5, 6, 12, 13, 15, 16, 22, 24]",56,0.507959479015919,0
5663,4231,"[1, 2, 3, 5, 6, 9, 11, 17, 19, 21, 23]",442,"[1, 2, 3, 5, 6, 12, 13, 15, 16, 22, 24]",75,0.5,0
5664,4231,"[1, 2, 3, 5, 6, 9, 11, 17, 19, 21, 23]",4231,"[1, 2, 3, 5, 6, 9, 11, 17, 19, 21, 23]",0,0.4788205980066445,1
5665,4231,"[1, 2, 3, 5, 6, 9, 11, 17, 19, 21, 23]",4231,"[1, 2, 3, 5, 6, 9, 11, 17, 19, 21, 23]",63,0.45319465081723626,0
5666,442,"[1, 2, 3, 5, 6, 9, 11, 12, 16, 22, 24]",352,"[1, 3, 4, 5, 7, 8, 10, 13, 15, 22, 24]",0,0.6275128104059914,-1
5667,442,"[1, 2, 3, 5, 6, 9, 11, 12, 16, 22, 24]",352,"[1, 3, 4, 5, 7, 8, 10, 13, 15, 22, 24]",60,0.574750830564784,0
5668,4231,"[1, 2, 3, 5, 6, 9, 11, 17, 19, 21, 23]",4411,"[1, 2, 3, 5, 6, 9, 11, 12, 16, 19, 23]",0,0.8160919540229885,0
5669,4231,"[1, 2, 3, 5, 6, 9, 11, 17, 19, 21, 23]",4141,"[1, 2, 3, 5, 6, 10, 12, 13, 15, 16, 23]",8,0.4474814525575947,1
5670,4231,"[1, 2, 3, 5, 6, 13, 15, 17, 19, 21, 23]",4231,"[1, 2, 3, 5, 6, 9, 11, 17, 19, 21, 23]",0,0.5823728813559322,1
5671,4231,"[1, 2, 3, 5, 6, 13, 15, 17, 19, 21, 23]",4231,"[1, 2, 3, 5, 6, 9, 11, 17, 19, 21, 23]",42,0.5230769230769231,-3
5672,4231,"[1, 2, 3, 5, 6, 13, 15, 17, 19, 21, 23]",4231,"[1, 2, 3, 5, 6, 9, 11, 17, 19, 21, 23]",86,0.29949238578680204,0
5673,433,"[1, 2, 3, 5, 6, 10, 13, 15, 17, 21, 23]",4231,"[1, 2, 3, 5, 6, 9, 11, 17, 19, 21, 23]",0,0.4348717948717949,0
5674,433,"[1, 2, 3, 5, 6, 10, 13, 15, 17, 21, 23]",4231,"[1, 2, 3, 5, 6, 9, 11, 17, 19, 21, 23]",21,0.38788257339163024,-4
5675,433,"[1, 2, 3, 5, 6, 10, 13, 15, 17, 21, 23]",4231,"[1, 2, 3, 5, 6, 9, 11, 17, 19, 21, 23]",61,0.40977443609022557,0
5676,433,"[1, 2, 3, 5, 6, 10, 13, 15, 17, 21, 23]",4231,"[1, 2, 3, 5, 6, 9, 11, 17, 19, 21, 23]",66,0.5717488789237668,0
5677,433,"[1, 2, 3, 5, 6, 10, 13, 15, 17, 21, 23]",451,"[1, 2, 3, 5, 6, 10, 12, 14, 15, 16, 23]",77,0.0,0
5678,433,"[1, 2, 3, 5, 6, 10, 13, 15, 17, 21, 23]",4141,"[1, 2, 3, 5, 6, 10, 12, 13, 15, 16, 23]",78,0.6875,0
5679,4231,"[1, 2, 3, 5, 6, 9, 11, 17, 19, 21, 23]",4231,"[1, 2, 3, 5, 6, 9, 11, 17, 19, 21, 23]",0,0.6399235912129895,0
5680,4231,"[1, 2, 3, 5, 6, 9, 11, 17, 19, 21, 23]",4231,"[1, 2, 3, 5, 6, 9, 11, 17, 19, 21, 23]",25,0.6307506053268765,0
5681,4231,"[1, 2, 3, 5, 6, 9, 11, 17, 19, 21, 23]",442,"[1, 2, 3, 5, 6, 9, 11, 12, 16, 22, 24]",45,0.8805970149253731,0
5682,4231,"[1, 2, 3, 5, 6, 9, 11, 17, 19, 21, 23]",442,"[1, 2, 3, 5, 6, 9, 11, 12, 16, 22, 24]",48,0.8405797101449275,0
5683,4231,"[1, 2, 3, 5, 6, 9, 11, 17, 19, 21, 23]",442,"[1, 2, 3, 5, 6, 9, 11, 12, 16, 22, 24]",59,0.7910447761194029,0
5684,442,"[1, 2, 3, 5, 6, 9, 11, 12, 16, 22, 24]",4141,"[1, 2, 3, 5, 6, 10, 12, 13, 15, 16, 23]",0,0.36925395629238883,0
5685,442,"[1, 2, 3, 5, 6, 9, 11, 12, 16, 22, 24]",4141,"[1, 2, 3, 5, 6, 10, 12, 13, 15, 16, 23]",33,0.4836223506743738,0
5686,442,"[1, 2, 3, 5, 6, 9, 11, 12, 16, 22, 24]",4141,"[1, 2, 3, 5, 6, 10, 12, 13, 15, 16, 23]",57,0.611032531824611,1
5687,442,"[1, 2, 3, 5, 6, 9, 11, 12, 16, 22, 24]",4141,"[1, 2, 3, 5, 6, 10, 12, 13, 15, 16, 23]",78,0.48641304347826086,0
5688,4411,"[1, 2, 3, 5, 6, 9, 11, 12, 16, 19, 23]",433,"[1, 2, 3, 5, 6, 10, 13, 15, 17, 21, 23]",0,0.39402390438247015,0
5689,433,"[1, 2, 3, 5, 6, 10, 13, 15, 17, 21, 23]",442,"[1, 2, 3, 5, 6, 9, 11, 12, 16, 22, 24]",0,0.5001830831197364,2
5690,4231,"[1, 2, 3, 5, 6, 13, 15, 17, 19, 21, 23]",4231,"[1, 2, 3, 5, 6, 13, 15, 17, 19, 21, 23]",0,0.5647410358565738,0
5691,4231,"[1, 2, 3, 5, 6, 9, 11, 17, 19, 21, 23]",4141,"[1, 2, 3, 5, 6, 10, 12, 13, 15, 16, 23]",0,0.514615067929189,-1
5692,4231,"[1, 2, 3, 5, 6, 9, 11, 17, 19, 21, 23]",4231,"[1, 2, 3, 5, 6, 13, 15, 17, 19, 21, 23]",0,0.46533923303834807,-1
5693,4231,"[1, 2, 3, 5, 6, 9, 11, 17, 19, 21, 23]",4231,"[1, 2, 3, 5, 6, 13, 15, 17, 19, 21, 23]",74,0.6213389121338913,1
5694,4231,"[1, 2, 3, 5, 6, 9, 11, 17, 19, 21, 23]",3421,"[1, 3, 4, 5, 7, 8, 9, 11, 18, 20, 23]",90,0.17073170731707318,0
5695,4231,"[1, 2, 3, 5, 6, 9, 11, 17, 19, 21, 23]",4231,"[1, 2, 3, 5, 6, 9, 11, 17, 19, 21, 23]",0,0.5115722266560255,2
5696,4231,"[1, 2, 3, 5, 6, 9, 11, 17, 19, 21, 23]",4231,"[1, 2, 3, 5, 6, 9, 11, 17, 19, 21, 23]",31,0.0,0
5697,4231,"[1, 2, 3, 5, 6, 9, 11, 17, 19, 21, 23]",4231,"[1, 2, 3, 5, 6, 9, 11, 17, 19, 21, 23]",32,0.42277992277992277,0
5698,4141,"[1, 2, 3, 5, 6, 10, 12, 13, 15, 16, 23]",442,"[1, 2, 3, 5, 6, 9, 11, 12, 16, 22, 24]",0,0.4528395061728395,-1
5699,4141,"[1, 2, 3, 5, 6, 10, 12, 13, 15, 16, 23]",442,"[1, 2, 3, 5, 6, 9, 11, 12, 16, 22, 24]",53,0.4738562091503268,0
5700,4141,"[1, 2, 3, 5, 6, 10, 12, 13, 15, 16, 23]",4411,"[1, 2, 3, 5, 6, 12, 13, 15, 16, 19, 23]",57,0.516245487364621,0
5701,4231,"[1, 2, 3, 5, 6, 9, 11, 17, 19, 21, 23]",4141,"[1, 2, 3, 5, 6, 10, 12, 13, 15, 16, 23]",0,0.5605453087409783,-1
5702,4411,"[1, 2, 3, 5, 6, 9, 11, 12, 16, 19, 23]",4231,"[1, 2, 3, 5, 6, 9, 11, 17, 19, 21, 23]",0,0.4383145091225022,0
5703,4411,"[1, 2, 3, 5, 6, 9, 11, 12, 16, 19, 23]",4231,"[1, 2, 3, 5, 6, 9, 11, 17, 19, 21, 23]",62,0.45348837209302323,1
5704,41212,"[1, 2, 3, 5, 6, 10, 13, 15, 19, 22, 24]",4231,"[1, 2, 3, 5, 6, 9, 11, 17, 19, 21, 23]",0,0.4776879305181192,0
5705,4141,"[1, 2, 3, 5, 6, 10, 12, 13, 15, 16, 23]",4231,"[1, 2, 3, 5, 6, 9, 11, 17, 19, 21, 23]",0,0.3299771167048055,-1
5706,4141,"[1, 2, 3, 5, 6, 10, 12, 13, 15, 16, 23]",4231,"[1, 2, 3, 5, 6, 9, 11, 17, 19, 21, 23]",53,0.3868312757201646,0
5707,4141,"[1, 2, 3, 5, 6, 10, 12, 13, 15, 16, 23]",4231,"[1, 2, 3, 5, 6, 9, 11, 17, 19, 21, 23]",65,0.423841059602649,2
5708,4141,"[1, 2, 3, 5, 6, 10, 12, 13, 15, 16, 23]",4231,"[1, 2, 3, 5, 6, 9, 11, 17, 19, 21, 23]",70,0.3442622950819672,0
5709,433,"[1, 2, 3, 5, 6, 10, 13, 15, 17, 21, 23]",4231,"[1, 2, 3, 5, 6, 9, 11, 17, 19, 21, 23]",0,0.4916736053288926,1
5710,433,"[1, 2, 3, 5, 6, 10, 13, 15, 17, 21, 23]",4231,"[1, 2, 3, 5, 6, 9, 11, 17, 19, 21, 23]",67,0.48021108179419525,0
5711,4231,"[1, 2, 3, 5, 6, 9, 11, 17, 19, 21, 23]",4231,"[1, 2, 3, 5, 6, 9, 11, 17, 19, 21, 23]",0,0.5512978986402967,0
5712,4231,"[1, 2, 3, 5, 6, 9, 11, 17, 19, 21, 23]",4231,"[1, 2, 3, 5, 6, 9, 11, 17, 19, 21, 23]",21,0.40570377184912604,-1
5713,4231,"[1, 2, 3, 5, 6, 9, 11, 17, 19, 21, 23]",4231,"[1, 2, 3, 5, 6, 9, 11, 17, 19, 21, 23]",47,0.4168421052631579,0
5714,4231,"[1, 2, 3, 5, 6, 9, 11, 17, 19, 21, 23]",4231,"[1, 2, 3, 5, 6, 13, 15, 17, 19, 21, 23]",0,0.3952117863720074,-3
5715,4231,"[1, 2, 3, 5, 6, 9, 11, 17, 19, 21, 23]",4231,"[1, 2, 3, 5, 6, 9, 11, 17, 19, 21, 23]",0,0.4746001881467545,1
5716,4231,"[1, 2, 3, 5, 6, 9, 11, 17, 19, 21, 23]",4231,"[1, 2, 3, 5, 6, 9, 11, 17, 19, 21, 23]",48,0.33362445414847164,0
5717,4231,"[1, 2, 3, 5, 6, 9, 11, 17, 19, 21, 23]",4231,"[1, 2, 3, 5, 6, 9, 11, 17, 19, 21, 23]",75,0.3460559796437659,0
5718,4231,"[1, 2, 3, 5, 6, 9, 11, 17, 19, 21, 23]",442,"[1, 2, 3, 5, 6, 12, 13, 15, 16, 22, 24]",0,0.7020085610800132,3
5719,3421,"[1, 3, 4, 5, 7, 8, 9, 11, 18, 20, 23]",3412,"[1, 3, 4, 5, 7, 8, 9, 11, 19, 22, 24]",0,0.4228007181328546,1
5720,3421,"[1, 3, 4, 5, 7, 8, 9, 11, 18, 20, 23]",3412,"[1, 3, 4, 5, 7, 8, 9, 11, 19, 22, 24]",64,0.3258064516129032,0
5721,4411,"[1, 2, 3, 5, 6, 12, 13, 15, 16, 19, 23]",4231,"[1, 2, 3, 5, 6, 9, 11, 17, 19, 21, 23]",0,0.4791395045632334,0
5722,4231,"[1, 2, 3, 5, 6, 9, 11, 17, 19, 21, 23]",4411,"[1, 2, 3, 5, 6, 9, 11, 12, 16, 19, 23]",0,0.48717948717948717,3
5723,4231,"[1, 2, 3, 5, 6, 9, 11, 17, 19, 21, 23]",433,"[1, 2, 3, 5, 6, 10, 13, 15, 17, 21, 23]",0,0.47317073170731705,-1
5724,4231,"[1, 2, 3, 5, 6, 9, 11, 17, 19, 21, 23]",433,"[1, 2, 3, 5, 6, 10, 13, 15, 17, 21, 23]",25,0.457002457002457,0
5725,4231,"[1, 2, 3, 5, 6, 9, 11, 17, 19, 21, 23]",433,"[1, 2, 3, 5, 6, 10, 13, 15, 17, 21, 23]",50,0.13861386138613863,0
5726,442,"[1, 2, 3, 5, 6, 9, 11, 12, 16, 22, 24]",433,"[1, 2, 3, 5, 6, 10, 13, 15, 17, 21, 23]",52,0.6276150627615062,0
5727,4231,"[1, 2, 3, 5, 6, 9, 11, 17, 19, 21, 23]",4231,"[1, 2, 3, 5, 6, 13, 15, 17, 19, 21, 23]",0,0.5006570302233903,0
5728,433,"[1, 2, 3, 5, 6, 10, 13, 15, 17, 21, 23]",4231,"[1, 2, 3, 5, 6, 9, 11, 17, 19, 21, 23]",0,0.7152810032512773,-3
5729,433,"[1, 2, 3, 5, 6, 10, 13, 15, 17, 21, 23]",433,"[1, 2, 3, 5, 6, 10, 13, 15, 17, 21, 23]",50,0.635989010989011,0
5730,4231,"[1, 2, 3, 5, 6, 9, 15, 17, 19, 21, 23]",4141,"[1, 2, 3, 5, 6, 10, 12, 13, 15, 16, 23]",0,0.5843685300207039,1
5731,442,"[1, 2, 3, 5, 6, 9, 11, 12, 16, 22, 24]",4141,"[1, 2, 3, 5, 6, 10, 12, 13, 15, 16, 23]",0,0.4812133746983799,1
5732,433,"[1, 2, 3, 5, 6, 10, 13, 15, 17, 21, 23]",442,"[1, 2, 3, 5, 6, 9, 11, 12, 16, 22, 24]",0,0.48299579671379445,0
5733,433,"[1, 2, 3, 5, 6, 10, 13, 15, 17, 21, 23]",4231,"[1, 2, 3, 5, 6, 9, 11, 17, 19, 21, 23]",0,0.3970037453183521,0
5734,442,"[1, 2, 3, 5, 6, 9, 11, 12, 16, 22, 24]",4231,"[1, 2, 3, 5, 6, 13, 15, 17, 19, 21, 23]",0,0.5,0
5735,442,"[1, 2, 3, 5, 6, 9, 11, 12, 16, 22, 24]",4231,"[1, 2, 3, 5, 6, 13, 15, 17, 19, 21, 23]",45,0.686113393590797,0
5736,442,"[1, 2, 3, 5, 6, 9, 11, 12, 16, 22, 24]",4231,"[1, 2, 3, 5, 6, 13, 15, 17, 19, 21, 23]",0,0.45403184386235235,-3
5737,451,"[1, 2, 3, 5, 6, 10, 12, 13, 15, 16, 23]",4231,"[1, 2, 3, 5, 6, 13, 15, 17, 19, 21, 23]",45,0.43953934740882916,0
5738,451,"[1, 2, 3, 5, 6, 10, 12, 13, 15, 16, 23]",4231,"[1, 2, 3, 5, 6, 13, 15, 17, 19, 21, 23]",57,0.43271767810026385,0
5739,451,"[1, 2, 3, 5, 6, 10, 12, 13, 15, 16, 23]",4231,"[1, 2, 3, 5, 6, 13, 15, 17, 19, 21, 23]",67,0.48507462686567165,0
5740,4231,"[1, 2, 3, 5, 6, 9, 11, 17, 19, 21, 23]",4231,"[1, 2, 3, 5, 6, 9, 11, 17, 19, 21, 23]",0,0.4328103683492497,-1
5741,433,"[1, 2, 3, 5, 6, 10, 13, 15, 17, 21, 23]",442,"[1, 2, 3, 5, 6, 12, 13, 15, 16, 22, 24]",0,0.4946236559139785,0
5742,433,"[1, 2, 3, 5, 6, 10, 13, 15, 17, 21, 23]",442,"[1, 2, 3, 5, 6, 12, 13, 15, 16, 22, 24]",87,0.7569444444444444,0
5743,4231,"[1, 2, 3, 5, 6, 9, 11, 17, 19, 21, 23]",4231,"[1, 2, 3, 5, 6, 9, 11, 17, 19, 21, 23]",0,0.6331428571428571,0
5744,4231,"[1, 2, 3, 5, 6, 9, 11, 17, 19, 21, 23]",4411,"[1, 2, 3, 5, 6, 12, 13, 15, 16, 19, 23]",28,0.5625,0
5745,4231,"[1, 2, 3, 5, 6, 9, 11, 17, 19, 21, 23]",4411,"[1, 2, 3, 5, 6, 12, 13, 15, 16, 19, 23]",45,0.6116504854368932,1
5746,4141,"[1, 2, 3, 5, 6, 10, 12, 13, 15, 16, 23]",442,"[1, 2, 3, 5, 6, 9, 11, 12, 16, 22, 24]",0,0.4869765908341576,-1
5747,41212,"[1, 2, 3, 5, 6, 10, 13, 15, 19, 22, 24]",4231,"[1, 2, 3, 5, 6, 13, 15, 17, 19, 21, 23]",0,0.6173611111111111,0
5748,442,"[1, 2, 3, 5, 6, 12, 13, 15, 16, 22, 24]",442,"[1, 2, 3, 5, 6, 12, 13, 15, 16, 22, 24]",0,0.5710946630307753,-1
5749,4231,"[1, 2, 3, 5, 6, 9, 11, 17, 19, 21, 23]",433,"[1, 2, 3, 5, 6, 10, 13, 15, 17, 21, 23]",0,0.6389548693586699,0
5750,4231,"[1, 2, 3, 5, 6, 9, 11, 17, 19, 21, 23]",433,"[1, 2, 3, 5, 6, 10, 13, 15, 17, 21, 23]",23,0.5221953188054883,-3
5751,4231,"[1, 2, 3, 5, 6, 9, 11, 17, 19, 21, 23]",433,"[1, 2, 3, 5, 6, 10, 13, 15, 17, 21, 23]",56,0.5342465753424658,1
5752,4231,"[1, 2, 3, 5, 6, 9, 11, 17, 19, 21, 23]",433,"[1, 2, 3, 5, 6, 10, 13, 15, 17, 21, 23]",73,0.35276967930029157,0
5753,41212,"[1, 2, 3, 5, 6, 10, 13, 15, 19, 22, 24]",442,"[1, 2, 3, 5, 6, 12, 13, 15, 16, 22, 24]",0,0.5921770770163736,1
5754,4231,"[1, 2, 3, 5, 6, 9, 11, 17, 19, 21, 23]",4141,"[1, 2, 3, 5, 6, 10, 12, 13, 15, 16, 23]",0,0.5986754966887418,0
5755,4231,"[1, 2, 3, 5, 6, 9, 11, 17, 19, 21, 23]",4141,"[1, 2, 3, 5, 6, 10, 12, 13, 15, 16, 23]",65,0.7643884892086331,0
5756,4141,"[1, 2, 3, 5, 6, 10, 12, 13, 15, 16, 23]",442,"[1, 2, 3, 5, 6, 12, 13, 15, 16, 22, 24]",0,0.7165048543689321,0
5757,343,"[1, 3, 4, 5, 7, 8, 13, 15, 17, 21, 23]",4141,"[1, 2, 3, 5, 6, 10, 12, 13, 15, 16, 23]",0,0.5996573386636208,2
5758,4231,"[1, 2, 3, 5, 6, 9, 11, 17, 19, 21, 23]",4231,"[1, 2, 3, 5, 6, 9, 11, 17, 19, 21, 23]",0,0.5020990764063812,1
5759,4231,"[1, 2, 3, 5, 6, 9, 11, 17, 19, 21, 23]",4231,"[1, 2, 3, 5, 6, 9, 11, 17, 19, 21, 23]",63,0.4114583333333333,0
5760,4231,"[1, 2, 3, 5, 6, 9, 11, 17, 19, 21, 23]",442,"[1, 2, 3, 5, 6, 9, 11, 12, 16, 22, 24]",75,0.3546325878594249,0
5761,4411,"[1, 2, 3, 5, 6, 9, 11, 12, 16, 19, 23]",4141,"[1, 2, 3, 5, 6, 10, 12, 13, 15, 16, 23]",0,0.5799721835883171,-1
5762,4411,"[1, 2, 3, 5, 6, 9, 11, 12, 16, 19, 23]",4141,"[1, 2, 3, 5, 6, 10, 12, 13, 15, 16, 23]",45,0.7217675941080196,-1
5763,433,"[1, 2, 3, 5, 6, 10, 13, 15, 17, 21, 23]",451,"[1, 2, 3, 5, 6, 10, 12, 13, 15, 16, 23]",0,0.7663185378590078,1
5764,433,"[1, 2, 3, 5, 6, 10, 13, 15, 17, 21, 23]",451,"[1, 2, 3, 5, 6, 10, 12, 13, 15, 16, 23]",45,0.6337760910815939,0
5765,433,"[1, 2, 3, 5, 6, 10, 13, 15, 17, 21, 23]",451,"[1, 2, 3, 5, 6, 10, 12, 13, 15, 16, 23]",59,0.7849462365591398,0
5766,4231,"[1, 2, 3, 5, 6, 9, 11, 17, 19, 21, 23]",442,"[1, 2, 3, 5, 6, 12, 13, 15, 16, 22, 24]",0,0.44349680170575695,-1
5767,4411,"[1, 2, 3, 5, 6, 12, 13, 15, 16, 19, 23]",4231,"[1, 2, 3, 5, 6, 13, 15, 17, 19, 21, 23]",0,0.33839582344565733,1
5768,442,"[1, 2, 3, 5, 6, 9, 11, 12, 16, 22, 24]",442,"[1, 2, 3, 5, 6, 12, 13, 15, 16, 22, 24]",0,0.5720338983050848,-1
5769,433,"[1, 2, 3, 5, 6, 10, 13, 15, 17, 21, 23]",442,"[1, 2, 3, 5, 6, 12, 13, 15, 16, 22, 24]",45,0.6549815498154982,0
5770,4231,"[1, 2, 3, 5, 6, 9, 11, 17, 19, 21, 23]",442,"[1, 2, 3, 5, 6, 9, 11, 12, 16, 22, 24]",0,0.5112466641250476,1
5771,4231,"[1, 2, 3, 5, 6, 9, 11, 17, 19, 21, 23]",4411,"[1, 2, 3, 5, 6, 12, 13, 15, 16, 19, 23]",0,0.7033005617977528,1
5772,4231,"[1, 2, 3, 5, 6, 9, 11, 17, 19, 21, 23]",442,"[1, 2, 3, 5, 6, 12, 13, 15, 16, 22, 24]",67,0.6220183486238532,0
5773,4231,"[1, 2, 3, 5, 6, 9, 11, 17, 19, 21, 23]",442,"[1, 2, 3, 5, 6, 12, 13, 15, 16, 22, 24]",81,0.6666666666666666,0
5774,4231,"[1, 2, 3, 5, 6, 9, 11, 17, 19, 21, 23]",4231,"[1, 2, 3, 5, 6, 9, 11, 17, 19, 21, 23]",0,0.5192307692307693,-1
5775,4231,"[1, 2, 3, 5, 6, 9, 15, 17, 19, 21, 23]",4411,"[1, 2, 3, 5, 6, 9, 11, 12, 16, 19, 23]",0,0.6392405063291139,0
5776,4231,"[1, 2, 3, 5, 6, 9, 15, 17, 19, 21, 23]",4411,"[1, 2, 3, 5, 6, 9, 11, 12, 16, 19, 23]",22,0.49256505576208176,2
5777,4231,"[1, 2, 3, 5, 6, 9, 15, 17, 19, 21, 23]",4411,"[1, 2, 3, 5, 6, 9, 11, 12, 16, 19, 23]",73,0.2454728370221328,0
5778,4231,"[1, 2, 3, 5, 6, 9, 11, 17, 19, 21, 23]",442,"[1, 2, 3, 5, 6, 12, 13, 15, 16, 22, 24]",0,0.4132602193419741,-2
5779,4231,"[1, 2, 3, 5, 6, 9, 11, 17, 19, 21, 23]",442,"[1, 2, 3, 5, 6, 12, 13, 15, 16, 22, 24]",54,0.5469613259668509,0
5780,4231,"[1, 2, 3, 5, 6, 9, 11, 17, 19, 21, 23]",442,"[1, 2, 3, 5, 6, 12, 13, 15, 16, 22, 24]",61,0.4456140350877193,-1
5781,4411,"[1, 2, 3, 5, 6, 9, 11, 12, 16, 19, 23]",442,"[1, 2, 3, 5, 6, 9, 11, 12, 16, 22, 24]",0,0.615262321144674,0
5782,4231,"[1, 2, 3, 5, 6, 9, 11, 17, 19, 21, 23]",442,"[1, 2, 3, 5, 6, 9, 11, 12, 16, 22, 24]",0,0.591655266757866,-1
5783,4231,"[1, 2, 3, 5, 6, 9, 11, 17, 19, 21, 23]",442,"[1, 2, 3, 5, 6, 9, 11, 12, 16, 22, 24]",79,0.9666666666666667,0
5784,3412,"[1, 3, 4, 5, 7, 8, 9, 11, 19, 22, 24]",343,"[1, 3, 4, 5, 7, 8, 9, 11, 17, 21, 23]",0,0.5837927232635061,0
5785,3412,"[1, 3, 4, 5, 7, 8, 9, 11, 19, 22, 24]",343,"[1, 3, 4, 5, 7, 8, 9, 11, 17, 21, 23]",45,0.4982758620689655,0
5786,4231,"[1, 2, 3, 5, 6, 9, 11, 17, 19, 21, 23]",4231,"[1, 2, 3, 5, 6, 9, 11, 17, 19, 21, 23]",0,0.6276385224274407,0
5787,4231,"[1, 2, 3, 5, 6, 9, 11, 17, 19, 21, 23]",4231,"[1, 2, 3, 5, 6, 9, 11, 17, 19, 21, 23]",82,0.7033898305084746,0
5788,4231,"[1, 2, 3, 5, 6, 13, 15, 17, 19, 21, 23]",4231,"[1, 2, 3, 5, 6, 13, 15, 17, 19, 21, 23]",0,0.48566680515164107,0
5789,442,"[1, 2, 3, 5, 6, 9, 11, 12, 16, 22, 24]",4231,"[1, 2, 3, 5, 6, 13, 15, 17, 19, 21, 23]",63,0.39167556029882605,0
5790,4231,"[1, 2, 3, 5, 6, 9, 11, 17, 19, 21, 23]",442,"[1, 2, 3, 5, 6, 9, 11, 12, 16, 22, 24]",0,0.6589834515366431,2
5791,4231,"[1, 2, 3, 5, 6, 9, 11, 17, 19, 21, 23]",442,"[1, 2, 3, 5, 6, 9, 11, 12, 16, 22, 24]",45,0.7042889390519187,0
5792,4231,"[1, 2, 3, 5, 6, 13, 15, 17, 19, 21, 23]",4141,"[1, 2, 3, 5, 6, 10, 12, 13, 15, 16, 23]",0,0.3105815831987076,0
5793,442,"[1, 2, 3, 5, 6, 9, 11, 12, 16, 22, 24]",4141,"[1, 2, 3, 5, 6, 10, 12, 13, 15, 16, 23]",63,0.2902777777777778,-1
5794,451,"[1, 2, 3, 5, 6, 10, 12, 13, 15, 16, 23]",4231,"[1, 2, 3, 5, 6, 9, 11, 17, 19, 21, 23]",0,0.39185072353389183,0
5795,4141,"[1, 2, 3, 5, 6, 10, 12, 13, 15, 16, 23]",4411,"[1, 2, 3, 5, 6, 12, 13, 15, 16, 19, 23]",0,0.5125610607117934,-2
5796,4141,"[1, 2, 3, 5, 6, 10, 12, 13, 15, 16, 23]",4411,"[1, 2, 3, 5, 6, 12, 13, 15, 16, 19, 23]",68,0.5498938428874734,0
5797,442,"[1, 2, 3, 5, 6, 9, 11, 12, 16, 22, 24]",4411,"[1, 2, 3, 5, 6, 12, 13, 15, 16, 19, 23]",80,0.7261410788381742,0
5798,442,"[1, 2, 3, 5, 6, 9, 11, 12, 16, 22, 24]",4411,"[1, 2, 3, 5, 6, 9, 12, 15, 16, 19, 23]",0,0.3875598086124402,0
5799,442,"[1, 2, 3, 5, 6, 9, 11, 12, 16, 22, 24]",4411,"[1, 2, 3, 5, 6, 9, 12, 15, 16, 19, 23]",30,0.42921960072595283,1
5800,442,"[1, 2, 3, 5, 6, 9, 11, 12, 16, 22, 24]",4411,"[1, 2, 3, 5, 6, 9, 12, 15, 16, 19, 23]",60,0.34789391575663026,-1
5801,4231,"[1, 2, 3, 5, 6, 9, 11, 17, 19, 21, 23]",4411,"[1, 2, 3, 5, 6, 9, 12, 15, 16, 19, 23]",78,0.596244131455399,0
5802,4231,"[1, 2, 3, 5, 6, 9, 11, 17, 19, 21, 23]",4231,"[1, 2, 3, 5, 6, 9, 11, 17, 19, 21, 23]",0,0.5645402815214136,1
5803,442,"[1, 2, 3, 5, 6, 9, 11, 12, 16, 22, 24]",4231,"[1, 2, 3, 5, 6, 9, 11, 17, 19, 21, 23]",0,0.6760665220535069,-1
5804,442,"[1, 2, 3, 5, 6, 9, 11, 12, 16, 22, 24]",4231,"[1, 2, 3, 5, 6, 9, 11, 17, 19, 21, 23]",73,0.6223021582733813,1
5805,442,"[1, 2, 3, 5, 6, 12, 13, 15, 16, 22, 24]",4141,"[1, 2, 3, 5, 6, 10, 12, 13, 15, 16, 23]",0,0.35808893093661304,2
5806,4231,"[1, 2, 3, 5, 6, 13, 15, 17, 19, 21, 23]",4231,"[1, 2, 3, 5, 6, 13, 15, 17, 19, 21, 23]",0,0.5328054298642534,0
5807,4231,"[1, 2, 3, 5, 6, 13, 15, 17, 19, 21, 23]",4231,"[1, 2, 3, 5, 6, 13, 15, 17, 19, 21, 23]",60,0.5775147928994083,0
5808,442,"[1, 2, 3, 5, 6, 9, 11, 12, 16, 22, 24]",442,"[1, 2, 3, 5, 6, 12, 13, 15, 16, 22, 24]",0,0.6315978456014363,0
5809,442,"[1, 2, 3, 5, 6, 9, 11, 12, 16, 22, 24]",442,"[1, 2, 3, 5, 6, 12, 13, 15, 16, 22, 24]",81,0.5714285714285714,0
5810,442,"[1, 2, 3, 5, 6, 9, 11, 12, 16, 22, 24]",442,"[1, 2, 3, 5, 6, 12, 13, 15, 16, 22, 24]",82,0.6636363636363637,0
5811,4231,"[1, 2, 3, 5, 6, 9, 11, 17, 19, 21, 23]",442,"[1, 2, 3, 5, 6, 9, 11, 12, 16, 22, 24]",0,0.6554744525547446,0
5812,4231,"[1, 2, 3, 5, 6, 9, 11, 17, 19, 21, 23]",442,"[1, 2, 3, 5, 6, 9, 11, 12, 16, 22, 24]",20,0.6356589147286822,0
5813,433,"[1, 2, 3, 5, 6, 10, 13, 15, 17, 21, 23]",442,"[1, 2, 3, 5, 6, 9, 11, 12, 16, 22, 24]",0,0.4517857142857143,3
5814,433,"[1, 2, 3, 5, 6, 10, 13, 15, 17, 21, 23]",433,"[1, 2, 3, 5, 6, 10, 13, 15, 17, 21, 23]",45,0.5320686540198736,-1
5815,4141,"[1, 2, 3, 5, 6, 10, 12, 13, 15, 16, 23]",4231,"[1, 2, 3, 5, 6, 9, 11, 17, 19, 21, 23]",0,0.44145873320537427,0
5816,343,"[1, 3, 4, 5, 7, 8, 9, 11, 17, 21, 23]",4231,"[1, 2, 3, 5, 6, 9, 11, 17, 19, 21, 23]",0,0.3935361216730038,1
5817,343,"[1, 3, 4, 5, 7, 8, 9, 11, 17, 21, 23]",4231,"[1, 2, 3, 5, 6, 9, 11, 17, 19, 21, 23]",69,0.4935064935064935,-1
5818,4411,"[1, 2, 3, 5, 6, 9, 11, 12, 16, 19, 23]",4231,"[1, 2, 3, 5, 6, 9, 11, 17, 19, 21, 23]",0,0.4199438202247191,-1
5819,4411,"[1, 2, 3, 5, 6, 9, 11, 12, 16, 19, 23]",4231,"[1, 2, 3, 5, 6, 9, 11, 17, 19, 21, 23]",68,0.6296296296296297,-1
5820,4411,"[1, 2, 3, 5, 6, 9, 11, 12, 16, 19, 23]",4231,"[1, 2, 3, 5, 6, 9, 11, 17, 19, 21, 23]",0,0.4315659679408138,1
5821,4411,"[1, 2, 3, 5, 6, 9, 11, 12, 16, 19, 23]",4231,"[1, 2, 3, 5, 6, 9, 11, 17, 19, 21, 23]",45,0.4664484451718494,0
5822,4411,"[1, 2, 3, 5, 6, 12, 13, 15, 16, 19, 23]",433,"[1, 2, 3, 5, 6, 10, 13, 15, 17, 21, 23]",0,0.5115740740740741,1
5823,442,"[1, 2, 3, 5, 6, 9, 11, 12, 16, 22, 24]",352,"[1, 3, 4, 5, 7, 8, 10, 13, 15, 22, 24]",0,0.7177468201090248,4
5824,433,"[1, 2, 3, 5, 6, 10, 13, 15, 17, 21, 23]",442,"[1, 2, 3, 5, 6, 9, 11, 12, 16, 22, 24]",0,0.5621716287215411,-1
5825,433,"[1, 2, 3, 5, 6, 10, 13, 15, 17, 21, 23]",4411,"[1, 2, 3, 5, 6, 12, 13, 15, 16, 19, 23]",58,0.8129770992366412,0
5826,433,"[1, 2, 3, 5, 6, 10, 13, 15, 17, 21, 23]",4411,"[1, 2, 3, 5, 6, 12, 13, 15, 16, 19, 23]",67,0.75,0
5827,442,"[1, 2, 3, 5, 6, 12, 13, 15, 16, 22, 24]",4231,"[1, 2, 3, 5, 6, 9, 11, 17, 19, 21, 23]",0,0.3894523326572008,2
5828,4141,"[1, 2, 3, 5, 6, 10, 12, 13, 15, 16, 23]",4231,"[1, 2, 3, 5, 6, 9, 11, 17, 19, 21, 23]",0,0.5176265270506109,-2
5829,442,"[1, 2, 3, 5, 6, 9, 11, 12, 16, 22, 24]",4141,"[1, 2, 3, 5, 6, 10, 12, 13, 15, 16, 23]",0,0.49851380042462845,2
5830,4231,"[1, 2, 3, 5, 6, 9, 11, 17, 19, 21, 23]",4141,"[1, 2, 3, 5, 6, 10, 12, 13, 15, 16, 23]",58,0.8717948717948718,0
5831,4231,"[1, 2, 3, 5, 6, 9, 11, 17, 19, 21, 23]",442,"[1, 2, 3, 5, 6, 9, 11, 12, 16, 22, 24]",0,0.6195514176893779,-1
5832,4231,"[1, 2, 3, 5, 6, 9, 11, 17, 19, 21, 23]",442,"[1, 2, 3, 5, 6, 9, 11, 12, 16, 22, 24]",59,0.8316831683168316,0
5833,4411,"[1, 2, 3, 5, 6, 9, 11, 12, 16, 19, 23]",4411,"[1, 2, 3, 5, 6, 9, 11, 12, 16, 19, 23]",0,0.3809055118110236,-1
5834,4231,"[1, 2, 3, 5, 6, 9, 11, 17, 19, 21, 23]",4231,"[1, 2, 3, 5, 6, 13, 15, 17, 19, 21, 23]",0,0.47129909365558914,3
5835,4231,"[1, 2, 3, 5, 6, 9, 11, 17, 19, 21, 23]",4231,"[1, 2, 3, 5, 6, 13, 15, 17, 19, 21, 23]",39,0.33958333333333335,0
5836,4231,"[1, 2, 3, 5, 6, 9, 11, 17, 19, 21, 23]",4231,"[1, 2, 3, 5, 6, 13, 15, 17, 19, 21, 23]",51,0.6386913229018493,1
5837,4231,"[1, 2, 3, 5, 6, 9, 11, 17, 19, 21, 23]",4231,"[1, 2, 3, 5, 6, 13, 15, 17, 19, 21, 23]",67,0.58743961352657,0
5838,4141,"[1, 2, 3, 5, 6, 10, 12, 13, 15, 16, 23]",4231,"[1, 2, 3, 5, 6, 9, 11, 17, 19, 21, 23]",0,0.6781719399169064,1
5839,41212,"[1, 2, 3, 5, 6, 10, 13, 15, 19, 22, 24]",3421,"[1, 3, 4, 5, 7, 8, 9, 11, 18, 20, 23]",0,0.6129817444219067,2
5840,41212,"[1, 2, 3, 5, 6, 10, 13, 15, 19, 22, 24]",3421,"[1, 3, 4, 5, 7, 8, 9, 11, 18, 20, 23]",58,0.36880927291886195,-1
5841,4141,"[1, 2, 3, 5, 6, 10, 12, 13, 15, 16, 23]",4231,"[1, 2, 3, 5, 6, 9, 11, 17, 19, 21, 23]",0,0.5705950991831972,-1
5842,442,"[1, 2, 3, 5, 6, 12, 13, 15, 16, 22, 24]",4231,"[1, 2, 3, 5, 6, 9, 11, 17, 19, 21, 23]",45,0.6527196652719666,-2
5843,442,"[1, 2, 3, 5, 6, 9, 11, 12, 16, 22, 24]",4231,"[1, 2, 3, 5, 6, 9, 11, 17, 19, 21, 23]",0,0.3401623502126015,1
5844,442,"[1, 2, 3, 5, 6, 9, 11, 12, 16, 22, 24]",433,"[1, 2, 3, 5, 6, 10, 13, 15, 17, 21, 23]",65,0.3597733711048159,1
5845,442,"[1, 2, 3, 5, 6, 9, 11, 12, 16, 22, 24]",433,"[1, 2, 3, 5, 6, 10, 13, 15, 17, 21, 23]",74,0.37404580152671757,0
5846,343,"[1, 3, 4, 5, 7, 8, 13, 15, 17, 21, 23]",343,"[1, 3, 4, 5, 7, 8, 9, 11, 17, 21, 23]",0,0.4919966301600674,1
5847,442,"[1, 2, 3, 5, 6, 12, 13, 15, 16, 22, 24]",343,"[1, 3, 4, 5, 7, 8, 9, 11, 17, 21, 23]",35,0.4330543933054393,0
5848,442,"[1, 2, 3, 5, 6, 12, 13, 15, 16, 22, 24]",343,"[1, 3, 4, 5, 7, 8, 9, 11, 17, 21, 23]",45,0.20168067226890757,0
5849,442,"[1, 2, 3, 5, 6, 12, 13, 15, 16, 22, 24]",41212,"[1, 2, 3, 5, 6, 10, 13, 15, 19, 22, 24]",47,0.3554621848739496,-1
5850,4222,"[1, 2, 3, 5, 6, 9, 11, 18, 20, 22, 24]",41212,"[1, 2, 3, 5, 6, 10, 13, 15, 19, 22, 24]",85,0.664,0
5851,3421,"[1, 3, 4, 5, 7, 8, 13, 15, 18, 20, 23]",4231,"[1, 2, 3, 5, 6, 9, 11, 17, 19, 21, 23]",0,0.45318512184694315,-2
5852,3421,"[1, 3, 4, 5, 7, 8, 13, 15, 18, 20, 23]",4231,"[1, 2, 3, 5, 6, 9, 11, 17, 19, 21, 23]",59,0.30434782608695654,0
5853,4231,"[1, 2, 3, 5, 6, 9, 11, 17, 19, 21, 23]",4231,"[1, 2, 3, 5, 6, 13, 15, 17, 19, 21, 23]",0,0.376139188069594,-1
5854,433,"[1, 2, 3, 5, 6, 10, 13, 15, 17, 21, 23]",4231,"[1, 2, 3, 5, 6, 13, 15, 17, 19, 21, 23]",0,0.45338837289301687,-2
5855,4231,"[1, 2, 3, 5, 6, 9, 11, 17, 19, 21, 23]",433,"[1, 2, 3, 5, 6, 10, 13, 15, 17, 21, 23]",0,0.6866952789699571,2
5856,4231,"[1, 2, 3, 5, 6, 9, 11, 17, 19, 21, 23]",442,"[1, 2, 3, 5, 6, 9, 11, 12, 16, 22, 24]",45,0.6998663101604278,0
5857,442,"[1, 2, 3, 5, 6, 9, 11, 12, 16, 22, 24]",442,"[1, 2, 3, 5, 6, 12, 13, 15, 16, 22, 24]",0,0.42452830188679247,0
5858,442,"[1, 2, 3, 5, 6, 9, 11, 12, 16, 22, 24]",442,"[1, 2, 3, 5, 6, 12, 13, 15, 16, 22, 24]",5,0.4876256767208043,-1
5859,442,"[1, 2, 3, 5, 6, 12, 13, 15, 16, 22, 24]",442,"[1, 2, 3, 5, 6, 12, 13, 15, 16, 22, 24]",0,0.6997701149425287,-2
5860,442,"[1, 2, 3, 5, 6, 12, 13, 15, 16, 22, 24]",442,"[1, 2, 3, 5, 6, 12, 13, 15, 16, 22, 24]",56,0.4444444444444444,-1
5861,4231,"[1, 2, 3, 5, 6, 9, 11, 17, 19, 21, 23]",4231,"[1, 2, 3, 5, 6, 9, 11, 17, 19, 21, 23]",0,0.7663487738419619,1
5862,4231,"[1, 2, 3, 5, 6, 9, 11, 17, 19, 21, 23]",4411,"[1, 2, 3, 5, 6, 12, 13, 15, 16, 19, 23]",45,0.6144200626959248,0
5863,4231,"[1, 2, 3, 5, 6, 9, 11, 17, 19, 21, 23]",4231,"[1, 2, 3, 5, 6, 9, 11, 17, 19, 21, 23]",0,0.5862068965517241,2
5864,4231,"[1, 2, 3, 5, 6, 9, 11, 17, 19, 21, 23]",4231,"[1, 2, 3, 5, 6, 9, 11, 17, 19, 21, 23]",58,0.7157894736842105,1
5865,4231,"[1, 2, 3, 5, 6, 9, 11, 17, 19, 21, 23]",4321,"[1, 2, 3, 5, 6, 10, 13, 15, 18, 20, 23]",62,0.7553475935828877,1
5866,4141,"[1, 2, 3, 5, 6, 10, 12, 13, 15, 16, 23]",4411,"[1, 2, 3, 5, 6, 12, 13, 15, 16, 19, 23]",0,0.5283114256825076,0
5867,4141,"[1, 2, 3, 5, 6, 10, 12, 13, 15, 16, 23]",4411,"[1, 2, 3, 5, 6, 12, 13, 15, 16, 19, 23]",46,0.45865834633385333,1
5868,433,"[1, 2, 3, 5, 6, 10, 13, 15, 17, 21, 23]",4231,"[1, 2, 3, 5, 6, 9, 11, 17, 19, 21, 23]",0,0.5388520109332292,-1
5869,4321,"[1, 2, 3, 5, 6, 10, 13, 15, 18, 20, 23]",4411,"[1, 2, 3, 5, 6, 12, 13, 15, 16, 19, 23]",0,0.5289335246293639,2
5870,442,"[1, 2, 3, 5, 6, 9, 11, 12, 16, 22, 24]",4231,"[1, 2, 3, 5, 6, 9, 11, 17, 19, 21, 23]",0,0.6004228329809725,2
5871,442,"[1, 2, 3, 5, 6, 9, 11, 12, 16, 22, 24]",4141,"[1, 2, 3, 5, 6, 10, 12, 13, 15, 16, 23]",0,0.515426497277677,0
5872,442,"[1, 2, 3, 5, 6, 9, 11, 12, 16, 22, 24]",4141,"[1, 2, 3, 5, 6, 10, 12, 13, 15, 16, 23]",65,0.5344827586206896,0
5873,4141,"[1, 2, 3, 5, 6, 10, 12, 13, 15, 16, 23]",4231,"[1, 2, 3, 5, 6, 9, 11, 17, 19, 21, 23]",0,0.5446215139442231,2
5874,4141,"[1, 2, 3, 5, 6, 10, 12, 13, 15, 16, 23]",4231,"[1, 2, 3, 5, 6, 9, 11, 17, 19, 21, 23]",63,0.8405511811023622,0
5875,4231,"[1, 2, 3, 5, 6, 9, 11, 17, 19, 21, 23]",442,"[1, 2, 3, 5, 6, 9, 11, 12, 16, 22, 24]",0,0.3956043956043956,0
5876,4231,"[1, 2, 3, 5, 6, 9, 11, 17, 19, 21, 23]",442,"[1, 2, 3, 5, 6, 9, 11, 12, 16, 22, 24]",45,0.3350253807106599,0
5877,4231,"[1, 2, 3, 5, 6, 9, 11, 17, 19, 21, 23]",4231,"[1, 2, 3, 5, 6, 9, 11, 17, 19, 21, 23]",59,0.1750841750841751,0
5878,442,"[1, 2, 3, 5, 6, 9, 11, 12, 16, 22, 24]",4231,"[1, 2, 3, 5, 6, 9, 11, 17, 19, 21, 23]",0,0.5907692307692308,0
5879,442,"[1, 2, 3, 5, 6, 9, 11, 12, 16, 22, 24]",4231,"[1, 2, 3, 5, 6, 9, 11, 17, 19, 21, 23]",25,0.5245614035087719,1
5880,442,"[1, 2, 3, 5, 6, 9, 11, 12, 16, 22, 24]",4231,"[1, 2, 3, 5, 6, 9, 11, 17, 19, 21, 23]",66,0.4327485380116959,-1
5881,4231,"[1, 2, 3, 5, 6, 9, 11, 17, 19, 21, 23]",4141,"[1, 2, 3, 5, 6, 10, 12, 13, 15, 16, 23]",0,0.7888079724032196,1
5882,4231,"[1, 2, 3, 5, 6, 9, 11, 17, 19, 21, 23]",4231,"[1, 2, 3, 5, 6, 9, 11, 17, 19, 21, 23]",66,0.05555555555555555,0
5883,4411,"[1, 2, 3, 5, 6, 9, 11, 12, 16, 19, 23]",4231,"[1, 2, 3, 5, 6, 9, 11, 17, 19, 21, 23]",0,0.292817679558011,-1
5884,4231,"[1, 2, 3, 5, 6, 9, 11, 17, 19, 21, 23]",4231,"[1, 2, 3, 5, 6, 9, 11, 17, 19, 21, 23]",0,0.5009299442033478,0
5885,4231,"[1, 2, 3, 5, 6, 9, 11, 17, 19, 21, 23]",433,"[1, 2, 3, 5, 6, 10, 13, 15, 17, 21, 23]",0,0.550081212777477,0
5886,4231,"[1, 2, 3, 5, 6, 9, 11, 17, 19, 21, 23]",433,"[1, 2, 3, 5, 6, 10, 13, 15, 17, 21, 23]",45,0.6891447368421053,1
5887,4231,"[1, 2, 3, 5, 6, 9, 11, 17, 19, 21, 23]",4231,"[1, 2, 3, 5, 6, 9, 11, 17, 19, 21, 23]",61,0.6210526315789474,0
5888,4231,"[1, 2, 3, 5, 6, 13, 15, 17, 19, 21, 23]",442,"[1, 2, 3, 5, 6, 12, 13, 15, 16, 22, 24]",0,0.43794794417201055,2
5889,4231,"[1, 2, 3, 5, 6, 9, 11, 17, 19, 21, 23]",433,"[1, 2, 3, 5, 6, 10, 13, 15, 17, 21, 23]",0,0.5078088026502603,1
5890,4231,"[1, 2, 3, 5, 6, 9, 11, 17, 19, 21, 23]",4231,"[1, 2, 3, 5, 6, 9, 11, 17, 19, 21, 23]",0,0.4953495349534954,-2
5891,4231,"[1, 2, 3, 5, 6, 9, 11, 17, 19, 21, 23]",4321,"[1, 2, 3, 5, 6, 10, 13, 15, 18, 20, 23]",0,0.6120492925604747,-1
5892,4231,"[1, 2, 3, 5, 6, 9, 11, 17, 19, 21, 23]",433,"[1, 2, 3, 5, 6, 10, 13, 15, 17, 21, 23]",0,0.5737122557726465,0
5893,352,"[1, 3, 4, 5, 7, 8, 10, 13, 15, 22, 24]",4231,"[1, 2, 3, 5, 6, 9, 11, 17, 19, 21, 23]",0,0.45928123969666995,-3
5894,352,"[1, 3, 4, 5, 7, 8, 10, 13, 15, 22, 24]",3511,"[1, 3, 4, 5, 7, 8, 10, 13, 15, 19, 23]",72,0.5884476534296029,1
5895,433,"[1, 2, 3, 5, 6, 10, 13, 15, 17, 21, 23]",451,"[1, 2, 3, 5, 6, 10, 12, 13, 15, 16, 23]",0,0.528804815133276,1
5896,4231,"[1, 2, 3, 5, 6, 9, 11, 17, 19, 21, 23]",4141,"[1, 2, 3, 5, 6, 10, 12, 13, 15, 16, 23]",0,0.6527382082937638,0
5897,4231,"[1, 2, 3, 5, 6, 13, 15, 17, 19, 21, 23]",4231,"[1, 2, 3, 5, 6, 9, 11, 17, 19, 21, 23]",0,0.485025281991443,2
5898,4231,"[1, 2, 3, 5, 6, 13, 15, 17, 19, 21, 23]",4231,"[1, 2, 3, 5, 6, 9, 11, 17, 19, 21, 23]",59,0.3443708609271523,0
5899,4411,"[1, 2, 3, 5, 6, 12, 13, 15, 16, 19, 23]",3412,"[1, 3, 4, 5, 7, 8, 9, 11, 19, 22, 24]",0,0.5993953136810279,1
5900,4411,"[1, 2, 3, 5, 6, 12, 13, 15, 16, 19, 23]",433,"[1, 2, 3, 5, 6, 10, 13, 15, 17, 21, 23]",35,0.3717277486910995,0
5901,4231,"[1, 2, 3, 5, 6, 9, 11, 17, 19, 21, 23]",433,"[1, 2, 3, 5, 6, 10, 13, 15, 17, 21, 23]",0,0.4997251236943375,2
5902,4231,"[1, 2, 3, 5, 6, 9, 11, 17, 19, 21, 23]",4231,"[1, 2, 3, 5, 6, 9, 11, 17, 19, 21, 23]",45,0.6684491978609626,-1
5903,4231,"[1, 2, 3, 5, 6, 9, 11, 17, 19, 21, 23]",4231,"[1, 2, 3, 5, 6, 9, 11, 17, 19, 21, 23]",56,0.5022189349112426,0
5904,4231,"[1, 2, 3, 5, 6, 9, 11, 17, 19, 21, 23]",41212,"[1, 2, 3, 5, 6, 10, 13, 15, 19, 22, 24]",0,0.43683651804670914,0
5905,4231,"[1, 2, 3, 5, 6, 9, 11, 17, 19, 21, 23]",41212,"[1, 2, 3, 5, 6, 10, 13, 15, 19, 22, 24]",47,0.5315315315315315,0
5906,4231,"[1, 2, 3, 5, 6, 9, 11, 17, 19, 21, 23]",41212,"[1, 2, 3, 5, 6, 10, 13, 15, 19, 22, 24]",52,0.4704918032786885,-1
5907,4231,"[1, 2, 3, 5, 6, 9, 11, 17, 19, 21, 23]",41212,"[1, 2, 3, 5, 6, 10, 13, 15, 19, 22, 24]",68,0.46070460704607047,0
5908,442,"[1, 2, 3, 5, 6, 9, 11, 12, 16, 22, 24]",4231,"[1, 2, 3, 5, 6, 9, 11, 17, 19, 21, 23]",0,0.4505363528009535,2
5909,4231,"[1, 2, 3, 5, 6, 9, 11, 17, 19, 21, 23]",442,"[1, 2, 3, 5, 6, 9, 11, 12, 16, 22, 24]",0,0.6662087912087912,1
5910,4231,"[1, 2, 3, 5, 6, 9, 11, 17, 19, 21, 23]",442,"[1, 2, 3, 5, 6, 9, 11, 12, 16, 22, 24]",56,0.5428571428571428,0
5911,433,"[1, 2, 3, 5, 6, 10, 13, 15, 17, 21, 23]",4231,"[1, 2, 3, 5, 6, 9, 11, 17, 19, 21, 23]",0,0.49875776397515525,0
5912,433,"[1, 2, 3, 5, 6, 10, 13, 15, 17, 21, 23]",4231,"[1, 2, 3, 5, 6, 9, 11, 17, 19, 21, 23]",41,0.4839939024390244,0
5913,433,"[1, 2, 3, 5, 6, 10, 13, 15, 17, 21, 23]",4231,"[1, 2, 3, 5, 6, 9, 11, 17, 19, 21, 23]",71,0.6465968586387435,-1
5914,442,"[1, 2, 3, 5, 6, 12, 13, 15, 16, 22, 24]",4231,"[1, 2, 3, 5, 6, 9, 11, 17, 19, 21, 23]",0,0.4878048780487805,0
5915,41212,"[1, 2, 3, 5, 6, 10, 13, 15, 19, 22, 24]",4231,"[1, 2, 3, 5, 6, 9, 11, 17, 19, 21, 23]",45,1.0,0
5916,442,"[1, 2, 3, 5, 6, 9, 11, 12, 16, 22, 24]",4231,"[1, 2, 3, 5, 6, 9, 11, 17, 19, 21, 23]",45,1.0,0
5917,442,"[1, 2, 3, 5, 6, 9, 11, 12, 16, 22, 24]",4231,"[1, 2, 3, 5, 6, 9, 11, 17, 19, 21, 23]",45,0.5494252873563218,1
5918,442,"[1, 2, 3, 5, 6, 9, 11, 12, 16, 22, 24]",4231,"[1, 2, 3, 5, 6, 9, 11, 17, 19, 21, 23]",60,0.632,0
5919,442,"[1, 2, 3, 5, 6, 9, 11, 12, 16, 22, 24]",442,"[1, 2, 3, 5, 6, 12, 13, 15, 16, 22, 24]",74,0.15027322404371585,-2
5920,4411,"[1, 2, 3, 5, 6, 9, 11, 12, 16, 19, 23]",433,"[1, 2, 3, 5, 6, 10, 13, 15, 17, 21, 23]",0,0.5140229885057471,1
5921,4411,"[1, 2, 3, 5, 6, 9, 11, 12, 16, 19, 23]",4231,"[1, 2, 3, 5, 6, 9, 11, 17, 19, 21, 23]",58,0.4991735537190083,-2
5922,4411,"[1, 2, 3, 5, 6, 9, 11, 12, 16, 19, 23]",4231,"[1, 2, 3, 5, 6, 9, 11, 17, 19, 21, 23]",75,1.0,0
5923,4411,"[1, 2, 3, 5, 6, 9, 11, 12, 16, 19, 23]",4231,"[1, 2, 3, 5, 6, 9, 11, 17, 19, 21, 23]",76,0.4444444444444444,0
5924,4231,"[1, 2, 3, 5, 6, 9, 11, 17, 19, 21, 23]",4231,"[1, 2, 3, 5, 6, 13, 15, 17, 19, 21, 23]",0,0.36046511627906974,0
5925,4231,"[1, 2, 3, 5, 6, 9, 11, 17, 19, 21, 23]",4231,"[1, 2, 3, 5, 6, 13, 15, 17, 19, 21, 23]",4,0.3611859838274933,1
5926,4231,"[1, 2, 3, 5, 6, 9, 11, 17, 19, 21, 23]",4231,"[1, 2, 3, 5, 6, 13, 15, 17, 19, 21, 23]",24,0.4000991571641051,0
5927,433,"[1, 2, 3, 5, 6, 10, 13, 15, 17, 21, 23]",4231,"[1, 2, 3, 5, 6, 13, 15, 17, 19, 21, 23]",0,0.5269000853970965,0
5928,433,"[1, 2, 3, 5, 6, 10, 13, 15, 17, 21, 23]",4231,"[1, 2, 3, 5, 6, 13, 15, 17, 19, 21, 23]",24,0.4795539033457249,0
5929,433,"[1, 2, 3, 5, 6, 10, 13, 15, 17, 21, 23]",4231,"[1, 2, 3, 5, 6, 13, 15, 17, 19, 21, 23]",45,0.37328094302554027,0
5930,4231,"[1, 2, 3, 5, 6, 13, 15, 17, 19, 21, 23]",442,"[1, 2, 3, 5, 6, 11, 12, 13, 16, 22, 24]",0,0.576018549188473,1
5931,4231,"[1, 2, 3, 5, 6, 9, 11, 17, 19, 21, 23]",442,"[1, 2, 3, 5, 6, 9, 11, 12, 16, 22, 24]",0,0.6533018867924528,0
5932,4231,"[1, 2, 3, 5, 6, 9, 11, 17, 19, 21, 23]",433,"[1, 2, 3, 5, 6, 10, 13, 15, 17, 21, 23]",0,0.6111845002201673,-2
5933,4231,"[1, 2, 3, 5, 6, 9, 11, 17, 19, 21, 23]",433,"[1, 2, 3, 5, 6, 10, 13, 15, 17, 21, 23]",59,0.7396226415094339,0
5934,442,"[1, 2, 3, 5, 6, 12, 13, 15, 16, 22, 24]",433,"[1, 2, 3, 5, 6, 10, 13, 15, 17, 21, 23]",0,0.5360127337843216,0
5935,4231,"[1, 2, 3, 5, 6, 13, 15, 17, 19, 21, 23]",4231,"[1, 2, 3, 5, 6, 13, 15, 17, 19, 21, 23]",0,0.5320735952262556,1
5936,442,"[1, 2, 3, 5, 6, 9, 11, 12, 16, 22, 24]",451,"[1, 2, 3, 5, 6, 10, 12, 13, 15, 16, 23]",0,0.642395372575706,2
5937,442,"[1, 2, 3, 5, 6, 9, 11, 12, 16, 22, 24]",4411,"[1, 2, 3, 5, 6, 12, 13, 15, 16, 19, 23]",0,0.47539320142059865,1
5938,442,"[1, 2, 3, 5, 6, 12, 13, 15, 16, 22, 24]",442,"[1, 2, 3, 5, 6, 9, 11, 12, 16, 22, 24]",0,0.664976335361731,1
5939,442,"[1, 2, 3, 5, 6, 9, 11, 12, 16, 22, 24]",442,"[1, 2, 3, 5, 6, 9, 11, 12, 16, 22, 24]",0,0.4235234729934377,-3
5940,442,"[1, 2, 3, 5, 6, 9, 11, 12, 16, 22, 24]",442,"[1, 2, 3, 5, 6, 9, 11, 12, 16, 22, 24]",45,0.5,-1
5941,442,"[1, 2, 3, 5, 6, 9, 11, 12, 16, 22, 24]",442,"[1, 2, 3, 5, 6, 9, 11, 12, 16, 22, 24]",0,0.5689332501559575,-3
5942,442,"[1, 2, 3, 5, 6, 9, 11, 12, 16, 22, 24]",442,"[1, 2, 3, 5, 6, 9, 11, 12, 16, 22, 24]",41,0.5918827508455468,0
5943,442,"[1, 2, 3, 5, 6, 9, 11, 12, 16, 22, 24]",442,"[1, 2, 3, 5, 6, 9, 11, 12, 16, 22, 24]",64,0.4833948339483395,0
5944,442,"[1, 2, 3, 5, 6, 9, 11, 12, 16, 22, 24]",442,"[1, 2, 3, 5, 6, 9, 11, 12, 16, 22, 24]",0,0.5172413793103449,0
5945,442,"[1, 2, 3, 5, 6, 12, 13, 15, 16, 22, 24]",442,"[1, 2, 3, 5, 6, 9, 11, 12, 16, 22, 24]",0,0.47249190938511326,0
5946,442,"[1, 2, 3, 5, 6, 12, 13, 15, 16, 22, 24]",442,"[1, 2, 3, 5, 6, 9, 11, 12, 16, 22, 24]",33,0.5052243392747388,0
5947,442,"[1, 2, 3, 5, 6, 12, 13, 15, 16, 22, 24]",442,"[1, 2, 3, 5, 6, 9, 11, 12, 16, 22, 24]",71,0.5940298507462687,1
5948,442,"[1, 2, 3, 5, 6, 9, 11, 12, 16, 22, 24]",442,"[1, 2, 3, 5, 6, 9, 11, 12, 16, 22, 24]",0,0.5435684647302904,0
5949,442,"[1, 2, 3, 5, 6, 9, 11, 12, 16, 22, 24]",442,"[1, 2, 3, 5, 6, 9, 11, 12, 16, 22, 24]",5,0.3333333333333333,0
5950,442,"[1, 2, 3, 5, 6, 9, 11, 12, 16, 22, 24]",433,"[1, 2, 3, 5, 6, 10, 13, 15, 17, 21, 23]",7,0.6470588235294118,0
5951,442,"[1, 2, 3, 5, 6, 9, 11, 12, 16, 22, 24]",433,"[1, 2, 3, 5, 6, 10, 13, 15, 17, 21, 23]",7,0.4857142857142857,0
5952,442,"[1, 2, 3, 5, 6, 9, 11, 12, 16, 22, 24]",442,"[1, 2, 3, 5, 6, 9, 11, 12, 16, 22, 24]",11,0.39287026828371924,-1
5953,442,"[1, 2, 3, 5, 6, 12, 13, 15, 16, 22, 24]",442,"[1, 2, 3, 5, 6, 9, 11, 12, 16, 22, 24]",0,0.4404677533664068,-2
5954,442,"[1, 2, 3, 5, 6, 9, 11, 12, 16, 22, 24]",442,"[1, 2, 3, 5, 6, 12, 13, 15, 16, 22, 24]",0,0.566935826604335,0
5955,442,"[1, 2, 3, 5, 6, 12, 13, 15, 16, 22, 24]",4321,"[1, 2, 3, 5, 6, 10, 13, 15, 18, 20, 23]",0,0.6318387494858083,1
5956,442,"[1, 2, 3, 5, 6, 9, 11, 12, 16, 22, 24]",451,"[1, 2, 3, 5, 6, 10, 12, 13, 15, 16, 23]",0,0.6140567200986436,0
5957,442,"[1, 2, 3, 5, 6, 9, 11, 12, 16, 22, 24]",451,"[1, 2, 3, 5, 6, 10, 12, 13, 15, 16, 23]",17,0.6195826645264848,0
5958,433,"[1, 2, 3, 5, 6, 10, 13, 15, 17, 21, 23]",451,"[1, 2, 3, 5, 6, 10, 12, 13, 15, 16, 23]",46,0.6858168761220825,0
5959,4321,"[1, 2, 3, 5, 6, 10, 13, 15, 18, 20, 23]",442,"[1, 2, 3, 5, 6, 9, 11, 12, 16, 22, 24]",0,0.4993560849967804,0
5960,4231,"[1, 2, 3, 5, 6, 9, 11, 17, 19, 21, 23]",442,"[1, 2, 3, 5, 6, 9, 11, 12, 16, 22, 24]",75,0.44036697247706424,0
5961,442,"[1, 2, 3, 5, 6, 12, 13, 15, 16, 22, 24]",442,"[1, 2, 3, 5, 6, 9, 11, 12, 16, 22, 24]",0,0.6002367797947908,0
5962,442,"[1, 2, 3, 5, 6, 9, 11, 12, 16, 22, 24]",442,"[1, 2, 3, 5, 6, 9, 11, 12, 16, 22, 24]",0,0.392578125,0
5963,442,"[1, 2, 3, 5, 6, 12, 13, 15, 16, 22, 24]",352,"[1, 3, 4, 5, 7, 8, 10, 13, 15, 22, 24]",0,0.5226480836236934,1
5964,442,"[1, 2, 3, 5, 6, 12, 13, 15, 16, 22, 24]",442,"[1, 2, 3, 5, 6, 12, 13, 15, 16, 22, 24]",0,0.4818149081742888,-1
5965,442,"[1, 2, 3, 5, 6, 12, 13, 15, 16, 22, 24]",442,"[1, 2, 3, 5, 6, 9, 11, 12, 16, 22, 24]",0,0.30656934306569344,0
5966,442,"[1, 2, 3, 5, 6, 9, 11, 12, 16, 22, 24]",442,"[1, 2, 3, 5, 6, 12, 13, 15, 16, 22, 24]",0,0.7230769230769231,0
5967,442,"[1, 2, 3, 5, 6, 9, 11, 12, 16, 22, 24]",442,"[1, 2, 3, 5, 6, 12, 13, 15, 16, 22, 24]",12,0.5717299578059072,0
5968,442,"[1, 2, 3, 5, 6, 9, 11, 12, 16, 22, 24]",442,"[1, 2, 3, 5, 6, 12, 13, 15, 16, 22, 24]",30,0.6100917431192661,1
5969,442,"[1, 2, 3, 5, 6, 9, 11, 12, 16, 22, 24]",442,"[1, 2, 3, 5, 6, 12, 13, 15, 16, 22, 24]",46,0.5387547649301143,1
5970,442,"[1, 2, 3, 5, 6, 9, 11, 12, 16, 22, 24]",4231,"[1, 2, 3, 5, 6, 13, 15, 17, 19, 21, 23]",67,0.30526315789473685,0
5971,4231,"[1, 2, 3, 5, 6, 13, 15, 17, 19, 21, 23]",442,"[1, 2, 3, 5, 6, 9, 11, 12, 16, 22, 24]",0,0.5418994413407822,-1
5972,4231,"[1, 2, 3, 5, 6, 13, 15, 17, 19, 21, 23]",442,"[1, 2, 3, 5, 6, 9, 11, 12, 16, 22, 24]",8,0.5335420393559929,0
5973,442,"[1, 2, 3, 5, 6, 12, 13, 15, 16, 22, 24]",442,"[1, 2, 3, 5, 6, 9, 11, 12, 16, 22, 24]",63,0.7402597402597403,0
5974,442,"[1, 2, 3, 5, 6, 9, 11, 12, 16, 22, 24]",4231,"[1, 2, 3, 5, 6, 13, 15, 17, 19, 21, 23]",0,0.7567567567567568,0
5975,442,"[1, 2, 3, 5, 6, 9, 11, 12, 16, 22, 24]",4231,"[1, 2, 3, 5, 6, 13, 15, 17, 19, 21, 23]",4,0.5592417061611374,0
5976,442,"[1, 2, 3, 5, 6, 9, 11, 12, 16, 22, 24]",4231,"[1, 2, 3, 5, 6, 13, 15, 17, 19, 21, 23]",10,0.6688396349413298,0
5977,442,"[1, 2, 3, 5, 6, 12, 13, 15, 16, 22, 24]",352,"[1, 3, 4, 5, 7, 8, 10, 13, 15, 22, 24]",0,0.5714285714285714,-1
5978,41212,"[1, 2, 3, 5, 6, 10, 13, 15, 19, 22, 24]",352,"[1, 3, 4, 5, 7, 8, 10, 13, 15, 22, 24]",61,0.6796246648793566,2
5979,442,"[1, 2, 3, 5, 6, 12, 13, 15, 16, 22, 24]",442,"[1, 2, 3, 5, 6, 12, 13, 15, 16, 22, 24]",0,0.5465235173824131,1
5980,442,"[1, 2, 3, 5, 6, 9, 11, 12, 16, 22, 24]",442,"[1, 2, 3, 5, 6, 12, 13, 15, 16, 22, 24]",0,0.5980113636363636,3
5981,442,"[1, 2, 3, 5, 6, 9, 11, 12, 16, 22, 24]",442,"[1, 2, 3, 5, 6, 12, 13, 15, 16, 22, 24]",37,0.532051282051282,2
5982,4141,"[1, 2, 3, 5, 6, 10, 12, 13, 15, 16, 23]",442,"[1, 2, 3, 5, 6, 12, 13, 15, 16, 22, 24]",0,0.5011406844106464,-1
5983,442,"[1, 2, 3, 5, 6, 9, 11, 12, 16, 22, 24]",442,"[1, 2, 3, 5, 6, 9, 11, 12, 16, 22, 24]",0,0.28888888888888886,0
5984,442,"[1, 2, 3, 5, 6, 9, 11, 12, 16, 22, 24]",442,"[1, 2, 3, 5, 6, 9, 11, 12, 16, 22, 24]",60,0.2900763358778626,0
5985,442,"[1, 2, 3, 5, 6, 9, 11, 12, 16, 22, 24]",442,"[1, 2, 3, 5, 6, 9, 11, 12, 16, 22, 24]",0,0.3403441682600382,0
5986,442,"[1, 2, 3, 5, 6, 9, 11, 12, 16, 22, 24]",442,"[1, 2, 3, 5, 6, 9, 11, 12, 16, 22, 24]",58,0.30943396226415093,-1
5987,442,"[1, 2, 3, 5, 6, 9, 11, 12, 16, 22, 24]",442,"[1, 2, 3, 5, 6, 9, 11, 12, 16, 22, 24]",74,0.7,0
5988,442,"[1, 2, 3, 5, 6, 9, 11, 12, 16, 22, 24]",442,"[1, 2, 3, 5, 6, 9, 11, 12, 16, 22, 24]",76,0.35768261964735515,0
5989,442,"[1, 2, 3, 5, 6, 9, 11, 12, 16, 22, 24]",442,"[1, 2, 3, 5, 6, 9, 11, 12, 16, 22, 24]",0,0.6567926455566905,0
5990,442,"[1, 2, 3, 5, 6, 9, 11, 12, 16, 22, 24]",442,"[1, 2, 3, 5, 6, 9, 11, 12, 16, 22, 24]",26,0.6874066699850672,1
5991,433,"[1, 2, 3, 5, 6, 10, 13, 15, 17, 21, 23]",442,"[1, 2, 3, 5, 6, 9, 11, 12, 16, 22, 24]",0,0.45927791771620485,-1
5992,433,"[1, 2, 3, 5, 6, 10, 13, 15, 17, 21, 23]",442,"[1, 2, 3, 5, 6, 9, 11, 12, 16, 22, 24]",69,0.5510752688172043,1
5993,433,"[1, 2, 3, 5, 6, 10, 13, 15, 17, 21, 23]",442,"[1, 2, 3, 5, 6, 9, 11, 12, 16, 22, 24]",81,0.31683168316831684,0
5994,442,"[1, 2, 3, 5, 6, 9, 11, 12, 16, 22, 24]",4141,"[1, 2, 3, 5, 6, 10, 12, 13, 15, 16, 23]",0,0.6016987036209209,1
5995,442,"[1, 2, 3, 5, 6, 12, 13, 15, 16, 22, 24]",442,"[1, 2, 3, 5, 6, 9, 11, 12, 16, 22, 24]",0,0.458486407053637,0
5996,4231,"[1, 2, 3, 5, 6, 9, 11, 17, 19, 21, 23]",352,"[1, 3, 4, 5, 7, 8, 10, 13, 15, 22, 24]",0,0.7241379310344828,0
5997,442,"[1, 2, 3, 5, 6, 9, 11, 12, 16, 22, 24]",433,"[1, 2, 3, 5, 6, 10, 13, 15, 17, 21, 23]",0,0.4784172661870504,1
5998,442,"[1, 2, 3, 5, 6, 9, 11, 12, 16, 22, 24]",433,"[1, 2, 3, 5, 6, 10, 13, 15, 17, 21, 23]",14,0.3050605844618674,0
5999,3412,"[1, 3, 4, 5, 7, 8, 9, 11, 19, 22, 24]",352,"[1, 3, 4, 5, 7, 8, 10, 13, 15, 22, 24]",0,0.5302325581395348,-1
6000,352,"[1, 3, 4, 5, 7, 8, 10, 13, 15, 22, 24]",352,"[1, 3, 4, 5, 7, 8, 10, 13, 15, 22, 24]",13,0.43598420755781164,-2
6001,41212,"[1, 2, 3, 5, 6, 10, 13, 15, 19, 22, 24]",352,"[1, 3, 4, 5, 7, 8, 10, 13, 15, 22, 24]",61,0.5562015503875969,0
6002,352,"[1, 3, 4, 5, 7, 8, 10, 13, 15, 22, 24]",352,"[1, 3, 4, 5, 7, 8, 10, 13, 15, 22, 24]",74,0.0,0
6003,352,"[1, 3, 4, 5, 7, 8, 10, 13, 15, 22, 24]",433,"[1, 2, 3, 5, 6, 10, 13, 15, 17, 21, 23]",0,0.3591666666666667,-2
6004,352,"[1, 3, 4, 5, 7, 8, 10, 13, 15, 22, 24]",433,"[1, 2, 3, 5, 6, 10, 13, 15, 17, 21, 23]",51,0.44881889763779526,1
6005,4231,"[1, 2, 3, 5, 6, 9, 11, 17, 19, 21, 23]",433,"[1, 2, 3, 5, 6, 10, 13, 15, 17, 21, 23]",0,0.3644010767160161,2
6006,4231,"[1, 2, 3, 5, 6, 9, 11, 17, 19, 21, 23]",433,"[1, 2, 3, 5, 6, 10, 13, 15, 17, 21, 23]",70,0.34814814814814815,0
6007,4231,"[1, 2, 3, 5, 6, 9, 11, 17, 19, 21, 23]",4231,"[1, 2, 3, 5, 6, 9, 11, 17, 19, 21, 23]",72,0.35135135135135137,0
6008,433,"[1, 2, 3, 5, 6, 10, 13, 15, 17, 21, 23]",41212,"[1, 2, 3, 5, 6, 10, 13, 15, 19, 22, 24]",0,0.5094263939029282,2
6009,433,"[1, 2, 3, 5, 6, 10, 13, 15, 17, 21, 23]",4231,"[1, 2, 3, 5, 6, 9, 11, 17, 19, 21, 23]",0,0.4821580288870008,0
6010,433,"[1, 2, 3, 5, 6, 10, 13, 15, 17, 21, 23]",4231,"[1, 2, 3, 5, 6, 9, 11, 17, 19, 21, 23]",60,0.47911547911547914,-1
6011,442,"[1, 2, 3, 5, 6, 9, 11, 12, 16, 22, 24]",4231,"[1, 2, 3, 5, 6, 9, 11, 17, 19, 21, 23]",80,0.8125,0
6012,41212,"[1, 2, 3, 5, 6, 10, 13, 15, 19, 22, 24]",4231,"[1, 2, 3, 5, 6, 9, 11, 17, 19, 21, 23]",80,0.8392857142857143,0
6013,41212,"[1, 2, 3, 5, 6, 10, 13, 15, 19, 22, 24]",343,"[1, 3, 4, 5, 7, 8, 9, 11, 17, 21, 23]",83,0.4979757085020243,0
6014,442,"[1, 2, 3, 5, 6, 9, 11, 12, 16, 22, 24]",41212,"[1, 2, 3, 5, 6, 10, 13, 15, 19, 22, 24]",0,0.5507692307692308,0
6015,41212,"[1, 2, 3, 5, 6, 10, 13, 15, 19, 22, 24]",41212,"[1, 2, 3, 5, 6, 10, 13, 15, 19, 22, 24]",39,0.6464968152866242,0
6016,41212,"[1, 2, 3, 5, 6, 10, 13, 15, 19, 22, 24]",41212,"[1, 2, 3, 5, 6, 10, 13, 15, 19, 22, 24]",45,0.6285046728971962,0
6017,41212,"[1, 2, 3, 5, 6, 10, 13, 15, 19, 22, 24]",41212,"[1, 2, 3, 5, 6, 10, 13, 15, 19, 22, 24]",54,0.7619047619047619,2
6018,4231,"[1, 2, 3, 5, 6, 9, 11, 17, 19, 21, 23]",433,"[1, 2, 3, 5, 6, 10, 13, 15, 17, 21, 23]",0,0.551906779661017,1
6019,433,"[1, 2, 3, 5, 6, 10, 13, 15, 17, 21, 23]",433,"[1, 2, 3, 5, 6, 10, 13, 15, 17, 21, 23]",0,0.4823867721063983,0
6020,433,"[1, 2, 3, 5, 6, 10, 13, 15, 17, 21, 23]",433,"[1, 2, 3, 5, 6, 10, 13, 15, 17, 21, 23]",33,0.6315315315315315,0
6021,433,"[1, 2, 3, 5, 6, 10, 13, 15, 17, 21, 23]",433,"[1, 2, 3, 5, 6, 10, 13, 15, 17, 21, 23]",59,0.6179577464788732,-1
6022,442,"[1, 2, 3, 5, 6, 9, 11, 12, 16, 22, 24]",433,"[1, 2, 3, 5, 6, 10, 13, 15, 17, 21, 23]",76,0.5739910313901345,0
6023,442,"[1, 2, 3, 5, 6, 9, 11, 12, 16, 22, 24]",442,"[1, 2, 3, 5, 6, 9, 11, 12, 16, 22, 24]",0,0.2646140116019634,-1
6024,442,"[1, 2, 3, 5, 6, 9, 11, 12, 16, 22, 24]",442,"[1, 2, 3, 5, 6, 9, 11, 12, 16, 22, 24]",62,0.5169172932330827,0
6025,442,"[1, 2, 3, 5, 6, 9, 11, 12, 16, 22, 24]",442,"[1, 2, 3, 5, 6, 9, 11, 12, 16, 22, 24]",75,0.3111587982832618,0
6026,442,"[1, 2, 3, 5, 6, 9, 11, 12, 16, 22, 24]",442,"[1, 2, 3, 5, 6, 9, 11, 12, 16, 22, 24]",89,1.0,0
6027,4231,"[1, 2, 3, 5, 6, 9, 11, 17, 19, 21, 23]",433,"[1, 2, 3, 5, 6, 10, 13, 15, 17, 21, 23]",0,0.5387420237010028,-1
6028,4231,"[1, 2, 3, 5, 6, 9, 11, 17, 19, 21, 23]",433,"[1, 2, 3, 5, 6, 10, 13, 15, 17, 21, 23]",55,0.6444444444444445,0
6029,4411,"[1, 2, 3, 5, 6, 9, 11, 12, 16, 19, 23]",433,"[1, 2, 3, 5, 6, 10, 13, 15, 17, 21, 23]",59,0.44621513944223107,-1
6030,433,"[1, 2, 3, 5, 6, 10, 13, 15, 17, 21, 23]",41212,"[1, 2, 3, 5, 6, 10, 13, 15, 19, 22, 24]",0,0.6049382716049383,-1
6031,433,"[1, 2, 3, 5, 6, 10, 13, 15, 17, 21, 23]",4411,"[1, 2, 3, 5, 6, 9, 11, 12, 16, 19, 23]",49,0.5471311475409836,0
6032,442,"[1, 2, 3, 5, 6, 9, 11, 12, 16, 22, 24]",4411,"[1, 2, 3, 5, 6, 9, 11, 12, 16, 19, 23]",59,0.6697674418604651,1
6033,442,"[1, 2, 3, 5, 6, 9, 11, 12, 16, 22, 24]",4411,"[1, 2, 3, 5, 6, 9, 11, 12, 16, 19, 23]",66,0.42857142857142855,0
6034,442,"[1, 2, 3, 5, 6, 9, 11, 12, 16, 22, 24]",4411,"[1, 2, 3, 5, 6, 9, 11, 12, 16, 19, 23]",68,0.7061611374407583,1
6035,442,"[1, 2, 3, 5, 6, 9, 11, 12, 16, 22, 24]",41212,"[1, 2, 3, 5, 6, 10, 13, 15, 19, 22, 24]",75,0.5182926829268293,1
6036,433,"[1, 2, 3, 5, 6, 10, 13, 15, 17, 21, 23]",3412,"[1, 3, 4, 5, 7, 8, 9, 11, 19, 22, 24]",0,0.6626506024096386,1
6037,352,"[1, 3, 4, 5, 7, 8, 10, 13, 15, 22, 24]",3421,"[1, 3, 4, 5, 7, 8, 9, 11, 18, 20, 23]",0,0.4089186825998251,1
6038,433,"[1, 2, 3, 5, 6, 10, 13, 15, 17, 21, 23]",433,"[1, 2, 3, 5, 6, 10, 13, 15, 17, 21, 23]",0,0.5930787589498807,-1
6039,433,"[1, 2, 3, 5, 6, 10, 13, 15, 17, 21, 23]",433,"[1, 2, 3, 5, 6, 10, 13, 15, 17, 21, 23]",45,0.5649396735273243,-1
6040,41212,"[1, 2, 3, 5, 6, 10, 13, 15, 19, 22, 24]",433,"[1, 2, 3, 5, 6, 10, 13, 15, 17, 21, 23]",82,0.37404580152671757,0
6041,4411,"[1, 2, 3, 5, 6, 9, 11, 12, 16, 19, 23]",433,"[1, 2, 3, 5, 6, 10, 13, 15, 17, 21, 23]",0,0.46817420435510887,0
6042,4411,"[1, 2, 3, 5, 6, 9, 11, 12, 16, 19, 23]",433,"[1, 2, 3, 5, 6, 10, 13, 15, 17, 21, 23]",57,0.29545454545454547,0
6043,433,"[1, 2, 3, 5, 6, 10, 13, 15, 17, 21, 23]",433,"[1, 2, 3, 5, 6, 10, 13, 15, 17, 21, 23]",0,0.29141104294478526,3
6044,433,"[1, 2, 3, 5, 6, 10, 13, 15, 17, 21, 23]",433,"[1, 2, 3, 5, 6, 10, 13, 15, 17, 21, 23]",66,0.506993006993007,0
6045,433,"[1, 2, 3, 5, 6, 10, 13, 15, 17, 21, 23]",433,"[1, 2, 3, 5, 6, 10, 13, 15, 17, 21, 23]",78,0.17588932806324112,-2
6046,3511,"[1, 3, 4, 5, 7, 8, 10, 13, 15, 19, 23]",4231,"[1, 2, 3, 5, 6, 9, 11, 17, 19, 21, 23]",0,0.5075308078502967,0
6047,3511,"[1, 3, 4, 5, 7, 8, 10, 13, 15, 19, 23]",442,"[1, 2, 3, 5, 6, 9, 11, 12, 16, 22, 24]",54,0.5048128342245989,0
6048,3511,"[1, 3, 4, 5, 7, 8, 10, 13, 15, 19, 23]",4411,"[1, 2, 3, 5, 6, 9, 11, 12, 16, 19, 23]",80,0.4453125,0
6049,352,"[1, 3, 4, 5, 7, 8, 10, 13, 15, 22, 24]",343,"[1, 3, 4, 5, 7, 8, 9, 11, 17, 21, 23]",0,0.39452054794520547,0
6050,433,"[1, 2, 3, 5, 6, 10, 13, 15, 17, 21, 23]",4231,"[1, 2, 3, 5, 6, 9, 11, 17, 19, 21, 23]",0,0.5063938618925832,0
6051,433,"[1, 2, 3, 5, 6, 10, 13, 15, 17, 21, 23]",4231,"[1, 2, 3, 5, 6, 9, 11, 17, 19, 21, 23]",16,0.2774869109947644,0
6052,433,"[1, 2, 3, 5, 6, 10, 13, 15, 17, 21, 23]",41212,"[1, 2, 3, 5, 6, 10, 13, 15, 19, 22, 24]",45,0.4816849816849817,0
6053,433,"[1, 2, 3, 5, 6, 10, 13, 15, 17, 21, 23]",4411,"[1, 2, 3, 5, 6, 9, 11, 12, 16, 19, 23]",61,0.4084158415841584,-1
6054,433,"[1, 2, 3, 5, 6, 10, 13, 15, 17, 21, 23]",4411,"[1, 2, 3, 5, 6, 9, 11, 12, 16, 19, 23]",70,0.5483091787439613,0
6055,433,"[1, 2, 3, 5, 6, 10, 13, 15, 17, 21, 23]",433,"[1, 2, 3, 5, 6, 10, 13, 15, 17, 21, 23]",81,1.0,0
6056,4231,"[1, 2, 3, 5, 6, 9, 11, 17, 19, 21, 23]",433,"[1, 2, 3, 5, 6, 10, 13, 15, 17, 21, 23]",81,0.8015873015873016,0
6057,442,"[1, 2, 3, 5, 6, 9, 11, 12, 16, 22, 24]",41212,"[1, 2, 3, 5, 6, 10, 13, 15, 19, 22, 24]",0,0.40308544303797467,2
6058,433,"[1, 2, 3, 5, 6, 10, 13, 15, 17, 21, 23]",433,"[1, 2, 3, 5, 6, 10, 13, 15, 17, 21, 23]",0,0.45790715971675844,0
6059,433,"[1, 2, 3, 5, 6, 10, 13, 15, 17, 21, 23]",4411,"[1, 2, 3, 5, 6, 9, 11, 12, 16, 19, 23]",30,0.5254803675856308,0
6060,442,"[1, 2, 3, 5, 6, 9, 11, 12, 16, 22, 24]",4411,"[1, 2, 3, 5, 6, 9, 11, 12, 16, 19, 23]",59,0.7747252747252747,0
6061,442,"[1, 2, 3, 5, 6, 9, 11, 12, 16, 22, 24]",4411,"[1, 2, 3, 5, 6, 9, 11, 12, 16, 19, 23]",70,0.6223021582733813,0
6062,41212,"[1, 2, 3, 5, 6, 10, 13, 15, 19, 22, 24]",4411,"[1, 2, 3, 5, 6, 9, 11, 12, 16, 19, 23]",0,0.5165876777251185,-1
6063,41212,"[1, 2, 3, 5, 6, 10, 13, 15, 19, 22, 24]",4411,"[1, 2, 3, 5, 6, 9, 11, 12, 16, 19, 23]",8,0.4199864956110736,-2
6064,41212,"[1, 2, 3, 5, 6, 10, 13, 15, 19, 22, 24]",4411,"[1, 2, 3, 5, 6, 9, 11, 12, 16, 19, 23]",45,0.3142857142857143,0
6065,41212,"[1, 2, 3, 5, 6, 10, 13, 15, 19, 22, 24]",4411,"[1, 2, 3, 5, 6, 9, 11, 12, 16, 19, 23]",52,0.24199288256227758,1
6066,41212,"[1, 2, 3, 5, 6, 10, 13, 15, 19, 22, 24]",4411,"[1, 2, 3, 5, 6, 9, 11, 12, 16, 19, 23]",58,0.462406015037594,0
6067,41212,"[1, 2, 3, 5, 6, 10, 13, 15, 19, 22, 24]",433,"[1, 2, 3, 5, 6, 10, 13, 15, 17, 21, 23]",0,0.4181523500810373,-2
6068,442,"[1, 2, 3, 5, 6, 9, 11, 12, 16, 22, 24]",433,"[1, 2, 3, 5, 6, 10, 13, 15, 17, 21, 23]",56,0.4714285714285714,0
6069,442,"[1, 2, 3, 5, 6, 9, 11, 12, 16, 22, 24]",433,"[1, 2, 3, 5, 6, 10, 13, 15, 17, 21, 23]",61,0.5257731958762887,-1
6070,442,"[1, 2, 3, 5, 6, 9, 11, 12, 16, 22, 24]",352,"[1, 3, 4, 5, 7, 8, 10, 13, 15, 22, 24]",0,0.7412031782065834,-1
6071,442,"[1, 2, 3, 5, 6, 9, 11, 12, 16, 22, 24]",352,"[1, 3, 4, 5, 7, 8, 10, 13, 15, 22, 24]",23,0.651336233685519,1
6072,442,"[1, 2, 3, 5, 6, 9, 11, 12, 16, 22, 24]",352,"[1, 3, 4, 5, 7, 8, 10, 13, 15, 22, 24]",65,0.5570698466780238,1
6073,352,"[1, 3, 4, 5, 7, 8, 10, 13, 15, 22, 24]",433,"[1, 2, 3, 5, 6, 10, 13, 15, 17, 21, 23]",0,0.4528985507246377,0
6074,352,"[1, 3, 4, 5, 7, 8, 10, 13, 15, 22, 24]",433,"[1, 2, 3, 5, 6, 10, 13, 15, 17, 21, 23]",73,0.46360153256704983,1
6075,352,"[1, 3, 4, 5, 7, 8, 10, 13, 15, 22, 24]",433,"[1, 2, 3, 5, 6, 10, 13, 15, 17, 21, 23]",82,0.14733542319749215,0
6076,4231,"[1, 2, 3, 5, 6, 9, 11, 17, 19, 21, 23]",352,"[1, 3, 4, 5, 7, 8, 10, 13, 15, 22, 24]",0,0.5615573482988425,-1
6077,433,"[1, 2, 3, 5, 6, 10, 13, 15, 17, 21, 23]",352,"[1, 3, 4, 5, 7, 8, 10, 13, 15, 22, 24]",0,0.48388829215896884,1
6078,433,"[1, 2, 3, 5, 6, 10, 13, 15, 17, 21, 23]",343,"[1, 3, 4, 5, 7, 8, 9, 11, 17, 21, 23]",45,0.3435114503816794,0
6079,4231,"[1, 2, 3, 5, 6, 9, 11, 17, 19, 21, 23]",343,"[1, 3, 4, 5, 7, 8, 9, 11, 17, 21, 23]",49,0.4286878565607172,1
6080,41212,"[1, 2, 3, 5, 6, 10, 13, 15, 19, 22, 24]",3511,"[1, 3, 4, 5, 7, 8, 10, 13, 15, 19, 23]",0,0.7909379968203497,0
6081,352,"[1, 3, 4, 5, 7, 8, 10, 13, 15, 22, 24]",433,"[1, 2, 3, 5, 6, 10, 13, 15, 17, 21, 23]",0,0.47331910352187834,1
6082,352,"[1, 3, 4, 5, 7, 8, 10, 13, 15, 22, 24]",433,"[1, 2, 3, 5, 6, 10, 13, 15, 17, 21, 23]",45,0.782608695652174,1
6083,433,"[1, 2, 3, 5, 6, 10, 13, 15, 17, 21, 23]",352,"[1, 3, 4, 5, 7, 8, 10, 13, 15, 22, 24]",0,0.5109816225907665,-1
6084,4231,"[1, 2, 3, 5, 6, 9, 11, 17, 19, 21, 23]",352,"[1, 3, 4, 5, 7, 8, 10, 13, 15, 22, 24]",58,0.6317829457364341,0
6085,4231,"[1, 2, 3, 5, 6, 9, 11, 17, 19, 21, 23]",352,"[1, 3, 4, 5, 7, 8, 10, 13, 15, 22, 24]",81,0.7440476190476191,1
6086,433,"[1, 2, 3, 5, 6, 10, 13, 15, 17, 21, 23]",433,"[1, 2, 3, 5, 6, 10, 13, 15, 17, 21, 23]",0,0.48717948717948717,-1
6087,4231,"[1, 2, 3, 5, 6, 9, 11, 17, 19, 21, 23]",433,"[1, 2, 3, 5, 6, 10, 13, 15, 17, 21, 23]",58,0.5397727272727273,0
6088,343,"[1, 3, 4, 5, 7, 8, 9, 11, 17, 21, 23]",4231,"[1, 2, 3, 5, 6, 9, 11, 17, 19, 21, 23]",0,0.33261494252873564,0
6089,343,"[1, 3, 4, 5, 7, 8, 9, 11, 17, 21, 23]",4231,"[1, 2, 3, 5, 6, 9, 11, 17, 19, 21, 23]",33,0.32653061224489793,0
6090,343,"[1, 3, 4, 5, 7, 8, 9, 11, 17, 21, 23]",4231,"[1, 2, 3, 5, 6, 9, 11, 17, 19, 21, 23]",45,0.5642570281124498,0
6091,343,"[1, 3, 4, 5, 7, 8, 9, 11, 17, 21, 23]",4231,"[1, 2, 3, 5, 6, 9, 11, 17, 19, 21, 23]",57,0.37989556135770236,1
6092,343,"[1, 3, 4, 5, 7, 8, 9, 11, 17, 21, 23]",4231,"[1, 2, 3, 5, 6, 9, 11, 17, 19, 21, 23]",79,0.17763157894736842,0
6093,343,"[1, 3, 4, 5, 7, 8, 9, 11, 17, 21, 23]",433,"[1, 2, 3, 5, 6, 10, 13, 15, 17, 21, 23]",0,0.623229461756374,-1
6094,442,"[1, 2, 3, 5, 6, 9, 11, 12, 16, 22, 24]",4141,"[1, 2, 3, 5, 6, 10, 12, 13, 15, 16, 23]",0,0.650974025974026,0
6095,442,"[1, 2, 3, 5, 6, 9, 11, 12, 16, 22, 24]",4141,"[1, 2, 3, 5, 6, 10, 12, 13, 15, 16, 23]",32,0.49195402298850577,-1
6096,4231,"[1, 2, 3, 5, 6, 9, 11, 17, 19, 21, 23]",4141,"[1, 2, 3, 5, 6, 10, 12, 13, 15, 16, 23]",45,0.6902777777777778,0
6097,4231,"[1, 2, 3, 5, 6, 9, 11, 17, 19, 21, 23]",433,"[1, 2, 3, 5, 6, 10, 13, 15, 17, 21, 23]",0,0.4153846153846154,2
6098,4231,"[1, 2, 3, 5, 6, 9, 11, 17, 19, 21, 23]",433,"[1, 2, 3, 5, 6, 10, 13, 15, 17, 21, 23]",45,0.358974358974359,0
6099,4141,"[1, 2, 3, 5, 6, 10, 12, 13, 15, 16, 23]",433,"[1, 2, 3, 5, 6, 10, 13, 15, 17, 21, 23]",53,0.2695417789757412,0
6100,4141,"[1, 2, 3, 5, 6, 10, 12, 13, 15, 16, 23]",442,"[1, 2, 3, 5, 6, 9, 11, 12, 16, 22, 24]",63,0.4510739856801909,0
6101,4141,"[1, 2, 3, 5, 6, 10, 12, 13, 15, 16, 23]",352,"[1, 3, 4, 5, 7, 8, 10, 13, 15, 22, 24]",78,0.5317460317460317,0
6102,41212,"[1, 2, 3, 5, 6, 10, 13, 15, 19, 22, 24]",4141,"[1, 2, 3, 5, 6, 10, 12, 13, 15, 16, 23]",0,0.5677641653905053,0
6103,41212,"[1, 2, 3, 5, 6, 10, 13, 15, 19, 22, 24]",4141,"[1, 2, 3, 5, 6, 10, 12, 13, 15, 16, 23]",64,0.5929549902152642,0
6104,41212,"[1, 2, 3, 5, 6, 10, 13, 15, 19, 22, 24]",4141,"[1, 2, 3, 5, 6, 10, 12, 13, 15, 16, 23]",79,0.4439461883408072,0
6105,433,"[1, 2, 3, 5, 6, 10, 13, 15, 17, 21, 23]",4231,"[1, 2, 3, 5, 6, 9, 11, 17, 19, 21, 23]",0,0.5813844714686623,0
6106,433,"[1, 2, 3, 5, 6, 10, 13, 15, 17, 21, 23]",4231,"[1, 2, 3, 5, 6, 9, 11, 17, 19, 21, 23]",45,0.6206185567010309,-1
6107,4231,"[1, 2, 3, 5, 6, 9, 11, 17, 19, 21, 23]",4231,"[1, 2, 3, 5, 6, 9, 11, 17, 19, 21, 23]",56,0.6368098159509202,0
6108,4231,"[1, 2, 3, 5, 6, 9, 11, 17, 19, 21, 23]",4231,"[1, 2, 3, 5, 6, 9, 11, 17, 19, 21, 23]",82,0.5306122448979592,1
6109,4411,"[1, 2, 3, 5, 6, 9, 11, 12, 16, 19, 23]",433,"[1, 2, 3, 5, 6, 10, 13, 15, 17, 21, 23]",0,0.21688311688311687,0
6110,4411,"[1, 2, 3, 5, 6, 9, 11, 12, 16, 19, 23]",433,"[1, 2, 3, 5, 6, 10, 13, 15, 17, 21, 23]",17,0.2485207100591716,-1
6111,4411,"[1, 2, 3, 5, 6, 9, 11, 12, 16, 19, 23]",433,"[1, 2, 3, 5, 6, 10, 13, 15, 17, 21, 23]",32,0.24024483550114767,0
6112,4141,"[1, 2, 3, 5, 6, 10, 12, 13, 15, 16, 23]",433,"[1, 2, 3, 5, 6, 10, 13, 15, 17, 21, 23]",56,0.38132295719844356,0
6113,4141,"[1, 2, 3, 5, 6, 10, 12, 13, 15, 16, 23]",433,"[1, 2, 3, 5, 6, 10, 13, 15, 17, 21, 23]",72,0.14347826086956522,0
6114,343,"[1, 3, 4, 5, 7, 8, 9, 11, 17, 21, 23]",352,"[1, 3, 4, 5, 7, 8, 10, 13, 15, 22, 24]",0,0.4844961240310077,-1
6115,343,"[1, 3, 4, 5, 7, 8, 9, 11, 17, 21, 23]",352,"[1, 3, 4, 5, 7, 8, 10, 13, 15, 22, 24]",7,0.6006655574043261,0
6116,3412,"[1, 3, 4, 5, 7, 8, 9, 11, 19, 22, 24]",352,"[1, 3, 4, 5, 7, 8, 10, 13, 15, 22, 24]",22,0.5927835051546392,1
6117,343,"[1, 3, 4, 5, 7, 8, 9, 11, 17, 21, 23]",352,"[1, 3, 4, 5, 7, 8, 10, 13, 15, 22, 24]",45,0.5580395528804815,1
6118,3412,"[1, 3, 4, 5, 7, 8, 9, 11, 19, 22, 24]",352,"[1, 3, 4, 5, 7, 8, 10, 13, 15, 22, 24]",75,0.18181818181818182,0
6119,433,"[1, 2, 3, 5, 6, 10, 13, 15, 17, 21, 23]",4231,"[1, 2, 3, 5, 6, 9, 11, 17, 19, 21, 23]",0,0.371705217859064,-1
6120,433,"[1, 2, 3, 5, 6, 10, 13, 15, 17, 21, 23]",4231,"[1, 2, 3, 5, 6, 9, 11, 17, 19, 21, 23]",45,0.38883143743536713,0
6121,433,"[1, 2, 3, 5, 6, 10, 13, 15, 17, 21, 23]",433,"[1, 2, 3, 5, 6, 10, 13, 15, 17, 21, 23]",69,0.2696629213483146,0
6122,433,"[1, 2, 3, 5, 6, 10, 13, 15, 17, 21, 23]",433,"[1, 2, 3, 5, 6, 10, 13, 15, 17, 21, 23]",72,0.31728045325779036,0
6123,4411,"[1, 2, 3, 5, 6, 9, 11, 12, 16, 19, 23]",433,"[1, 2, 3, 5, 6, 10, 13, 15, 17, 21, 23]",0,0.4145899410965111,1
6124,442,"[1, 2, 3, 5, 6, 9, 11, 12, 16, 22, 24]",433,"[1, 2, 3, 5, 6, 10, 13, 15, 17, 21, 23]",57,0.5287356321839081,0
6125,442,"[1, 2, 3, 5, 6, 9, 11, 12, 16, 22, 24]",442,"[1, 2, 3, 5, 6, 9, 11, 12, 16, 22, 24]",63,0.484375,-1
6126,4231,"[1, 2, 3, 5, 6, 9, 11, 17, 19, 21, 23]",442,"[1, 2, 3, 5, 6, 9, 11, 12, 16, 22, 24]",75,0.5333333333333333,0
6127,4231,"[1, 2, 3, 5, 6, 9, 11, 17, 19, 21, 23]",433,"[1, 2, 3, 5, 6, 10, 13, 15, 17, 21, 23]",77,0.5975903614457831,1
6128,41212,"[1, 2, 3, 5, 6, 10, 13, 15, 19, 22, 24]",4411,"[1, 2, 3, 5, 6, 9, 11, 12, 16, 19, 23]",0,0.5326633165829145,0
6129,41212,"[1, 2, 3, 5, 6, 10, 13, 15, 19, 22, 24]",4411,"[1, 2, 3, 5, 6, 9, 11, 12, 16, 19, 23]",18,0.3736936936936937,0
6130,4231,"[1, 2, 3, 5, 6, 9, 11, 17, 19, 21, 23]",4141,"[1, 2, 3, 5, 6, 10, 12, 13, 15, 16, 23]",0,0.6487783595113438,1
6131,4231,"[1, 2, 3, 5, 6, 9, 11, 17, 19, 21, 23]",4141,"[1, 2, 3, 5, 6, 10, 12, 13, 15, 16, 23]",56,0.5705967976710334,0
6132,4231,"[1, 2, 3, 5, 6, 9, 11, 17, 19, 21, 23]",442,"[1, 2, 3, 5, 6, 9, 11, 12, 16, 22, 24]",71,0.3222591362126246,0
6133,4231,"[1, 2, 3, 5, 6, 9, 11, 17, 19, 21, 23]",433,"[1, 2, 3, 5, 6, 10, 13, 15, 17, 21, 23]",0,0.6526946107784432,0
6134,4231,"[1, 2, 3, 5, 6, 9, 11, 17, 19, 21, 23]",433,"[1, 2, 3, 5, 6, 10, 13, 15, 17, 21, 23]",11,0.6053962900505903,0
6135,4231,"[1, 2, 3, 5, 6, 9, 11, 17, 19, 21, 23]",433,"[1, 2, 3, 5, 6, 10, 13, 15, 17, 21, 23]",51,0.22641509433962265,0
6136,4231,"[1, 2, 3, 5, 6, 9, 11, 17, 19, 21, 23]",433,"[1, 2, 3, 5, 6, 10, 13, 15, 17, 21, 23]",53,0.6661631419939577,0
6137,442,"[1, 2, 3, 5, 6, 9, 11, 12, 16, 22, 24]",433,"[1, 2, 3, 5, 6, 10, 13, 15, 17, 21, 23]",70,0.5298126064735945,2
6138,41212,"[1, 2, 3, 5, 6, 10, 13, 15, 19, 22, 24]",3511,"[1, 3, 4, 5, 7, 8, 10, 13, 15, 19, 23]",0,0.628387689480937,-1
6139,41212,"[1, 2, 3, 5, 6, 10, 13, 15, 19, 22, 24]",3511,"[1, 3, 4, 5, 7, 8, 10, 13, 15, 19, 23]",55,0.3031496062992126,0
6140,41212,"[1, 2, 3, 5, 6, 10, 13, 15, 19, 22, 24]",3511,"[1, 3, 4, 5, 7, 8, 10, 13, 15, 19, 23]",61,0.6945392491467577,0
6141,41212,"[1, 2, 3, 5, 6, 10, 13, 15, 19, 22, 24]",4411,"[1, 2, 3, 5, 6, 9, 11, 12, 16, 19, 23]",77,1.0,0
6142,4231,"[1, 2, 3, 5, 6, 9, 11, 17, 19, 21, 23]",4411,"[1, 2, 3, 5, 6, 9, 11, 12, 16, 19, 23]",78,0.5148148148148148,1
6143,4231,"[1, 2, 3, 5, 6, 9, 11, 17, 19, 21, 23]",4411,"[1, 2, 3, 5, 6, 9, 11, 12, 16, 19, 23]",86,0.9313725490196079,0
6144,352,"[1, 3, 4, 5, 7, 8, 10, 13, 15, 22, 24]",433,"[1, 2, 3, 5, 6, 10, 13, 15, 17, 21, 23]",0,0.5294295200724419,1
6145,451,"[1, 2, 3, 5, 6, 12, 13, 14, 15, 16, 23]",433,"[1, 2, 3, 5, 6, 10, 13, 15, 17, 21, 23]",89,0.45,0
6146,4231,"[1, 2, 3, 5, 6, 9, 11, 17, 19, 21, 23]",352,"[1, 3, 4, 5, 7, 8, 10, 13, 15, 22, 24]",0,0.6229656419529838,2
6147,4231,"[1, 2, 3, 5, 6, 9, 11, 17, 19, 21, 23]",352,"[1, 3, 4, 5, 7, 8, 10, 13, 15, 22, 24]",26,0.516969696969697,0
6148,4231,"[1, 2, 3, 5, 6, 9, 11, 17, 19, 21, 23]",352,"[1, 3, 4, 5, 7, 8, 10, 13, 15, 22, 24]",66,0.753577106518283,0
6149,433,"[1, 2, 3, 5, 6, 10, 13, 15, 17, 21, 23]",352,"[1, 3, 4, 5, 7, 8, 10, 13, 15, 22, 24]",0,0.7593085106382979,0
6150,433,"[1, 2, 3, 5, 6, 10, 13, 15, 17, 21, 23]",352,"[1, 3, 4, 5, 7, 8, 10, 13, 15, 22, 24]",16,0.673671920607122,0
6151,433,"[1, 2, 3, 5, 6, 10, 13, 15, 17, 21, 23]",352,"[1, 3, 4, 5, 7, 8, 10, 13, 15, 22, 24]",64,0.7336683417085427,0
6152,433,"[1, 2, 3, 5, 6, 10, 13, 15, 17, 21, 23]",442,"[1, 2, 3, 5, 6, 9, 11, 12, 16, 22, 24]",0,0.4723148765843896,2
6153,352,"[1, 3, 4, 5, 7, 8, 10, 13, 15, 22, 24]",41212,"[1, 2, 3, 5, 6, 10, 13, 15, 19, 22, 24]",0,0.3863204559848005,0
6154,433,"[1, 2, 3, 5, 6, 10, 13, 15, 17, 21, 23]",442,"[1, 2, 3, 5, 6, 9, 11, 12, 16, 22, 24]",0,0.6890701468189233,0
6155,433,"[1, 2, 3, 5, 6, 10, 13, 15, 17, 21, 23]",4411,"[1, 2, 3, 5, 6, 9, 11, 12, 16, 19, 23]",73,0.6220472440944882,0
6156,352,"[1, 3, 4, 5, 7, 8, 10, 13, 15, 22, 24]",4411,"[1, 2, 3, 5, 6, 9, 11, 12, 16, 19, 23]",0,0.5664670658682635,0
6157,3421,"[1, 3, 4, 5, 7, 8, 9, 11, 18, 20, 23]",4411,"[1, 2, 3, 5, 6, 9, 11, 12, 16, 19, 23]",73,0.5967741935483871,0
6158,442,"[1, 2, 3, 5, 6, 9, 11, 12, 16, 22, 24]",41212,"[1, 2, 3, 5, 6, 10, 13, 15, 19, 22, 24]",0,0.49939759036144576,1
6159,442,"[1, 2, 3, 5, 6, 9, 11, 12, 16, 22, 24]",41212,"[1, 2, 3, 5, 6, 10, 13, 15, 19, 22, 24]",45,0.3561946902654867,1
6160,442,"[1, 2, 3, 5, 6, 9, 11, 12, 16, 22, 24]",41212,"[1, 2, 3, 5, 6, 10, 13, 15, 19, 22, 24]",60,0.3380281690140845,-1
6161,41212,"[1, 2, 3, 5, 6, 10, 13, 15, 19, 22, 24]",41212,"[1, 2, 3, 5, 6, 10, 13, 15, 19, 22, 24]",71,0.5970149253731343,0
6162,4411,"[1, 2, 3, 5, 6, 9, 11, 12, 15, 16, 23]",41212,"[1, 2, 3, 5, 6, 10, 13, 15, 19, 22, 24]",73,0.4472049689440994,0
6163,442,"[1, 2, 3, 5, 6, 9, 11, 12, 16, 22, 24]",343,"[1, 3, 4, 5, 7, 8, 9, 11, 17, 21, 23]",0,0.44268445185493954,2
6164,4231,"[1, 2, 3, 5, 6, 9, 11, 17, 19, 21, 23]",343,"[1, 3, 4, 5, 7, 8, 9, 11, 17, 21, 23]",62,0.5187165775401069,0
6165,4231,"[1, 2, 3, 5, 6, 9, 11, 17, 19, 21, 23]",442,"[1, 2, 3, 5, 6, 9, 11, 12, 16, 22, 24]",67,0.35148514851485146,1
6166,4231,"[1, 2, 3, 5, 6, 9, 11, 17, 19, 21, 23]",41212,"[1, 2, 3, 5, 6, 10, 13, 15, 19, 22, 24]",78,1.0,0
6167,433,"[1, 2, 3, 5, 6, 10, 13, 15, 17, 21, 23]",41212,"[1, 2, 3, 5, 6, 10, 13, 15, 19, 22, 24]",78,0.38257575757575757,0
6168,433,"[1, 2, 3, 5, 6, 10, 13, 15, 17, 21, 23]",442,"[1, 2, 3, 5, 6, 9, 11, 12, 16, 22, 24]",84,0.835820895522388,0
6169,4141,"[1, 2, 3, 5, 6, 10, 12, 13, 15, 16, 23]",41212,"[1, 2, 3, 5, 6, 10, 13, 15, 19, 22, 24]",0,0.4400212314225053,0
6170,4141,"[1, 2, 3, 5, 6, 10, 12, 13, 15, 16, 23]",41212,"[1, 2, 3, 5, 6, 10, 13, 15, 19, 22, 24]",45,0.3359580052493438,0
6171,442,"[1, 2, 3, 5, 6, 9, 11, 12, 16, 22, 24]",343,"[1, 3, 4, 5, 7, 8, 9, 11, 17, 21, 23]",0,0.5816046966731898,2
6172,4231,"[1, 2, 3, 5, 6, 9, 11, 17, 19, 21, 23]",433,"[1, 2, 3, 5, 6, 10, 13, 15, 17, 21, 23]",0,0.5890233362143474,-1
6173,4231,"[1, 2, 3, 5, 6, 9, 11, 17, 19, 21, 23]",433,"[1, 2, 3, 5, 6, 10, 13, 15, 17, 21, 23]",58,0.5516304347826086,1
6174,352,"[1, 3, 4, 5, 7, 8, 10, 13, 15, 22, 24]",433,"[1, 2, 3, 5, 6, 10, 13, 15, 17, 21, 23]",0,0.6198428290766208,0
6175,352,"[1, 3, 4, 5, 7, 8, 10, 13, 15, 22, 24]",41212,"[1, 2, 3, 5, 6, 10, 13, 15, 19, 22, 24]",22,0.5669191919191919,0
6176,352,"[1, 3, 4, 5, 7, 8, 10, 13, 15, 22, 24]",4231,"[1, 2, 3, 5, 6, 9, 11, 17, 19, 21, 23]",45,0.5629860031104199,0
6177,3511,"[1, 3, 4, 5, 7, 8, 10, 13, 15, 19, 23]",4231,"[1, 2, 3, 5, 6, 9, 11, 17, 19, 21, 23]",62,0.5698924731182796,0
6178,433,"[1, 2, 3, 5, 6, 10, 13, 15, 17, 21, 23]",352,"[1, 3, 4, 5, 7, 8, 10, 13, 15, 22, 24]",0,0.5063829787234042,1
6179,433,"[1, 2, 3, 5, 6, 10, 13, 15, 17, 21, 23]",352,"[1, 3, 4, 5, 7, 8, 10, 13, 15, 22, 24]",13,0.4,-2
6180,433,"[1, 2, 3, 5, 6, 10, 13, 15, 17, 21, 23]",352,"[1, 3, 4, 5, 7, 8, 10, 13, 15, 22, 24]",37,0.6020651310563939,-1
6181,433,"[1, 2, 3, 5, 6, 10, 13, 15, 17, 21, 23]",352,"[1, 3, 4, 5, 7, 8, 10, 13, 15, 22, 24]",68,0.5551601423487544,0
6182,352,"[1, 3, 4, 5, 7, 8, 10, 13, 15, 22, 24]",433,"[1, 2, 3, 5, 6, 10, 13, 15, 17, 21, 23]",0,0.4934626739772248,0
6183,352,"[1, 3, 4, 5, 7, 8, 10, 13, 15, 22, 24]",433,"[1, 2, 3, 5, 6, 10, 13, 15, 17, 21, 23]",62,0.47854785478547857,0
6184,352,"[1, 3, 4, 5, 7, 8, 10, 13, 15, 22, 24]",433,"[1, 2, 3, 5, 6, 10, 13, 15, 17, 21, 23]",74,0.38961038961038963,0
6185,352,"[1, 3, 4, 5, 7, 8, 10, 13, 15, 22, 24]",433,"[1, 2, 3, 5, 6, 10, 13, 15, 17, 21, 23]",76,0.5466101694915254,-1
6186,442,"[1, 2, 3, 5, 6, 9, 11, 12, 16, 22, 24]",433,"[1, 2, 3, 5, 6, 10, 13, 15, 17, 21, 23]",0,0.490987560294491,0
6187,4141,"[1, 2, 3, 5, 6, 10, 12, 13, 15, 16, 23]",433,"[1, 2, 3, 5, 6, 10, 13, 15, 17, 21, 23]",85,0.2827586206896552,1
6188,41212,"[1, 2, 3, 5, 6, 10, 13, 15, 19, 22, 24]",433,"[1, 2, 3, 5, 6, 10, 13, 15, 17, 21, 23]",0,0.42424242424242425,0
6189,41212,"[1, 2, 3, 5, 6, 10, 13, 15, 19, 22, 24]",41212,"[1, 2, 3, 5, 6, 10, 13, 15, 19, 22, 24]",0,0.7362514029180696,-1
6190,41212,"[1, 2, 3, 5, 6, 10, 13, 15, 19, 22, 24]",433,"[1, 2, 3, 5, 6, 10, 13, 15, 17, 21, 23]",24,0.71875,1
6191,41212,"[1, 2, 3, 5, 6, 10, 13, 15, 19, 22, 24]",352,"[1, 3, 4, 5, 7, 8, 10, 13, 15, 22, 24]",69,0.8442028985507246,-1
6192,352,"[1, 3, 4, 5, 7, 8, 10, 13, 15, 22, 24]",4231,"[1, 2, 3, 5, 6, 9, 11, 17, 19, 21, 23]",0,0.2644927536231884,0
6193,352,"[1, 3, 4, 5, 7, 8, 10, 13, 15, 22, 24]",433,"[1, 2, 3, 5, 6, 10, 13, 15, 17, 21, 23]",45,0.22720897615708274,-2
6194,4231,"[1, 2, 3, 5, 6, 9, 11, 17, 19, 21, 23]",433,"[1, 2, 3, 5, 6, 10, 13, 15, 17, 21, 23]",85,0.4049079754601227,0
6195,433,"[1, 2, 3, 5, 6, 10, 13, 15, 17, 21, 23]",442,"[1, 2, 3, 5, 6, 9, 11, 12, 16, 22, 24]",0,0.5723830734966593,0
6196,433,"[1, 2, 3, 5, 6, 10, 13, 15, 17, 21, 23]",442,"[1, 2, 3, 5, 6, 9, 11, 12, 16, 22, 24]",10,0.6563876651982379,2
6197,433,"[1, 2, 3, 5, 6, 10, 13, 15, 17, 21, 23]",442,"[1, 2, 3, 5, 6, 9, 11, 12, 16, 22, 24]",50,0.525,0
6198,433,"[1, 2, 3, 5, 6, 10, 13, 15, 17, 21, 23]",442,"[1, 2, 3, 5, 6, 9, 11, 12, 16, 22, 24]",54,0.6692667706708268,0
6199,433,"[1, 2, 3, 5, 6, 10, 13, 15, 17, 21, 23]",352,"[1, 3, 4, 5, 7, 8, 10, 13, 15, 22, 24]",67,0.27835051546391754,0
6200,433,"[1, 2, 3, 5, 6, 10, 13, 15, 17, 21, 23]",433,"[1, 2, 3, 5, 6, 10, 13, 15, 17, 21, 23]",0,0.6693322670931627,1
6201,433,"[1, 2, 3, 5, 6, 10, 13, 15, 17, 21, 23]",433,"[1, 2, 3, 5, 6, 10, 13, 15, 17, 21, 23]",72,0.28205128205128205,0
6202,433,"[1, 2, 3, 5, 6, 10, 13, 15, 17, 21, 23]",442,"[1, 2, 3, 5, 6, 9, 11, 12, 16, 22, 24]",75,0.38202247191011235,0
6203,4141,"[1, 2, 3, 5, 6, 10, 12, 13, 15, 16, 23]",343,"[1, 3, 4, 5, 7, 8, 9, 11, 17, 21, 23]",0,0.3551980198019802,-1
6204,4231,"[1, 2, 3, 5, 6, 9, 11, 17, 19, 21, 23]",343,"[1, 3, 4, 5, 7, 8, 9, 11, 17, 21, 23]",19,0.4158751696065129,1
6205,4231,"[1, 2, 3, 5, 6, 9, 11, 17, 19, 21, 23]",343,"[1, 3, 4, 5, 7, 8, 9, 11, 17, 21, 23]",56,0.8360655737704918,0
6206,4231,"[1, 2, 3, 5, 6, 9, 11, 17, 19, 21, 23]",343,"[1, 3, 4, 5, 7, 8, 9, 11, 17, 21, 23]",58,0.7272727272727273,0
6207,4231,"[1, 2, 3, 5, 6, 9, 11, 17, 19, 21, 23]",343,"[1, 3, 4, 5, 7, 8, 9, 11, 17, 21, 23]",67,0.6115326251896813,0
6208,442,"[1, 2, 3, 5, 6, 9, 11, 12, 16, 22, 24]",352,"[1, 3, 4, 5, 7, 8, 10, 13, 15, 22, 24]",0,0.7740053050397878,1
6209,352,"[1, 3, 4, 5, 7, 8, 10, 13, 15, 22, 24]",352,"[1, 3, 4, 5, 7, 8, 10, 13, 15, 22, 24]",45,0.639261744966443,0
6210,442,"[1, 2, 3, 5, 6, 9, 11, 12, 16, 22, 24]",352,"[1, 3, 4, 5, 7, 8, 10, 13, 15, 22, 24]",75,0.8047808764940239,0
6211,352,"[1, 3, 4, 5, 7, 8, 10, 13, 15, 22, 24]",3421,"[1, 3, 4, 5, 7, 8, 9, 11, 18, 20, 23]",0,0.5786308973172988,0
6212,352,"[1, 3, 4, 5, 7, 8, 10, 13, 15, 22, 24]",3421,"[1, 3, 4, 5, 7, 8, 9, 11, 18, 20, 23]",45,0.5980926430517711,1
6213,433,"[1, 2, 3, 5, 6, 10, 13, 15, 17, 21, 23]",352,"[1, 3, 4, 5, 7, 8, 10, 13, 15, 22, 24]",0,0.47101449275362317,1
6214,3412,"[1, 3, 4, 5, 7, 8, 9, 11, 19, 22, 24]",352,"[1, 3, 4, 5, 7, 8, 10, 13, 15, 22, 24]",0,0.6105944197331177,1
6215,3412,"[1, 3, 4, 5, 7, 8, 9, 11, 19, 22, 24]",352,"[1, 3, 4, 5, 7, 8, 10, 13, 15, 22, 24]",66,0.5539033457249071,1
6216,433,"[1, 2, 3, 5, 6, 10, 13, 15, 17, 21, 23]",442,"[1, 2, 3, 5, 6, 9, 11, 12, 16, 22, 24]",0,0.5890968266883645,1
6217,433,"[1, 2, 3, 5, 6, 10, 13, 15, 17, 21, 23]",442,"[1, 2, 3, 5, 6, 9, 11, 12, 16, 22, 24]",68,0.5371900826446281,1
6218,433,"[1, 2, 3, 5, 6, 10, 13, 15, 17, 21, 23]",442,"[1, 2, 3, 5, 6, 9, 11, 12, 16, 22, 24]",74,0.5766773162939297,0
6219,433,"[1, 2, 3, 5, 6, 10, 13, 15, 17, 21, 23]",4231,"[1, 2, 3, 5, 6, 9, 11, 17, 19, 21, 23]",0,0.5259182972880192,0
6220,433,"[1, 2, 3, 5, 6, 10, 13, 15, 17, 21, 23]",4231,"[1, 2, 3, 5, 6, 9, 11, 17, 19, 21, 23]",68,0.4375,0
6221,352,"[1, 3, 4, 5, 7, 8, 10, 13, 15, 22, 24]",433,"[1, 2, 3, 5, 6, 10, 13, 15, 17, 21, 23]",0,0.6156078684295389,1
6222,4231,"[1, 2, 3, 5, 6, 9, 11, 17, 19, 21, 23]",442,"[1, 2, 3, 5, 6, 9, 11, 12, 16, 22, 24]",0,0.6768265351860152,2
6223,4231,"[1, 2, 3, 5, 6, 9, 11, 17, 19, 21, 23]",442,"[1, 2, 3, 5, 6, 9, 11, 12, 16, 22, 24]",60,0.6928446771378709,0
6224,4231,"[1, 2, 3, 5, 6, 9, 11, 17, 19, 21, 23]",41212,"[1, 2, 3, 5, 6, 10, 13, 15, 19, 22, 24]",76,0.6010498687664042,1
6225,352,"[1, 3, 4, 5, 7, 8, 10, 13, 15, 22, 24]",433,"[1, 2, 3, 5, 6, 10, 13, 15, 17, 21, 23]",0,0.3963352561927384,1
6226,352,"[1, 3, 4, 5, 7, 8, 10, 13, 15, 22, 24]",433,"[1, 2, 3, 5, 6, 10, 13, 15, 17, 21, 23]",72,0.0425531914893617,0
6227,352,"[1, 3, 4, 5, 7, 8, 10, 13, 15, 22, 24]",433,"[1, 2, 3, 5, 6, 10, 13, 15, 17, 21, 23]",73,0.48905109489051096,0
6228,352,"[1, 3, 4, 5, 7, 8, 10, 13, 15, 22, 24]",4231,"[1, 2, 3, 5, 6, 9, 11, 17, 19, 21, 23]",81,0.30057803468208094,0
6229,433,"[1, 2, 3, 5, 6, 10, 13, 15, 17, 21, 23]",41212,"[1, 2, 3, 5, 6, 10, 13, 15, 19, 22, 24]",0,0.6492637215528781,-1
6230,3421,"[1, 3, 4, 5, 7, 8, 9, 11, 18, 20, 23]",41212,"[1, 2, 3, 5, 6, 10, 13, 15, 19, 22, 24]",0,0.5849673202614379,-2
6231,3421,"[1, 3, 4, 5, 7, 8, 9, 11, 18, 20, 23]",41212,"[1, 2, 3, 5, 6, 10, 13, 15, 19, 22, 24]",45,0.6596026490066225,2
6232,4411,"[1, 2, 3, 5, 6, 9, 11, 12, 16, 19, 23]",41212,"[1, 2, 3, 5, 6, 10, 13, 15, 19, 22, 24]",0,0.41335740072202165,-2
6233,4411,"[1, 2, 3, 5, 6, 9, 11, 12, 16, 19, 23]",41212,"[1, 2, 3, 5, 6, 10, 13, 15, 19, 22, 24]",27,0.6320132013201321,0
6234,4411,"[1, 2, 3, 5, 6, 9, 11, 12, 16, 19, 23]",41212,"[1, 2, 3, 5, 6, 10, 13, 15, 19, 22, 24]",46,0.7252032520325203,1
6235,4411,"[1, 2, 3, 5, 6, 9, 11, 12, 16, 19, 23]",442,"[1, 2, 3, 5, 6, 9, 11, 12, 16, 22, 24]",66,0.9047619047619048,0
6236,4411,"[1, 2, 3, 5, 6, 9, 11, 12, 16, 19, 23]",442,"[1, 2, 3, 5, 6, 9, 11, 12, 16, 22, 24]",70,0.46634615384615385,0
6237,4411,"[1, 2, 3, 5, 6, 9, 11, 12, 16, 19, 23]",442,"[1, 2, 3, 5, 6, 9, 11, 12, 16, 22, 24]",77,0.5348837209302325,0
6238,433,"[1, 2, 3, 5, 6, 10, 13, 15, 17, 21, 23]",352,"[1, 3, 4, 5, 7, 8, 10, 13, 15, 22, 24]",0,0.6152815013404825,0
6239,433,"[1, 2, 3, 5, 6, 10, 13, 15, 17, 21, 23]",352,"[1, 3, 4, 5, 7, 8, 10, 13, 15, 22, 24]",19,0.5984848484848485,-1
6240,4231,"[1, 2, 3, 5, 6, 9, 11, 17, 19, 21, 23]",352,"[1, 3, 4, 5, 7, 8, 10, 13, 15, 22, 24]",71,0.7450424929178471,0
6241,433,"[1, 2, 3, 5, 6, 10, 13, 15, 17, 21, 23]",433,"[1, 2, 3, 5, 6, 10, 13, 15, 17, 21, 23]",0,0.24912280701754386,0
6242,433,"[1, 2, 3, 5, 6, 10, 13, 15, 17, 21, 23]",433,"[1, 2, 3, 5, 6, 10, 13, 15, 17, 21, 23]",47,0.32965686274509803,-1
6243,442,"[1, 2, 3, 5, 6, 9, 11, 12, 16, 22, 24]",433,"[1, 2, 3, 5, 6, 10, 13, 15, 17, 21, 23]",69,0.44715447154471544,0
6244,442,"[1, 2, 3, 5, 6, 9, 11, 12, 16, 22, 24]",433,"[1, 2, 3, 5, 6, 10, 13, 15, 17, 21, 23]",72,0.21081081081081082,-1
6245,41212,"[1, 2, 3, 5, 6, 10, 13, 15, 19, 22, 24]",41212,"[1, 2, 3, 5, 6, 10, 13, 15, 19, 22, 24]",0,0.41002949852507375,-1
6246,41212,"[1, 2, 3, 5, 6, 10, 13, 15, 19, 22, 24]",433,"[1, 2, 3, 5, 6, 10, 13, 15, 17, 21, 23]",45,0.48819875776397514,0
6247,41212,"[1, 2, 3, 5, 6, 10, 13, 15, 19, 22, 24]",433,"[1, 2, 3, 5, 6, 10, 13, 15, 17, 21, 23]",69,0.4260869565217391,0
6248,4231,"[1, 2, 3, 5, 6, 9, 11, 17, 19, 21, 23]",433,"[1, 2, 3, 5, 6, 10, 13, 15, 17, 21, 23]",75,0.0,0
6249,4231,"[1, 2, 3, 5, 6, 9, 11, 17, 19, 21, 23]",433,"[1, 2, 3, 5, 6, 10, 13, 15, 17, 21, 23]",76,0.4479166666666667,0
6250,433,"[1, 2, 3, 5, 6, 10, 13, 15, 17, 21, 23]",433,"[1, 2, 3, 5, 6, 10, 13, 15, 17, 21, 23]",0,0.5156739811912225,0
6251,433,"[1, 2, 3, 5, 6, 10, 13, 15, 17, 21, 23]",433,"[1, 2, 3, 5, 6, 10, 13, 15, 17, 21, 23]",41,0.550321199143469,0
6252,433,"[1, 2, 3, 5, 6, 10, 13, 15, 17, 21, 23]",442,"[1, 2, 3, 5, 6, 9, 11, 12, 16, 22, 24]",0,0.4253472222222222,1
6253,433,"[1, 2, 3, 5, 6, 10, 13, 15, 17, 21, 23]",442,"[1, 2, 3, 5, 6, 9, 11, 12, 16, 22, 24]",29,0.35609756097560974,0
6254,4231,"[1, 2, 3, 5, 6, 9, 11, 17, 19, 21, 23]",433,"[1, 2, 3, 5, 6, 10, 13, 15, 17, 21, 23]",0,0.667358803986711,0
6255,352,"[1, 3, 4, 5, 7, 8, 10, 13, 15, 22, 24]",433,"[1, 2, 3, 5, 6, 10, 13, 15, 17, 21, 23]",0,0.8521341463414634,1
6256,352,"[1, 3, 4, 5, 7, 8, 10, 13, 15, 22, 24]",41212,"[1, 2, 3, 5, 6, 10, 13, 15, 19, 22, 24]",17,0.4509316770186335,1
6257,352,"[1, 3, 4, 5, 7, 8, 10, 13, 15, 22, 24]",41212,"[1, 2, 3, 5, 6, 10, 13, 15, 19, 22, 24]",35,0.37708830548926014,0
6258,3511,"[1, 3, 4, 5, 7, 8, 10, 13, 15, 19, 23]",352,"[1, 3, 4, 5, 7, 8, 10, 13, 15, 22, 24]",0,0.39689669252756227,-1
6259,343,"[1, 3, 4, 5, 7, 8, 9, 11, 17, 21, 23]",352,"[1, 3, 4, 5, 7, 8, 10, 13, 15, 22, 24]",55,0.33867276887871856,0
6260,343,"[1, 3, 4, 5, 7, 8, 9, 11, 17, 21, 23]",352,"[1, 3, 4, 5, 7, 8, 10, 13, 15, 22, 24]",70,0.2784090909090909,0
6261,3412,"[1, 3, 4, 5, 7, 8, 9, 11, 19, 22, 24]",4231,"[1, 2, 3, 5, 6, 9, 11, 17, 19, 21, 23]",0,0.5102286401925391,0
6262,3412,"[1, 3, 4, 5, 7, 8, 9, 11, 19, 22, 24]",4231,"[1, 2, 3, 5, 6, 9, 11, 17, 19, 21, 23]",45,0.25,0
6263,3412,"[1, 3, 4, 5, 7, 8, 9, 11, 19, 22, 24]",433,"[1, 2, 3, 5, 6, 10, 13, 15, 17, 21, 23]",45,0.4607142857142857,0
6264,3412,"[1, 3, 4, 5, 7, 8, 9, 11, 19, 22, 24]",433,"[1, 2, 3, 5, 6, 10, 13, 15, 17, 21, 23]",51,0.5,-1
6265,3412,"[1, 3, 4, 5, 7, 8, 9, 11, 19, 22, 24]",433,"[1, 2, 3, 5, 6, 10, 13, 15, 17, 21, 23]",53,0.603399433427762,1
6266,3412,"[1, 3, 4, 5, 7, 8, 9, 11, 19, 22, 24]",433,"[1, 2, 3, 5, 6, 10, 13, 15, 17, 21, 23]",75,0.6153846153846154,0
6267,3412,"[1, 3, 4, 5, 7, 8, 9, 11, 19, 22, 24]",442,"[1, 2, 3, 5, 6, 9, 11, 12, 16, 22, 24]",77,0.4027777777777778,0
6268,442,"[1, 2, 3, 5, 6, 9, 11, 12, 16, 22, 24]",442,"[1, 2, 3, 5, 6, 9, 11, 12, 16, 22, 24]",81,0.6581196581196581,-1
6269,343,"[1, 3, 4, 5, 7, 8, 9, 11, 17, 21, 23]",4231,"[1, 2, 3, 5, 6, 9, 11, 17, 19, 21, 23]",0,0.37057010785824346,1
6270,4411,"[1, 2, 3, 5, 6, 9, 11, 12, 16, 19, 23]",4231,"[1, 2, 3, 5, 6, 9, 11, 17, 19, 21, 23]",34,0.05263157894736842,0
6271,4411,"[1, 2, 3, 5, 6, 9, 11, 12, 16, 19, 23]",4411,"[1, 2, 3, 5, 6, 9, 11, 12, 16, 19, 23]",35,0.37971014492753624,0
6272,3412,"[1, 3, 4, 5, 7, 8, 9, 11, 19, 22, 24]",4411,"[1, 2, 3, 5, 6, 9, 11, 12, 16, 19, 23]",55,0.4616915422885572,1
6273,433,"[1, 2, 3, 5, 6, 10, 13, 15, 17, 21, 23]",433,"[1, 2, 3, 5, 6, 10, 13, 15, 17, 21, 23]",0,0.44691452663855885,-2
6274,433,"[1, 2, 3, 5, 6, 10, 13, 15, 17, 21, 23]",433,"[1, 2, 3, 5, 6, 10, 13, 15, 17, 21, 23]",59,0.4918032786885246,0
6275,433,"[1, 2, 3, 5, 6, 10, 13, 15, 17, 21, 23]",433,"[1, 2, 3, 5, 6, 10, 13, 15, 17, 21, 23]",79,0.4207920792079208,0
6276,433,"[1, 2, 3, 5, 6, 10, 13, 15, 17, 21, 23]",433,"[1, 2, 3, 5, 6, 10, 13, 15, 17, 21, 23]",83,0.3333333333333333,0
6277,41212,"[1, 2, 3, 5, 6, 10, 13, 15, 19, 22, 24]",4231,"[1, 2, 3, 5, 6, 9, 11, 17, 19, 21, 23]",0,0.5031884057971014,0
6278,41212,"[1, 2, 3, 5, 6, 10, 13, 15, 19, 22, 24]",4231,"[1, 2, 3, 5, 6, 9, 11, 17, 19, 21, 23]",39,0.5104166666666666,0
6279,352,"[1, 3, 4, 5, 7, 8, 10, 13, 15, 22, 24]",3511,"[1, 3, 4, 5, 7, 8, 10, 13, 15, 19, 23]",0,0.6342200725513906,-2
6280,4411,"[1, 2, 3, 5, 6, 9, 11, 12, 16, 19, 23]",3511,"[1, 3, 4, 5, 7, 8, 10, 13, 15, 19, 23]",45,0.3793706293706294,0
6281,4411,"[1, 2, 3, 5, 6, 9, 11, 12, 16, 19, 23]",3511,"[1, 3, 4, 5, 7, 8, 10, 13, 15, 19, 23]",59,0.45799011532125206,0
6282,352,"[1, 3, 4, 5, 7, 8, 10, 13, 15, 22, 24]",3511,"[1, 3, 4, 5, 7, 8, 10, 13, 15, 19, 23]",0,0.5943708609271523,2
6283,352,"[1, 3, 4, 5, 7, 8, 10, 13, 15, 22, 24]",41212,"[1, 2, 3, 5, 6, 10, 13, 15, 19, 22, 24]",15,0.6258258258258258,1
6284,352,"[1, 3, 4, 5, 7, 8, 10, 13, 15, 22, 24]",4411,"[1, 2, 3, 5, 6, 9, 11, 12, 16, 19, 23]",54,0.6947218259629101,0
6285,41212,"[1, 2, 3, 5, 6, 10, 13, 15, 19, 22, 24]",41212,"[1, 2, 3, 5, 6, 10, 13, 15, 19, 22, 24]",0,0.40783289817232377,-1
6286,442,"[1, 2, 3, 5, 6, 9, 11, 12, 16, 22, 24]",41212,"[1, 2, 3, 5, 6, 10, 13, 15, 19, 22, 24]",45,0.2517385257301808,-1
6287,442,"[1, 2, 3, 5, 6, 9, 11, 12, 16, 22, 24]",41212,"[1, 2, 3, 5, 6, 10, 13, 15, 19, 22, 24]",62,0.18248175182481752,0
6288,442,"[1, 2, 3, 5, 6, 9, 11, 12, 16, 22, 24]",41212,"[1, 2, 3, 5, 6, 10, 13, 15, 19, 22, 24]",65,0.37209302325581395,0
6289,442,"[1, 2, 3, 5, 6, 9, 11, 12, 16, 22, 24]",41212,"[1, 2, 3, 5, 6, 10, 13, 15, 19, 22, 24]",77,0.5429864253393665,-1
6290,433,"[1, 2, 3, 5, 6, 10, 13, 15, 17, 21, 23]",433,"[1, 2, 3, 5, 6, 10, 13, 15, 17, 21, 23]",0,0.4143692564745196,2
6291,433,"[1, 2, 3, 5, 6, 10, 13, 15, 17, 21, 23]",4411,"[1, 2, 3, 5, 6, 9, 11, 12, 16, 19, 23]",59,0.7101449275362319,0
6292,433,"[1, 2, 3, 5, 6, 10, 13, 15, 17, 21, 23]",4411,"[1, 2, 3, 5, 6, 9, 11, 12, 16, 19, 23]",69,0.43157894736842106,0
6293,433,"[1, 2, 3, 5, 6, 10, 13, 15, 17, 21, 23]",4411,"[1, 2, 3, 5, 6, 9, 11, 12, 16, 19, 23]",71,0.5123674911660777,0
6294,433,"[1, 2, 3, 5, 6, 10, 13, 15, 17, 21, 23]",4411,"[1, 2, 3, 5, 6, 9, 11, 12, 16, 19, 23]",80,1.0,0
6295,433,"[1, 2, 3, 5, 6, 10, 13, 15, 17, 21, 23]",41212,"[1, 2, 3, 5, 6, 10, 13, 15, 19, 22, 24]",0,0.7206405693950177,0
6296,433,"[1, 2, 3, 5, 6, 10, 13, 15, 17, 21, 23]",41212,"[1, 2, 3, 5, 6, 10, 13, 15, 19, 22, 24]",15,0.8400633412509897,1
6297,433,"[1, 2, 3, 5, 6, 10, 13, 15, 17, 21, 23]",41212,"[1, 2, 3, 5, 6, 10, 13, 15, 19, 22, 24]",45,0.6557377049180327,2
6298,433,"[1, 2, 3, 5, 6, 10, 13, 15, 17, 21, 23]",41212,"[1, 2, 3, 5, 6, 10, 13, 15, 19, 22, 24]",65,0.2222222222222222,0
6299,433,"[1, 2, 3, 5, 6, 10, 13, 15, 17, 21, 23]",41212,"[1, 2, 3, 5, 6, 10, 13, 15, 19, 22, 24]",67,0.6043956043956044,1
6300,433,"[1, 2, 3, 5, 6, 10, 13, 15, 17, 21, 23]",41212,"[1, 2, 3, 5, 6, 10, 13, 15, 19, 22, 24]",0,0.75,0
6301,433,"[1, 2, 3, 5, 6, 10, 13, 15, 17, 21, 23]",41212,"[1, 2, 3, 5, 6, 10, 13, 15, 19, 22, 24]",12,0.6068111455108359,1
6302,433,"[1, 2, 3, 5, 6, 10, 13, 15, 17, 21, 23]",41212,"[1, 2, 3, 5, 6, 10, 13, 15, 19, 22, 24]",26,0.5287356321839081,0
6303,433,"[1, 2, 3, 5, 6, 10, 13, 15, 17, 21, 23]",41212,"[1, 2, 3, 5, 6, 10, 13, 15, 19, 22, 24]",32,0.6366666666666667,1
6304,433,"[1, 2, 3, 5, 6, 10, 13, 15, 17, 21, 23]",41212,"[1, 2, 3, 5, 6, 10, 13, 15, 19, 22, 24]",45,0.604982206405694,0
6305,433,"[1, 2, 3, 5, 6, 10, 13, 15, 17, 21, 23]",41212,"[1, 2, 3, 5, 6, 10, 13, 15, 19, 22, 24]",59,0.5810526315789474,0
6306,352,"[1, 3, 4, 5, 7, 8, 10, 13, 15, 22, 24]",3412,"[1, 3, 4, 5, 7, 8, 9, 11, 19, 22, 24]",0,0.5665256229431124,-2
6307,442,"[1, 2, 3, 5, 6, 9, 11, 12, 16, 22, 24]",3412,"[1, 3, 4, 5, 7, 8, 9, 11, 19, 22, 24]",57,0.5630630630630631,0
6308,442,"[1, 2, 3, 5, 6, 9, 11, 12, 16, 22, 24]",343,"[1, 3, 4, 5, 7, 8, 9, 11, 17, 21, 23]",65,0.5291005291005291,0
6309,442,"[1, 2, 3, 5, 6, 9, 11, 12, 16, 22, 24]",343,"[1, 3, 4, 5, 7, 8, 9, 11, 17, 21, 23]",72,0.5393258426966292,-1
6310,4231,"[1, 2, 3, 5, 6, 9, 11, 17, 19, 21, 23]",352,"[1, 3, 4, 5, 7, 8, 10, 13, 15, 22, 24]",0,0.421379058737687,2
6311,4231,"[1, 2, 3, 5, 6, 9, 11, 17, 19, 21, 23]",352,"[1, 3, 4, 5, 7, 8, 10, 13, 15, 22, 24]",70,0.1951219512195122,0
6312,442,"[1, 2, 3, 5, 6, 9, 11, 12, 16, 22, 24]",433,"[1, 2, 3, 5, 6, 10, 13, 15, 17, 21, 23]",0,0.43208430913348944,0
6313,442,"[1, 2, 3, 5, 6, 9, 11, 12, 16, 22, 24]",433,"[1, 2, 3, 5, 6, 10, 13, 15, 17, 21, 23]",29,0.3333333333333333,0
6314,442,"[1, 2, 3, 5, 6, 9, 11, 12, 16, 22, 24]",433,"[1, 2, 3, 5, 6, 10, 13, 15, 17, 21, 23]",30,0.3428927680798005,0
6315,442,"[1, 2, 3, 5, 6, 9, 11, 12, 16, 22, 24]",433,"[1, 2, 3, 5, 6, 10, 13, 15, 17, 21, 23]",76,0.9074074074074074,0
6316,4231,"[1, 2, 3, 5, 6, 9, 11, 17, 19, 21, 23]",343,"[1, 3, 4, 5, 7, 8, 9, 11, 17, 21, 23]",0,0.6937189054726368,0
6317,4231,"[1, 2, 3, 5, 6, 9, 11, 17, 19, 21, 23]",343,"[1, 3, 4, 5, 7, 8, 9, 11, 17, 21, 23]",86,0.6428571428571429,0
6318,4411,"[1, 2, 3, 5, 6, 9, 11, 12, 16, 19, 23]",433,"[1, 2, 3, 5, 6, 10, 13, 15, 17, 21, 23]",0,0.4028169014084507,0
6319,4411,"[1, 2, 3, 5, 6, 9, 11, 12, 16, 19, 23]",433,"[1, 2, 3, 5, 6, 10, 13, 15, 17, 21, 23]",18,0.4749124854142357,-2
6320,4411,"[1, 2, 3, 5, 6, 9, 11, 12, 16, 19, 23]",433,"[1, 2, 3, 5, 6, 10, 13, 15, 17, 21, 23]",45,0.5477707006369427,0
6321,4411,"[1, 2, 3, 5, 6, 9, 11, 12, 16, 19, 23]",433,"[1, 2, 3, 5, 6, 10, 13, 15, 17, 21, 23]",49,0.5736636245110821,0
6322,4411,"[1, 2, 3, 5, 6, 9, 11, 12, 16, 19, 23]",442,"[1, 2, 3, 5, 6, 9, 11, 12, 16, 22, 24]",67,0.717948717948718,0
6323,4411,"[1, 2, 3, 5, 6, 9, 11, 12, 16, 19, 23]",442,"[1, 2, 3, 5, 6, 9, 11, 12, 16, 22, 24]",69,0.5260115606936416,-1
6324,4411,"[1, 2, 3, 5, 6, 9, 11, 12, 16, 19, 23]",41212,"[1, 2, 3, 5, 6, 10, 13, 15, 19, 22, 24]",81,0.8697674418604651,1
6325,4231,"[1, 2, 3, 5, 6, 9, 11, 17, 19, 21, 23]",41212,"[1, 2, 3, 5, 6, 10, 13, 15, 19, 22, 24]",0,0.4567404426559356,0
6326,4411,"[1, 2, 3, 5, 6, 9, 11, 12, 16, 19, 23]",41212,"[1, 2, 3, 5, 6, 10, 13, 15, 19, 22, 24]",11,0.3827814569536424,-1
6327,4231,"[1, 2, 3, 5, 6, 9, 11, 17, 19, 21, 23]",41212,"[1, 2, 3, 5, 6, 10, 13, 15, 19, 22, 24]",0,0.3944506936632921,1
6328,3511,"[1, 3, 4, 5, 7, 8, 10, 13, 15, 19, 23]",442,"[1, 2, 3, 5, 6, 9, 11, 12, 16, 22, 24]",0,0.49794238683127573,-1
6329,3421,"[1, 3, 4, 5, 7, 8, 9, 11, 18, 20, 23]",442,"[1, 2, 3, 5, 6, 9, 11, 12, 16, 22, 24]",10,0.432712215320911,1
6330,3421,"[1, 3, 4, 5, 7, 8, 9, 11, 18, 20, 23]",433,"[1, 2, 3, 5, 6, 10, 13, 15, 17, 21, 23]",45,0.24334140435835352,0
6331,3421,"[1, 3, 4, 5, 7, 8, 9, 11, 18, 20, 23]",433,"[1, 2, 3, 5, 6, 10, 13, 15, 17, 21, 23]",62,0.5671641791044776,1
6332,3421,"[1, 3, 4, 5, 7, 8, 9, 11, 18, 20, 23]",4231,"[1, 2, 3, 5, 6, 9, 11, 17, 19, 21, 23]",65,0.3063583815028902,0
6333,3421,"[1, 3, 4, 5, 7, 8, 9, 11, 18, 20, 23]",4231,"[1, 2, 3, 5, 6, 9, 11, 17, 19, 21, 23]",71,0.3209549071618037,-2
6334,433,"[1, 2, 3, 5, 6, 10, 13, 15, 17, 21, 23]",4231,"[1, 2, 3, 5, 6, 9, 11, 17, 19, 21, 23]",0,0.5757392878696439,1
6335,433,"[1, 2, 3, 5, 6, 10, 13, 15, 17, 21, 23]",4231,"[1, 2, 3, 5, 6, 9, 11, 17, 19, 21, 23]",70,0.5277777777777778,1
6336,433,"[1, 2, 3, 5, 6, 10, 13, 15, 17, 21, 23]",4231,"[1, 2, 3, 5, 6, 9, 11, 17, 19, 21, 23]",0,0.5440356744704571,1
6337,433,"[1, 2, 3, 5, 6, 10, 13, 15, 17, 21, 23]",4231,"[1, 2, 3, 5, 6, 9, 11, 17, 19, 21, 23]",65,0.5942028985507246,0
6338,433,"[1, 2, 3, 5, 6, 10, 13, 15, 17, 21, 23]",4231,"[1, 2, 3, 5, 6, 9, 11, 17, 19, 21, 23]",75,0.1125,0
6339,433,"[1, 2, 3, 5, 6, 10, 13, 15, 17, 21, 23]",442,"[1, 2, 3, 5, 6, 9, 11, 12, 16, 22, 24]",0,0.41312893081761004,1
6340,433,"[1, 2, 3, 5, 6, 10, 13, 15, 17, 21, 23]",442,"[1, 2, 3, 5, 6, 9, 11, 12, 16, 22, 24]",55,0.4879679144385027,0
6341,433,"[1, 2, 3, 5, 6, 10, 13, 15, 17, 21, 23]",41212,"[1, 2, 3, 5, 6, 10, 13, 15, 19, 22, 24]",78,0.9154929577464789,0
6342,433,"[1, 2, 3, 5, 6, 10, 13, 15, 17, 21, 23]",4231,"[1, 2, 3, 5, 6, 9, 11, 17, 19, 21, 23]",82,0.32515337423312884,1
6343,3421,"[1, 3, 4, 5, 7, 8, 9, 11, 18, 20, 23]",3511,"[1, 3, 4, 5, 7, 8, 10, 13, 15, 19, 23]",0,0.37232845894263217,1
6344,41212,"[1, 2, 3, 5, 6, 10, 13, 15, 19, 22, 24]",442,"[1, 2, 3, 5, 6, 9, 11, 12, 16, 22, 24]",0,0.6938305709023941,-2
6345,41212,"[1, 2, 3, 5, 6, 10, 13, 15, 19, 22, 24]",442,"[1, 2, 3, 5, 6, 9, 11, 12, 16, 22, 24]",73,0.8108108108108109,1
6346,41212,"[1, 2, 3, 5, 6, 10, 13, 15, 19, 22, 24]",352,"[1, 3, 4, 5, 7, 8, 10, 13, 15, 22, 24]",74,0.7632850241545893,0
6347,352,"[1, 3, 4, 5, 7, 8, 10, 13, 15, 22, 24]",3511,"[1, 3, 4, 5, 7, 8, 10, 13, 15, 19, 23]",0,0.7748764996471419,0
6348,352,"[1, 3, 4, 5, 7, 8, 10, 13, 15, 22, 24]",3511,"[1, 3, 4, 5, 7, 8, 10, 13, 15, 19, 23]",34,0.6504491017964071,1
6349,352,"[1, 3, 4, 5, 7, 8, 10, 13, 15, 22, 24]",3511,"[1, 3, 4, 5, 7, 8, 10, 13, 15, 19, 23]",65,0.7126760563380282,0
6350,41212,"[1, 2, 3, 5, 6, 10, 13, 15, 19, 22, 24]",4231,"[1, 2, 3, 5, 6, 9, 11, 17, 19, 21, 23]",0,0.5631725787166202,0
6351,41212,"[1, 2, 3, 5, 6, 10, 13, 15, 19, 22, 24]",4231,"[1, 2, 3, 5, 6, 9, 11, 17, 19, 21, 23]",53,0.6003842459173871,0
6352,41212,"[1, 2, 3, 5, 6, 10, 13, 15, 19, 22, 24]",3511,"[1, 3, 4, 5, 7, 8, 10, 13, 15, 19, 23]",0,0.3759606517061174,0
6353,442,"[1, 2, 3, 5, 6, 9, 11, 12, 16, 22, 24]",41212,"[1, 2, 3, 5, 6, 10, 13, 15, 19, 22, 24]",0,0.408311345646438,-1
6354,4141,"[1, 2, 3, 5, 6, 10, 12, 13, 15, 16, 23]",41212,"[1, 2, 3, 5, 6, 10, 13, 15, 19, 22, 24]",38,0.32154696132596683,0
6355,442,"[1, 2, 3, 5, 6, 9, 11, 12, 16, 22, 24]",41212,"[1, 2, 3, 5, 6, 10, 13, 15, 19, 22, 24]",61,0.296127562642369,1
6356,4411,"[1, 2, 3, 5, 6, 9, 11, 12, 16, 19, 23]",41212,"[1, 2, 3, 5, 6, 10, 13, 15, 19, 22, 24]",77,1.0,0
6357,4231,"[1, 2, 3, 5, 6, 9, 11, 17, 19, 21, 23]",433,"[1, 2, 3, 5, 6, 10, 13, 15, 17, 21, 23]",0,0.5355064027939465,0
6358,4231,"[1, 2, 3, 5, 6, 9, 11, 17, 19, 21, 23]",433,"[1, 2, 3, 5, 6, 10, 13, 15, 17, 21, 23]",20,0.5214521452145214,0
6359,442,"[1, 2, 3, 5, 6, 9, 11, 12, 16, 22, 24]",433,"[1, 2, 3, 5, 6, 10, 13, 15, 17, 21, 23]",45,0.4125,0
6360,442,"[1, 2, 3, 5, 6, 9, 11, 12, 16, 22, 24]",433,"[1, 2, 3, 5, 6, 10, 13, 15, 17, 21, 23]",80,0.5100864553314121,1
6361,4411,"[1, 2, 3, 5, 6, 9, 11, 12, 16, 19, 23]",41212,"[1, 2, 3, 5, 6, 10, 13, 15, 19, 22, 24]",0,0.4044943820224719,0
6362,4411,"[1, 2, 3, 5, 6, 9, 11, 12, 16, 19, 23]",41212,"[1, 2, 3, 5, 6, 10, 13, 15, 19, 22, 24]",45,0.28027681660899656,0
6363,442,"[1, 2, 3, 5, 6, 9, 11, 12, 16, 22, 24]",41212,"[1, 2, 3, 5, 6, 10, 13, 15, 19, 22, 24]",53,0.5211864406779662,0
6364,352,"[1, 3, 4, 5, 7, 8, 10, 13, 15, 22, 24]",41212,"[1, 2, 3, 5, 6, 10, 13, 15, 19, 22, 24]",63,0.3248031496062992,0
6365,4231,"[1, 2, 3, 5, 6, 9, 11, 17, 19, 21, 23]",41212,"[1, 2, 3, 5, 6, 10, 13, 15, 19, 22, 24]",76,0.7110091743119266,0
6366,442,"[1, 2, 3, 5, 6, 9, 11, 12, 16, 22, 24]",41212,"[1, 2, 3, 5, 6, 10, 13, 15, 19, 22, 24]",83,0.12389380530973451,1
6367,352,"[1, 3, 4, 5, 7, 8, 10, 13, 15, 22, 24]",433,"[1, 2, 3, 5, 6, 10, 13, 15, 17, 21, 23]",0,0.4484555266096018,0
6368,352,"[1, 3, 4, 5, 7, 8, 10, 13, 15, 22, 24]",433,"[1, 2, 3, 5, 6, 10, 13, 15, 17, 21, 23]",71,1.0,0
6369,352,"[1, 3, 4, 5, 7, 8, 10, 13, 15, 22, 24]",433,"[1, 2, 3, 5, 6, 10, 13, 15, 17, 21, 23]",71,0.6602316602316602,-1
6370,4231,"[1, 2, 3, 5, 6, 9, 11, 17, 19, 21, 23]",41212,"[1, 2, 3, 5, 6, 10, 13, 15, 19, 22, 24]",0,0.5059631369714492,1
6371,4411,"[1, 2, 3, 5, 6, 9, 11, 12, 16, 19, 23]",41212,"[1, 2, 3, 5, 6, 10, 13, 15, 19, 22, 24]",76,0.018018018018018018,0
6372,433,"[1, 2, 3, 5, 6, 10, 13, 15, 17, 21, 23]",3421,"[1, 3, 4, 5, 7, 8, 9, 11, 18, 20, 23]",0,0.38461538461538464,0
6373,4231,"[1, 2, 3, 5, 6, 9, 11, 17, 19, 21, 23]",3421,"[1, 3, 4, 5, 7, 8, 9, 11, 18, 20, 23]",27,0.47183098591549294,-1
6374,442,"[1, 2, 3, 5, 6, 9, 11, 12, 16, 22, 24]",3421,"[1, 3, 4, 5, 7, 8, 9, 11, 18, 20, 23]",68,0.7142857142857143,0
6375,442,"[1, 2, 3, 5, 6, 9, 11, 12, 16, 22, 24]",3421,"[1, 3, 4, 5, 7, 8, 9, 11, 18, 20, 23]",74,0.6730245231607629,0
6376,442,"[1, 2, 3, 5, 6, 9, 11, 12, 16, 22, 24]",3421,"[1, 3, 4, 5, 7, 8, 9, 11, 18, 20, 23]",83,0.5925925925925926,0
6377,41212,"[1, 2, 3, 5, 6, 10, 13, 15, 19, 22, 24]",433,"[1, 2, 3, 5, 6, 10, 13, 15, 17, 21, 23]",0,0.6123919308357348,-1
6378,41212,"[1, 2, 3, 5, 6, 10, 13, 15, 19, 22, 24]",433,"[1, 2, 3, 5, 6, 10, 13, 15, 17, 21, 23]",14,0.3382352941176471,0
6379,41212,"[1, 2, 3, 5, 6, 10, 13, 15, 19, 22, 24]",4411,"[1, 2, 3, 5, 6, 9, 11, 12, 16, 19, 23]",17,0.8169934640522876,0
6380,41212,"[1, 2, 3, 5, 6, 10, 13, 15, 19, 22, 24]",4411,"[1, 2, 3, 5, 6, 9, 11, 12, 16, 19, 23]",21,0.6392344497607656,1
6381,4411,"[1, 2, 3, 5, 6, 9, 11, 12, 16, 19, 23]",4411,"[1, 2, 3, 5, 6, 9, 11, 12, 16, 19, 23]",45,0.41304347826086957,1
6382,4411,"[1, 2, 3, 5, 6, 9, 11, 12, 16, 19, 23]",433,"[1, 2, 3, 5, 6, 10, 13, 15, 17, 21, 23]",53,0.7754880694143167,2
6383,4411,"[1, 2, 3, 5, 6, 9, 11, 12, 16, 19, 23]",3421,"[1, 3, 4, 5, 7, 8, 9, 11, 18, 20, 23]",77,0.3972602739726027,1
6384,352,"[1, 3, 4, 5, 7, 8, 10, 13, 15, 22, 24]",3421,"[1, 3, 4, 5, 7, 8, 9, 11, 18, 20, 23]",0,0.33071955719557194,1
6385,352,"[1, 3, 4, 5, 7, 8, 10, 13, 15, 22, 24]",3421,"[1, 3, 4, 5, 7, 8, 9, 11, 18, 20, 23]",60,0.16475972540045766,0
6386,433,"[1, 2, 3, 5, 6, 10, 13, 15, 17, 21, 23]",3421,"[1, 3, 4, 5, 7, 8, 9, 11, 18, 20, 23]",0,0.5440158259149357,0
6387,433,"[1, 2, 3, 5, 6, 10, 13, 15, 17, 21, 23]",4411,"[1, 2, 3, 5, 6, 9, 11, 12, 16, 19, 23]",27,0.7489878542510121,0
6388,433,"[1, 2, 3, 5, 6, 10, 13, 15, 17, 21, 23]",4411,"[1, 2, 3, 5, 6, 9, 11, 12, 16, 19, 23]",36,0.8067885117493473,0
6389,433,"[1, 2, 3, 5, 6, 10, 13, 15, 17, 21, 23]",3511,"[1, 3, 4, 5, 7, 8, 10, 13, 15, 19, 23]",45,0.74,0
6390,433,"[1, 2, 3, 5, 6, 10, 13, 15, 17, 21, 23]",3511,"[1, 3, 4, 5, 7, 8, 10, 13, 15, 19, 23]",57,0.8580060422960725,0
6391,41212,"[1, 2, 3, 5, 6, 10, 13, 15, 19, 22, 24]",4231,"[1, 2, 3, 5, 6, 9, 11, 17, 19, 21, 23]",0,0.5604125736738703,1
6392,41212,"[1, 2, 3, 5, 6, 10, 13, 15, 19, 22, 24]",442,"[1, 2, 3, 5, 6, 9, 11, 12, 16, 22, 24]",52,0.616822429906542,0
6393,41212,"[1, 2, 3, 5, 6, 10, 13, 15, 19, 22, 24]",442,"[1, 2, 3, 5, 6, 9, 11, 12, 16, 22, 24]",60,0.6192592592592593,0
6394,41212,"[1, 2, 3, 5, 6, 10, 13, 15, 19, 22, 24]",442,"[1, 2, 3, 5, 6, 9, 11, 12, 16, 22, 24]",73,0.56312625250501,0
6395,433,"[1, 2, 3, 5, 6, 10, 13, 15, 17, 21, 23]",451,"[1, 2, 3, 5, 6, 12, 13, 14, 15, 16, 23]",0,0.6180654338549075,3
6396,433,"[1, 2, 3, 5, 6, 10, 13, 15, 17, 21, 23]",451,"[1, 2, 3, 5, 6, 12, 13, 14, 15, 16, 23]",59,0.3872,0
6397,433,"[1, 2, 3, 5, 6, 10, 13, 15, 17, 21, 23]",451,"[1, 2, 3, 5, 6, 12, 13, 14, 15, 16, 23]",73,0.4036697247706422,1
6398,4231,"[1, 2, 3, 5, 6, 9, 11, 17, 19, 21, 23]",433,"[1, 2, 3, 5, 6, 10, 13, 15, 17, 21, 23]",0,0.5170278637770898,-1
6399,4231,"[1, 2, 3, 5, 6, 9, 11, 17, 19, 21, 23]",433,"[1, 2, 3, 5, 6, 10, 13, 15, 17, 21, 23]",20,0.5643896976483762,0
6400,4231,"[1, 2, 3, 5, 6, 9, 11, 17, 19, 21, 23]",433,"[1, 2, 3, 5, 6, 10, 13, 15, 17, 21, 23]",45,1.0,0
6401,442,"[1, 2, 3, 5, 6, 9, 11, 12, 16, 22, 24]",433,"[1, 2, 3, 5, 6, 10, 13, 15, 17, 21, 23]",45,0.6498422712933754,0
6402,442,"[1, 2, 3, 5, 6, 9, 11, 12, 16, 22, 24]",433,"[1, 2, 3, 5, 6, 10, 13, 15, 17, 21, 23]",60,0.6456953642384106,1
6403,442,"[1, 2, 3, 5, 6, 9, 11, 12, 16, 22, 24]",433,"[1, 2, 3, 5, 6, 10, 13, 15, 17, 21, 23]",70,0.5138888888888888,0
6404,3421,"[1, 3, 4, 5, 7, 8, 9, 11, 18, 20, 23]",41212,"[1, 2, 3, 5, 6, 10, 13, 15, 19, 22, 24]",0,0.39546191247974066,0
6405,3421,"[1, 3, 4, 5, 7, 8, 9, 11, 18, 20, 23]",41212,"[1, 2, 3, 5, 6, 10, 13, 15, 19, 22, 24]",17,0.39456869009584666,0
6406,433,"[1, 2, 3, 5, 6, 10, 13, 15, 17, 21, 23]",41212,"[1, 2, 3, 5, 6, 10, 13, 15, 19, 22, 24]",0,0.35741811175337185,1
6407,433,"[1, 2, 3, 5, 6, 10, 13, 15, 17, 21, 23]",4231,"[1, 2, 3, 5, 6, 9, 11, 17, 19, 21, 23]",54,0.33916849015317285,0
6408,352,"[1, 3, 4, 5, 7, 8, 10, 13, 15, 22, 24]",41212,"[1, 2, 3, 5, 6, 10, 13, 15, 19, 22, 24]",0,0.391124871001032,0
6409,352,"[1, 3, 4, 5, 7, 8, 10, 13, 15, 22, 24]",41212,"[1, 2, 3, 5, 6, 10, 13, 15, 19, 22, 24]",50,0.47911227154047,0
6410,3412,"[1, 3, 4, 5, 7, 8, 9, 11, 19, 22, 24]",41212,"[1, 2, 3, 5, 6, 10, 13, 15, 19, 22, 24]",77,0.5177865612648221,0
6411,4231,"[1, 2, 3, 5, 6, 9, 11, 17, 19, 21, 23]",433,"[1, 2, 3, 5, 6, 10, 13, 15, 17, 21, 23]",0,0.5085455179630276,1
6412,4231,"[1, 2, 3, 5, 6, 9, 11, 17, 19, 21, 23]",442,"[1, 2, 3, 5, 6, 9, 11, 12, 16, 22, 24]",75,0.36666666666666664,1
6413,352,"[1, 3, 4, 5, 7, 8, 10, 13, 15, 22, 24]",352,"[1, 3, 4, 5, 7, 8, 10, 13, 15, 22, 24]",0,0.6433591004919185,2
6414,4411,"[1, 2, 3, 5, 6, 9, 11, 12, 16, 19, 23]",352,"[1, 3, 4, 5, 7, 8, 10, 13, 15, 22, 24]",0,0.44022988505747124,1
6415,4411,"[1, 2, 3, 5, 6, 9, 11, 12, 16, 19, 23]",4411,"[1, 2, 3, 5, 6, 9, 11, 12, 16, 19, 23]",45,0.4675572519083969,1
6416,4411,"[1, 2, 3, 5, 6, 9, 11, 12, 16, 19, 23]",4411,"[1, 2, 3, 5, 6, 9, 11, 12, 16, 19, 23]",60,0.47495961227786754,0
6417,4411,"[1, 2, 3, 5, 6, 9, 11, 12, 16, 19, 23]",4411,"[1, 2, 3, 5, 6, 9, 11, 12, 16, 19, 23]",76,0.3050847457627119,0
6418,433,"[1, 2, 3, 5, 6, 10, 13, 15, 17, 21, 23]",352,"[1, 3, 4, 5, 7, 8, 10, 13, 15, 22, 24]",0,0.5487077534791253,0
6419,4231,"[1, 2, 3, 5, 6, 9, 11, 17, 19, 21, 23]",451,"[1, 2, 3, 5, 6, 10, 12, 13, 15, 16, 23]",0,0.6611479028697572,-1
6420,4231,"[1, 2, 3, 5, 6, 9, 11, 17, 19, 21, 23]",451,"[1, 2, 3, 5, 6, 10, 12, 13, 15, 16, 23]",42,0.45089285714285715,0
6421,4231,"[1, 2, 3, 5, 6, 9, 11, 17, 19, 21, 23]",451,"[1, 2, 3, 5, 6, 10, 12, 13, 15, 16, 23]",45,0.6477732793522267,1
6422,4231,"[1, 2, 3, 5, 6, 9, 11, 17, 19, 21, 23]",451,"[1, 2, 3, 5, 6, 10, 12, 13, 15, 16, 23]",54,0.765625,0
6423,4231,"[1, 2, 3, 5, 6, 9, 11, 17, 19, 21, 23]",451,"[1, 2, 3, 5, 6, 10, 12, 13, 15, 16, 23]",58,0.7369565217391304,0
6424,4231,"[1, 2, 3, 5, 6, 9, 11, 17, 19, 21, 23]",451,"[1, 2, 3, 5, 6, 10, 12, 13, 15, 16, 23]",70,0.6064356435643564,0
6425,352,"[1, 3, 4, 5, 7, 8, 10, 13, 15, 22, 24]",4231,"[1, 2, 3, 5, 6, 9, 11, 17, 19, 21, 23]",0,0.44936465152098576,2
6426,41212,"[1, 2, 3, 5, 6, 10, 13, 15, 19, 22, 24]",4231,"[1, 2, 3, 5, 6, 9, 11, 17, 19, 21, 23]",0,0.324468085106383,0
6427,41212,"[1, 2, 3, 5, 6, 10, 13, 15, 19, 22, 24]",4231,"[1, 2, 3, 5, 6, 9, 11, 17, 19, 21, 23]",16,0.46502057613168724,0
6428,41212,"[1, 2, 3, 5, 6, 10, 13, 15, 19, 22, 24]",4231,"[1, 2, 3, 5, 6, 9, 11, 17, 19, 21, 23]",28,0.39420831387202243,1
6429,352,"[1, 3, 4, 5, 7, 8, 10, 13, 15, 22, 24]",352,"[1, 3, 4, 5, 7, 8, 10, 13, 15, 22, 24]",0,0.5342685370741483,1
6430,4411,"[1, 2, 3, 5, 6, 9, 11, 12, 16, 19, 23]",433,"[1, 2, 3, 5, 6, 10, 13, 15, 17, 21, 23]",0,0.298606502986065,-2
6431,4141,"[1, 2, 3, 5, 6, 10, 12, 13, 15, 16, 23]",433,"[1, 2, 3, 5, 6, 10, 13, 15, 17, 21, 23]",36,0.25428194993412384,0
6432,41212,"[1, 2, 3, 5, 6, 10, 13, 15, 19, 22, 24]",433,"[1, 2, 3, 5, 6, 10, 13, 15, 17, 21, 23]",51,0.4428822495606327,0
6433,41212,"[1, 2, 3, 5, 6, 10, 13, 15, 19, 22, 24]",433,"[1, 2, 3, 5, 6, 10, 13, 15, 17, 21, 23]",69,0.2524271844660194,-1
6434,433,"[1, 2, 3, 5, 6, 10, 13, 15, 17, 21, 23]",4141,"[1, 2, 3, 5, 6, 10, 12, 13, 15, 16, 23]",0,0.6279826464208242,2
6435,433,"[1, 2, 3, 5, 6, 10, 13, 15, 17, 21, 23]",4141,"[1, 2, 3, 5, 6, 10, 12, 13, 15, 16, 23]",47,0.5657276995305164,0
6436,433,"[1, 2, 3, 5, 6, 10, 13, 15, 17, 21, 23]",4141,"[1, 2, 3, 5, 6, 10, 12, 13, 15, 16, 23]",51,0.6307053941908713,0
6437,433,"[1, 2, 3, 5, 6, 10, 13, 15, 17, 21, 23]",4141,"[1, 2, 3, 5, 6, 10, 12, 13, 15, 16, 23]",67,0.8071428571428572,1
6438,442,"[1, 2, 3, 5, 6, 9, 11, 12, 16, 22, 24]",352,"[1, 3, 4, 5, 7, 8, 10, 13, 15, 22, 24]",0,0.4392935982339956,-1
6439,41212,"[1, 2, 3, 5, 6, 10, 13, 15, 19, 22, 24]",352,"[1, 3, 4, 5, 7, 8, 10, 13, 15, 22, 24]",76,0.3188976377952756,0
6440,433,"[1, 2, 3, 5, 6, 10, 13, 15, 17, 21, 23]",352,"[1, 3, 4, 5, 7, 8, 10, 13, 15, 22, 24]",0,0.6232356134636265,-1
6441,433,"[1, 2, 3, 5, 6, 10, 13, 15, 17, 21, 23]",3511,"[1, 3, 4, 5, 7, 8, 10, 13, 15, 19, 23]",71,0.8697674418604651,0
6442,442,"[1, 2, 3, 5, 6, 9, 11, 12, 16, 22, 24]",3511,"[1, 3, 4, 5, 7, 8, 10, 13, 15, 19, 23]",78,1.0,0
6443,433,"[1, 2, 3, 5, 6, 10, 13, 15, 17, 21, 23]",442,"[1, 2, 3, 5, 6, 9, 11, 12, 16, 22, 24]",0,0.35240352064996616,-1
6444,442,"[1, 2, 3, 5, 6, 9, 11, 12, 16, 22, 24]",442,"[1, 2, 3, 5, 6, 9, 11, 12, 16, 22, 24]",79,0.4074074074074074,0
6445,41212,"[1, 2, 3, 5, 6, 10, 13, 15, 19, 22, 24]",4411,"[1, 2, 3, 5, 6, 9, 11, 12, 16, 19, 23]",0,0.6540983606557377,0
6446,41212,"[1, 2, 3, 5, 6, 10, 13, 15, 19, 22, 24]",3511,"[1, 3, 4, 5, 7, 8, 10, 13, 15, 19, 23]",64,0.7504725897920604,0
6447,4321,"[1, 2, 3, 5, 6, 10, 13, 15, 18, 20, 23]",3511,"[1, 3, 4, 5, 7, 8, 10, 13, 15, 19, 23]",78,0.4626865671641791,0
6448,4321,"[1, 2, 3, 5, 6, 10, 13, 15, 18, 20, 23]",3511,"[1, 3, 4, 5, 7, 8, 10, 13, 15, 19, 23]",82,0.5151515151515151,1
6449,433,"[1, 2, 3, 5, 6, 10, 13, 15, 17, 21, 23]",4141,"[1, 2, 3, 5, 6, 10, 12, 13, 15, 16, 23]",0,0.5160142348754448,0
6450,433,"[1, 2, 3, 5, 6, 10, 13, 15, 17, 21, 23]",442,"[1, 2, 3, 5, 6, 9, 11, 12, 16, 22, 24]",28,0.5142262317834837,-1
6451,433,"[1, 2, 3, 5, 6, 10, 13, 15, 17, 21, 23]",442,"[1, 2, 3, 5, 6, 9, 11, 12, 16, 22, 24]",65,0.8473684210526315,0
6452,4231,"[1, 2, 3, 5, 6, 9, 11, 17, 19, 21, 23]",442,"[1, 2, 3, 5, 6, 9, 11, 12, 16, 22, 24]",0,0.5485436893203883,0
6453,4231,"[1, 2, 3, 5, 6, 9, 11, 17, 19, 21, 23]",442,"[1, 2, 3, 5, 6, 9, 11, 12, 16, 22, 24]",57,0.4792332268370607,1
6454,4231,"[1, 2, 3, 5, 6, 9, 11, 17, 19, 21, 23]",41212,"[1, 2, 3, 5, 6, 10, 13, 15, 19, 22, 24]",66,0.2869822485207101,0
6455,4231,"[1, 2, 3, 5, 6, 9, 11, 17, 19, 21, 23]",41212,"[1, 2, 3, 5, 6, 10, 13, 15, 19, 22, 24]",76,0.4975369458128079,0
6456,352,"[1, 3, 4, 5, 7, 8, 10, 13, 15, 22, 24]",433,"[1, 2, 3, 5, 6, 10, 13, 15, 17, 21, 23]",0,0.5578512396694215,2
6457,352,"[1, 3, 4, 5, 7, 8, 10, 13, 15, 22, 24]",3412,"[1, 3, 4, 5, 7, 8, 9, 11, 19, 22, 24]",61,0.662125340599455,1
6458,3511,"[1, 3, 4, 5, 7, 8, 10, 13, 15, 19, 23]",433,"[1, 2, 3, 5, 6, 10, 13, 15, 17, 21, 23]",0,0.38381330685203574,2
6459,3511,"[1, 3, 4, 5, 7, 8, 10, 13, 15, 19, 23]",433,"[1, 2, 3, 5, 6, 10, 13, 15, 17, 21, 23]",57,0.2896764252696456,0
6460,3511,"[1, 3, 4, 5, 7, 8, 10, 13, 15, 19, 23]",4231,"[1, 2, 3, 5, 6, 9, 11, 17, 19, 21, 23]",76,0.3383084577114428,0
6461,41212,"[1, 2, 3, 5, 6, 10, 13, 15, 19, 22, 24]",433,"[1, 2, 3, 5, 6, 10, 13, 15, 17, 21, 23]",0,0.3977272727272727,1
6462,41212,"[1, 2, 3, 5, 6, 10, 13, 15, 19, 22, 24]",41212,"[1, 2, 3, 5, 6, 10, 13, 15, 19, 22, 24]",7,0.48179059180576633,-1
6463,41212,"[1, 2, 3, 5, 6, 10, 13, 15, 19, 22, 24]",41212,"[1, 2, 3, 5, 6, 10, 13, 15, 19, 22, 24]",37,0.4841040462427746,2
6464,4231,"[1, 2, 3, 5, 6, 9, 11, 17, 19, 21, 23]",352,"[1, 3, 4, 5, 7, 8, 10, 13, 15, 22, 24]",0,0.6552287581699346,0
6465,4411,"[1, 2, 3, 5, 6, 9, 11, 12, 16, 19, 23]",352,"[1, 3, 4, 5, 7, 8, 10, 13, 15, 22, 24]",57,0.0,0
6466,4411,"[1, 2, 3, 5, 6, 9, 11, 12, 16, 19, 23]",352,"[1, 3, 4, 5, 7, 8, 10, 13, 15, 22, 24]",58,0.6182572614107884,-1
6467,3421,"[1, 3, 4, 5, 7, 8, 9, 11, 18, 20, 23]",352,"[1, 3, 4, 5, 7, 8, 10, 13, 15, 22, 24]",73,0.3805668016194332,0
6468,4231,"[1, 2, 3, 5, 6, 9, 11, 17, 19, 21, 23]",343,"[1, 3, 4, 5, 7, 8, 9, 11, 17, 21, 23]",0,0.5352711804324708,0
6469,4231,"[1, 2, 3, 5, 6, 9, 11, 17, 19, 21, 23]",343,"[1, 3, 4, 5, 7, 8, 9, 11, 17, 21, 23]",69,0.08928571428571429,0
6470,4231,"[1, 2, 3, 5, 6, 9, 11, 17, 19, 21, 23]",3511,"[1, 3, 4, 5, 7, 8, 10, 13, 15, 19, 23]",70,0.8584686774941995,0
6471,4141,"[1, 2, 3, 5, 6, 10, 12, 13, 15, 16, 23]",4411,"[1, 2, 3, 5, 6, 9, 11, 12, 16, 19, 23]",0,0.3179916317991632,0
6472,4141,"[1, 2, 3, 5, 6, 10, 12, 13, 15, 16, 23]",4411,"[1, 2, 3, 5, 6, 9, 11, 12, 16, 19, 23]",10,0.4404888416578108,-1
6473,4141,"[1, 2, 3, 5, 6, 10, 12, 13, 15, 16, 23]",4411,"[1, 2, 3, 5, 6, 9, 11, 12, 16, 19, 23]",59,0.4983388704318937,-1
6474,4141,"[1, 2, 3, 5, 6, 10, 12, 13, 15, 16, 23]",4411,"[1, 2, 3, 5, 6, 11, 12, 13, 16, 19, 23]",71,0.5389048991354467,1
6475,4141,"[1, 2, 3, 5, 6, 10, 12, 13, 15, 16, 23]",4411,"[1, 2, 3, 5, 6, 9, 11, 12, 16, 19, 23]",80,0.5,-1
6476,442,"[1, 2, 3, 5, 6, 9, 11, 12, 16, 22, 24]",4411,"[1, 2, 3, 5, 6, 9, 11, 12, 16, 19, 23]",83,0.3865336658354115,-1
6477,352,"[1, 3, 4, 5, 7, 8, 10, 13, 15, 22, 24]",41212,"[1, 2, 3, 5, 6, 10, 13, 15, 19, 22, 24]",0,0.4035008976660682,1
6478,442,"[1, 2, 3, 5, 6, 9, 11, 12, 16, 22, 24]",41212,"[1, 2, 3, 5, 6, 10, 13, 15, 19, 22, 24]",53,0.45222929936305734,0
6479,442,"[1, 2, 3, 5, 6, 9, 11, 12, 16, 22, 24]",41212,"[1, 2, 3, 5, 6, 10, 13, 15, 19, 22, 24]",59,0.43238095238095237,0
6480,442,"[1, 2, 3, 5, 6, 9, 11, 12, 16, 22, 24]",41212,"[1, 2, 3, 5, 6, 10, 13, 15, 19, 22, 24]",74,0.3482142857142857,0
6481,4141,"[1, 2, 3, 5, 6, 10, 12, 13, 15, 16, 23]",433,"[1, 2, 3, 5, 6, 10, 13, 15, 17, 21, 23]",0,0.2941777323799796,0
6482,4411,"[1, 2, 3, 5, 6, 9, 11, 12, 16, 19, 23]",433,"[1, 2, 3, 5, 6, 10, 13, 15, 17, 21, 23]",24,0.4190919674039581,-1
6483,4411,"[1, 2, 3, 5, 6, 9, 11, 12, 16, 19, 23]",433,"[1, 2, 3, 5, 6, 10, 13, 15, 17, 21, 23]",68,0.6401869158878505,-1
6484,433,"[1, 2, 3, 5, 6, 10, 13, 15, 17, 21, 23]",352,"[1, 3, 4, 5, 7, 8, 10, 13, 15, 22, 24]",0,0.7298772169167803,-1
6485,433,"[1, 2, 3, 5, 6, 10, 13, 15, 17, 21, 23]",352,"[1, 3, 4, 5, 7, 8, 10, 13, 15, 22, 24]",16,0.7491582491582491,0
6486,433,"[1, 2, 3, 5, 6, 10, 13, 15, 17, 21, 23]",352,"[1, 3, 4, 5, 7, 8, 10, 13, 15, 22, 24]",45,0.6205128205128205,1
6487,433,"[1, 2, 3, 5, 6, 10, 13, 15, 17, 21, 23]",352,"[1, 3, 4, 5, 7, 8, 10, 13, 15, 22, 24]",53,0.6595419847328244,1
6488,433,"[1, 2, 3, 5, 6, 10, 13, 15, 17, 21, 23]",3412,"[1, 3, 4, 5, 7, 8, 9, 11, 19, 22, 24]",83,0.9872611464968153,0
6489,433,"[1, 2, 3, 5, 6, 10, 13, 15, 17, 21, 23]",3412,"[1, 3, 4, 5, 7, 8, 9, 11, 19, 22, 24]",0,0.6272123893805309,0
6490,442,"[1, 2, 3, 5, 6, 9, 11, 12, 16, 22, 24]",433,"[1, 2, 3, 5, 6, 10, 13, 15, 17, 21, 23]",0,0.536067374588063,0
6491,442,"[1, 2, 3, 5, 6, 9, 11, 12, 16, 22, 24]",4231,"[1, 2, 3, 5, 6, 9, 11, 17, 19, 21, 23]",79,0.7717391304347826,0
6492,442,"[1, 2, 3, 5, 6, 9, 11, 12, 16, 22, 24]",4411,"[1, 2, 3, 5, 6, 9, 11, 12, 16, 19, 23]",83,0.8364485981308412,0
6493,352,"[1, 3, 4, 5, 7, 8, 10, 13, 15, 22, 24]",352,"[1, 3, 4, 5, 7, 8, 10, 13, 15, 22, 24]",0,0.41395170563434264,-3
6494,352,"[1, 3, 4, 5, 7, 8, 10, 13, 15, 22, 24]",352,"[1, 3, 4, 5, 7, 8, 10, 13, 15, 22, 24]",76,0.35904255319148937,0
6495,433,"[1, 2, 3, 5, 6, 10, 13, 15, 17, 21, 23]",4231,"[1, 2, 3, 5, 6, 9, 11, 17, 19, 21, 23]",0,0.2874617737003058,0
6496,433,"[1, 2, 3, 5, 6, 10, 13, 15, 17, 21, 23]",4231,"[1, 2, 3, 5, 6, 9, 11, 17, 19, 21, 23]",23,0.3619047619047619,0
6497,433,"[1, 2, 3, 5, 6, 10, 13, 15, 17, 21, 23]",4231,"[1, 2, 3, 5, 6, 9, 11, 17, 19, 21, 23]",74,0.2678983833718245,0
6498,352,"[1, 3, 4, 5, 7, 8, 10, 13, 15, 22, 24]",41212,"[1, 2, 3, 5, 6, 10, 13, 15, 19, 22, 24]",0,0.5684113865932048,1
6499,352,"[1, 3, 4, 5, 7, 8, 10, 13, 15, 22, 24]",41212,"[1, 2, 3, 5, 6, 10, 13, 15, 19, 22, 24]",52,0.3604868913857678,0
6500,352,"[1, 3, 4, 5, 7, 8, 10, 13, 15, 22, 24]",41212,"[1, 2, 3, 5, 6, 10, 13, 15, 19, 22, 24]",0,0.3160149973219068,-1
6501,3412,"[1, 3, 4, 5, 7, 8, 9, 11, 19, 22, 24]",41212,"[1, 2, 3, 5, 6, 10, 13, 15, 19, 22, 24]",45,0.3536977491961415,0
6502,41212,"[1, 2, 3, 5, 6, 10, 13, 15, 19, 22, 24]",41212,"[1, 2, 3, 5, 6, 10, 13, 15, 19, 22, 24]",54,0.5841346153846154,0
6503,433,"[1, 2, 3, 5, 6, 10, 13, 15, 17, 21, 23]",433,"[1, 2, 3, 5, 6, 10, 13, 15, 17, 21, 23]",0,0.7704918032786885,0
6504,442,"[1, 2, 3, 5, 6, 9, 11, 12, 16, 22, 24]",3421,"[1, 3, 4, 5, 7, 8, 9, 11, 18, 20, 23]",0,0.43517587939698493,-2
6505,4231,"[1, 2, 3, 5, 6, 9, 11, 17, 19, 21, 23]",3421,"[1, 3, 4, 5, 7, 8, 9, 11, 18, 20, 23]",27,0.3819806403574088,-1
6506,4231,"[1, 2, 3, 5, 6, 9, 11, 17, 19, 21, 23]",3421,"[1, 3, 4, 5, 7, 8, 9, 11, 18, 20, 23]",57,0.4519230769230769,0
6507,4411,"[1, 2, 3, 5, 6, 9, 11, 12, 16, 19, 23]",3421,"[1, 3, 4, 5, 7, 8, 9, 11, 18, 20, 23]",70,0.5601173020527859,0
6508,41212,"[1, 2, 3, 5, 6, 10, 13, 15, 19, 22, 24]",4231,"[1, 2, 3, 5, 6, 9, 11, 17, 19, 21, 23]",0,0.6199782844733985,0
6509,41212,"[1, 2, 3, 5, 6, 10, 13, 15, 19, 22, 24]",4231,"[1, 2, 3, 5, 6, 9, 11, 17, 19, 21, 23]",19,0.4,2
6510,41212,"[1, 2, 3, 5, 6, 10, 13, 15, 19, 22, 24]",4231,"[1, 2, 3, 5, 6, 9, 11, 17, 19, 21, 23]",29,0.36816720257234725,0
6511,41212,"[1, 2, 3, 5, 6, 10, 13, 15, 19, 22, 24]",4231,"[1, 2, 3, 5, 6, 9, 11, 17, 19, 21, 23]",45,0.47754491017964074,1
6512,433,"[1, 2, 3, 5, 6, 10, 13, 15, 17, 21, 23]",433,"[1, 2, 3, 5, 6, 10, 13, 15, 17, 21, 23]",0,0.5986367281475541,-1
6513,4231,"[1, 2, 3, 5, 6, 9, 11, 17, 19, 21, 23]",433,"[1, 2, 3, 5, 6, 10, 13, 15, 17, 21, 23]",0,0.5132163742690058,0
6514,433,"[1, 2, 3, 5, 6, 10, 13, 15, 17, 21, 23]",3412,"[1, 3, 4, 5, 7, 8, 9, 11, 19, 22, 24]",0,0.5112815884476535,1
6515,433,"[1, 2, 3, 5, 6, 10, 13, 15, 17, 21, 23]",4231,"[1, 2, 3, 5, 6, 9, 11, 17, 19, 21, 23]",59,0.4391891891891892,0
6516,433,"[1, 2, 3, 5, 6, 10, 13, 15, 17, 21, 23]",4231,"[1, 2, 3, 5, 6, 9, 11, 17, 19, 21, 23]",65,0.4242928452579035,0
6517,3421,"[1, 3, 4, 5, 7, 8, 9, 11, 18, 20, 23]",433,"[1, 2, 3, 5, 6, 10, 13, 15, 17, 21, 23]",0,0.5633423180592992,1
6518,3421,"[1, 3, 4, 5, 7, 8, 9, 11, 18, 20, 23]",433,"[1, 2, 3, 5, 6, 10, 13, 15, 17, 21, 23]",67,0.0,0
6519,3421,"[1, 3, 4, 5, 7, 8, 9, 11, 18, 20, 23]",433,"[1, 2, 3, 5, 6, 10, 13, 15, 17, 21, 23]",68,0.5410447761194029,1
6520,3421,"[1, 3, 4, 5, 7, 8, 9, 11, 18, 20, 23]",433,"[1, 2, 3, 5, 6, 10, 13, 15, 17, 21, 23]",76,0.3032258064516129,0
6521,433,"[1, 2, 3, 5, 6, 10, 13, 15, 17, 21, 23]",442,"[1, 2, 3, 5, 6, 9, 11, 12, 16, 22, 24]",0,0.5935397039030955,1
6522,433,"[1, 2, 3, 5, 6, 10, 13, 15, 17, 21, 23]",442,"[1, 2, 3, 5, 6, 9, 11, 12, 16, 22, 24]",45,0.4189189189189189,1
6523,433,"[1, 2, 3, 5, 6, 10, 13, 15, 17, 21, 23]",442,"[1, 2, 3, 5, 6, 9, 11, 12, 16, 22, 24]",72,0.3436807095343681,0
6524,442,"[1, 2, 3, 5, 6, 9, 11, 12, 16, 22, 24]",433,"[1, 2, 3, 5, 6, 10, 13, 15, 17, 21, 23]",0,0.45145842403134523,-1
6525,442,"[1, 2, 3, 5, 6, 9, 11, 12, 16, 22, 24]",433,"[1, 2, 3, 5, 6, 10, 13, 15, 17, 21, 23]",71,0.3659305993690852,1
6526,442,"[1, 2, 3, 5, 6, 9, 11, 12, 16, 22, 24]",433,"[1, 2, 3, 5, 6, 10, 13, 15, 17, 21, 23]",84,0.34615384615384615,0
6527,352,"[1, 3, 4, 5, 7, 8, 10, 13, 15, 22, 24]",433,"[1, 2, 3, 5, 6, 10, 13, 15, 17, 21, 23]",0,0.4666279744631457,0
6528,352,"[1, 3, 4, 5, 7, 8, 10, 13, 15, 22, 24]",352,"[1, 3, 4, 5, 7, 8, 10, 13, 15, 22, 24]",0,0.5149934810951761,0
6529,352,"[1, 3, 4, 5, 7, 8, 10, 13, 15, 22, 24]",352,"[1, 3, 4, 5, 7, 8, 10, 13, 15, 22, 24]",35,0.648989898989899,1
6530,352,"[1, 3, 4, 5, 7, 8, 10, 13, 15, 22, 24]",3412,"[1, 3, 4, 5, 7, 8, 9, 11, 19, 22, 24]",56,0.6770293609671848,0
6531,442,"[1, 2, 3, 5, 6, 9, 11, 12, 16, 22, 24]",352,"[1, 3, 4, 5, 7, 8, 10, 13, 15, 22, 24]",0,0.5545335085413929,1
6532,442,"[1, 2, 3, 5, 6, 9, 11, 12, 16, 22, 24]",343,"[1, 3, 4, 5, 7, 8, 9, 11, 17, 21, 23]",79,0.5214285714285715,0
6533,41212,"[1, 2, 3, 5, 6, 10, 13, 15, 19, 22, 24]",433,"[1, 2, 3, 5, 6, 10, 13, 15, 17, 21, 23]",0,0.40080249665626394,-1
6534,41212,"[1, 2, 3, 5, 6, 10, 13, 15, 19, 22, 24]",433,"[1, 2, 3, 5, 6, 10, 13, 15, 17, 21, 23]",51,0.5495495495495496,0
6535,41212,"[1, 2, 3, 5, 6, 10, 13, 15, 19, 22, 24]",433,"[1, 2, 3, 5, 6, 10, 13, 15, 17, 21, 23]",63,0.6368286445012787,0
6536,41212,"[1, 2, 3, 5, 6, 10, 13, 15, 19, 22, 24]",433,"[1, 2, 3, 5, 6, 10, 13, 15, 17, 21, 23]",72,0.33507853403141363,-1
6537,433,"[1, 2, 3, 5, 6, 10, 13, 15, 17, 21, 23]",433,"[1, 2, 3, 5, 6, 10, 13, 15, 17, 21, 23]",0,0.33457943925233646,0
6538,433,"[1, 2, 3, 5, 6, 10, 13, 15, 17, 21, 23]",433,"[1, 2, 3, 5, 6, 10, 13, 15, 17, 21, 23]",69,0.27741935483870966,0
6539,433,"[1, 2, 3, 5, 6, 10, 13, 15, 17, 21, 23]",41212,"[1, 2, 3, 5, 6, 10, 13, 15, 19, 22, 24]",0,0.40218238503507403,0
6540,4411,"[1, 2, 3, 5, 6, 9, 11, 12, 16, 19, 23]",41212,"[1, 2, 3, 5, 6, 10, 13, 15, 19, 22, 24]",30,0.33157894736842103,-1
6541,4411,"[1, 2, 3, 5, 6, 9, 11, 12, 16, 19, 23]",41212,"[1, 2, 3, 5, 6, 10, 13, 15, 19, 22, 24]",38,0.4904153354632588,3
6542,4411,"[1, 2, 3, 5, 6, 9, 11, 12, 16, 19, 23]",4411,"[1, 2, 3, 5, 6, 9, 11, 12, 16, 19, 23]",56,0.5511727078891258,-1
6543,343,"[1, 3, 4, 5, 7, 8, 9, 11, 17, 21, 23]",352,"[1, 3, 4, 5, 7, 8, 10, 13, 15, 22, 24]",0,0.6045272969374168,0
6544,3412,"[1, 3, 4, 5, 7, 8, 9, 11, 19, 22, 24]",352,"[1, 3, 4, 5, 7, 8, 10, 13, 15, 22, 24]",20,0.644891122278057,-1
6545,3412,"[1, 3, 4, 5, 7, 8, 9, 11, 19, 22, 24]",352,"[1, 3, 4, 5, 7, 8, 10, 13, 15, 22, 24]",36,0.6099554234769688,2
6546,3412,"[1, 3, 4, 5, 7, 8, 9, 11, 19, 22, 24]",3421,"[1, 3, 4, 5, 7, 8, 9, 11, 18, 20, 23]",74,0.445859872611465,0
6547,41212,"[1, 2, 3, 5, 6, 10, 13, 15, 19, 22, 24]",3511,"[1, 3, 4, 5, 7, 8, 10, 13, 15, 19, 23]",0,0.668542199488491,1
6548,41212,"[1, 2, 3, 5, 6, 10, 13, 15, 19, 22, 24]",3511,"[1, 3, 4, 5, 7, 8, 10, 13, 15, 19, 23]",45,0.5395232120451694,3
6549,41212,"[1, 2, 3, 5, 6, 10, 13, 15, 19, 22, 24]",3511,"[1, 3, 4, 5, 7, 8, 10, 13, 15, 19, 23]",67,0.6528497409326425,0
6550,41212,"[1, 2, 3, 5, 6, 10, 13, 15, 19, 22, 24]",3511,"[1, 3, 4, 5, 7, 8, 10, 13, 15, 19, 23]",72,0.5427350427350427,0
6551,4231,"[1, 2, 3, 5, 6, 9, 11, 17, 19, 21, 23]",3421,"[1, 3, 4, 5, 7, 8, 9, 11, 18, 20, 23]",0,0.6735751295336787,1
6552,4231,"[1, 2, 3, 5, 6, 9, 11, 17, 19, 21, 23]",3421,"[1, 3, 4, 5, 7, 8, 9, 11, 18, 20, 23]",45,0.4633867276887872,0
6553,4231,"[1, 2, 3, 5, 6, 9, 11, 17, 19, 21, 23]",3421,"[1, 3, 4, 5, 7, 8, 9, 11, 18, 20, 23]",65,0.296,0
6554,433,"[1, 2, 3, 5, 6, 10, 13, 15, 17, 21, 23]",41212,"[1, 2, 3, 5, 6, 10, 13, 15, 19, 22, 24]",0,0.42132471728594506,0
6555,433,"[1, 2, 3, 5, 6, 10, 13, 15, 17, 21, 23]",41212,"[1, 2, 3, 5, 6, 10, 13, 15, 19, 22, 24]",80,0.5363636363636364,0
6556,442,"[1, 2, 3, 5, 6, 9, 11, 12, 16, 22, 24]",352,"[1, 3, 4, 5, 7, 8, 10, 13, 15, 22, 24]",0,0.56494960806271,-1
6557,442,"[1, 2, 3, 5, 6, 9, 11, 12, 16, 22, 24]",352,"[1, 3, 4, 5, 7, 8, 10, 13, 15, 22, 24]",45,0.6564482029598309,1
6558,433,"[1, 2, 3, 5, 6, 10, 13, 15, 17, 21, 23]",352,"[1, 3, 4, 5, 7, 8, 10, 13, 15, 22, 24]",0,0.30409010077059867,0
6559,433,"[1, 2, 3, 5, 6, 10, 13, 15, 17, 21, 23]",352,"[1, 3, 4, 5, 7, 8, 10, 13, 15, 22, 24]",46,0.1844059405940594,0
6560,433,"[1, 2, 3, 5, 6, 10, 13, 15, 17, 21, 23]",352,"[1, 3, 4, 5, 7, 8, 10, 13, 15, 22, 24]",71,0.4723618090452261,-1
6561,433,"[1, 2, 3, 5, 6, 10, 13, 15, 17, 21, 23]",352,"[1, 3, 4, 5, 7, 8, 10, 13, 15, 22, 24]",77,0.2569444444444444,0
6562,433,"[1, 2, 3, 5, 6, 10, 13, 15, 17, 21, 23]",352,"[1, 3, 4, 5, 7, 8, 10, 13, 15, 22, 24]",0,0.8069620253164557,0
6563,433,"[1, 2, 3, 5, 6, 10, 13, 15, 17, 21, 23]",352,"[1, 3, 4, 5, 7, 8, 10, 13, 15, 22, 24]",13,0.7274655355249204,0
6564,433,"[1, 2, 3, 5, 6, 10, 13, 15, 17, 21, 23]",3511,"[1, 3, 4, 5, 7, 8, 10, 13, 15, 19, 23]",60,0.8080808080808081,1
6565,433,"[1, 2, 3, 5, 6, 10, 13, 15, 17, 21, 23]",3511,"[1, 3, 4, 5, 7, 8, 10, 13, 15, 19, 23]",69,0.7386363636363636,0
6566,442,"[1, 2, 3, 5, 6, 9, 11, 12, 16, 22, 24]",433,"[1, 2, 3, 5, 6, 10, 13, 15, 17, 21, 23]",0,0.2782503037667072,1
6567,442,"[1, 2, 3, 5, 6, 9, 11, 12, 16, 22, 24]",442,"[1, 2, 3, 5, 6, 9, 11, 12, 16, 22, 24]",45,0.2874251497005988,-1
6568,442,"[1, 2, 3, 5, 6, 9, 11, 12, 16, 22, 24]",442,"[1, 2, 3, 5, 6, 9, 11, 12, 16, 22, 24]",82,0.4830188679245283,0
6569,433,"[1, 2, 3, 5, 6, 10, 13, 15, 17, 21, 23]",433,"[1, 2, 3, 5, 6, 10, 13, 15, 17, 21, 23]",0,0.5704081632653061,0
6570,433,"[1, 2, 3, 5, 6, 10, 13, 15, 17, 21, 23]",433,"[1, 2, 3, 5, 6, 10, 13, 15, 17, 21, 23]",27,0.5846036585365854,0
6571,433,"[1, 2, 3, 5, 6, 10, 13, 15, 17, 21, 23]",433,"[1, 2, 3, 5, 6, 10, 13, 15, 17, 21, 23]",61,0.5959183673469388,0
6572,433,"[1, 2, 3, 5, 6, 10, 13, 15, 17, 21, 23]",433,"[1, 2, 3, 5, 6, 10, 13, 15, 17, 21, 23]",74,0.5483870967741935,0
6573,433,"[1, 2, 3, 5, 6, 10, 13, 15, 17, 21, 23]",41212,"[1, 2, 3, 5, 6, 10, 13, 15, 19, 22, 24]",79,0.0,0
6574,433,"[1, 2, 3, 5, 6, 10, 13, 15, 17, 21, 23]",4231,"[1, 2, 3, 5, 6, 9, 11, 17, 19, 21, 23]",0,0.42488924687877566,0
6575,433,"[1, 2, 3, 5, 6, 10, 13, 15, 17, 21, 23]",4411,"[1, 2, 3, 5, 6, 9, 11, 12, 16, 19, 23]",56,0.4782608695652174,0
6576,433,"[1, 2, 3, 5, 6, 10, 13, 15, 17, 21, 23]",4411,"[1, 2, 3, 5, 6, 9, 11, 12, 16, 19, 23]",67,0.835820895522388,0
6577,3412,"[1, 3, 4, 5, 7, 8, 9, 11, 19, 22, 24]",433,"[1, 2, 3, 5, 6, 10, 13, 15, 17, 21, 23]",0,0.4954128440366973,0
6578,3412,"[1, 3, 4, 5, 7, 8, 9, 11, 19, 22, 24]",433,"[1, 2, 3, 5, 6, 10, 13, 15, 17, 21, 23]",5,0.5101626016260162,0
6579,3412,"[1, 3, 4, 5, 7, 8, 9, 11, 19, 22, 24]",433,"[1, 2, 3, 5, 6, 10, 13, 15, 17, 21, 23]",58,0.54,0
6580,3412,"[1, 3, 4, 5, 7, 8, 9, 11, 19, 22, 24]",433,"[1, 2, 3, 5, 6, 10, 13, 15, 17, 21, 23]",77,0.3548387096774194,0
6581,352,"[1, 3, 4, 5, 7, 8, 10, 13, 15, 22, 24]",3412,"[1, 3, 4, 5, 7, 8, 9, 11, 19, 22, 24]",0,0.5819084390512962,1
6582,352,"[1, 3, 4, 5, 7, 8, 10, 13, 15, 22, 24]",3412,"[1, 3, 4, 5, 7, 8, 9, 11, 19, 22, 24]",45,0.25831202046035806,0
6583,352,"[1, 3, 4, 5, 7, 8, 10, 13, 15, 22, 24]",3412,"[1, 3, 4, 5, 7, 8, 9, 11, 19, 22, 24]",54,0.516728624535316,0
6584,352,"[1, 3, 4, 5, 7, 8, 10, 13, 15, 22, 24]",343,"[1, 3, 4, 5, 7, 8, 9, 11, 17, 21, 23]",63,0.516320474777448,0
6585,352,"[1, 3, 4, 5, 7, 8, 10, 13, 15, 22, 24]",343,"[1, 3, 4, 5, 7, 8, 9, 11, 17, 21, 23]",82,0.67,0
6586,433,"[1, 2, 3, 5, 6, 10, 13, 15, 17, 21, 23]",433,"[1, 2, 3, 5, 6, 10, 13, 15, 17, 21, 23]",0,0.44370860927152317,0
6587,442,"[1, 2, 3, 5, 6, 9, 11, 12, 16, 22, 24]",433,"[1, 2, 3, 5, 6, 10, 13, 15, 17, 21, 23]",56,0.37003058103975534,0
6588,3421,"[1, 3, 4, 5, 7, 8, 9, 11, 18, 20, 23]",352,"[1, 3, 4, 5, 7, 8, 10, 13, 15, 22, 24]",0,0.6886979510905485,1
6589,3421,"[1, 3, 4, 5, 7, 8, 9, 11, 18, 20, 23]",352,"[1, 3, 4, 5, 7, 8, 10, 13, 15, 22, 24]",35,0.6047765793528506,0
6590,3421,"[1, 3, 4, 5, 7, 8, 9, 11, 18, 20, 23]",442,"[1, 2, 3, 5, 6, 9, 11, 12, 16, 22, 24]",70,0.5714285714285714,-1
6591,433,"[1, 2, 3, 5, 6, 10, 13, 15, 17, 21, 23]",41212,"[1, 2, 3, 5, 6, 10, 13, 15, 19, 22, 24]",0,0.7356651376146789,0
6592,433,"[1, 2, 3, 5, 6, 10, 13, 15, 17, 21, 23]",442,"[1, 2, 3, 5, 6, 9, 11, 12, 16, 22, 24]",45,0.572202166064982,1
6593,433,"[1, 2, 3, 5, 6, 10, 13, 15, 17, 21, 23]",442,"[1, 2, 3, 5, 6, 9, 11, 12, 16, 22, 24]",57,0.4542314335060449,0
6594,352,"[1, 3, 4, 5, 7, 8, 10, 13, 15, 22, 24]",442,"[1, 2, 3, 5, 6, 9, 11, 12, 16, 22, 24]",76,0.5906040268456376,0
6595,442,"[1, 2, 3, 5, 6, 9, 11, 12, 16, 22, 24]",343,"[1, 3, 4, 5, 7, 8, 9, 11, 17, 21, 23]",0,0.44300647088103534,0
6596,442,"[1, 2, 3, 5, 6, 9, 11, 12, 16, 22, 24]",4231,"[1, 2, 3, 5, 6, 9, 11, 17, 19, 21, 23]",56,0.3283208020050125,0
6597,442,"[1, 2, 3, 5, 6, 9, 11, 12, 16, 22, 24]",4231,"[1, 2, 3, 5, 6, 9, 11, 17, 19, 21, 23]",67,0.5936599423631124,0
6598,4231,"[1, 2, 3, 5, 6, 9, 11, 17, 19, 21, 23]",442,"[1, 2, 3, 5, 6, 9, 11, 12, 16, 22, 24]",0,0.303886925795053,-2
6599,4231,"[1, 2, 3, 5, 6, 9, 11, 17, 19, 21, 23]",442,"[1, 2, 3, 5, 6, 9, 11, 12, 16, 22, 24]",45,0.6875,0
6600,433,"[1, 2, 3, 5, 6, 10, 13, 15, 17, 21, 23]",433,"[1, 2, 3, 5, 6, 10, 13, 15, 17, 21, 23]",0,0.42160278745644597,-2
6601,433,"[1, 2, 3, 5, 6, 10, 13, 15, 17, 21, 23]",433,"[1, 2, 3, 5, 6, 10, 13, 15, 17, 21, 23]",30,0.3195718654434251,0
6602,4231,"[1, 2, 3, 5, 6, 9, 11, 17, 19, 21, 23]",433,"[1, 2, 3, 5, 6, 10, 13, 15, 17, 21, 23]",45,0.4110320284697509,0
6603,4231,"[1, 2, 3, 5, 6, 9, 11, 17, 19, 21, 23]",433,"[1, 2, 3, 5, 6, 10, 13, 15, 17, 21, 23]",70,0.3514376996805112,0
6604,4231,"[1, 2, 3, 5, 6, 9, 11, 17, 19, 21, 23]",433,"[1, 2, 3, 5, 6, 10, 13, 15, 17, 21, 23]",79,0.5185185185185185,0
6605,3421,"[1, 3, 4, 5, 7, 8, 9, 11, 18, 20, 23]",352,"[1, 3, 4, 5, 7, 8, 10, 13, 15, 22, 24]",0,0.5210727969348659,0
6606,3421,"[1, 3, 4, 5, 7, 8, 9, 11, 18, 20, 23]",352,"[1, 3, 4, 5, 7, 8, 10, 13, 15, 22, 24]",24,0.5192943770672547,0
6607,3421,"[1, 3, 4, 5, 7, 8, 9, 11, 18, 20, 23]",352,"[1, 3, 4, 5, 7, 8, 10, 13, 15, 22, 24]",45,1.0,0
6608,3421,"[1, 3, 4, 5, 7, 8, 9, 11, 18, 20, 23]",352,"[1, 3, 4, 5, 7, 8, 10, 13, 15, 22, 24]",45,0.4583835946924005,1
6609,41212,"[1, 2, 3, 5, 6, 10, 13, 15, 19, 22, 24]",352,"[1, 3, 4, 5, 7, 8, 10, 13, 15, 22, 24]",0,0.7049618320610687,-1
6610,41212,"[1, 2, 3, 5, 6, 10, 13, 15, 19, 22, 24]",352,"[1, 3, 4, 5, 7, 8, 10, 13, 15, 22, 24]",70,0.6983606557377049,0
6611,433,"[1, 2, 3, 5, 6, 10, 13, 15, 17, 21, 23]",3421,"[1, 3, 4, 5, 7, 8, 9, 11, 18, 20, 23]",0,0.34543454345434543,-1
6612,433,"[1, 2, 3, 5, 6, 10, 13, 15, 17, 21, 23]",433,"[1, 2, 3, 5, 6, 10, 13, 15, 17, 21, 23]",42,0.46987951807228917,0
6613,433,"[1, 2, 3, 5, 6, 10, 13, 15, 17, 21, 23]",433,"[1, 2, 3, 5, 6, 10, 13, 15, 17, 21, 23]",45,0.601067887109077,0
6614,433,"[1, 2, 3, 5, 6, 10, 13, 15, 17, 21, 23]",433,"[1, 2, 3, 5, 6, 10, 13, 15, 17, 21, 23]",81,0.4117647058823529,0
6615,433,"[1, 2, 3, 5, 6, 10, 13, 15, 17, 21, 23]",433,"[1, 2, 3, 5, 6, 10, 13, 15, 17, 21, 23]",83,0.8405797101449275,0
6616,343,"[1, 3, 4, 5, 7, 8, 9, 11, 17, 21, 23]",3412,"[1, 3, 4, 5, 7, 8, 9, 11, 19, 22, 24]",0,0.4866956942428641,0
6617,343,"[1, 3, 4, 5, 7, 8, 9, 11, 17, 21, 23]",3412,"[1, 3, 4, 5, 7, 8, 9, 11, 19, 22, 24]",56,0.2949061662198391,0
6618,352,"[1, 3, 4, 5, 7, 8, 10, 13, 15, 22, 24]",442,"[1, 2, 3, 5, 6, 9, 11, 12, 16, 22, 24]",0,0.5323331608898086,0
6619,352,"[1, 3, 4, 5, 7, 8, 10, 13, 15, 22, 24]",442,"[1, 2, 3, 5, 6, 9, 11, 12, 16, 22, 24]",57,1.0,0
6620,352,"[1, 3, 4, 5, 7, 8, 10, 13, 15, 22, 24]",442,"[1, 2, 3, 5, 6, 9, 11, 12, 16, 22, 24]",58,0.6648501362397821,0
6621,433,"[1, 2, 3, 5, 6, 10, 13, 15, 17, 21, 23]",41212,"[1, 2, 3, 5, 6, 10, 13, 15, 19, 22, 24]",0,0.617319587628866,2
6622,442,"[1, 2, 3, 5, 6, 9, 11, 12, 16, 22, 24]",352,"[1, 3, 4, 5, 7, 8, 10, 13, 15, 22, 24]",0,0.35371517027863775,-1
6623,41212,"[1, 2, 3, 5, 6, 10, 13, 15, 19, 22, 24]",352,"[1, 3, 4, 5, 7, 8, 10, 13, 15, 22, 24]",27,0.32984901277584205,-1
6624,41212,"[1, 2, 3, 5, 6, 10, 13, 15, 19, 22, 24]",352,"[1, 3, 4, 5, 7, 8, 10, 13, 15, 22, 24]",45,0.5048335123523093,-2
6625,41212,"[1, 2, 3, 5, 6, 10, 13, 15, 19, 22, 24]",352,"[1, 3, 4, 5, 7, 8, 10, 13, 15, 22, 24]",69,0.2026431718061674,0
6626,442,"[1, 2, 3, 5, 6, 9, 11, 12, 16, 22, 24]",4411,"[1, 2, 3, 5, 6, 9, 11, 12, 16, 19, 23]",0,0.4867744305657605,3
6627,442,"[1, 2, 3, 5, 6, 9, 11, 12, 16, 22, 24]",4231,"[1, 2, 3, 5, 6, 9, 11, 17, 19, 21, 23]",77,0.37583892617449666,0
6628,352,"[1, 3, 4, 5, 7, 8, 10, 13, 15, 22, 24]",433,"[1, 2, 3, 5, 6, 10, 13, 15, 17, 21, 23]",0,0.41536369816451396,0
6629,4411,"[1, 2, 3, 5, 6, 9, 11, 12, 16, 19, 23]",433,"[1, 2, 3, 5, 6, 10, 13, 15, 17, 21, 23]",43,0.3161592505854801,0
6630,3511,"[1, 3, 4, 5, 7, 8, 10, 13, 15, 19, 23]",433,"[1, 2, 3, 5, 6, 10, 13, 15, 17, 21, 23]",53,0.2042360060514372,0
6631,3511,"[1, 3, 4, 5, 7, 8, 10, 13, 15, 19, 23]",4231,"[1, 2, 3, 5, 6, 9, 11, 17, 19, 21, 23]",75,0.3,0
6632,433,"[1, 2, 3, 5, 6, 10, 13, 15, 17, 21, 23]",4231,"[1, 2, 3, 5, 6, 9, 11, 17, 19, 21, 23]",0,0.5033871808233454,2
6633,433,"[1, 2, 3, 5, 6, 10, 13, 15, 17, 21, 23]",3511,"[1, 3, 4, 5, 7, 8, 10, 13, 15, 19, 23]",45,0.34502262443438914,-1
6634,3511,"[1, 3, 4, 5, 7, 8, 10, 13, 15, 19, 23]",3511,"[1, 3, 4, 5, 7, 8, 10, 13, 15, 19, 23]",66,0.30500758725341426,-1
6635,4411,"[1, 2, 3, 5, 6, 9, 11, 12, 16, 19, 23]",433,"[1, 2, 3, 5, 6, 10, 13, 15, 17, 21, 23]",0,0.4505734571272529,-1
6636,4411,"[1, 2, 3, 5, 6, 9, 11, 12, 16, 19, 23]",433,"[1, 2, 3, 5, 6, 10, 13, 15, 17, 21, 23]",45,0.5538847117794486,0
6637,4411,"[1, 2, 3, 5, 6, 9, 11, 12, 16, 19, 23]",442,"[1, 2, 3, 5, 6, 9, 11, 12, 16, 22, 24]",67,0.15789473684210525,0
6638,352,"[1, 3, 4, 5, 7, 8, 10, 13, 15, 22, 24]",433,"[1, 2, 3, 5, 6, 10, 13, 15, 17, 21, 23]",0,0.5107692307692308,0
6639,4141,"[1, 2, 3, 5, 6, 10, 12, 13, 15, 16, 23]",433,"[1, 2, 3, 5, 6, 10, 13, 15, 17, 21, 23]",22,0.4714137214137214,0
6640,3511,"[1, 3, 4, 5, 7, 8, 10, 13, 15, 19, 23]",433,"[1, 2, 3, 5, 6, 10, 13, 15, 17, 21, 23]",72,0.0,0
6641,41212,"[1, 2, 3, 5, 6, 10, 13, 15, 19, 22, 24]",442,"[1, 2, 3, 5, 6, 9, 11, 12, 16, 22, 24]",0,0.566574839302112,-1
6642,41212,"[1, 2, 3, 5, 6, 10, 13, 15, 19, 22, 24]",442,"[1, 2, 3, 5, 6, 9, 11, 12, 16, 22, 24]",53,0.6730182926829268,1
6643,433,"[1, 2, 3, 5, 6, 10, 13, 15, 17, 21, 23]",3511,"[1, 3, 4, 5, 7, 8, 10, 13, 15, 19, 23]",0,0.4723546234509056,0
6644,41212,"[1, 2, 3, 5, 6, 10, 13, 15, 19, 22, 24]",3511,"[1, 3, 4, 5, 7, 8, 10, 13, 15, 19, 23]",63,0.5475285171102662,0
6645,433,"[1, 2, 3, 5, 6, 10, 13, 15, 17, 21, 23]",352,"[1, 3, 4, 5, 7, 8, 10, 13, 15, 22, 24]",0,0.5712240515390121,0
6646,433,"[1, 2, 3, 5, 6, 10, 13, 15, 17, 21, 23]",352,"[1, 3, 4, 5, 7, 8, 10, 13, 15, 22, 24]",74,0.7282229965156795,0
6647,343,"[1, 3, 4, 5, 7, 8, 9, 11, 17, 21, 23]",352,"[1, 3, 4, 5, 7, 8, 10, 13, 15, 22, 24]",0,0.6204913748039729,1
6648,343,"[1, 3, 4, 5, 7, 8, 9, 11, 17, 21, 23]",352,"[1, 3, 4, 5, 7, 8, 10, 13, 15, 22, 24]",45,0.3753351206434316,0
6649,343,"[1, 3, 4, 5, 7, 8, 9, 11, 17, 21, 23]",41212,"[1, 2, 3, 5, 6, 10, 13, 15, 19, 22, 24]",65,0.6206896551724138,0
6650,433,"[1, 2, 3, 5, 6, 10, 13, 15, 17, 21, 23]",433,"[1, 2, 3, 5, 6, 10, 13, 15, 17, 21, 23]",0,0.35035579740477185,2
6651,433,"[1, 2, 3, 5, 6, 10, 13, 15, 17, 21, 23]",433,"[1, 2, 3, 5, 6, 10, 13, 15, 17, 21, 23]",61,0.3979591836734694,-1
6652,4411,"[1, 2, 3, 5, 6, 9, 11, 12, 16, 19, 23]",433,"[1, 2, 3, 5, 6, 10, 13, 15, 17, 21, 23]",70,0.4889975550122249,-1
6653,352,"[1, 3, 4, 5, 7, 8, 10, 13, 15, 22, 24]",3511,"[1, 3, 4, 5, 7, 8, 10, 13, 15, 19, 23]",0,0.4666666666666667,-3
6654,41212,"[1, 2, 3, 5, 6, 10, 13, 15, 19, 22, 24]",41212,"[1, 2, 3, 5, 6, 10, 13, 15, 19, 22, 24]",0,0.37961859356376637,1
6655,41212,"[1, 2, 3, 5, 6, 10, 13, 15, 19, 22, 24]",41212,"[1, 2, 3, 5, 6, 10, 13, 15, 19, 22, 24]",41,0.33415233415233414,-1
6656,4231,"[1, 2, 3, 5, 6, 9, 11, 17, 19, 21, 23]",343,"[1, 3, 4, 5, 7, 8, 9, 11, 17, 21, 23]",0,0.6463654223968566,0
6657,442,"[1, 2, 3, 5, 6, 9, 11, 12, 16, 22, 24]",343,"[1, 3, 4, 5, 7, 8, 9, 11, 17, 21, 23]",12,0.6674400618716164,1
6658,442,"[1, 2, 3, 5, 6, 9, 11, 12, 16, 22, 24]",433,"[1, 2, 3, 5, 6, 10, 13, 15, 17, 21, 23]",45,0.27586206896551724,0
6659,4231,"[1, 2, 3, 5, 6, 9, 11, 17, 19, 21, 23]",433,"[1, 2, 3, 5, 6, 10, 13, 15, 17, 21, 23]",50,0.5738161559888579,-1
6660,4231,"[1, 2, 3, 5, 6, 9, 11, 17, 19, 21, 23]",433,"[1, 2, 3, 5, 6, 10, 13, 15, 17, 21, 23]",72,0.593607305936073,0
6661,442,"[1, 2, 3, 5, 6, 9, 11, 12, 16, 22, 24]",3421,"[1, 3, 4, 5, 7, 8, 9, 11, 18, 20, 23]",0,0.3182308522114347,1
6662,442,"[1, 2, 3, 5, 6, 9, 11, 12, 16, 22, 24]",3421,"[1, 3, 4, 5, 7, 8, 9, 11, 18, 20, 23]",45,0.35350877192982455,0
6663,442,"[1, 2, 3, 5, 6, 9, 11, 12, 16, 22, 24]",3421,"[1, 3, 4, 5, 7, 8, 9, 11, 18, 20, 23]",75,0.36363636363636365,0
6664,433,"[1, 2, 3, 5, 6, 10, 13, 15, 17, 21, 23]",3421,"[1, 3, 4, 5, 7, 8, 9, 11, 18, 20, 23]",79,0.2972972972972973,0
6665,4411,"[1, 2, 3, 5, 6, 9, 11, 12, 16, 19, 23]",433,"[1, 2, 3, 5, 6, 10, 13, 15, 17, 21, 23]",0,0.38254172015404364,1
6666,4411,"[1, 2, 3, 5, 6, 9, 11, 12, 16, 19, 23]",433,"[1, 2, 3, 5, 6, 10, 13, 15, 17, 21, 23]",60,0.28865979381443296,0
6667,4411,"[1, 2, 3, 5, 6, 9, 11, 12, 16, 19, 23]",433,"[1, 2, 3, 5, 6, 10, 13, 15, 17, 21, 23]",63,0.0,0
6668,4411,"[1, 2, 3, 5, 6, 9, 11, 12, 16, 19, 23]",433,"[1, 2, 3, 5, 6, 10, 13, 15, 17, 21, 23]",65,0.16225165562913907,0
6669,4411,"[1, 2, 3, 5, 6, 9, 11, 12, 16, 19, 23]",442,"[1, 2, 3, 5, 6, 9, 11, 12, 16, 22, 24]",80,0.3072916666666667,0
6670,352,"[1, 3, 4, 5, 7, 8, 10, 13, 15, 22, 24]",41212,"[1, 2, 3, 5, 6, 10, 13, 15, 19, 22, 24]",0,0.44959128065395093,0
6671,352,"[1, 3, 4, 5, 7, 8, 10, 13, 15, 22, 24]",4231,"[1, 2, 3, 5, 6, 9, 11, 17, 19, 21, 23]",57,0.42702702702702705,0
6672,352,"[1, 3, 4, 5, 7, 8, 10, 13, 15, 22, 24]",433,"[1, 2, 3, 5, 6, 10, 13, 15, 17, 21, 23]",0,0.5723431498079385,2
6673,352,"[1, 3, 4, 5, 7, 8, 10, 13, 15, 22, 24]",343,"[1, 3, 4, 5, 7, 8, 9, 11, 17, 21, 23]",45,0.5572082379862701,0
6674,352,"[1, 3, 4, 5, 7, 8, 10, 13, 15, 22, 24]",343,"[1, 3, 4, 5, 7, 8, 9, 11, 17, 21, 23]",70,0.6105919003115264,0
6675,433,"[1, 2, 3, 5, 6, 10, 13, 15, 17, 21, 23]",433,"[1, 2, 3, 5, 6, 10, 13, 15, 17, 21, 23]",0,0.6582198289515363,1
6676,433,"[1, 2, 3, 5, 6, 10, 13, 15, 17, 21, 23]",433,"[1, 2, 3, 5, 6, 10, 13, 15, 17, 21, 23]",67,0.6562962962962963,0
6677,433,"[1, 2, 3, 5, 6, 10, 13, 15, 17, 21, 23]",3421,"[1, 3, 4, 5, 7, 8, 9, 11, 18, 20, 23]",0,0.5370426368309646,-2
6678,433,"[1, 2, 3, 5, 6, 10, 13, 15, 17, 21, 23]",352,"[1, 3, 4, 5, 7, 8, 10, 13, 15, 22, 24]",0,0.5109380793474231,-1
6679,442,"[1, 2, 3, 5, 6, 9, 11, 12, 16, 22, 24]",352,"[1, 3, 4, 5, 7, 8, 10, 13, 15, 22, 24]",72,0.33073929961089493,0
6680,442,"[1, 2, 3, 5, 6, 9, 11, 12, 16, 22, 24]",352,"[1, 3, 4, 5, 7, 8, 10, 13, 15, 22, 24]",84,0.9253731343283582,0
6681,442,"[1, 2, 3, 5, 6, 9, 11, 12, 16, 22, 24]",3421,"[1, 3, 4, 5, 7, 8, 9, 11, 18, 20, 23]",0,0.6073170731707317,0
6682,442,"[1, 2, 3, 5, 6, 9, 11, 12, 16, 22, 24]",3421,"[1, 3, 4, 5, 7, 8, 9, 11, 18, 20, 23]",8,0.5371248025276462,-1
6683,442,"[1, 2, 3, 5, 6, 9, 11, 12, 16, 22, 24]",3421,"[1, 3, 4, 5, 7, 8, 9, 11, 18, 20, 23]",45,0.6,0
6684,442,"[1, 2, 3, 5, 6, 9, 11, 12, 16, 22, 24]",3421,"[1, 3, 4, 5, 7, 8, 9, 11, 18, 20, 23]",64,0.7927927927927928,0
6685,442,"[1, 2, 3, 5, 6, 9, 11, 12, 16, 22, 24]",3421,"[1, 3, 4, 5, 7, 8, 9, 11, 18, 20, 23]",68,0.6854130052724078,0
6686,352,"[1, 3, 4, 5, 7, 8, 10, 13, 15, 22, 24]",41212,"[1, 2, 3, 5, 6, 10, 13, 15, 19, 22, 24]",0,0.4540976265114196,-1
6687,433,"[1, 2, 3, 5, 6, 10, 13, 15, 17, 21, 23]",433,"[1, 2, 3, 5, 6, 10, 13, 15, 17, 21, 23]",0,0.525695931477516,0
6688,433,"[1, 2, 3, 5, 6, 10, 13, 15, 17, 21, 23]",433,"[1, 2, 3, 5, 6, 10, 13, 15, 17, 21, 23]",26,0.5667767815007079,0
6689,433,"[1, 2, 3, 5, 6, 10, 13, 15, 17, 21, 23]",433,"[1, 2, 3, 5, 6, 10, 13, 15, 17, 21, 23]",80,0.5670103092783505,0
6690,352,"[1, 3, 4, 5, 7, 8, 10, 13, 15, 22, 24]",41212,"[1, 2, 3, 5, 6, 10, 13, 15, 19, 22, 24]",0,0.5390898483080513,0
6691,352,"[1, 3, 4, 5, 7, 8, 10, 13, 15, 22, 24]",442,"[1, 2, 3, 5, 6, 9, 11, 12, 16, 22, 24]",45,0.48161764705882354,0
6692,433,"[1, 2, 3, 5, 6, 10, 13, 15, 17, 21, 23]",442,"[1, 2, 3, 5, 6, 9, 11, 12, 16, 22, 24]",59,0.6966126656848306,0
6693,433,"[1, 2, 3, 5, 6, 10, 13, 15, 17, 21, 23]",4411,"[1, 2, 3, 5, 6, 9, 11, 12, 16, 19, 23]",75,0.7781569965870307,-1
6694,442,"[1, 2, 3, 5, 6, 9, 11, 12, 16, 22, 24]",433,"[1, 2, 3, 5, 6, 10, 13, 15, 17, 21, 23]",0,0.24759615384615385,-4
6695,4231,"[1, 2, 3, 5, 6, 9, 11, 17, 19, 21, 23]",352,"[1, 3, 4, 5, 7, 8, 10, 13, 15, 22, 24]",0,0.5148011100832562,1
6696,442,"[1, 2, 3, 5, 6, 9, 11, 12, 16, 22, 24]",352,"[1, 3, 4, 5, 7, 8, 10, 13, 15, 22, 24]",50,0.39901477832512317,0
6697,442,"[1, 2, 3, 5, 6, 9, 11, 12, 16, 22, 24]",41212,"[1, 2, 3, 5, 6, 10, 13, 15, 19, 22, 24]",61,0.373015873015873,0
6698,3421,"[1, 3, 4, 5, 7, 8, 9, 11, 18, 20, 23]",433,"[1, 2, 3, 5, 6, 10, 13, 15, 17, 21, 23]",0,0.5788452207666182,-1
6699,3421,"[1, 3, 4, 5, 7, 8, 9, 11, 18, 20, 23]",433,"[1, 2, 3, 5, 6, 10, 13, 15, 17, 21, 23]",53,0.7256410256410256,0
6700,433,"[1, 2, 3, 5, 6, 10, 13, 15, 17, 21, 23]",442,"[1, 2, 3, 5, 6, 9, 11, 12, 16, 22, 24]",0,0.3504171632896305,1
6701,433,"[1, 2, 3, 5, 6, 10, 13, 15, 17, 21, 23]",442,"[1, 2, 3, 5, 6, 9, 11, 12, 16, 22, 24]",45,0.4721549636803874,-1
6702,433,"[1, 2, 3, 5, 6, 10, 13, 15, 17, 21, 23]",352,"[1, 3, 4, 5, 7, 8, 10, 13, 15, 22, 24]",0,0.653469387755102,0
6703,4231,"[1, 2, 3, 5, 6, 9, 11, 17, 19, 21, 23]",352,"[1, 3, 4, 5, 7, 8, 10, 13, 15, 22, 24]",61,0.6946308724832215,0
6704,4231,"[1, 2, 3, 5, 6, 9, 11, 17, 19, 21, 23]",352,"[1, 3, 4, 5, 7, 8, 10, 13, 15, 22, 24]",70,0.698744769874477,0
6705,442,"[1, 2, 3, 5, 6, 9, 11, 12, 16, 22, 24]",4141,"[1, 2, 3, 5, 6, 10, 12, 13, 15, 16, 23]",0,0.5942887931034483,0
6706,352,"[1, 3, 4, 5, 7, 8, 10, 13, 15, 22, 24]",433,"[1, 2, 3, 5, 6, 10, 13, 15, 17, 21, 23]",0,0.3996333638863428,2
6707,41212,"[1, 2, 3, 5, 6, 10, 13, 15, 19, 22, 24]",433,"[1, 2, 3, 5, 6, 10, 13, 15, 17, 21, 23]",0,0.5872365339578455,-1
6708,41212,"[1, 2, 3, 5, 6, 10, 13, 15, 19, 22, 24]",433,"[1, 2, 3, 5, 6, 10, 13, 15, 17, 21, 23]",45,0.4591747146619842,0
6709,41212,"[1, 2, 3, 5, 6, 10, 13, 15, 19, 22, 24]",433,"[1, 2, 3, 5, 6, 10, 13, 15, 17, 21, 23]",79,0.9,0
6710,442,"[1, 2, 3, 5, 6, 9, 11, 12, 16, 22, 24]",433,"[1, 2, 3, 5, 6, 10, 13, 15, 17, 21, 23]",80,0.4908256880733945,1
6711,41212,"[1, 2, 3, 5, 6, 10, 13, 15, 19, 22, 24]",4411,"[1, 2, 3, 5, 6, 9, 11, 12, 16, 19, 23]",0,0.35818639798488666,-2
6712,352,"[1, 3, 4, 5, 7, 8, 10, 13, 15, 22, 24]",4411,"[1, 2, 3, 5, 6, 9, 11, 12, 16, 19, 23]",45,0.44907407407407407,0
6713,352,"[1, 3, 4, 5, 7, 8, 10, 13, 15, 22, 24]",4411,"[1, 2, 3, 5, 6, 9, 11, 12, 16, 19, 23]",59,0.8846153846153846,0
6714,3421,"[1, 3, 4, 5, 7, 8, 9, 11, 18, 20, 23]",4411,"[1, 2, 3, 5, 6, 9, 11, 12, 16, 19, 23]",60,0.4397590361445783,0
6715,3421,"[1, 3, 4, 5, 7, 8, 9, 11, 18, 20, 23]",343,"[1, 3, 4, 5, 7, 8, 9, 11, 17, 21, 23]",70,0.5339285714285714,1
6716,3421,"[1, 3, 4, 5, 7, 8, 9, 11, 18, 20, 23]",343,"[1, 3, 4, 5, 7, 8, 9, 11, 17, 21, 23]",85,0.3756345177664975,0
6717,352,"[1, 3, 4, 5, 7, 8, 10, 13, 15, 22, 24]",4411,"[1, 2, 3, 5, 6, 9, 11, 12, 16, 19, 23]",0,0.49333333333333335,1
6718,352,"[1, 3, 4, 5, 7, 8, 10, 13, 15, 22, 24]",451,"[1, 2, 3, 5, 6, 10, 12, 13, 15, 16, 23]",12,0.45045965270684374,0
6719,352,"[1, 3, 4, 5, 7, 8, 10, 13, 15, 22, 24]",451,"[1, 2, 3, 5, 6, 10, 12, 13, 15, 16, 23]",34,0.5572916666666666,1
6720,352,"[1, 3, 4, 5, 7, 8, 10, 13, 15, 22, 24]",4411,"[1, 2, 3, 5, 6, 9, 11, 12, 16, 19, 23]",45,0.6383838383838384,0
6721,352,"[1, 3, 4, 5, 7, 8, 10, 13, 15, 22, 24]",4411,"[1, 2, 3, 5, 6, 9, 11, 12, 16, 19, 23]",60,0.6338028169014085,0
6722,352,"[1, 3, 4, 5, 7, 8, 10, 13, 15, 22, 24]",4411,"[1, 2, 3, 5, 6, 9, 11, 12, 16, 19, 23]",63,0.47162673392181587,0
6723,41212,"[1, 2, 3, 5, 6, 10, 13, 15, 19, 22, 24]",433,"[1, 2, 3, 5, 6, 10, 13, 15, 17, 21, 23]",0,0.48787061994609165,-1
6724,41212,"[1, 2, 3, 5, 6, 10, 13, 15, 19, 22, 24]",4231,"[1, 2, 3, 5, 6, 9, 11, 17, 19, 21, 23]",45,0.5003017501508751,0
6725,4231,"[1, 2, 3, 5, 6, 9, 11, 17, 19, 21, 23]",4231,"[1, 2, 3, 5, 6, 9, 11, 17, 19, 21, 23]",86,0.7115384615384616,0
6726,433,"[1, 2, 3, 5, 6, 10, 13, 15, 17, 21, 23]",433,"[1, 2, 3, 5, 6, 10, 13, 15, 17, 21, 23]",0,0.6686371100164203,0
6727,343,"[1, 3, 4, 5, 7, 8, 9, 11, 17, 21, 23]",433,"[1, 2, 3, 5, 6, 10, 13, 15, 17, 21, 23]",0,0.6111451316595223,-2
6728,4141,"[1, 2, 3, 5, 6, 10, 12, 13, 15, 16, 23]",442,"[1, 2, 3, 5, 6, 9, 11, 12, 16, 22, 24]",0,0.6384,0
6729,4141,"[1, 2, 3, 5, 6, 10, 12, 13, 15, 16, 23]",4231,"[1, 2, 3, 5, 6, 9, 11, 17, 19, 21, 23]",45,0.7091295116772823,1
6730,4141,"[1, 2, 3, 5, 6, 10, 12, 13, 15, 16, 23]",4231,"[1, 2, 3, 5, 6, 9, 11, 17, 19, 21, 23]",58,0.5320665083135392,1
6731,3421,"[1, 3, 4, 5, 7, 8, 9, 11, 18, 20, 23]",41212,"[1, 2, 3, 5, 6, 10, 13, 15, 19, 22, 24]",0,0.7456140350877193,1
6732,3421,"[1, 3, 4, 5, 7, 8, 9, 11, 18, 20, 23]",352,"[1, 3, 4, 5, 7, 8, 10, 13, 15, 22, 24]",25,0.6276958002270148,1
6733,3421,"[1, 3, 4, 5, 7, 8, 9, 11, 18, 20, 23]",352,"[1, 3, 4, 5, 7, 8, 10, 13, 15, 22, 24]",45,0.47785547785547783,0
6734,3421,"[1, 3, 4, 5, 7, 8, 9, 11, 18, 20, 23]",352,"[1, 3, 4, 5, 7, 8, 10, 13, 15, 22, 24]",58,0.5919540229885057,0
6735,3421,"[1, 3, 4, 5, 7, 8, 9, 11, 18, 20, 23]",352,"[1, 3, 4, 5, 7, 8, 10, 13, 15, 22, 24]",73,0.5151515151515151,0
6736,433,"[1, 2, 3, 5, 6, 10, 13, 15, 17, 21, 23]",433,"[1, 2, 3, 5, 6, 10, 13, 15, 17, 21, 23]",0,0.44782466470395815,-1
6737,433,"[1, 2, 3, 5, 6, 10, 13, 15, 17, 21, 23]",4411,"[1, 2, 3, 5, 6, 12, 13, 15, 16, 19, 23]",74,0.42168674698795183,0
6738,4231,"[1, 2, 3, 5, 6, 9, 11, 17, 19, 21, 23]",4411,"[1, 2, 3, 5, 6, 12, 13, 15, 16, 19, 23]",78,0.6688453159041394,-1
6739,352,"[1, 3, 4, 5, 7, 8, 10, 13, 15, 22, 24]",352,"[1, 3, 4, 5, 7, 8, 10, 13, 15, 22, 24]",0,0.3005068790731354,-2
6740,352,"[1, 3, 4, 5, 7, 8, 10, 13, 15, 22, 24]",352,"[1, 3, 4, 5, 7, 8, 10, 13, 15, 22, 24]",65,0.15,0
6741,4231,"[1, 2, 3, 5, 6, 9, 11, 17, 19, 21, 23]",4141,"[1, 2, 3, 5, 6, 10, 12, 13, 15, 16, 23]",0,0.6141009595327492,-1
6742,433,"[1, 2, 3, 5, 6, 10, 13, 15, 17, 21, 23]",4141,"[1, 2, 3, 5, 6, 10, 12, 13, 15, 16, 23]",57,0.6703296703296703,0
6743,433,"[1, 2, 3, 5, 6, 10, 13, 15, 17, 21, 23]",4141,"[1, 2, 3, 5, 6, 10, 12, 13, 15, 16, 23]",88,0.5428571428571428,0
6744,3511,"[1, 3, 4, 5, 7, 8, 10, 13, 15, 19, 23]",4141,"[1, 2, 3, 5, 6, 10, 12, 13, 15, 16, 23]",90,0.8651685393258427,0
6745,352,"[1, 3, 4, 5, 7, 8, 10, 13, 15, 22, 24]",352,"[1, 3, 4, 5, 7, 8, 10, 13, 15, 22, 24]",0,0.4530558015943313,-1
6746,352,"[1, 3, 4, 5, 7, 8, 10, 13, 15, 22, 24]",3511,"[1, 3, 4, 5, 7, 8, 10, 13, 15, 19, 23]",65,0.7664233576642335,0
6747,433,"[1, 2, 3, 5, 6, 10, 13, 15, 17, 21, 23]",343,"[1, 3, 4, 5, 7, 8, 9, 11, 17, 21, 23]",0,0.6240437158469946,1
6748,433,"[1, 2, 3, 5, 6, 10, 13, 15, 17, 21, 23]",4231,"[1, 2, 3, 5, 6, 9, 11, 17, 19, 21, 23]",45,0.5093945720250522,0
6749,433,"[1, 2, 3, 5, 6, 10, 13, 15, 17, 21, 23]",4231,"[1, 2, 3, 5, 6, 9, 11, 17, 19, 21, 23]",56,0.7153284671532847,0
6750,433,"[1, 2, 3, 5, 6, 10, 13, 15, 17, 21, 23]",4231,"[1, 2, 3, 5, 6, 9, 11, 17, 19, 21, 23]",63,0.5578406169665809,0
6751,4411,"[1, 2, 3, 5, 6, 9, 11, 12, 16, 19, 23]",4231,"[1, 2, 3, 5, 6, 9, 11, 17, 19, 21, 23]",74,0.2872727272727273,0
6752,4411,"[1, 2, 3, 5, 6, 9, 11, 12, 16, 19, 23]",4231,"[1, 2, 3, 5, 6, 9, 11, 17, 19, 21, 23]",81,1.0,0
6753,433,"[1, 2, 3, 5, 6, 10, 13, 15, 17, 21, 23]",41212,"[1, 2, 3, 5, 6, 10, 13, 15, 19, 22, 24]",0,0.4703172978505629,-1
6754,433,"[1, 2, 3, 5, 6, 10, 13, 15, 17, 21, 23]",4141,"[1, 2, 3, 5, 6, 10, 12, 13, 15, 16, 23]",0,0.5895598771750256,0
6755,433,"[1, 2, 3, 5, 6, 10, 13, 15, 17, 21, 23]",4141,"[1, 2, 3, 5, 6, 10, 12, 13, 15, 16, 23]",45,1.0,0
6756,442,"[1, 2, 3, 5, 6, 9, 11, 12, 16, 22, 24]",4141,"[1, 2, 3, 5, 6, 10, 12, 13, 15, 16, 23]",45,0.4531024531024531,0
6757,442,"[1, 2, 3, 5, 6, 9, 11, 12, 16, 22, 24]",4141,"[1, 2, 3, 5, 6, 10, 12, 13, 15, 16, 23]",65,0.6122448979591837,1
6758,442,"[1, 2, 3, 5, 6, 9, 11, 12, 16, 22, 24]",4141,"[1, 2, 3, 5, 6, 10, 12, 13, 15, 16, 23]",81,0.3584905660377358,0
6759,41212,"[1, 2, 3, 5, 6, 10, 13, 15, 19, 22, 24]",433,"[1, 2, 3, 5, 6, 10, 13, 15, 17, 21, 23]",0,0.5130732961851693,0
6760,41212,"[1, 2, 3, 5, 6, 10, 13, 15, 19, 22, 24]",433,"[1, 2, 3, 5, 6, 10, 13, 15, 17, 21, 23]",64,0.9565217391304348,0
6761,41212,"[1, 2, 3, 5, 6, 10, 13, 15, 19, 22, 24]",4411,"[1, 2, 3, 5, 6, 9, 11, 12, 16, 19, 23]",67,0.9518072289156626,0
6762,41212,"[1, 2, 3, 5, 6, 10, 13, 15, 19, 22, 24]",4411,"[1, 2, 3, 5, 6, 9, 11, 12, 16, 19, 23]",69,0.6932624113475178,1
6763,41212,"[1, 2, 3, 5, 6, 10, 13, 15, 19, 22, 24]",4411,"[1, 2, 3, 5, 6, 9, 11, 12, 16, 19, 23]",86,0.7128205128205128,0
6764,442,"[1, 2, 3, 5, 6, 9, 11, 12, 16, 22, 24]",4411,"[1, 2, 3, 5, 6, 9, 11, 12, 16, 19, 23]",0,0.4887073522345026,0
6765,41212,"[1, 2, 3, 5, 6, 10, 13, 15, 19, 22, 24]",4411,"[1, 2, 3, 5, 6, 9, 11, 12, 16, 19, 23]",56,0.5586592178770949,0
6766,41212,"[1, 2, 3, 5, 6, 10, 13, 15, 19, 22, 24]",4411,"[1, 2, 3, 5, 6, 9, 11, 12, 16, 19, 23]",61,0.6423248882265276,0
6767,4231,"[1, 2, 3, 5, 6, 9, 11, 17, 19, 21, 23]",4411,"[1, 2, 3, 5, 6, 9, 11, 12, 16, 19, 23]",79,0.32558139534883723,0
6768,4231,"[1, 2, 3, 5, 6, 9, 11, 17, 19, 21, 23]",4411,"[1, 2, 3, 5, 6, 9, 11, 12, 16, 19, 23]",79,0.288135593220339,0
6769,433,"[1, 2, 3, 5, 6, 10, 13, 15, 17, 21, 23]",4231,"[1, 2, 3, 5, 6, 9, 11, 17, 19, 21, 23]",0,0.5782738095238096,0
6770,433,"[1, 2, 3, 5, 6, 10, 13, 15, 17, 21, 23]",4231,"[1, 2, 3, 5, 6, 9, 11, 17, 19, 21, 23]",76,0.6521739130434783,0
6771,41212,"[1, 2, 3, 5, 6, 10, 13, 15, 19, 22, 24]",442,"[1, 2, 3, 5, 6, 9, 11, 12, 16, 22, 24]",0,0.6637207247017234,2
6772,41212,"[1, 2, 3, 5, 6, 10, 13, 15, 19, 22, 24]",442,"[1, 2, 3, 5, 6, 9, 11, 12, 16, 22, 24]",52,0.6130346232179226,1
6773,4321,"[1, 2, 3, 5, 6, 10, 13, 15, 18, 20, 23]",442,"[1, 2, 3, 5, 6, 9, 11, 12, 16, 22, 24]",0,0.5323541087733228,2
6774,4321,"[1, 2, 3, 5, 6, 10, 13, 15, 18, 20, 23]",442,"[1, 2, 3, 5, 6, 9, 11, 12, 16, 22, 24]",77,0.21641791044776118,0
6775,4321,"[1, 2, 3, 5, 6, 10, 13, 15, 18, 20, 23]",442,"[1, 2, 3, 5, 6, 9, 11, 12, 16, 22, 24]",80,0.20408163265306123,0
6776,4321,"[1, 2, 3, 5, 6, 10, 13, 15, 18, 20, 23]",41212,"[1, 2, 3, 5, 6, 10, 13, 15, 19, 22, 24]",82,0.6727272727272727,1
6777,352,"[1, 3, 4, 5, 7, 8, 10, 13, 15, 22, 24]",442,"[1, 2, 3, 5, 6, 9, 11, 12, 16, 22, 24]",0,0.5319028797289667,-2
6778,352,"[1, 3, 4, 5, 7, 8, 10, 13, 15, 22, 24]",442,"[1, 2, 3, 5, 6, 9, 11, 12, 16, 22, 24]",45,0.5645412130637636,0
6779,352,"[1, 3, 4, 5, 7, 8, 10, 13, 15, 22, 24]",433,"[1, 2, 3, 5, 6, 10, 13, 15, 17, 21, 23]",60,0.5176151761517616,0
6780,352,"[1, 3, 4, 5, 7, 8, 10, 13, 15, 22, 24]",433,"[1, 2, 3, 5, 6, 10, 13, 15, 17, 21, 23]",69,0.4348697394789579,0
6781,352,"[1, 3, 4, 5, 7, 8, 10, 13, 15, 22, 24]",433,"[1, 2, 3, 5, 6, 10, 13, 15, 17, 21, 23]",0,0.6983695652173914,0
6782,352,"[1, 3, 4, 5, 7, 8, 10, 13, 15, 22, 24]",433,"[1, 2, 3, 5, 6, 10, 13, 15, 17, 21, 23]",30,0.6988130563798219,0
6783,352,"[1, 3, 4, 5, 7, 8, 10, 13, 15, 22, 24]",433,"[1, 2, 3, 5, 6, 10, 13, 15, 17, 21, 23]",45,0.5827814569536424,0
6784,352,"[1, 3, 4, 5, 7, 8, 10, 13, 15, 22, 24]",433,"[1, 2, 3, 5, 6, 10, 13, 15, 17, 21, 23]",53,0.5706713780918727,0
6785,343,"[1, 3, 4, 5, 7, 8, 9, 11, 17, 21, 23]",433,"[1, 2, 3, 5, 6, 10, 13, 15, 17, 21, 23]",71,0.5522388059701493,0
6786,3511,"[1, 3, 4, 5, 7, 8, 10, 13, 15, 19, 23]",433,"[1, 2, 3, 5, 6, 10, 13, 15, 17, 21, 23]",82,0.5985663082437276,-1
6787,3421,"[1, 3, 4, 5, 7, 8, 9, 11, 18, 20, 23]",352,"[1, 3, 4, 5, 7, 8, 10, 13, 15, 22, 24]",0,0.6008555445870352,2
6788,3421,"[1, 3, 4, 5, 7, 8, 9, 11, 18, 20, 23]",41212,"[1, 2, 3, 5, 6, 10, 13, 15, 19, 22, 24]",75,0.43783783783783786,0
6789,4411,"[1, 2, 3, 5, 6, 9, 11, 12, 16, 19, 23]",41212,"[1, 2, 3, 5, 6, 10, 13, 15, 19, 22, 24]",78,0.3969849246231156,0
6790,433,"[1, 2, 3, 5, 6, 10, 13, 15, 17, 21, 23]",41212,"[1, 2, 3, 5, 6, 10, 13, 15, 19, 22, 24]",0,0.5108753315649868,2
6791,433,"[1, 2, 3, 5, 6, 10, 13, 15, 17, 21, 23]",433,"[1, 2, 3, 5, 6, 10, 13, 15, 17, 21, 23]",45,0.3722721437740693,0
6792,433,"[1, 2, 3, 5, 6, 10, 13, 15, 17, 21, 23]",433,"[1, 2, 3, 5, 6, 10, 13, 15, 17, 21, 23]",64,0.5578034682080925,0
6793,433,"[1, 2, 3, 5, 6, 10, 13, 15, 17, 21, 23]",433,"[1, 2, 3, 5, 6, 10, 13, 15, 17, 21, 23]",72,0.47619047619047616,0
6794,3412,"[1, 3, 4, 5, 7, 8, 9, 11, 19, 22, 24]",4141,"[1, 2, 3, 5, 6, 10, 12, 13, 15, 16, 23]",0,0.5929588607594937,-3
6795,4411,"[1, 2, 3, 5, 6, 9, 11, 12, 16, 19, 23]",442,"[1, 2, 3, 5, 6, 9, 11, 12, 16, 22, 24]",0,0.3653179190751445,0
6796,4411,"[1, 2, 3, 5, 6, 9, 11, 12, 16, 19, 23]",442,"[1, 2, 3, 5, 6, 9, 11, 12, 16, 22, 24]",67,0.14285714285714285,0
6797,442,"[1, 2, 3, 5, 6, 9, 11, 12, 16, 22, 24]",442,"[1, 2, 3, 5, 6, 9, 11, 12, 16, 22, 24]",71,0.3431578947368421,0
6798,4411,"[1, 2, 3, 5, 6, 9, 11, 12, 16, 19, 23]",41212,"[1, 2, 3, 5, 6, 10, 13, 15, 19, 22, 24]",0,0.5630961115187088,-1
6799,4411,"[1, 2, 3, 5, 6, 9, 11, 12, 16, 19, 23]",41212,"[1, 2, 3, 5, 6, 10, 13, 15, 19, 22, 24]",72,0.5707317073170731,0
6800,442,"[1, 2, 3, 5, 6, 9, 11, 12, 16, 22, 24]",41212,"[1, 2, 3, 5, 6, 10, 13, 15, 19, 22, 24]",0,0.531102979613173,0
6801,442,"[1, 2, 3, 5, 6, 9, 11, 12, 16, 22, 24]",41212,"[1, 2, 3, 5, 6, 10, 13, 15, 19, 22, 24]",57,0.2522202486678508,0
6802,442,"[1, 2, 3, 5, 6, 9, 11, 12, 16, 22, 24]",41212,"[1, 2, 3, 5, 6, 10, 13, 15, 19, 22, 24]",77,0.8172043010752689,0
6803,442,"[1, 2, 3, 5, 6, 9, 11, 12, 16, 22, 24]",41212,"[1, 2, 3, 5, 6, 10, 13, 15, 19, 22, 24]",79,0.5346534653465347,-1
6804,352,"[1, 3, 4, 5, 7, 8, 10, 13, 15, 22, 24]",433,"[1, 2, 3, 5, 6, 10, 13, 15, 17, 21, 23]",0,0.3820148749154834,0
6805,352,"[1, 3, 4, 5, 7, 8, 10, 13, 15, 22, 24]",433,"[1, 2, 3, 5, 6, 10, 13, 15, 17, 21, 23]",78,0.21341463414634146,-1
6806,352,"[1, 3, 4, 5, 7, 8, 10, 13, 15, 22, 24]",433,"[1, 2, 3, 5, 6, 10, 13, 15, 17, 21, 23]",84,0.7714285714285715,0
6807,442,"[1, 2, 3, 5, 6, 9, 11, 12, 16, 22, 24]",343,"[1, 3, 4, 5, 7, 8, 9, 11, 17, 21, 23]",0,0.6550860719874805,1
6808,442,"[1, 2, 3, 5, 6, 9, 11, 12, 16, 22, 24]",433,"[1, 2, 3, 5, 6, 10, 13, 15, 17, 21, 23]",75,1.0,0
6809,442,"[1, 2, 3, 5, 6, 9, 11, 12, 16, 22, 24]",433,"[1, 2, 3, 5, 6, 10, 13, 15, 17, 21, 23]",75,0.4821852731591449,0
6810,442,"[1, 2, 3, 5, 6, 9, 11, 12, 16, 22, 24]",433,"[1, 2, 3, 5, 6, 10, 13, 15, 17, 21, 23]",86,0.09259259259259259,0
6811,4231,"[1, 2, 3, 5, 6, 9, 11, 17, 19, 21, 23]",352,"[1, 3, 4, 5, 7, 8, 10, 13, 15, 22, 24]",0,0.5913410770855333,-2
6812,4231,"[1, 2, 3, 5, 6, 9, 11, 17, 19, 21, 23]",352,"[1, 3, 4, 5, 7, 8, 10, 13, 15, 22, 24]",45,0.6028436018957346,0
6813,4231,"[1, 2, 3, 5, 6, 9, 11, 17, 19, 21, 23]",352,"[1, 3, 4, 5, 7, 8, 10, 13, 15, 22, 24]",69,0.9302325581395349,0
6814,4231,"[1, 2, 3, 5, 6, 9, 11, 17, 19, 21, 23]",352,"[1, 3, 4, 5, 7, 8, 10, 13, 15, 22, 24]",70,0.5892116182572614,0
6815,433,"[1, 2, 3, 5, 6, 10, 13, 15, 17, 21, 23]",4141,"[1, 2, 3, 5, 6, 10, 12, 13, 15, 16, 23]",0,0.6404545454545455,1
6816,433,"[1, 2, 3, 5, 6, 10, 13, 15, 17, 21, 23]",4411,"[1, 2, 3, 5, 6, 9, 11, 12, 16, 19, 23]",45,0.6730245231607629,1
6817,433,"[1, 2, 3, 5, 6, 10, 13, 15, 17, 21, 23]",4411,"[1, 2, 3, 5, 6, 9, 11, 12, 16, 19, 23]",61,0.5517241379310345,-1
6818,343,"[1, 3, 4, 5, 7, 8, 9, 11, 17, 21, 23]",442,"[1, 2, 3, 5, 6, 9, 11, 12, 16, 22, 24]",0,0.6732673267326733,0
6819,4411,"[1, 2, 3, 5, 6, 9, 11, 12, 16, 19, 23]",442,"[1, 2, 3, 5, 6, 9, 11, 12, 16, 22, 24]",6,0.5039872408293461,1
6820,4411,"[1, 2, 3, 5, 6, 9, 11, 12, 16, 19, 23]",442,"[1, 2, 3, 5, 6, 9, 11, 12, 16, 22, 24]",42,0.5107142857142857,-1
6821,41212,"[1, 2, 3, 5, 6, 10, 13, 15, 19, 22, 24]",4411,"[1, 2, 3, 5, 6, 9, 11, 12, 16, 19, 23]",0,0.46439169139465875,1
6822,41212,"[1, 2, 3, 5, 6, 10, 13, 15, 19, 22, 24]",442,"[1, 2, 3, 5, 6, 9, 11, 12, 16, 22, 24]",56,0.24539877300613497,0
6823,41212,"[1, 2, 3, 5, 6, 10, 13, 15, 19, 22, 24]",352,"[1, 3, 4, 5, 7, 8, 10, 13, 15, 22, 24]",0,0.3597093257973355,-1
6824,442,"[1, 2, 3, 5, 6, 9, 11, 12, 16, 22, 24]",433,"[1, 2, 3, 5, 6, 10, 13, 15, 17, 21, 23]",0,0.6296296296296297,0
6825,442,"[1, 2, 3, 5, 6, 9, 11, 12, 16, 22, 24]",41212,"[1, 2, 3, 5, 6, 10, 13, 15, 19, 22, 24]",21,0.4369747899159664,2
6826,442,"[1, 2, 3, 5, 6, 9, 11, 12, 16, 22, 24]",41212,"[1, 2, 3, 5, 6, 10, 13, 15, 19, 22, 24]",45,0.5,0
6827,442,"[1, 2, 3, 5, 6, 9, 11, 12, 16, 22, 24]",41212,"[1, 2, 3, 5, 6, 10, 13, 15, 19, 22, 24]",45,0.5911413969335605,1
6828,442,"[1, 2, 3, 5, 6, 9, 11, 12, 16, 22, 24]",41212,"[1, 2, 3, 5, 6, 10, 13, 15, 19, 22, 24]",61,0.45588235294117646,0
6829,442,"[1, 2, 3, 5, 6, 9, 11, 12, 16, 22, 24]",41212,"[1, 2, 3, 5, 6, 10, 13, 15, 19, 22, 24]",62,0.5226781857451404,-2
6830,442,"[1, 2, 3, 5, 6, 9, 11, 12, 16, 22, 24]",41212,"[1, 2, 3, 5, 6, 10, 13, 15, 19, 22, 24]",77,0.42083333333333334,0
6831,343,"[1, 3, 4, 5, 7, 8, 9, 11, 17, 21, 23]",433,"[1, 2, 3, 5, 6, 10, 13, 15, 17, 21, 23]",0,0.45691382765531063,0
6832,343,"[1, 3, 4, 5, 7, 8, 9, 11, 17, 21, 23]",4411,"[1, 2, 3, 5, 6, 9, 11, 12, 16, 19, 23]",41,0.0,0
6833,4411,"[1, 2, 3, 5, 6, 9, 11, 12, 16, 19, 23]",4411,"[1, 2, 3, 5, 6, 9, 11, 12, 16, 19, 23]",42,0.4199475065616798,1
6834,4411,"[1, 2, 3, 5, 6, 9, 11, 12, 16, 19, 23]",4411,"[1, 2, 3, 5, 6, 9, 11, 12, 16, 19, 23]",61,0.043478260869565216,0
6835,41212,"[1, 2, 3, 5, 6, 10, 13, 15, 19, 22, 24]",433,"[1, 2, 3, 5, 6, 10, 13, 15, 17, 21, 23]",0,0.6316371681415929,0
6836,352,"[1, 3, 4, 5, 7, 8, 10, 13, 15, 22, 24]",433,"[1, 2, 3, 5, 6, 10, 13, 15, 17, 21, 23]",45,0.5164152617568767,1
6837,433,"[1, 2, 3, 5, 6, 10, 13, 15, 17, 21, 23]",433,"[1, 2, 3, 5, 6, 10, 13, 15, 17, 21, 23]",0,0.4513860157219694,-1
6838,433,"[1, 2, 3, 5, 6, 10, 13, 15, 17, 21, 23]",3421,"[1, 3, 4, 5, 7, 8, 9, 11, 18, 20, 23]",0,0.4301191765980498,-2
6839,433,"[1, 2, 3, 5, 6, 10, 13, 15, 17, 21, 23]",4411,"[1, 2, 3, 5, 6, 9, 11, 12, 16, 19, 23]",0,0.6449738524113887,1
6840,433,"[1, 2, 3, 5, 6, 10, 13, 15, 17, 21, 23]",4411,"[1, 2, 3, 5, 6, 9, 11, 12, 16, 19, 23]",45,0.5643224699828473,0
6841,433,"[1, 2, 3, 5, 6, 10, 13, 15, 17, 21, 23]",4411,"[1, 2, 3, 5, 6, 9, 11, 12, 16, 19, 23]",59,0.5395799676898223,0
6842,352,"[1, 3, 4, 5, 7, 8, 10, 13, 15, 22, 24]",352,"[1, 3, 4, 5, 7, 8, 10, 13, 15, 22, 24]",0,0.5015576323987538,-1
6843,41212,"[1, 2, 3, 5, 6, 10, 13, 15, 19, 22, 24]",433,"[1, 2, 3, 5, 6, 10, 13, 15, 17, 21, 23]",0,0.4596003475238923,-1
6844,41212,"[1, 2, 3, 5, 6, 10, 13, 15, 19, 22, 24]",433,"[1, 2, 3, 5, 6, 10, 13, 15, 17, 21, 23]",57,0.3951367781155015,0
6845,41212,"[1, 2, 3, 5, 6, 10, 13, 15, 19, 22, 24]",352,"[1, 3, 4, 5, 7, 8, 10, 13, 15, 22, 24]",68,0.0,0
6846,442,"[1, 2, 3, 5, 6, 9, 11, 12, 16, 22, 24]",343,"[1, 3, 4, 5, 7, 8, 9, 11, 17, 21, 23]",0,0.47576736672051695,0
6847,442,"[1, 2, 3, 5, 6, 9, 11, 12, 16, 22, 24]",4411,"[1, 2, 3, 5, 6, 9, 11, 12, 16, 19, 23]",35,0.36013986013986016,1
6848,442,"[1, 2, 3, 5, 6, 9, 11, 12, 16, 22, 24]",4411,"[1, 2, 3, 5, 6, 9, 11, 12, 16, 19, 23]",60,0.584870848708487,-1
6849,442,"[1, 2, 3, 5, 6, 9, 11, 12, 16, 22, 24]",4411,"[1, 2, 3, 5, 6, 9, 11, 12, 16, 19, 23]",78,0.9219858156028369,0
6850,442,"[1, 2, 3, 5, 6, 9, 11, 12, 16, 22, 24]",4411,"[1, 2, 3, 5, 6, 9, 11, 12, 16, 19, 23]",83,0.7217391304347827,0
6851,3511,"[1, 3, 4, 5, 7, 8, 10, 13, 15, 19, 23]",41212,"[1, 2, 3, 5, 6, 10, 13, 15, 19, 22, 24]",0,0.46731234866828086,0
6852,4321,"[1, 2, 3, 5, 6, 10, 13, 15, 18, 20, 23]",41212,"[1, 2, 3, 5, 6, 10, 13, 15, 19, 22, 24]",10,0.5684210526315789,0
6853,4321,"[1, 2, 3, 5, 6, 10, 13, 15, 18, 20, 23]",41212,"[1, 2, 3, 5, 6, 10, 13, 15, 19, 22, 24]",45,0.558282208588957,1
6854,4321,"[1, 2, 3, 5, 6, 10, 13, 15, 18, 20, 23]",442,"[1, 2, 3, 5, 6, 9, 11, 12, 16, 22, 24]",74,0.33480176211453744,0
6855,4231,"[1, 2, 3, 5, 6, 9, 11, 17, 19, 21, 23]",433,"[1, 2, 3, 5, 6, 10, 13, 15, 17, 21, 23]",0,0.5170185264971995,2
6856,4231,"[1, 2, 3, 5, 6, 9, 11, 17, 19, 21, 23]",4231,"[1, 2, 3, 5, 6, 9, 11, 17, 19, 21, 23]",66,0.33816425120772947,0
6857,433,"[1, 2, 3, 5, 6, 10, 13, 15, 17, 21, 23]",433,"[1, 2, 3, 5, 6, 10, 13, 15, 17, 21, 23]",0,0.5523772709702358,-2
6858,442,"[1, 2, 3, 5, 6, 9, 11, 12, 16, 22, 24]",433,"[1, 2, 3, 5, 6, 10, 13, 15, 17, 21, 23]",59,0.5279503105590062,0
6859,41212,"[1, 2, 3, 5, 6, 10, 13, 15, 19, 22, 24]",433,"[1, 2, 3, 5, 6, 10, 13, 15, 17, 21, 23]",66,0.6713091922005571,0
6860,433,"[1, 2, 3, 5, 6, 10, 13, 15, 17, 21, 23]",433,"[1, 2, 3, 5, 6, 10, 13, 15, 17, 21, 23]",0,0.45762021189894053,0
6861,41212,"[1, 2, 3, 5, 6, 10, 13, 15, 19, 22, 24]",433,"[1, 2, 3, 5, 6, 10, 13, 15, 17, 21, 23]",0,0.4741100323624595,0
6862,41212,"[1, 2, 3, 5, 6, 10, 13, 15, 19, 22, 24]",433,"[1, 2, 3, 5, 6, 10, 13, 15, 17, 21, 23]",45,0.5751196172248804,0
6863,41212,"[1, 2, 3, 5, 6, 10, 13, 15, 19, 22, 24]",433,"[1, 2, 3, 5, 6, 10, 13, 15, 17, 21, 23]",75,0.3286384976525822,0
6864,3511,"[1, 3, 4, 5, 7, 8, 10, 13, 15, 19, 23]",41212,"[1, 2, 3, 5, 6, 10, 13, 15, 19, 22, 24]",0,0.47381422924901184,-1
6865,4231,"[1, 2, 3, 5, 6, 9, 11, 17, 19, 21, 23]",41212,"[1, 2, 3, 5, 6, 10, 13, 15, 19, 22, 24]",55,0.3670886075949367,0
6866,343,"[1, 3, 4, 5, 7, 8, 9, 11, 17, 21, 23]",433,"[1, 2, 3, 5, 6, 10, 13, 15, 17, 21, 23]",0,0.44323671497584544,0
6867,4141,"[1, 2, 3, 5, 6, 10, 12, 13, 15, 16, 23]",433,"[1, 2, 3, 5, 6, 10, 13, 15, 17, 21, 23]",45,0.3593898951382269,0
6868,352,"[1, 3, 4, 5, 7, 8, 10, 13, 15, 22, 24]",433,"[1, 2, 3, 5, 6, 10, 13, 15, 17, 21, 23]",0,0.4800171895143962,0
6869,3421,"[1, 3, 4, 5, 7, 8, 9, 11, 18, 20, 23]",4411,"[1, 2, 3, 5, 6, 9, 11, 12, 16, 19, 23]",0,0.6946624803767661,3
6870,3421,"[1, 3, 4, 5, 7, 8, 9, 11, 18, 20, 23]",4141,"[1, 2, 3, 5, 6, 10, 12, 13, 15, 16, 23]",31,0.6179941002949852,1
6871,343,"[1, 3, 4, 5, 7, 8, 9, 11, 17, 21, 23]",4141,"[1, 2, 3, 5, 6, 10, 12, 13, 15, 16, 23]",45,0.9375,0
6872,343,"[1, 3, 4, 5, 7, 8, 9, 11, 17, 21, 23]",4411,"[1, 2, 3, 5, 6, 9, 11, 12, 16, 19, 23]",45,0.8257956448911222,0
6873,343,"[1, 3, 4, 5, 7, 8, 9, 11, 17, 21, 23]",4411,"[1, 2, 3, 5, 6, 9, 11, 12, 16, 19, 23]",58,0.8606060606060606,0
6874,343,"[1, 3, 4, 5, 7, 8, 9, 11, 17, 21, 23]",4411,"[1, 2, 3, 5, 6, 9, 11, 12, 16, 19, 23]",61,0.7086466165413534,0
6875,433,"[1, 2, 3, 5, 6, 10, 13, 15, 17, 21, 23]",433,"[1, 2, 3, 5, 6, 10, 13, 15, 17, 21, 23]",0,0.5975460122699386,0
6876,433,"[1, 2, 3, 5, 6, 10, 13, 15, 17, 21, 23]",4231,"[1, 2, 3, 5, 6, 9, 11, 17, 19, 21, 23]",21,0.5239551478083588,0
6877,433,"[1, 2, 3, 5, 6, 10, 13, 15, 17, 21, 23]",4231,"[1, 2, 3, 5, 6, 9, 11, 17, 19, 21, 23]",45,0.3898809523809524,2
6878,433,"[1, 2, 3, 5, 6, 10, 13, 15, 17, 21, 23]",4231,"[1, 2, 3, 5, 6, 9, 11, 17, 19, 21, 23]",77,0.32601880877742945,0
6879,433,"[1, 2, 3, 5, 6, 10, 13, 15, 17, 21, 23]",433,"[1, 2, 3, 5, 6, 10, 13, 15, 17, 21, 23]",0,0.4170428893905192,0
6880,433,"[1, 2, 3, 5, 6, 10, 13, 15, 17, 21, 23]",433,"[1, 2, 3, 5, 6, 10, 13, 15, 17, 21, 23]",52,0.5238095238095238,0
6881,433,"[1, 2, 3, 5, 6, 10, 13, 15, 17, 21, 23]",433,"[1, 2, 3, 5, 6, 10, 13, 15, 17, 21, 23]",58,0.31572327044025156,0
6882,4231,"[1, 2, 3, 5, 6, 9, 11, 17, 19, 21, 23]",433,"[1, 2, 3, 5, 6, 10, 13, 15, 17, 21, 23]",0,0.594411897251014,-2
6883,4231,"[1, 2, 3, 5, 6, 9, 11, 17, 19, 21, 23]",433,"[1, 2, 3, 5, 6, 10, 13, 15, 17, 21, 23]",62,0.5795454545454546,0
6884,4141,"[1, 2, 3, 5, 6, 10, 12, 13, 15, 16, 23]",433,"[1, 2, 3, 5, 6, 10, 13, 15, 17, 21, 23]",0,0.41952861952861953,1
6885,4141,"[1, 2, 3, 5, 6, 10, 12, 13, 15, 16, 23]",41212,"[1, 2, 3, 5, 6, 10, 13, 15, 19, 22, 24]",77,0.0,0
6886,41212,"[1, 2, 3, 5, 6, 10, 13, 15, 19, 22, 24]",352,"[1, 3, 4, 5, 7, 8, 10, 13, 15, 22, 24]",0,0.5202821869488536,0
6887,4141,"[1, 2, 3, 5, 6, 10, 12, 13, 15, 16, 23]",352,"[1, 3, 4, 5, 7, 8, 10, 13, 15, 22, 24]",12,0.5920043811610076,0
6888,4141,"[1, 2, 3, 5, 6, 10, 12, 13, 15, 16, 23]",352,"[1, 3, 4, 5, 7, 8, 10, 13, 15, 22, 24]",61,0.6804123711340206,0
6889,4141,"[1, 2, 3, 5, 6, 10, 12, 13, 15, 16, 23]",352,"[1, 3, 4, 5, 7, 8, 10, 13, 15, 22, 24]",78,0.4392857142857143,0
6890,433,"[1, 2, 3, 5, 6, 10, 13, 15, 17, 21, 23]",41212,"[1, 2, 3, 5, 6, 10, 13, 15, 19, 22, 24]",0,0.46858440575321725,-1
6891,433,"[1, 2, 3, 5, 6, 10, 13, 15, 17, 21, 23]",41212,"[1, 2, 3, 5, 6, 10, 13, 15, 19, 22, 24]",64,0.203125,1
6892,433,"[1, 2, 3, 5, 6, 10, 13, 15, 17, 21, 23]",41212,"[1, 2, 3, 5, 6, 10, 13, 15, 19, 22, 24]",69,0.4986910994764398,0
6893,433,"[1, 2, 3, 5, 6, 10, 13, 15, 17, 21, 23]",41212,"[1, 2, 3, 5, 6, 10, 13, 15, 19, 22, 24]",87,0.9166666666666666,0
6894,433,"[1, 2, 3, 5, 6, 10, 13, 15, 17, 21, 23]",3421,"[1, 3, 4, 5, 7, 8, 9, 11, 18, 20, 23]",0,0.39073390733907337,-2
6895,433,"[1, 2, 3, 5, 6, 10, 13, 15, 17, 21, 23]",352,"[1, 3, 4, 5, 7, 8, 10, 13, 15, 22, 24]",0,0.624792473713337,2
6896,433,"[1, 2, 3, 5, 6, 10, 13, 15, 17, 21, 23]",352,"[1, 3, 4, 5, 7, 8, 10, 13, 15, 22, 24]",47,0.607773851590106,0
6897,433,"[1, 2, 3, 5, 6, 10, 13, 15, 17, 21, 23]",352,"[1, 3, 4, 5, 7, 8, 10, 13, 15, 22, 24]",53,0.934640522875817,0
6898,433,"[1, 2, 3, 5, 6, 10, 13, 15, 17, 21, 23]",442,"[1, 2, 3, 5, 6, 9, 11, 12, 16, 22, 24]",57,0.5017064846416383,1
6899,433,"[1, 2, 3, 5, 6, 10, 13, 15, 17, 21, 23]",442,"[1, 2, 3, 5, 6, 9, 11, 12, 16, 22, 24]",65,0.6312056737588653,0
6900,433,"[1, 2, 3, 5, 6, 10, 13, 15, 17, 21, 23]",442,"[1, 2, 3, 5, 6, 9, 11, 12, 16, 22, 24]",69,0.5708502024291497,-1
6901,433,"[1, 2, 3, 5, 6, 10, 13, 15, 17, 21, 23]",442,"[1, 2, 3, 5, 6, 9, 11, 12, 16, 22, 24]",0,0.39905469277515193,1
6902,433,"[1, 2, 3, 5, 6, 10, 13, 15, 17, 21, 23]",41212,"[1, 2, 3, 5, 6, 10, 13, 15, 19, 22, 24]",40,0.38226108682073706,0
6903,352,"[1, 3, 4, 5, 7, 8, 10, 13, 15, 22, 24]",343,"[1, 3, 4, 5, 7, 8, 9, 11, 17, 21, 23]",0,0.4756646216768916,1
6904,352,"[1, 3, 4, 5, 7, 8, 10, 13, 15, 22, 24]",343,"[1, 3, 4, 5, 7, 8, 9, 11, 17, 21, 23]",62,0.5197568389057751,-1
6905,442,"[1, 2, 3, 5, 6, 9, 11, 12, 16, 22, 24]",4141,"[1, 2, 3, 5, 6, 10, 12, 13, 15, 16, 23]",0,0.48446866485013623,1
6906,442,"[1, 2, 3, 5, 6, 9, 11, 12, 16, 22, 24]",4231,"[1, 2, 3, 5, 6, 9, 11, 17, 19, 21, 23]",59,0.4520547945205479,-1
6907,442,"[1, 2, 3, 5, 6, 9, 11, 12, 16, 22, 24]",4231,"[1, 2, 3, 5, 6, 9, 11, 17, 19, 21, 23]",70,0.16666666666666666,0
6908,442,"[1, 2, 3, 5, 6, 9, 11, 12, 16, 22, 24]",4411,"[1, 2, 3, 5, 6, 9, 11, 12, 16, 19, 23]",72,1.0,0
6909,41212,"[1, 2, 3, 5, 6, 10, 13, 15, 19, 22, 24]",4411,"[1, 2, 3, 5, 6, 9, 11, 12, 16, 19, 23]",73,0.5901639344262295,0
6910,433,"[1, 2, 3, 5, 6, 10, 13, 15, 17, 21, 23]",4231,"[1, 2, 3, 5, 6, 9, 11, 17, 19, 21, 23]",0,0.4636320976067574,-1
6911,4231,"[1, 2, 3, 5, 6, 9, 11, 17, 19, 21, 23]",4231,"[1, 2, 3, 5, 6, 9, 11, 17, 19, 21, 23]",57,0.4911147011308562,1
6912,4231,"[1, 2, 3, 5, 6, 9, 11, 17, 19, 21, 23]",4231,"[1, 2, 3, 5, 6, 9, 11, 17, 19, 21, 23]",77,0.19463087248322147,0
6913,433,"[1, 2, 3, 5, 6, 10, 13, 15, 17, 21, 23]",352,"[1, 3, 4, 5, 7, 8, 10, 13, 15, 22, 24]",0,0.47588978185993114,3
6914,433,"[1, 2, 3, 5, 6, 10, 13, 15, 17, 21, 23]",41212,"[1, 2, 3, 5, 6, 10, 13, 15, 19, 22, 24]",45,0.3,1
6915,433,"[1, 2, 3, 5, 6, 10, 13, 15, 17, 21, 23]",41212,"[1, 2, 3, 5, 6, 10, 13, 15, 19, 22, 24]",57,0.48623853211009177,0
6916,433,"[1, 2, 3, 5, 6, 10, 13, 15, 17, 21, 23]",433,"[1, 2, 3, 5, 6, 10, 13, 15, 17, 21, 23]",66,0.23703703703703705,-1
6917,352,"[1, 3, 4, 5, 7, 8, 10, 13, 15, 22, 24]",433,"[1, 2, 3, 5, 6, 10, 13, 15, 17, 21, 23]",0,0.5726775956284152,1
6918,352,"[1, 3, 4, 5, 7, 8, 10, 13, 15, 22, 24]",433,"[1, 2, 3, 5, 6, 10, 13, 15, 17, 21, 23]",23,0.5368043087971275,0
6919,352,"[1, 3, 4, 5, 7, 8, 10, 13, 15, 22, 24]",433,"[1, 2, 3, 5, 6, 10, 13, 15, 17, 21, 23]",39,0.627254509018036,0
6920,352,"[1, 3, 4, 5, 7, 8, 10, 13, 15, 22, 24]",433,"[1, 2, 3, 5, 6, 10, 13, 15, 17, 21, 23]",63,0.27149321266968324,0
6921,352,"[1, 3, 4, 5, 7, 8, 10, 13, 15, 22, 24]",433,"[1, 2, 3, 5, 6, 10, 13, 15, 17, 21, 23]",69,0.3464285714285714,0
6922,352,"[1, 3, 4, 5, 7, 8, 10, 13, 15, 22, 24]",4231,"[1, 2, 3, 5, 6, 9, 11, 17, 19, 21, 23]",77,0.3031496062992126,0
6923,3421,"[1, 3, 4, 5, 7, 8, 9, 11, 18, 20, 23]",433,"[1, 2, 3, 5, 6, 10, 13, 15, 17, 21, 23]",0,0.6873996789727127,-2
6924,3421,"[1, 3, 4, 5, 7, 8, 9, 11, 18, 20, 23]",433,"[1, 2, 3, 5, 6, 10, 13, 15, 17, 21, 23]",60,0.7868852459016393,0
6925,3421,"[1, 3, 4, 5, 7, 8, 9, 11, 18, 20, 23]",433,"[1, 2, 3, 5, 6, 10, 13, 15, 17, 21, 23]",78,0.8947368421052632,0
6926,4141,"[1, 2, 3, 5, 6, 10, 12, 13, 15, 16, 23]",433,"[1, 2, 3, 5, 6, 10, 13, 15, 17, 21, 23]",80,0.7228260869565217,0
6927,41212,"[1, 2, 3, 5, 6, 10, 13, 15, 19, 22, 24]",433,"[1, 2, 3, 5, 6, 10, 13, 15, 17, 21, 23]",0,0.21024464831804282,0
6928,442,"[1, 2, 3, 5, 6, 9, 11, 12, 16, 22, 24]",433,"[1, 2, 3, 5, 6, 10, 13, 15, 17, 21, 23]",26,0.3280363223609535,0
6929,4141,"[1, 2, 3, 5, 6, 10, 12, 13, 15, 16, 23]",433,"[1, 2, 3, 5, 6, 10, 13, 15, 17, 21, 23]",45,0.41237113402061853,0
6930,4141,"[1, 2, 3, 5, 6, 10, 12, 13, 15, 16, 23]",433,"[1, 2, 3, 5, 6, 10, 13, 15, 17, 21, 23]",50,0.398406374501992,-1
6931,41212,"[1, 2, 3, 5, 6, 10, 13, 15, 19, 22, 24]",433,"[1, 2, 3, 5, 6, 10, 13, 15, 17, 21, 23]",63,0.4824561403508772,0
6932,41212,"[1, 2, 3, 5, 6, 10, 13, 15, 19, 22, 24]",433,"[1, 2, 3, 5, 6, 10, 13, 15, 17, 21, 23]",71,0.45930232558139533,0
6933,41212,"[1, 2, 3, 5, 6, 10, 13, 15, 19, 22, 24]",433,"[1, 2, 3, 5, 6, 10, 13, 15, 17, 21, 23]",0,0.6354319180087847,1
6934,41212,"[1, 2, 3, 5, 6, 10, 13, 15, 19, 22, 24]",433,"[1, 2, 3, 5, 6, 10, 13, 15, 17, 21, 23]",38,0.6045548654244306,1
6935,4141,"[1, 2, 3, 5, 6, 10, 12, 13, 15, 16, 23]",433,"[1, 2, 3, 5, 6, 10, 13, 15, 17, 21, 23]",0,0.5749014454664915,1
6936,4411,"[1, 2, 3, 5, 6, 9, 11, 12, 16, 19, 23]",433,"[1, 2, 3, 5, 6, 10, 13, 15, 17, 21, 23]",37,1.0,0
6937,4411,"[1, 2, 3, 5, 6, 9, 11, 12, 16, 19, 23]",433,"[1, 2, 3, 5, 6, 10, 13, 15, 17, 21, 23]",38,0.4597315436241611,0
6938,4411,"[1, 2, 3, 5, 6, 9, 11, 12, 16, 19, 23]",433,"[1, 2, 3, 5, 6, 10, 13, 15, 17, 21, 23]",45,0.4563106796116505,-1
6939,4411,"[1, 2, 3, 5, 6, 9, 11, 12, 16, 19, 23]",433,"[1, 2, 3, 5, 6, 10, 13, 15, 17, 21, 23]",56,0.0,0
6940,4411,"[1, 2, 3, 5, 6, 9, 11, 12, 16, 19, 23]",4231,"[1, 2, 3, 5, 6, 9, 11, 17, 19, 21, 23]",56,0.21823472356935014,0
6941,41212,"[1, 2, 3, 5, 6, 10, 13, 15, 19, 22, 24]",3412,"[1, 3, 4, 5, 7, 8, 9, 11, 19, 22, 24]",0,0.5299429657794676,1
6942,442,"[1, 2, 3, 5, 6, 9, 11, 12, 16, 22, 24]",433,"[1, 2, 3, 5, 6, 10, 13, 15, 17, 21, 23]",0,0.42343173431734316,2
6943,442,"[1, 2, 3, 5, 6, 9, 11, 12, 16, 22, 24]",433,"[1, 2, 3, 5, 6, 10, 13, 15, 17, 21, 23]",65,0.17708333333333334,0
6944,4141,"[1, 2, 3, 5, 6, 10, 12, 13, 15, 16, 23]",433,"[1, 2, 3, 5, 6, 10, 13, 15, 17, 21, 23]",68,0.31736526946107785,0
6945,433,"[1, 2, 3, 5, 6, 10, 13, 15, 17, 21, 23]",3511,"[1, 3, 4, 5, 7, 8, 10, 13, 15, 19, 23]",0,0.582701062215478,0
6946,433,"[1, 2, 3, 5, 6, 10, 13, 15, 17, 21, 23]",3511,"[1, 3, 4, 5, 7, 8, 10, 13, 15, 19, 23]",31,0.3771626297577855,1
6947,433,"[1, 2, 3, 5, 6, 10, 13, 15, 17, 21, 23]",3511,"[1, 3, 4, 5, 7, 8, 10, 13, 15, 19, 23]",41,0.27256317689530685,0
6948,433,"[1, 2, 3, 5, 6, 10, 13, 15, 17, 21, 23]",3511,"[1, 3, 4, 5, 7, 8, 10, 13, 15, 19, 23]",54,0.047619047619047616,0
6949,433,"[1, 2, 3, 5, 6, 10, 13, 15, 17, 21, 23]",3511,"[1, 3, 4, 5, 7, 8, 10, 13, 15, 19, 23]",55,0.5175718849840255,0
6950,433,"[1, 2, 3, 5, 6, 10, 13, 15, 17, 21, 23]",3511,"[1, 3, 4, 5, 7, 8, 10, 13, 15, 19, 23]",62,0.38120567375886527,0
6951,433,"[1, 2, 3, 5, 6, 10, 13, 15, 17, 21, 23]",442,"[1, 2, 3, 5, 6, 9, 11, 12, 16, 22, 24]",74,0.0,0
6952,433,"[1, 2, 3, 5, 6, 10, 13, 15, 17, 21, 23]",4231,"[1, 2, 3, 5, 6, 9, 11, 17, 19, 21, 23]",0,0.40774610005379236,1
6953,433,"[1, 2, 3, 5, 6, 10, 13, 15, 17, 21, 23]",4231,"[1, 2, 3, 5, 6, 9, 11, 17, 19, 21, 23]",45,0.40956651718983555,1
6954,433,"[1, 2, 3, 5, 6, 10, 13, 15, 17, 21, 23]",4231,"[1, 2, 3, 5, 6, 9, 11, 17, 19, 21, 23]",65,0.5291375291375291,-1
6955,433,"[1, 2, 3, 5, 6, 10, 13, 15, 17, 21, 23]",442,"[1, 2, 3, 5, 6, 9, 11, 12, 16, 22, 24]",76,0.6213592233009708,0
6956,433,"[1, 2, 3, 5, 6, 10, 13, 15, 17, 21, 23]",3421,"[1, 3, 4, 5, 7, 8, 9, 11, 18, 20, 23]",0,0.5247691015952981,1
6957,433,"[1, 2, 3, 5, 6, 10, 13, 15, 17, 21, 23]",3421,"[1, 3, 4, 5, 7, 8, 9, 11, 18, 20, 23]",54,0.4938398357289528,0
6958,433,"[1, 2, 3, 5, 6, 10, 13, 15, 17, 21, 23]",3511,"[1, 3, 4, 5, 7, 8, 10, 13, 15, 19, 23]",0,0.5451174289245982,2
6959,433,"[1, 2, 3, 5, 6, 10, 13, 15, 17, 21, 23]",3511,"[1, 3, 4, 5, 7, 8, 10, 13, 15, 19, 23]",45,0.662125340599455,0
6960,433,"[1, 2, 3, 5, 6, 10, 13, 15, 17, 21, 23]",3421,"[1, 3, 4, 5, 7, 8, 9, 11, 18, 20, 23]",54,0.5310077519379846,0
6961,433,"[1, 2, 3, 5, 6, 10, 13, 15, 17, 21, 23]",3421,"[1, 3, 4, 5, 7, 8, 9, 11, 18, 20, 23]",62,0.5363321799307958,1
6962,433,"[1, 2, 3, 5, 6, 10, 13, 15, 17, 21, 23]",4231,"[1, 2, 3, 5, 6, 9, 11, 17, 19, 21, 23]",72,0.5894039735099338,0
6963,343,"[1, 3, 4, 5, 7, 8, 9, 11, 17, 21, 23]",41212,"[1, 2, 3, 5, 6, 10, 13, 15, 19, 22, 24]",0,0.4971398855954238,1
6964,3511,"[1, 3, 4, 5, 7, 8, 10, 13, 15, 19, 23]",41212,"[1, 2, 3, 5, 6, 10, 13, 15, 19, 22, 24]",56,0.39787485242030696,-1
6965,4321,"[1, 2, 3, 5, 6, 10, 13, 15, 18, 20, 23]",3511,"[1, 3, 4, 5, 7, 8, 10, 13, 15, 19, 23]",0,0.5635767022149303,-1
6966,433,"[1, 2, 3, 5, 6, 10, 13, 15, 17, 21, 23]",3511,"[1, 3, 4, 5, 7, 8, 10, 13, 15, 19, 23]",58,0.5376623376623376,0
6967,352,"[1, 3, 4, 5, 7, 8, 10, 13, 15, 22, 24]",433,"[1, 2, 3, 5, 6, 10, 13, 15, 17, 21, 23]",0,0.44261695906432746,-1
6968,433,"[1, 2, 3, 5, 6, 10, 13, 15, 17, 21, 23]",433,"[1, 2, 3, 5, 6, 10, 13, 15, 17, 21, 23]",71,0.37155963302752293,1
6969,4141,"[1, 2, 3, 5, 6, 10, 12, 13, 15, 16, 23]",41212,"[1, 2, 3, 5, 6, 10, 13, 15, 19, 22, 24]",0,0.3488824101068999,1
6970,4141,"[1, 2, 3, 5, 6, 10, 12, 13, 15, 16, 23]",41212,"[1, 2, 3, 5, 6, 10, 13, 15, 19, 22, 24]",55,0.44,0
6971,4141,"[1, 2, 3, 5, 6, 10, 12, 13, 15, 16, 23]",4231,"[1, 2, 3, 5, 6, 9, 11, 17, 19, 21, 23]",62,0.3253968253968254,-1
6972,4141,"[1, 2, 3, 5, 6, 10, 12, 13, 15, 16, 23]",4231,"[1, 2, 3, 5, 6, 9, 11, 17, 19, 21, 23]",75,0.2507042253521127,0
6973,4231,"[1, 2, 3, 5, 6, 9, 11, 17, 19, 21, 23]",4231,"[1, 2, 3, 5, 6, 9, 11, 17, 19, 21, 23]",86,0.14285714285714285,0
6974,41212,"[1, 2, 3, 5, 6, 10, 13, 15, 19, 22, 24]",433,"[1, 2, 3, 5, 6, 10, 13, 15, 17, 21, 23]",0,0.6164874551971327,0
6975,41212,"[1, 2, 3, 5, 6, 10, 13, 15, 19, 22, 24]",433,"[1, 2, 3, 5, 6, 10, 13, 15, 17, 21, 23]",42,0.5600522193211488,0
6976,41212,"[1, 2, 3, 5, 6, 10, 13, 15, 19, 22, 24]",433,"[1, 2, 3, 5, 6, 10, 13, 15, 17, 21, 23]",60,1.0,0
6977,41212,"[1, 2, 3, 5, 6, 10, 13, 15, 19, 22, 24]",433,"[1, 2, 3, 5, 6, 10, 13, 15, 17, 21, 23]",60,0.5417989417989418,1
6978,3421,"[1, 3, 4, 5, 7, 8, 9, 11, 18, 20, 23]",433,"[1, 2, 3, 5, 6, 10, 13, 15, 17, 21, 23]",0,0.6456310679611651,1
6979,3421,"[1, 3, 4, 5, 7, 8, 9, 11, 18, 20, 23]",4231,"[1, 2, 3, 5, 6, 9, 11, 17, 19, 21, 23]",6,0.6499380421313506,1
6980,3421,"[1, 3, 4, 5, 7, 8, 9, 11, 18, 20, 23]",3412,"[1, 3, 4, 5, 7, 8, 9, 11, 19, 22, 24]",45,0.6181556195965417,0
6981,433,"[1, 2, 3, 5, 6, 10, 13, 15, 17, 21, 23]",442,"[1, 2, 3, 5, 6, 9, 11, 12, 16, 22, 24]",0,0.6581291759465479,0
6982,433,"[1, 2, 3, 5, 6, 10, 13, 15, 17, 21, 23]",442,"[1, 2, 3, 5, 6, 9, 11, 12, 16, 22, 24]",26,0.6741293532338308,0
6983,433,"[1, 2, 3, 5, 6, 10, 13, 15, 17, 21, 23]",442,"[1, 2, 3, 5, 6, 9, 11, 12, 16, 22, 24]",37,0.6636851520572451,0
6984,433,"[1, 2, 3, 5, 6, 10, 13, 15, 17, 21, 23]",442,"[1, 2, 3, 5, 6, 9, 11, 12, 16, 22, 24]",48,0.6450892857142857,0
6985,433,"[1, 2, 3, 5, 6, 10, 13, 15, 17, 21, 23]",442,"[1, 2, 3, 5, 6, 9, 11, 12, 16, 22, 24]",62,0.39737991266375544,0
6986,433,"[1, 2, 3, 5, 6, 10, 13, 15, 17, 21, 23]",442,"[1, 2, 3, 5, 6, 9, 11, 12, 16, 22, 24]",69,0.36764705882352944,0
6987,433,"[1, 2, 3, 5, 6, 10, 13, 15, 17, 21, 23]",442,"[1, 2, 3, 5, 6, 9, 11, 12, 16, 22, 24]",74,0.810958904109589,1
6988,433,"[1, 2, 3, 5, 6, 10, 13, 15, 17, 21, 23]",442,"[1, 2, 3, 5, 6, 9, 11, 12, 16, 22, 24]",84,0.2972972972972973,0
6989,442,"[1, 2, 3, 5, 6, 9, 11, 12, 16, 22, 24]",4231,"[1, 2, 3, 5, 6, 9, 11, 17, 19, 21, 23]",0,0.6037262629881763,2
6990,3511,"[1, 3, 4, 5, 7, 8, 10, 13, 15, 19, 23]",352,"[1, 3, 4, 5, 7, 8, 10, 13, 15, 22, 24]",0,0.4792087202260799,1
6991,3511,"[1, 3, 4, 5, 7, 8, 10, 13, 15, 19, 23]",352,"[1, 3, 4, 5, 7, 8, 10, 13, 15, 22, 24]",61,0.3260135135135135,0
6992,41212,"[1, 2, 3, 5, 6, 10, 13, 15, 19, 22, 24]",343,"[1, 3, 4, 5, 7, 8, 9, 11, 17, 21, 23]",0,0.4957298136645963,0
6993,41212,"[1, 2, 3, 5, 6, 10, 13, 15, 19, 22, 24]",343,"[1, 3, 4, 5, 7, 8, 9, 11, 17, 21, 23]",69,0.45136186770428016,-1
6994,41212,"[1, 2, 3, 5, 6, 10, 13, 15, 19, 22, 24]",343,"[1, 3, 4, 5, 7, 8, 9, 11, 17, 21, 23]",80,0.550561797752809,0
6995,41212,"[1, 2, 3, 5, 6, 10, 13, 15, 19, 22, 24]",343,"[1, 3, 4, 5, 7, 8, 9, 11, 17, 21, 23]",82,0.76,1
6996,433,"[1, 2, 3, 5, 6, 10, 13, 15, 17, 21, 23]",41212,"[1, 2, 3, 5, 6, 10, 13, 15, 19, 22, 24]",0,0.5010323468685478,1
6997,433,"[1, 2, 3, 5, 6, 10, 13, 15, 17, 21, 23]",41212,"[1, 2, 3, 5, 6, 10, 13, 15, 19, 22, 24]",41,0.5207547169811321,0
6998,433,"[1, 2, 3, 5, 6, 10, 13, 15, 17, 21, 23]",41212,"[1, 2, 3, 5, 6, 10, 13, 15, 19, 22, 24]",45,0.6096256684491979,0
6999,433,"[1, 2, 3, 5, 6, 10, 13, 15, 17, 21, 23]",352,"[1, 3, 4, 5, 7, 8, 10, 13, 15, 22, 24]",62,0.40763052208835343,0
7000,433,"[1, 2, 3, 5, 6, 10, 13, 15, 17, 21, 23]",352,"[1, 3, 4, 5, 7, 8, 10, 13, 15, 22, 24]",79,0.36046511627906974,0
7001,352,"[1, 3, 4, 5, 7, 8, 10, 13, 15, 22, 24]",3412,"[1, 3, 4, 5, 7, 8, 9, 11, 19, 22, 24]",0,0.5568776772965255,2
7002,352,"[1, 3, 4, 5, 7, 8, 10, 13, 15, 22, 24]",3412,"[1, 3, 4, 5, 7, 8, 9, 11, 19, 22, 24]",50,0.49595687331536387,0
7003,3511,"[1, 3, 4, 5, 7, 8, 10, 13, 15, 19, 23]",3412,"[1, 3, 4, 5, 7, 8, 9, 11, 19, 22, 24]",62,0.33584905660377357,-1
7004,3511,"[1, 3, 4, 5, 7, 8, 10, 13, 15, 19, 23]",41212,"[1, 2, 3, 5, 6, 10, 13, 15, 19, 22, 24]",71,0.4128289473684211,0
7005,433,"[1, 2, 3, 5, 6, 10, 13, 15, 17, 21, 23]",41212,"[1, 2, 3, 5, 6, 10, 13, 15, 19, 22, 24]",0,0.46055045871559636,0
7006,433,"[1, 2, 3, 5, 6, 10, 13, 15, 17, 21, 23]",41212,"[1, 2, 3, 5, 6, 10, 13, 15, 19, 22, 24]",0,0.49333333333333335,0
7007,433,"[1, 2, 3, 5, 6, 10, 13, 15, 17, 21, 23]",41212,"[1, 2, 3, 5, 6, 10, 13, 15, 19, 22, 24]",30,0.5112781954887218,1
7008,433,"[1, 2, 3, 5, 6, 10, 13, 15, 17, 21, 23]",352,"[1, 3, 4, 5, 7, 8, 10, 13, 15, 22, 24]",45,0.3170731707317073,0
7009,41212,"[1, 2, 3, 5, 6, 10, 13, 15, 19, 22, 24]",352,"[1, 3, 4, 5, 7, 8, 10, 13, 15, 22, 24]",54,0.5855555555555556,-1
7010,433,"[1, 2, 3, 5, 6, 10, 13, 15, 17, 21, 23]",4231,"[1, 2, 3, 5, 6, 9, 11, 17, 19, 21, 23]",0,0.37065409546258105,1
7011,433,"[1, 2, 3, 5, 6, 10, 13, 15, 17, 21, 23]",4231,"[1, 2, 3, 5, 6, 9, 11, 17, 19, 21, 23]",45,0.41518578352180935,0
7012,352,"[1, 3, 4, 5, 7, 8, 10, 13, 15, 22, 24]",4231,"[1, 2, 3, 5, 6, 9, 11, 17, 19, 21, 23]",60,0.5510204081632653,-1
7013,352,"[1, 3, 4, 5, 7, 8, 10, 13, 15, 22, 24]",433,"[1, 2, 3, 5, 6, 10, 13, 15, 17, 21, 23]",62,0.2401500938086304,0
7014,352,"[1, 3, 4, 5, 7, 8, 10, 13, 15, 22, 24]",3421,"[1, 3, 4, 5, 7, 8, 9, 11, 18, 20, 23]",0,0.5376811594202898,-3
7015,4411,"[1, 2, 3, 5, 6, 9, 11, 12, 16, 19, 23]",3421,"[1, 3, 4, 5, 7, 8, 9, 11, 18, 20, 23]",34,0.36324786324786323,0
7016,4411,"[1, 2, 3, 5, 6, 9, 11, 12, 16, 19, 23]",3421,"[1, 3, 4, 5, 7, 8, 9, 11, 18, 20, 23]",45,0.23698193411264612,1
7017,3412,"[1, 3, 4, 5, 7, 8, 9, 11, 19, 22, 24]",3421,"[1, 3, 4, 5, 7, 8, 9, 11, 18, 20, 23]",61,0.2389937106918239,0
7018,3412,"[1, 3, 4, 5, 7, 8, 9, 11, 19, 22, 24]",3421,"[1, 3, 4, 5, 7, 8, 9, 11, 18, 20, 23]",74,0.3466666666666667,-1
7019,41212,"[1, 2, 3, 5, 6, 10, 13, 15, 19, 22, 24]",3421,"[1, 3, 4, 5, 7, 8, 9, 11, 18, 20, 23]",77,0.15950920245398773,0
7020,3412,"[1, 3, 4, 5, 7, 8, 9, 11, 19, 22, 24]",41212,"[1, 2, 3, 5, 6, 10, 13, 15, 19, 22, 24]",0,0.44008264462809915,1
7021,3412,"[1, 3, 4, 5, 7, 8, 9, 11, 19, 22, 24]",41212,"[1, 2, 3, 5, 6, 10, 13, 15, 19, 22, 24]",46,0.42857142857142855,0
7022,3412,"[1, 3, 4, 5, 7, 8, 9, 11, 19, 22, 24]",41212,"[1, 2, 3, 5, 6, 10, 13, 15, 19, 22, 24]",45,0.5204872646733112,0
7023,4231,"[1, 2, 3, 5, 6, 9, 11, 17, 19, 21, 23]",41212,"[1, 2, 3, 5, 6, 10, 13, 15, 19, 22, 24]",71,0.759825327510917,0
7024,4231,"[1, 2, 3, 5, 6, 9, 11, 17, 19, 21, 23]",41212,"[1, 2, 3, 5, 6, 10, 13, 15, 19, 22, 24]",80,0.6326530612244898,0
7025,433,"[1, 2, 3, 5, 6, 10, 13, 15, 17, 21, 23]",41212,"[1, 2, 3, 5, 6, 10, 13, 15, 19, 22, 24]",0,0.5392405063291139,1
7026,433,"[1, 2, 3, 5, 6, 10, 13, 15, 17, 21, 23]",442,"[1, 2, 3, 5, 6, 9, 11, 12, 16, 22, 24]",63,0.9059561128526645,0
7027,433,"[1, 2, 3, 5, 6, 10, 13, 15, 17, 21, 23]",41212,"[1, 2, 3, 5, 6, 10, 13, 15, 19, 22, 24]",70,0.3528591352859135,0
7028,433,"[1, 2, 3, 5, 6, 10, 13, 15, 17, 21, 23]",3511,"[1, 3, 4, 5, 7, 8, 10, 13, 15, 19, 23]",0,0.699838622915546,2
7029,433,"[1, 2, 3, 5, 6, 10, 13, 15, 17, 21, 23]",4141,"[1, 2, 3, 5, 6, 10, 12, 13, 15, 16, 23]",45,1.0,0
7030,433,"[1, 2, 3, 5, 6, 10, 13, 15, 17, 21, 23]",4141,"[1, 2, 3, 5, 6, 10, 12, 13, 15, 16, 23]",45,0.6891304347826087,1
7031,433,"[1, 2, 3, 5, 6, 10, 13, 15, 17, 21, 23]",4141,"[1, 2, 3, 5, 6, 10, 12, 13, 15, 16, 23]",54,0.8809523809523809,0
7032,41212,"[1, 2, 3, 5, 6, 10, 13, 15, 19, 22, 24]",433,"[1, 2, 3, 5, 6, 10, 13, 15, 17, 21, 23]",0,0.3528543307086614,1
7033,41212,"[1, 2, 3, 5, 6, 10, 13, 15, 19, 22, 24]",433,"[1, 2, 3, 5, 6, 10, 13, 15, 17, 21, 23]",59,0.22633136094674555,-1
7034,4411,"[1, 2, 3, 5, 6, 9, 11, 12, 16, 19, 23]",433,"[1, 2, 3, 5, 6, 10, 13, 15, 17, 21, 23]",78,0.3142857142857143,1
7035,4411,"[1, 2, 3, 5, 6, 9, 11, 12, 16, 19, 23]",433,"[1, 2, 3, 5, 6, 10, 13, 15, 17, 21, 23]",86,0.11428571428571428,0
7036,3511,"[1, 3, 4, 5, 7, 8, 10, 13, 15, 19, 23]",433,"[1, 2, 3, 5, 6, 10, 13, 15, 17, 21, 23]",0,0.4520775623268698,-1
7037,3511,"[1, 3, 4, 5, 7, 8, 10, 13, 15, 19, 23]",433,"[1, 2, 3, 5, 6, 10, 13, 15, 17, 21, 23]",45,0.5704526046114432,0
7038,3511,"[1, 3, 4, 5, 7, 8, 10, 13, 15, 19, 23]",433,"[1, 2, 3, 5, 6, 10, 13, 15, 17, 21, 23]",77,0.5204460966542751,0
7039,433,"[1, 2, 3, 5, 6, 10, 13, 15, 17, 21, 23]",442,"[1, 2, 3, 5, 6, 9, 11, 12, 16, 22, 24]",0,0.6308523409363745,0
7040,352,"[1, 3, 4, 5, 7, 8, 10, 13, 15, 22, 24]",442,"[1, 2, 3, 5, 6, 9, 11, 12, 16, 22, 24]",45,0.6319569120287253,1
7041,352,"[1, 3, 4, 5, 7, 8, 10, 13, 15, 22, 24]",4411,"[1, 2, 3, 5, 6, 9, 11, 12, 16, 19, 23]",70,0.7894736842105263,0
7042,4321,"[1, 2, 3, 5, 6, 10, 13, 15, 18, 20, 23]",352,"[1, 3, 4, 5, 7, 8, 10, 13, 15, 22, 24]",0,0.6364359586316627,1
7043,3412,"[1, 3, 4, 5, 7, 8, 9, 11, 19, 22, 24]",352,"[1, 3, 4, 5, 7, 8, 10, 13, 15, 22, 24]",62,0.5617486338797815,0
7044,4231,"[1, 2, 3, 5, 6, 9, 11, 17, 19, 21, 23]",433,"[1, 2, 3, 5, 6, 10, 13, 15, 17, 21, 23]",0,0.6602600339174675,0
7045,4231,"[1, 2, 3, 5, 6, 9, 11, 17, 19, 21, 23]",433,"[1, 2, 3, 5, 6, 10, 13, 15, 17, 21, 23]",41,0.6370370370370371,0
7046,4231,"[1, 2, 3, 5, 6, 9, 11, 17, 19, 21, 23]",433,"[1, 2, 3, 5, 6, 10, 13, 15, 17, 21, 23]",45,0.6708683473389355,0
7047,4231,"[1, 2, 3, 5, 6, 9, 11, 17, 19, 21, 23]",433,"[1, 2, 3, 5, 6, 10, 13, 15, 17, 21, 23]",63,0.6,0
7048,4231,"[1, 2, 3, 5, 6, 9, 11, 17, 19, 21, 23]",442,"[1, 2, 3, 5, 6, 9, 11, 12, 16, 22, 24]",67,0.753968253968254,1
7049,4231,"[1, 2, 3, 5, 6, 9, 11, 17, 19, 21, 23]",442,"[1, 2, 3, 5, 6, 9, 11, 12, 16, 22, 24]",76,0.86,0
7050,41212,"[1, 2, 3, 5, 6, 10, 13, 15, 19, 22, 24]",352,"[1, 3, 4, 5, 7, 8, 10, 13, 15, 22, 24]",0,0.4607225720914816,1
7051,3511,"[1, 3, 4, 5, 7, 8, 10, 13, 15, 19, 23]",433,"[1, 2, 3, 5, 6, 10, 13, 15, 17, 21, 23]",0,0.2776735459662289,0
7052,3511,"[1, 3, 4, 5, 7, 8, 10, 13, 15, 19, 23]",433,"[1, 2, 3, 5, 6, 10, 13, 15, 17, 21, 23]",28,0.2608125819134993,0
7053,4231,"[1, 2, 3, 5, 6, 9, 11, 17, 19, 21, 23]",3511,"[1, 3, 4, 5, 7, 8, 10, 13, 15, 19, 23]",0,0.5094905094905094,1
7054,4231,"[1, 2, 3, 5, 6, 9, 11, 17, 19, 21, 23]",3511,"[1, 3, 4, 5, 7, 8, 10, 13, 15, 19, 23]",53,0.6307692307692307,0
7055,4231,"[1, 2, 3, 5, 6, 9, 11, 17, 19, 21, 23]",3412,"[1, 3, 4, 5, 7, 8, 9, 11, 19, 22, 24]",57,0.6067172264355363,1
7056,352,"[1, 3, 4, 5, 7, 8, 10, 13, 15, 22, 24]",41212,"[1, 2, 3, 5, 6, 10, 13, 15, 19, 22, 24]",0,0.4476409666283084,-3
7057,41212,"[1, 2, 3, 5, 6, 10, 13, 15, 19, 22, 24]",41212,"[1, 2, 3, 5, 6, 10, 13, 15, 19, 22, 24]",45,0.6211180124223602,0
7058,41212,"[1, 2, 3, 5, 6, 10, 13, 15, 19, 22, 24]",41212,"[1, 2, 3, 5, 6, 10, 13, 15, 19, 22, 24]",48,0.5506607929515418,2
7059,3412,"[1, 3, 4, 5, 7, 8, 9, 11, 19, 22, 24]",433,"[1, 2, 3, 5, 6, 10, 13, 15, 17, 21, 23]",0,0.5627147766323024,0
7060,4411,"[1, 2, 3, 5, 6, 9, 11, 12, 16, 19, 23]",433,"[1, 2, 3, 5, 6, 10, 13, 15, 17, 21, 23]",30,0.48148148148148145,-1
7061,4411,"[1, 2, 3, 5, 6, 9, 11, 12, 16, 19, 23]",433,"[1, 2, 3, 5, 6, 10, 13, 15, 17, 21, 23]",44,0.10638297872340426,0
7062,3412,"[1, 3, 4, 5, 7, 8, 9, 11, 19, 22, 24]",433,"[1, 2, 3, 5, 6, 10, 13, 15, 17, 21, 23]",45,0.35766423357664234,0
7063,433,"[1, 2, 3, 5, 6, 10, 13, 15, 17, 21, 23]",4231,"[1, 2, 3, 5, 6, 9, 11, 17, 19, 21, 23]",0,0.6562156215621562,2
7064,433,"[1, 2, 3, 5, 6, 10, 13, 15, 17, 21, 23]",4231,"[1, 2, 3, 5, 6, 9, 11, 17, 19, 21, 23]",45,0.4633251833740831,2
7065,352,"[1, 3, 4, 5, 7, 8, 10, 13, 15, 22, 24]",41212,"[1, 2, 3, 5, 6, 10, 13, 15, 19, 22, 24]",0,0.4173136645962733,0
7066,41212,"[1, 2, 3, 5, 6, 10, 13, 15, 19, 22, 24]",41212,"[1, 2, 3, 5, 6, 10, 13, 15, 19, 22, 24]",0,0.5583303603282198,1
7067,41212,"[1, 2, 3, 5, 6, 10, 13, 15, 19, 22, 24]",41212,"[1, 2, 3, 5, 6, 10, 13, 15, 19, 22, 24]",70,0.24535315985130113,0
7068,433,"[1, 2, 3, 5, 6, 10, 13, 15, 17, 21, 23]",442,"[1, 2, 3, 5, 6, 9, 11, 12, 16, 22, 24]",0,0.5672009864364982,0
7069,433,"[1, 2, 3, 5, 6, 10, 13, 15, 17, 21, 23]",442,"[1, 2, 3, 5, 6, 9, 11, 12, 16, 22, 24]",18,0.5374251497005988,0
7070,433,"[1, 2, 3, 5, 6, 10, 13, 15, 17, 21, 23]",442,"[1, 2, 3, 5, 6, 9, 11, 12, 16, 22, 24]",35,0.5447941888619855,0
7071,41212,"[1, 2, 3, 5, 6, 10, 13, 15, 19, 22, 24]",442,"[1, 2, 3, 5, 6, 9, 11, 12, 16, 22, 24]",45,0.5620214395099541,0
7072,41212,"[1, 2, 3, 5, 6, 10, 13, 15, 19, 22, 24]",41212,"[1, 2, 3, 5, 6, 10, 13, 15, 19, 22, 24]",62,0.5126050420168067,0
7073,41212,"[1, 2, 3, 5, 6, 10, 13, 15, 19, 22, 24]",41212,"[1, 2, 3, 5, 6, 10, 13, 15, 19, 22, 24]",64,0.632890365448505,2
7074,41212,"[1, 2, 3, 5, 6, 10, 13, 15, 19, 22, 24]",41212,"[1, 2, 3, 5, 6, 10, 13, 15, 19, 22, 24]",0,0.48775292864749736,1
7075,41212,"[1, 2, 3, 5, 6, 10, 13, 15, 19, 22, 24]",433,"[1, 2, 3, 5, 6, 10, 13, 15, 17, 21, 23]",82,0.0,0
7076,433,"[1, 2, 3, 5, 6, 10, 13, 15, 17, 21, 23]",433,"[1, 2, 3, 5, 6, 10, 13, 15, 17, 21, 23]",0,0.6307397959183674,0
7077,433,"[1, 2, 3, 5, 6, 10, 13, 15, 17, 21, 23]",4411,"[1, 2, 3, 5, 6, 9, 11, 12, 13, 16, 23]",48,0.7975460122699386,0
7078,433,"[1, 2, 3, 5, 6, 10, 13, 15, 17, 21, 23]",4411,"[1, 2, 3, 5, 6, 9, 11, 12, 13, 16, 23]",55,0.6789168278529981,0
7079,433,"[1, 2, 3, 5, 6, 10, 13, 15, 17, 21, 23]",4411,"[1, 2, 3, 5, 6, 9, 11, 12, 13, 16, 23]",69,0.5026269702276708,0
7080,3511,"[1, 3, 4, 5, 7, 8, 10, 13, 15, 19, 23]",3511,"[1, 3, 4, 5, 7, 8, 10, 13, 15, 19, 23]",0,0.6246546961325967,-1
7081,41212,"[1, 2, 3, 5, 6, 10, 13, 15, 19, 22, 24]",41212,"[1, 2, 3, 5, 6, 10, 13, 15, 19, 22, 24]",0,0.4585879158180584,0
7082,433,"[1, 2, 3, 5, 6, 10, 13, 15, 17, 21, 23]",352,"[1, 3, 4, 5, 7, 8, 10, 13, 15, 22, 24]",0,0.7668711656441718,0
7083,433,"[1, 2, 3, 5, 6, 10, 13, 15, 17, 21, 23]",352,"[1, 3, 4, 5, 7, 8, 10, 13, 15, 22, 24]",15,0.5263157894736842,1
7084,433,"[1, 2, 3, 5, 6, 10, 13, 15, 17, 21, 23]",352,"[1, 3, 4, 5, 7, 8, 10, 13, 15, 22, 24]",51,0.4512670565302144,-1
7085,4231,"[1, 2, 3, 5, 6, 9, 11, 17, 19, 21, 23]",352,"[1, 3, 4, 5, 7, 8, 10, 13, 15, 22, 24]",0,0.6146527117031398,0
7086,4231,"[1, 2, 3, 5, 6, 9, 11, 17, 19, 21, 23]",352,"[1, 3, 4, 5, 7, 8, 10, 13, 15, 22, 24]",56,0.51278928136419,2
7087,41212,"[1, 2, 3, 5, 6, 10, 13, 15, 19, 22, 24]",41212,"[1, 2, 3, 5, 6, 10, 13, 15, 19, 22, 24]",0,0.7289769683985002,-1
7088,41212,"[1, 2, 3, 5, 6, 10, 13, 15, 19, 22, 24]",41212,"[1, 2, 3, 5, 6, 10, 13, 15, 19, 22, 24]",45,0.6621438263229308,0
7089,352,"[1, 3, 4, 5, 7, 8, 10, 13, 15, 22, 24]",41212,"[1, 2, 3, 5, 6, 10, 13, 15, 19, 22, 24]",65,1.0,0
7090,352,"[1, 3, 4, 5, 7, 8, 10, 13, 15, 22, 24]",41212,"[1, 2, 3, 5, 6, 10, 13, 15, 19, 22, 24]",66,0.910394265232975,0
7091,442,"[1, 2, 3, 5, 6, 9, 11, 12, 16, 22, 24]",4231,"[1, 2, 3, 5, 6, 9, 11, 17, 19, 21, 23]",0,0.4107692307692308,-1
7092,442,"[1, 2, 3, 5, 6, 9, 11, 12, 16, 22, 24]",433,"[1, 2, 3, 5, 6, 10, 13, 15, 17, 21, 23]",59,0.5727109515260324,0
7093,4231,"[1, 2, 3, 5, 6, 9, 11, 17, 19, 21, 23]",433,"[1, 2, 3, 5, 6, 10, 13, 15, 17, 21, 23]",76,0.1111111111111111,0
7094,433,"[1, 2, 3, 5, 6, 10, 13, 15, 17, 21, 23]",343,"[1, 3, 4, 5, 7, 8, 9, 11, 17, 21, 23]",0,0.541860465116279,0
7095,433,"[1, 2, 3, 5, 6, 10, 13, 15, 17, 21, 23]",343,"[1, 3, 4, 5, 7, 8, 9, 11, 17, 21, 23]",8,0.5843253968253969,1
7096,4411,"[1, 2, 3, 5, 6, 9, 11, 12, 16, 19, 23]",343,"[1, 3, 4, 5, 7, 8, 9, 11, 17, 21, 23]",65,0.4647887323943662,0
7097,41212,"[1, 2, 3, 5, 6, 10, 13, 15, 19, 22, 24]",41212,"[1, 2, 3, 5, 6, 10, 13, 15, 19, 22, 24]",0,0.6485849056603774,1
7098,41212,"[1, 2, 3, 5, 6, 10, 13, 15, 19, 22, 24]",41212,"[1, 2, 3, 5, 6, 10, 13, 15, 19, 22, 24]",9,0.5388677031387503,-1
7099,352,"[1, 3, 4, 5, 7, 8, 10, 13, 15, 22, 24]",3511,"[1, 3, 4, 5, 7, 8, 10, 13, 15, 19, 23]",0,0.5887949260042283,-1
7100,352,"[1, 3, 4, 5, 7, 8, 10, 13, 15, 22, 24]",3511,"[1, 3, 4, 5, 7, 8, 10, 13, 15, 19, 23]",69,0.9705882352941176,0
7101,41212,"[1, 2, 3, 5, 6, 10, 13, 15, 19, 22, 24]",3511,"[1, 3, 4, 5, 7, 8, 10, 13, 15, 19, 23]",72,0.8153846153846154,0
7102,433,"[1, 2, 3, 5, 6, 10, 13, 15, 17, 21, 23]",352,"[1, 3, 4, 5, 7, 8, 10, 13, 15, 22, 24]",0,0.6912104857363146,1
7103,433,"[1, 2, 3, 5, 6, 10, 13, 15, 17, 21, 23]",352,"[1, 3, 4, 5, 7, 8, 10, 13, 15, 22, 24]",72,0.46511627906976744,0
7104,433,"[1, 2, 3, 5, 6, 10, 13, 15, 17, 21, 23]",352,"[1, 3, 4, 5, 7, 8, 10, 13, 15, 22, 24]",74,0.7444444444444445,1
7105,352,"[1, 3, 4, 5, 7, 8, 10, 13, 15, 22, 24]",433,"[1, 2, 3, 5, 6, 10, 13, 15, 17, 21, 23]",0,0.6788511749347258,0
7106,352,"[1, 3, 4, 5, 7, 8, 10, 13, 15, 22, 24]",433,"[1, 2, 3, 5, 6, 10, 13, 15, 17, 21, 23]",21,0.4691358024691358,0
7107,352,"[1, 3, 4, 5, 7, 8, 10, 13, 15, 22, 24]",433,"[1, 2, 3, 5, 6, 10, 13, 15, 17, 21, 23]",22,0.6593548387096774,0
7108,352,"[1, 3, 4, 5, 7, 8, 10, 13, 15, 22, 24]",433,"[1, 2, 3, 5, 6, 10, 13, 15, 17, 21, 23]",45,0.6687422166874222,1
7109,352,"[1, 3, 4, 5, 7, 8, 10, 13, 15, 22, 24]",442,"[1, 2, 3, 5, 6, 9, 11, 12, 16, 22, 24]",70,0.7758620689655172,0
7110,41212,"[1, 2, 3, 5, 6, 10, 13, 15, 19, 22, 24]",433,"[1, 2, 3, 5, 6, 10, 13, 15, 17, 21, 23]",0,0.4485683987274655,3
7111,41212,"[1, 2, 3, 5, 6, 10, 13, 15, 19, 22, 24]",4231,"[1, 2, 3, 5, 6, 9, 11, 17, 19, 21, 23]",45,0.38589211618257263,1
7112,352,"[1, 3, 4, 5, 7, 8, 10, 13, 15, 22, 24]",41212,"[1, 2, 3, 5, 6, 10, 13, 15, 19, 22, 24]",0,0.3455786736020806,-1
7113,433,"[1, 2, 3, 5, 6, 10, 13, 15, 17, 21, 23]",41212,"[1, 2, 3, 5, 6, 10, 13, 15, 19, 22, 24]",75,0.35053763440860214,0
7114,433,"[1, 2, 3, 5, 6, 10, 13, 15, 17, 21, 23]",433,"[1, 2, 3, 5, 6, 10, 13, 15, 17, 21, 23]",0,0.47633136094674555,0
7115,41212,"[1, 2, 3, 5, 6, 10, 13, 15, 19, 22, 24]",442,"[1, 2, 3, 5, 6, 9, 11, 12, 16, 22, 24]",0,0.5806270996640538,1
7116,41212,"[1, 2, 3, 5, 6, 10, 13, 15, 19, 22, 24]",41212,"[1, 2, 3, 5, 6, 10, 13, 15, 19, 22, 24]",45,0.5617367706919946,-3
7117,352,"[1, 3, 4, 5, 7, 8, 10, 13, 15, 22, 24]",352,"[1, 3, 4, 5, 7, 8, 10, 13, 15, 22, 24]",0,0.6539855072463768,-1
7118,3412,"[1, 3, 4, 5, 7, 8, 9, 11, 19, 22, 24]",352,"[1, 3, 4, 5, 7, 8, 10, 13, 15, 22, 24]",78,0.8628318584070797,0
7119,442,"[1, 2, 3, 5, 6, 9, 11, 12, 16, 22, 24]",352,"[1, 3, 4, 5, 7, 8, 10, 13, 15, 22, 24]",0,0.4601894072255349,-1
7120,41212,"[1, 2, 3, 5, 6, 10, 13, 15, 19, 22, 24]",4411,"[1, 2, 3, 5, 6, 9, 11, 12, 16, 19, 23]",0,0.575772934617334,4
7121,41212,"[1, 2, 3, 5, 6, 10, 13, 15, 19, 22, 24]",4141,"[1, 2, 3, 5, 6, 10, 12, 13, 15, 16, 23]",48,0.6728395061728395,0
7122,41212,"[1, 2, 3, 5, 6, 10, 13, 15, 19, 22, 24]",4141,"[1, 2, 3, 5, 6, 10, 12, 13, 15, 16, 23]",59,0.5070754716981132,0
7123,4231,"[1, 2, 3, 5, 6, 9, 11, 17, 19, 21, 23]",4141,"[1, 2, 3, 5, 6, 10, 12, 13, 15, 16, 23]",75,0.41009463722397477,0
7124,3511,"[1, 3, 4, 5, 7, 8, 10, 13, 15, 19, 23]",3412,"[1, 3, 4, 5, 7, 8, 9, 11, 19, 22, 24]",0,0.45176695319961796,0
7125,343,"[1, 3, 4, 5, 7, 8, 9, 11, 17, 21, 23]",3412,"[1, 3, 4, 5, 7, 8, 9, 11, 19, 22, 24]",32,0.41843088418430885,0
7126,343,"[1, 3, 4, 5, 7, 8, 9, 11, 17, 21, 23]",3412,"[1, 3, 4, 5, 7, 8, 9, 11, 19, 22, 24]",67,0.4413919413919414,0
7127,41212,"[1, 2, 3, 5, 6, 10, 13, 15, 19, 22, 24]",433,"[1, 2, 3, 5, 6, 10, 13, 15, 17, 21, 23]",0,0.6335174953959485,0
7128,41212,"[1, 2, 3, 5, 6, 10, 13, 15, 19, 22, 24]",433,"[1, 2, 3, 5, 6, 10, 13, 15, 17, 21, 23]",10,0.6791666666666667,0
7129,41212,"[1, 2, 3, 5, 6, 10, 13, 15, 19, 22, 24]",433,"[1, 2, 3, 5, 6, 10, 13, 15, 17, 21, 23]",45,0.6835051546391753,0
7130,41212,"[1, 2, 3, 5, 6, 10, 13, 15, 19, 22, 24]",4411,"[1, 2, 3, 5, 6, 9, 11, 12, 16, 19, 23]",71,0.8075471698113208,0
7131,41212,"[1, 2, 3, 5, 6, 10, 13, 15, 19, 22, 24]",4411,"[1, 2, 3, 5, 6, 9, 11, 12, 16, 19, 23]",78,0.7238095238095238,0
7132,3421,"[1, 3, 4, 5, 7, 8, 9, 11, 18, 20, 23]",41212,"[1, 2, 3, 5, 6, 10, 13, 15, 19, 22, 24]",0,0.4644808743169399,1
7133,3421,"[1, 3, 4, 5, 7, 8, 9, 11, 18, 20, 23]",41212,"[1, 2, 3, 5, 6, 10, 13, 15, 19, 22, 24]",38,0.5730027548209367,1
7134,433,"[1, 2, 3, 5, 6, 10, 13, 15, 17, 21, 23]",433,"[1, 2, 3, 5, 6, 10, 13, 15, 17, 21, 23]",0,0.27385892116182575,0
7135,433,"[1, 2, 3, 5, 6, 10, 13, 15, 17, 21, 23]",433,"[1, 2, 3, 5, 6, 10, 13, 15, 17, 21, 23]",18,0.3746943765281174,0
7136,433,"[1, 2, 3, 5, 6, 10, 13, 15, 17, 21, 23]",433,"[1, 2, 3, 5, 6, 10, 13, 15, 17, 21, 23]",65,0.12540192926045016,0
7137,433,"[1, 2, 3, 5, 6, 10, 13, 15, 17, 21, 23]",433,"[1, 2, 3, 5, 6, 10, 13, 15, 17, 21, 23]",73,0.6226415094339622,0
7138,433,"[1, 2, 3, 5, 6, 10, 13, 15, 17, 21, 23]",41212,"[1, 2, 3, 5, 6, 10, 13, 15, 19, 22, 24]",0,0.6173285198555957,0
7139,433,"[1, 2, 3, 5, 6, 10, 13, 15, 17, 21, 23]",41212,"[1, 2, 3, 5, 6, 10, 13, 15, 19, 22, 24]",6,0.649325626204239,2
7140,433,"[1, 2, 3, 5, 6, 10, 13, 15, 17, 21, 23]",41212,"[1, 2, 3, 5, 6, 10, 13, 15, 19, 22, 24]",30,0.5447470817120622,-1
7141,433,"[1, 2, 3, 5, 6, 10, 13, 15, 17, 21, 23]",41212,"[1, 2, 3, 5, 6, 10, 13, 15, 19, 22, 24]",45,0.6180904522613065,0
7142,433,"[1, 2, 3, 5, 6, 10, 13, 15, 17, 21, 23]",41212,"[1, 2, 3, 5, 6, 10, 13, 15, 19, 22, 24]",51,0.5529100529100529,0
7143,352,"[1, 3, 4, 5, 7, 8, 10, 13, 15, 22, 24]",3511,"[1, 3, 4, 5, 7, 8, 10, 13, 15, 19, 23]",0,0.6983546617915904,0
7144,352,"[1, 3, 4, 5, 7, 8, 10, 13, 15, 22, 24]",3511,"[1, 3, 4, 5, 7, 8, 10, 13, 15, 19, 23]",15,0.5132398753894081,1
7145,4231,"[1, 2, 3, 5, 6, 13, 15, 17, 19, 21, 23]",433,"[1, 2, 3, 5, 6, 10, 13, 15, 17, 21, 23]",0,0.23755458515283842,-1
7146,4231,"[1, 2, 3, 5, 6, 13, 15, 17, 19, 21, 23]",433,"[1, 2, 3, 5, 6, 10, 13, 15, 17, 21, 23]",28,0.4578005115089514,0
7147,4231,"[1, 2, 3, 5, 6, 13, 15, 17, 19, 21, 23]",433,"[1, 2, 3, 5, 6, 10, 13, 15, 17, 21, 23]",36,0.3851706036745407,1
7148,4231,"[1, 2, 3, 5, 6, 13, 15, 17, 19, 21, 23]",433,"[1, 2, 3, 5, 6, 10, 13, 15, 17, 21, 23]",76,0.2714285714285714,0
7149,4231,"[1, 2, 3, 5, 6, 13, 15, 17, 19, 21, 23]",433,"[1, 2, 3, 5, 6, 10, 13, 15, 17, 21, 23]",91,0.15517241379310345,0
7150,4231,"[1, 2, 3, 5, 6, 13, 15, 17, 19, 21, 23]",433,"[1, 2, 3, 5, 6, 10, 13, 15, 17, 21, 23]",90,0.17444717444717445,0
7151,4231,"[1, 2, 3, 5, 6, 13, 15, 17, 19, 21, 23]",433,"[1, 2, 3, 5, 6, 10, 13, 15, 17, 21, 23]",98,0.10104529616724739,0
7152,343,"[1, 3, 4, 5, 7, 8, 9, 11, 17, 21, 23]",3421,"[1, 3, 4, 5, 7, 8, 9, 11, 18, 20, 23]",0,0.32519652461729415,-2
7153,442,"[1, 2, 3, 5, 6, 9, 11, 12, 16, 22, 24]",3421,"[1, 3, 4, 5, 7, 8, 9, 11, 18, 20, 23]",64,0.4168466522678186,-1
7154,433,"[1, 2, 3, 5, 6, 10, 13, 15, 17, 21, 23]",343,"[1, 3, 4, 5, 7, 8, 9, 11, 17, 21, 23]",0,0.755939524838013,0
7155,433,"[1, 2, 3, 5, 6, 10, 13, 15, 17, 21, 23]",343,"[1, 3, 4, 5, 7, 8, 9, 11, 17, 21, 23]",11,0.6185344827586207,1
7156,433,"[1, 2, 3, 5, 6, 10, 13, 15, 17, 21, 23]",343,"[1, 3, 4, 5, 7, 8, 9, 11, 17, 21, 23]",65,0.7621359223300971,0
7157,433,"[1, 2, 3, 5, 6, 10, 13, 15, 17, 21, 23]",433,"[1, 2, 3, 5, 6, 10, 13, 15, 17, 21, 23]",0,0.35568627450980395,1
7158,433,"[1, 2, 3, 5, 6, 10, 13, 15, 17, 21, 23]",433,"[1, 2, 3, 5, 6, 10, 13, 15, 17, 21, 23]",61,0.2864406779661017,0
7159,433,"[1, 2, 3, 5, 6, 10, 13, 15, 17, 21, 23]",433,"[1, 2, 3, 5, 6, 10, 13, 15, 17, 21, 23]",74,0.29310344827586204,-1
7160,433,"[1, 2, 3, 5, 6, 10, 13, 15, 17, 21, 23]",433,"[1, 2, 3, 5, 6, 10, 13, 15, 17, 21, 23]",85,0.2718340611353712,0
7161,442,"[1, 2, 3, 5, 6, 12, 13, 15, 16, 22, 24]",4231,"[1, 2, 3, 5, 6, 13, 15, 17, 19, 21, 23]",0,0.4559359067734887,0
7162,442,"[1, 2, 3, 5, 6, 12, 13, 15, 16, 22, 24]",4231,"[1, 2, 3, 5, 6, 13, 15, 17, 19, 21, 23]",63,0.4681372549019608,0
7163,4141,"[1, 2, 3, 5, 6, 10, 12, 13, 15, 16, 23]",3421,"[1, 3, 4, 5, 7, 8, 9, 11, 18, 20, 23]",0,0.3748378728923476,-2
7164,433,"[1, 2, 3, 5, 6, 10, 13, 15, 17, 21, 23]",3421,"[1, 3, 4, 5, 7, 8, 9, 11, 18, 20, 23]",57,0.6243654822335025,0
7165,433,"[1, 2, 3, 5, 6, 10, 13, 15, 17, 21, 23]",3421,"[1, 3, 4, 5, 7, 8, 13, 15, 18, 20, 23]",77,0.2,0
7166,4141,"[1, 2, 3, 5, 6, 10, 12, 13, 15, 16, 23]",4231,"[1, 2, 3, 5, 6, 9, 11, 17, 19, 21, 23]",0,0.4885676741130092,0
7167,4141,"[1, 2, 3, 5, 6, 10, 12, 13, 15, 16, 23]",4141,"[1, 2, 3, 5, 6, 10, 12, 13, 15, 16, 23]",0,0.5759860788863109,-1
7168,433,"[1, 2, 3, 5, 6, 10, 13, 15, 17, 21, 23]",3412,"[1, 3, 4, 5, 7, 8, 9, 11, 19, 22, 24]",0,0.5397680198840099,2
7169,433,"[1, 2, 3, 5, 6, 10, 13, 15, 17, 21, 23]",3412,"[1, 3, 4, 5, 7, 8, 9, 11, 19, 22, 24]",57,0.48212226066897346,0
7170,352,"[1, 3, 4, 5, 7, 8, 10, 13, 15, 22, 24]",3412,"[1, 3, 4, 5, 7, 8, 9, 11, 19, 22, 24]",78,0.2430167597765363,1
7171,433,"[1, 2, 3, 5, 6, 10, 13, 15, 17, 21, 23]",352,"[1, 3, 4, 5, 7, 8, 10, 13, 15, 22, 24]",0,0.7214791502753737,0
7172,433,"[1, 2, 3, 5, 6, 10, 13, 15, 17, 21, 23]",343,"[1, 3, 4, 5, 7, 8, 9, 11, 17, 21, 23]",61,0.8243243243243243,0
7173,4231,"[1, 2, 3, 5, 6, 13, 15, 17, 19, 21, 23]",4231,"[1, 2, 3, 5, 6, 13, 15, 17, 19, 21, 23]",0,0.4515923566878981,-1
7174,4231,"[1, 2, 3, 5, 6, 13, 15, 17, 19, 21, 23]",4231,"[1, 2, 3, 5, 6, 13, 15, 17, 19, 21, 23]",45,0.5036429872495446,1
7175,352,"[1, 3, 4, 5, 7, 8, 10, 13, 15, 22, 24]",352,"[1, 3, 4, 5, 7, 8, 10, 13, 15, 22, 24]",0,0.5780730897009967,0
7176,352,"[1, 3, 4, 5, 7, 8, 10, 13, 15, 22, 24]",352,"[1, 3, 4, 5, 7, 8, 10, 13, 15, 22, 24]",63,1.0,0
7177,352,"[1, 3, 4, 5, 7, 8, 10, 13, 15, 22, 24]",352,"[1, 3, 4, 5, 7, 8, 10, 13, 15, 22, 24]",63,0.6948356807511737,1
7178,4141,"[1, 2, 3, 5, 6, 10, 12, 13, 15, 16, 23]",433,"[1, 2, 3, 5, 6, 10, 13, 15, 17, 21, 23]",0,0.313022113022113,0
7179,4231,"[1, 2, 3, 5, 6, 13, 15, 17, 19, 21, 23]",3421,"[1, 3, 4, 5, 7, 8, 9, 11, 18, 20, 23]",0,0.5308641975308642,-2
7180,442,"[1, 2, 3, 5, 6, 9, 11, 12, 16, 22, 24]",3421,"[1, 3, 4, 5, 7, 8, 9, 11, 18, 20, 23]",45,0.5819209039548022,1
7181,352,"[1, 3, 4, 5, 7, 8, 10, 13, 15, 22, 24]",4231,"[1, 2, 3, 5, 6, 9, 11, 17, 19, 21, 23]",0,0.4244872591671846,-1
7182,433,"[1, 2, 3, 5, 6, 10, 13, 15, 17, 21, 23]",4231,"[1, 2, 3, 5, 6, 9, 11, 17, 19, 21, 23]",35,0.5888795282224094,-2
7183,433,"[1, 2, 3, 5, 6, 10, 13, 15, 17, 21, 23]",4231,"[1, 2, 3, 5, 6, 9, 11, 17, 19, 21, 23]",59,0.23890784982935154,-1
7184,4231,"[1, 2, 3, 5, 6, 9, 11, 17, 19, 21, 23]",3412,"[1, 3, 4, 5, 7, 8, 9, 11, 19, 22, 24]",0,0.4855072463768116,-3
7185,4231,"[1, 2, 3, 5, 6, 9, 11, 17, 19, 21, 23]",3412,"[1, 3, 4, 5, 7, 8, 9, 11, 19, 22, 24]",59,0.5251046025104602,0
7186,4231,"[1, 2, 3, 5, 6, 9, 11, 17, 19, 21, 23]",3412,"[1, 3, 4, 5, 7, 8, 9, 11, 19, 22, 24]",72,0.2756849315068493,0
7187,433,"[1, 2, 3, 5, 6, 10, 13, 15, 17, 21, 23]",3421,"[1, 3, 4, 5, 7, 8, 9, 11, 18, 20, 23]",0,0.6427634455618715,-1
7188,433,"[1, 2, 3, 5, 6, 10, 13, 15, 17, 21, 23]",3421,"[1, 3, 4, 5, 7, 8, 9, 11, 18, 20, 23]",57,0.750524109014675,1
7189,433,"[1, 2, 3, 5, 6, 10, 13, 15, 17, 21, 23]",4231,"[1, 2, 3, 5, 6, 9, 11, 17, 19, 21, 23]",70,0.7098445595854922,0
7190,433,"[1, 2, 3, 5, 6, 10, 13, 15, 17, 21, 23]",433,"[1, 2, 3, 5, 6, 10, 13, 15, 17, 21, 23]",74,0.4648241206030151,0
7191,433,"[1, 2, 3, 5, 6, 10, 13, 15, 17, 21, 23]",433,"[1, 2, 3, 5, 6, 10, 13, 15, 17, 21, 23]",88,0.7613882863340564,0
7192,433,"[1, 2, 3, 5, 6, 10, 13, 15, 17, 21, 23]",433,"[1, 2, 3, 5, 6, 10, 13, 15, 17, 21, 23]",92,0.5310077519379846,0
7193,433,"[1, 2, 3, 5, 6, 10, 13, 15, 17, 21, 23]",4231,"[1, 2, 3, 5, 6, 9, 11, 17, 19, 21, 23]",100,0.5806962025316456,0
7194,343,"[1, 3, 4, 5, 7, 8, 9, 11, 17, 21, 23]",343,"[1, 3, 4, 5, 7, 8, 9, 11, 17, 21, 23]",0,0.4888888888888889,0
7195,442,"[1, 2, 3, 5, 6, 9, 11, 12, 16, 22, 24]",352,"[1, 3, 4, 5, 7, 8, 10, 13, 15, 22, 24]",0,0.5030998851894374,0
7196,433,"[1, 2, 3, 5, 6, 10, 13, 15, 17, 21, 23]",433,"[1, 2, 3, 5, 6, 10, 13, 15, 17, 21, 23]",0,0.3142563399588759,-1
7197,3421,"[1, 3, 4, 5, 7, 8, 9, 11, 18, 20, 23]",433,"[1, 2, 3, 5, 6, 10, 13, 15, 17, 21, 23]",0,0.46951702296120346,1
7198,3421,"[1, 3, 4, 5, 7, 8, 9, 11, 18, 20, 23]",433,"[1, 2, 3, 5, 6, 10, 13, 15, 17, 21, 23]",58,0.34675615212527966,0
7199,433,"[1, 2, 3, 5, 6, 10, 13, 15, 17, 21, 23]",4231,"[1, 2, 3, 5, 6, 9, 11, 17, 19, 21, 23]",0,0.5572747014115093,0
7200,433,"[1, 2, 3, 5, 6, 10, 13, 15, 17, 21, 23]",4231,"[1, 2, 3, 5, 6, 9, 11, 17, 19, 21, 23]",89,0.4227053140096618,2
7201,343,"[1, 3, 4, 5, 7, 8, 9, 11, 17, 21, 23]",352,"[1, 3, 4, 5, 7, 8, 10, 13, 15, 22, 24]",0,0.6573265962333487,-1
7202,343,"[1, 3, 4, 5, 7, 8, 9, 11, 17, 21, 23]",352,"[1, 3, 4, 5, 7, 8, 10, 13, 15, 22, 24]",48,0.6655948553054662,0
7203,343,"[1, 3, 4, 5, 7, 8, 9, 11, 17, 21, 23]",352,"[1, 3, 4, 5, 7, 8, 10, 13, 15, 22, 24]",69,0.9064587973273942,0
7204,442,"[1, 2, 3, 5, 6, 12, 13, 15, 16, 22, 24]",352,"[1, 3, 4, 5, 7, 8, 10, 13, 15, 22, 24]",82,0.7964601769911505,1
7205,442,"[1, 2, 3, 5, 6, 12, 13, 15, 16, 22, 24]",352,"[1, 3, 4, 5, 7, 8, 10, 13, 15, 22, 24]",84,0.6854460093896714,0
7206,433,"[1, 2, 3, 5, 6, 10, 13, 15, 17, 21, 23]",352,"[1, 3, 4, 5, 7, 8, 10, 13, 15, 22, 24]",0,0.6875378100423473,2
7207,4231,"[1, 2, 3, 5, 6, 9, 11, 17, 19, 21, 23]",4231,"[1, 2, 3, 5, 6, 9, 11, 17, 19, 21, 23]",0,0.45215686274509803,-1
7208,4231,"[1, 2, 3, 5, 6, 9, 11, 17, 19, 21, 23]",4231,"[1, 2, 3, 5, 6, 9, 11, 17, 19, 21, 23]",68,0.38309859154929576,0
7209,4231,"[1, 2, 3, 5, 6, 9, 11, 17, 19, 21, 23]",4231,"[1, 2, 3, 5, 6, 9, 11, 17, 19, 21, 23]",78,0.4241379310344828,0
7210,352,"[1, 3, 4, 5, 7, 8, 10, 13, 15, 22, 24]",3421,"[1, 3, 4, 5, 7, 8, 9, 11, 18, 20, 23]",0,0.38896061975468044,0
7211,433,"[1, 2, 3, 5, 6, 10, 13, 15, 17, 21, 23]",4231,"[1, 2, 3, 5, 6, 13, 15, 17, 19, 21, 23]",0,0.4945515507124895,-1
7212,433,"[1, 2, 3, 5, 6, 10, 13, 15, 17, 21, 23]",4231,"[1, 2, 3, 5, 6, 13, 15, 17, 19, 21, 23]",32,0.49133663366336633,0
7213,352,"[1, 3, 4, 5, 7, 8, 10, 13, 15, 22, 24]",3421,"[1, 3, 4, 5, 7, 8, 9, 11, 18, 20, 23]",0,0.40235835490365257,-1
7214,3412,"[1, 3, 4, 5, 7, 8, 9, 11, 19, 22, 24]",4141,"[1, 2, 3, 5, 6, 10, 12, 13, 15, 16, 23]",0,0.47616683217477657,2
7215,3412,"[1, 3, 4, 5, 7, 8, 9, 11, 19, 22, 24]",4222,"[1, 2, 3, 5, 6, 9, 11, 18, 20, 22, 24]",45,0.4846335697399527,0
7216,3412,"[1, 3, 4, 5, 7, 8, 9, 11, 19, 22, 24]",4141,"[1, 2, 3, 5, 6, 10, 12, 13, 15, 16, 23]",53,0.6314907872696818,0
7217,3412,"[1, 3, 4, 5, 7, 8, 9, 11, 19, 22, 24]",4231,"[1, 2, 3, 5, 6, 9, 11, 17, 19, 21, 23]",71,0.6133828996282528,0
7218,352,"[1, 3, 4, 5, 7, 8, 10, 13, 15, 22, 24]",433,"[1, 2, 3, 5, 6, 10, 13, 15, 17, 21, 23]",0,0.3054545454545455,1
7219,352,"[1, 3, 4, 5, 7, 8, 10, 13, 15, 22, 24]",442,"[1, 2, 3, 5, 6, 9, 11, 12, 13, 15, 16]",45,0.0,0
7220,352,"[1, 3, 4, 5, 7, 8, 10, 13, 15, 22, 24]",433,"[1, 2, 3, 5, 6, 10, 13, 15, 17, 21, 23]",45,0.3821292775665399,0
7221,352,"[1, 3, 4, 5, 7, 8, 10, 13, 15, 22, 24]",4231,"[1, 2, 3, 5, 6, 9, 11, 17, 19, 21, 23]",57,0.4754953076120959,-1
7222,433,"[1, 2, 3, 5, 6, 10, 13, 15, 17, 21, 23]",3412,"[1, 3, 4, 5, 7, 8, 9, 11, 19, 22, 24]",0,0.5814053127677806,0
7223,433,"[1, 2, 3, 5, 6, 10, 13, 15, 17, 21, 23]",352,"[1, 3, 4, 5, 7, 8, 10, 13, 15, 22, 24]",0,0.6133971291866028,2
7224,433,"[1, 2, 3, 5, 6, 10, 13, 15, 17, 21, 23]",4231,"[1, 2, 3, 5, 6, 9, 11, 17, 19, 21, 23]",52,0.36318407960199006,-1
7225,433,"[1, 2, 3, 5, 6, 10, 13, 15, 17, 21, 23]",4231,"[1, 2, 3, 5, 6, 9, 11, 17, 19, 21, 23]",69,0.4490566037735849,0
7226,3421,"[1, 3, 4, 5, 7, 8, 9, 11, 18, 20, 23]",3421,"[1, 3, 4, 5, 7, 8, 9, 11, 18, 20, 23]",0,0.48614410134600156,0
7227,3421,"[1, 3, 4, 5, 7, 8, 9, 11, 18, 20, 23]",3421,"[1, 3, 4, 5, 7, 8, 9, 11, 18, 20, 23]",59,0.8032786885245902,0
7228,3421,"[1, 3, 4, 5, 7, 8, 9, 11, 18, 20, 23]",3421,"[1, 3, 4, 5, 7, 8, 9, 11, 18, 20, 23]",62,0.40166666666666667,-1
7229,352,"[1, 3, 4, 5, 7, 8, 10, 13, 15, 22, 24]",3421,"[1, 3, 4, 5, 7, 8, 9, 11, 18, 20, 23]",76,0.47950819672131145,0
7230,4231,"[1, 2, 3, 5, 6, 9, 11, 17, 19, 21, 23]",433,"[1, 2, 3, 5, 6, 10, 13, 15, 17, 21, 23]",0,0.5052241321199865,1
7231,433,"[1, 2, 3, 5, 6, 10, 13, 15, 17, 21, 23]",433,"[1, 2, 3, 5, 6, 10, 13, 15, 17, 21, 23]",81,0.16923076923076924,0
7232,3421,"[1, 3, 4, 5, 7, 8, 9, 11, 18, 20, 23]",433,"[1, 2, 3, 5, 6, 10, 13, 15, 17, 21, 23]",0,0.40060544904137235,-1
7233,4231,"[1, 2, 3, 5, 6, 9, 11, 17, 19, 21, 23]",343,"[1, 3, 4, 5, 7, 8, 9, 11, 17, 21, 23]",0,0.6139240506329114,0
7234,4231,"[1, 2, 3, 5, 6, 9, 11, 17, 19, 21, 23]",352,"[1, 3, 4, 5, 7, 8, 10, 13, 15, 22, 24]",67,0.8205128205128205,0
7235,4231,"[1, 2, 3, 5, 6, 9, 11, 17, 19, 21, 23]",352,"[1, 3, 4, 5, 7, 8, 10, 13, 15, 22, 24]",68,0.6224899598393574,1
7236,4231,"[1, 2, 3, 5, 6, 9, 11, 17, 19, 21, 23]",433,"[1, 2, 3, 5, 6, 10, 13, 15, 17, 21, 23]",105,0.2,0
7237,3421,"[1, 3, 4, 5, 7, 8, 9, 11, 18, 20, 23]",433,"[1, 2, 3, 5, 6, 10, 13, 15, 17, 21, 23]",105,0.0,0
7238,4231,"[1, 2, 3, 5, 6, 9, 11, 17, 19, 21, 23]",3421,"[1, 3, 4, 5, 7, 8, 9, 11, 18, 20, 23]",0,0.5378151260504201,0
7239,4231,"[1, 2, 3, 5, 6, 9, 11, 17, 19, 21, 23]",433,"[1, 2, 3, 5, 6, 10, 13, 15, 17, 21, 23]",11,0.3241252302025783,-1
7240,4231,"[1, 2, 3, 5, 6, 9, 11, 17, 19, 21, 23]",433,"[1, 2, 3, 5, 6, 10, 13, 15, 17, 21, 23]",45,0.5981012658227848,-1
7241,4231,"[1, 2, 3, 5, 6, 9, 11, 17, 19, 21, 23]",343,"[1, 3, 4, 5, 7, 8, 9, 11, 17, 21, 23]",63,0.44488977955911824,0
7242,4231,"[1, 2, 3, 5, 6, 9, 11, 17, 19, 21, 23]",343,"[1, 3, 4, 5, 7, 8, 9, 11, 17, 21, 23]",77,0.704225352112676,0
7243,3412,"[1, 3, 4, 5, 7, 8, 9, 11, 19, 22, 24]",3412,"[1, 3, 4, 5, 7, 8, 9, 11, 19, 22, 24]",0,0.536930330015715,-1
7244,442,"[1, 2, 3, 5, 6, 9, 11, 12, 16, 22, 24]",3412,"[1, 3, 4, 5, 7, 8, 9, 11, 19, 22, 24]",46,0.6153153153153154,3
7245,442,"[1, 2, 3, 5, 6, 9, 11, 12, 16, 22, 24]",3412,"[1, 3, 4, 5, 7, 8, 9, 11, 19, 22, 24]",79,0.5021459227467812,-2
7246,442,"[1, 2, 3, 5, 6, 9, 11, 12, 16, 22, 24]",442,"[1, 2, 3, 5, 6, 9, 11, 12, 16, 22, 24]",90,0.6432160804020101,0
7247,3412,"[1, 3, 4, 5, 7, 8, 9, 11, 19, 22, 24]",4141,"[1, 2, 3, 5, 6, 10, 12, 13, 15, 16, 23]",0,0.48297213622291024,0
7248,3412,"[1, 3, 4, 5, 7, 8, 9, 11, 19, 22, 24]",4231,"[1, 2, 3, 5, 6, 13, 15, 17, 19, 21, 23]",16,0.6426799007444168,0
7249,3412,"[1, 3, 4, 5, 7, 8, 9, 11, 19, 22, 24]",4231,"[1, 2, 3, 5, 6, 13, 15, 17, 19, 21, 23]",29,0.6035751840168244,0
7250,4231,"[1, 2, 3, 5, 6, 13, 15, 17, 19, 21, 23]",4231,"[1, 2, 3, 5, 6, 13, 15, 17, 19, 21, 23]",60,0.3725,-1
7251,4231,"[1, 2, 3, 5, 6, 13, 15, 17, 19, 21, 23]",4231,"[1, 2, 3, 5, 6, 13, 15, 17, 19, 21, 23]",75,0.5190615835777126,-1
7252,3412,"[1, 3, 4, 5, 7, 8, 9, 11, 19, 22, 24]",352,"[1, 3, 4, 5, 7, 8, 10, 13, 15, 22, 24]",0,0.4881820834549168,2
7253,352,"[1, 3, 4, 5, 7, 8, 10, 13, 15, 22, 24]",4231,"[1, 2, 3, 5, 6, 9, 11, 17, 19, 21, 23]",0,0.7525252525252525,0
7254,352,"[1, 3, 4, 5, 7, 8, 10, 13, 15, 22, 24]",4231,"[1, 2, 3, 5, 6, 9, 11, 17, 19, 21, 23]",4,0.5566678584197354,-1
7255,433,"[1, 2, 3, 5, 6, 10, 13, 15, 17, 21, 23]",442,"[1, 2, 3, 5, 6, 9, 11, 12, 16, 22, 24]",0,0.8344370860927153,0
7256,433,"[1, 2, 3, 5, 6, 10, 13, 15, 17, 21, 23]",442,"[1, 2, 3, 5, 6, 9, 11, 12, 16, 22, 24]",65,0.8433333333333334,0
7257,352,"[1, 3, 4, 5, 7, 8, 10, 13, 15, 22, 24]",4231,"[1, 2, 3, 5, 6, 9, 11, 17, 19, 21, 23]",0,0.5729166666666666,-2
7258,433,"[1, 2, 3, 5, 6, 10, 13, 15, 17, 21, 23]",3421,"[1, 3, 4, 5, 7, 8, 9, 11, 18, 20, 23]",0,0.4139297848244621,1
7259,433,"[1, 2, 3, 5, 6, 10, 13, 15, 17, 21, 23]",3421,"[1, 3, 4, 5, 7, 8, 9, 11, 18, 20, 23]",79,0.22727272727272727,0
7260,433,"[1, 2, 3, 5, 6, 10, 13, 15, 17, 21, 23]",352,"[1, 3, 4, 5, 7, 8, 10, 13, 15, 22, 24]",0,0.6700154559505409,-1
7261,433,"[1, 2, 3, 5, 6, 10, 13, 15, 17, 21, 23]",352,"[1, 3, 4, 5, 7, 8, 10, 13, 15, 22, 24]",67,0.84375,0
7262,4231,"[1, 2, 3, 5, 6, 13, 15, 17, 19, 21, 23]",433,"[1, 2, 3, 5, 6, 10, 13, 15, 17, 21, 23]",0,0.3054187192118227,-1
7263,4231,"[1, 2, 3, 5, 6, 13, 15, 17, 19, 21, 23]",433,"[1, 2, 3, 5, 6, 10, 13, 15, 17, 21, 23]",42,0.3053435114503817,-1
7264,4231,"[1, 2, 3, 5, 6, 13, 15, 17, 19, 21, 23]",433,"[1, 2, 3, 5, 6, 10, 13, 15, 17, 21, 23]",45,0.3367826904985889,-3
7265,4231,"[1, 2, 3, 5, 6, 13, 15, 17, 19, 21, 23]",433,"[1, 2, 3, 5, 6, 10, 13, 15, 17, 21, 23]",76,0.5968379446640316,0
7266,442,"[1, 2, 3, 5, 6, 9, 11, 12, 16, 22, 24]",3412,"[1, 3, 4, 5, 7, 8, 9, 11, 19, 22, 24]",0,0.36043500776799586,1
7267,3421,"[1, 3, 4, 5, 7, 8, 9, 11, 18, 20, 23]",4231,"[1, 2, 3, 5, 6, 9, 11, 17, 19, 21, 23]",0,0.6772833723653395,2
7268,3421,"[1, 3, 4, 5, 7, 8, 9, 11, 18, 20, 23]",3421,"[1, 3, 4, 5, 7, 8, 9, 11, 13, 15, 23]",47,0.5971370143149284,0
7269,4141,"[1, 2, 3, 5, 6, 10, 12, 13, 15, 16, 23]",3412,"[1, 3, 4, 5, 7, 8, 9, 11, 19, 22, 24]",0,0.36689488521949254,0
7270,3412,"[1, 3, 4, 5, 7, 8, 9, 11, 19, 22, 24]",3421,"[1, 3, 4, 5, 7, 8, 9, 11, 18, 20, 23]",0,0.5863636363636363,-1
7271,3412,"[1, 3, 4, 5, 7, 8, 9, 11, 19, 22, 24]",3421,"[1, 3, 4, 5, 7, 8, 9, 11, 18, 20, 23]",45,0.65,1
7272,41212,"[1, 2, 3, 5, 6, 10, 13, 15, 19, 22, 24]",352,"[1, 3, 4, 5, 7, 8, 10, 13, 15, 22, 24]",0,0.625,0
7273,3412,"[1, 3, 4, 5, 7, 8, 9, 11, 19, 22, 24]",352,"[1, 3, 4, 5, 7, 8, 10, 13, 15, 22, 24]",7,0.3834526650755768,1
7274,352,"[1, 3, 4, 5, 7, 8, 10, 13, 15, 22, 24]",4141,"[1, 2, 3, 5, 6, 10, 12, 13, 15, 16, 23]",0,0.4642627173213136,2
7275,4231,"[1, 2, 3, 5, 6, 9, 11, 17, 19, 21, 23]",4411,"[1, 2, 3, 5, 6, 9, 11, 12, 16, 19, 23]",0,0.5311812179016875,0
7276,4231,"[1, 2, 3, 5, 6, 9, 11, 17, 19, 21, 23]",4411,"[1, 2, 3, 5, 6, 9, 11, 12, 16, 19, 23]",72,0.6431095406360424,1
7277,4231,"[1, 2, 3, 5, 6, 9, 11, 17, 19, 21, 23]",343,"[1, 3, 4, 5, 7, 8, 9, 11, 17, 21, 23]",0,0.409375,0
7278,4231,"[1, 2, 3, 5, 6, 9, 11, 17, 19, 21, 23]",343,"[1, 3, 4, 5, 7, 8, 9, 11, 17, 21, 23]",21,0.0,0
7279,4231,"[1, 2, 3, 5, 6, 9, 11, 17, 19, 21, 23]",343,"[1, 3, 4, 5, 7, 8, 9, 11, 17, 21, 23]",21,0.5597738287560582,-1
7280,4231,"[1, 2, 3, 5, 6, 9, 11, 17, 19, 21, 23]",442,"[1, 2, 3, 5, 6, 9, 11, 12, 16, 22, 24]",45,1.0,0
7281,4231,"[1, 2, 3, 5, 6, 9, 11, 17, 19, 21, 23]",442,"[1, 2, 3, 5, 6, 9, 11, 12, 16, 22, 24]",45,0.45875706214689266,1
7282,4231,"[1, 2, 3, 5, 6, 9, 11, 17, 19, 21, 23]",442,"[1, 2, 3, 5, 6, 9, 11, 12, 16, 22, 24]",70,0.35833333333333334,0
7283,4231,"[1, 2, 3, 5, 6, 9, 11, 17, 19, 21, 23]",4141,"[1, 2, 3, 5, 6, 10, 12, 13, 15, 16, 23]",0,0.42902881536819637,0
7284,4231,"[1, 2, 3, 5, 6, 9, 11, 17, 19, 21, 23]",4141,"[1, 2, 3, 5, 6, 10, 12, 13, 15, 16, 23]",25,0.44696969696969696,0
7285,4231,"[1, 2, 3, 5, 6, 9, 11, 17, 19, 21, 23]",4141,"[1, 2, 3, 5, 6, 10, 12, 13, 15, 16, 23]",45,0.39377289377289376,-1
7286,4231,"[1, 2, 3, 5, 6, 9, 11, 17, 19, 21, 23]",4141,"[1, 2, 3, 5, 6, 10, 12, 13, 15, 16, 23]",62,0.4564102564102564,0
7287,4231,"[1, 2, 3, 5, 6, 9, 11, 17, 19, 21, 23]",4231,"[1, 2, 3, 5, 6, 9, 11, 17, 19, 21, 23]",70,0.356401384083045,0
7288,4231,"[1, 2, 3, 5, 6, 9, 11, 17, 19, 21, 23]",4231,"[1, 2, 3, 5, 6, 9, 11, 17, 19, 21, 23]",76,0.4246575342465753,1
7289,4231,"[1, 2, 3, 5, 6, 9, 11, 17, 19, 21, 23]",4231,"[1, 2, 3, 5, 6, 9, 11, 17, 19, 21, 23]",85,0.6412639405204461,1
7290,4231,"[1, 2, 3, 5, 6, 9, 11, 17, 19, 21, 23]",433,"[1, 2, 3, 5, 6, 10, 13, 15, 17, 21, 23]",0,0.503003003003003,0
7291,4231,"[1, 2, 3, 5, 6, 9, 11, 17, 19, 21, 23]",433,"[1, 2, 3, 5, 6, 10, 13, 15, 17, 21, 23]",46,0.44717444717444715,1
7292,4231,"[1, 2, 3, 5, 6, 9, 11, 17, 19, 21, 23]",433,"[1, 2, 3, 5, 6, 10, 13, 15, 17, 21, 23]",62,0.5897435897435898,0
7293,4231,"[1, 2, 3, 5, 6, 9, 11, 17, 19, 21, 23]",433,"[1, 2, 3, 5, 6, 10, 13, 15, 17, 21, 23]",68,0.43249427917620137,-1
7294,4231,"[1, 2, 3, 5, 6, 9, 11, 17, 19, 21, 23]",433,"[1, 2, 3, 5, 6, 10, 13, 15, 17, 21, 23]",92,0.6976744186046512,0
7295,4231,"[1, 2, 3, 5, 6, 9, 11, 17, 19, 21, 23]",433,"[1, 2, 3, 5, 6, 10, 13, 15, 17, 21, 23]",94,0.4435695538057743,0
7296,4231,"[1, 2, 3, 5, 6, 9, 11, 17, 19, 21, 23]",433,"[1, 2, 3, 5, 6, 10, 13, 15, 17, 21, 23]",105,0.6219081272084805,1
7297,4141,"[1, 2, 3, 5, 6, 10, 12, 13, 15, 16, 23]",4231,"[1, 2, 3, 5, 6, 9, 11, 17, 19, 21, 23]",0,0.6175982291090205,2
7298,4141,"[1, 2, 3, 5, 6, 10, 12, 13, 15, 16, 23]",4231,"[1, 2, 3, 5, 6, 9, 11, 17, 19, 21, 23]",52,0.46825396825396826,0
7299,4141,"[1, 2, 3, 5, 6, 10, 12, 13, 15, 16, 23]",4231,"[1, 2, 3, 5, 6, 9, 11, 17, 19, 21, 23]",56,0.3734087694483734,2
7300,4141,"[1, 2, 3, 5, 6, 10, 12, 13, 15, 16, 23]",4231,"[1, 2, 3, 5, 6, 9, 11, 17, 19, 21, 23]",78,0.3701657458563536,0
7301,4141,"[1, 2, 3, 5, 6, 10, 12, 13, 15, 16, 23]",4231,"[1, 2, 3, 5, 6, 9, 11, 17, 19, 21, 23]",86,1.0,0
7302,343,"[1, 3, 4, 5, 7, 8, 9, 11, 17, 21, 23]",4231,"[1, 2, 3, 5, 6, 9, 11, 17, 19, 21, 23]",0,0.18859060402684563,-3
7303,343,"[1, 3, 4, 5, 7, 8, 9, 11, 17, 21, 23]",4231,"[1, 2, 3, 5, 6, 9, 11, 17, 19, 21, 23]",47,0.11471321695760599,-1
7304,343,"[1, 3, 4, 5, 7, 8, 9, 11, 17, 21, 23]",4231,"[1, 2, 3, 5, 6, 9, 11, 17, 19, 21, 23]",58,0.06563706563706563,0
7305,343,"[1, 3, 4, 5, 7, 8, 9, 11, 17, 21, 23]",4141,"[1, 2, 3, 5, 6, 10, 12, 13, 15, 16, 23]",64,0.0,0
7306,343,"[1, 3, 4, 5, 7, 8, 9, 11, 17, 21, 23]",4141,"[1, 2, 3, 5, 6, 10, 12, 13, 15, 16, 23]",65,0.23809523809523808,-1
7307,343,"[1, 3, 4, 5, 7, 8, 9, 11, 17, 21, 23]",4141,"[1, 2, 3, 5, 6, 10, 12, 13, 15, 16, 23]",79,0.40562248995983935,0
7308,41212,"[1, 2, 3, 5, 6, 10, 13, 15, 19, 22, 24]",4411,"[1, 2, 3, 5, 6, 9, 11, 12, 16, 19, 23]",0,0.559593023255814,-2
7309,41212,"[1, 2, 3, 5, 6, 10, 13, 15, 19, 22, 24]",4411,"[1, 2, 3, 5, 6, 9, 11, 12, 16, 19, 23]",14,0.6726907630522089,2
7310,41212,"[1, 2, 3, 5, 6, 10, 13, 15, 19, 22, 24]",4141,"[1, 2, 3, 5, 6, 10, 12, 13, 15, 16, 23]",73,0.42950819672131146,0
7311,41212,"[1, 2, 3, 5, 6, 10, 13, 15, 19, 22, 24]",4141,"[1, 2, 3, 5, 6, 10, 12, 13, 15, 16, 23]",83,0.6851063829787234,0
7312,433,"[1, 2, 3, 5, 6, 10, 13, 15, 17, 21, 23]",433,"[1, 2, 3, 5, 6, 10, 13, 15, 17, 21, 23]",0,0.7853717026378897,2
7313,433,"[1, 2, 3, 5, 6, 10, 13, 15, 17, 21, 23]",4231,"[1, 2, 3, 5, 6, 9, 11, 17, 19, 21, 23]",22,0.5735174654752234,3
7314,433,"[1, 2, 3, 5, 6, 10, 13, 15, 17, 21, 23]",4231,"[1, 2, 3, 5, 6, 9, 11, 17, 19, 21, 23]",57,0.5648994515539305,-1
7315,433,"[1, 2, 3, 5, 6, 10, 13, 15, 17, 21, 23]",4231,"[1, 2, 3, 5, 6, 9, 11, 17, 19, 21, 23]",77,0.4631578947368421,0
7316,433,"[1, 2, 3, 5, 6, 10, 13, 15, 17, 21, 23]",4231,"[1, 2, 3, 5, 6, 9, 11, 17, 19, 21, 23]",80,0.26857142857142857,0
7317,4231,"[1, 2, 3, 5, 6, 9, 11, 17, 19, 21, 23]",343,"[1, 3, 4, 5, 7, 8, 9, 11, 17, 21, 23]",0,0.6627981947130883,3
7318,4231,"[1, 2, 3, 5, 6, 9, 11, 17, 19, 21, 23]",343,"[1, 3, 4, 5, 7, 8, 9, 11, 17, 21, 23]",45,0.6395222584147665,0
7319,433,"[1, 2, 3, 5, 6, 10, 13, 15, 17, 21, 23]",4231,"[1, 2, 3, 5, 6, 9, 11, 17, 19, 21, 23]",0,0.5196987253765932,0
7320,433,"[1, 2, 3, 5, 6, 10, 13, 15, 17, 21, 23]",4231,"[1, 2, 3, 5, 6, 9, 11, 17, 19, 21, 23]",45,0.5606986899563319,1
7321,4231,"[1, 2, 3, 5, 6, 9, 11, 17, 19, 21, 23]",4231,"[1, 2, 3, 5, 6, 9, 11, 17, 19, 21, 23]",0,0.6026625704045059,0
7322,4231,"[1, 2, 3, 5, 6, 9, 11, 17, 19, 21, 23]",4231,"[1, 2, 3, 5, 6, 9, 11, 17, 19, 21, 23]",50,0.335243553008596,0
7323,4231,"[1, 2, 3, 5, 6, 9, 11, 17, 19, 21, 23]",4231,"[1, 2, 3, 5, 6, 9, 11, 17, 19, 21, 23]",61,0.6140724946695096,0
7324,4231,"[1, 2, 3, 5, 6, 9, 11, 17, 19, 21, 23]",4231,"[1, 2, 3, 5, 6, 9, 11, 17, 19, 21, 23]",75,0.4426094137076796,1
7325,4231,"[1, 2, 3, 5, 6, 9, 11, 17, 19, 21, 23]",4231,"[1, 2, 3, 5, 6, 9, 11, 17, 19, 21, 23]",106,0.6489028213166145,0
7326,433,"[1, 2, 3, 5, 6, 10, 13, 15, 17, 21, 23]",4141,"[1, 2, 3, 5, 6, 10, 12, 13, 15, 16, 23]",0,0.6142684401451027,1
7327,433,"[1, 2, 3, 5, 6, 10, 13, 15, 17, 21, 23]",4141,"[1, 2, 3, 5, 6, 10, 12, 13, 15, 16, 23]",72,0.5551724137931034,0
7328,4231,"[1, 2, 3, 5, 6, 9, 11, 17, 19, 21, 23]",4411,"[1, 2, 3, 5, 6, 9, 11, 12, 16, 19, 23]",0,0.43097643097643096,0
7329,4231,"[1, 2, 3, 5, 6, 9, 11, 17, 19, 21, 23]",4411,"[1, 2, 3, 5, 6, 9, 11, 12, 16, 19, 23]",8,0.4797794117647059,0
7330,4231,"[1, 2, 3, 5, 6, 9, 11, 17, 19, 21, 23]",4411,"[1, 2, 3, 5, 6, 9, 11, 12, 16, 19, 23]",23,0.5764854614412137,0
7331,4411,"[1, 2, 3, 5, 6, 9, 11, 12, 16, 19, 23]",433,"[1, 2, 3, 5, 6, 10, 13, 15, 17, 21, 23]",0,0.4092219020172911,-1
7332,4411,"[1, 2, 3, 5, 6, 9, 11, 12, 16, 19, 23]",433,"[1, 2, 3, 5, 6, 10, 13, 15, 17, 21, 23]",29,0.3643926788685524,0
7333,4411,"[1, 2, 3, 5, 6, 9, 11, 12, 16, 19, 23]",433,"[1, 2, 3, 5, 6, 10, 13, 15, 17, 21, 23]",45,0.3837753510140406,0
7334,343,"[1, 3, 4, 5, 7, 8, 13, 15, 17, 21, 23]",4141,"[1, 2, 3, 5, 6, 10, 12, 13, 15, 16, 23]",0,0.22800256904303148,0
7335,451,"[1, 2, 3, 5, 6, 12, 13, 14, 15, 16, 23]",4141,"[1, 2, 3, 5, 6, 10, 12, 13, 15, 16, 23]",73,0.26422764227642276,0
7336,451,"[1, 2, 3, 5, 6, 12, 13, 14, 15, 16, 23]",4231,"[1, 2, 3, 5, 6, 9, 11, 17, 19, 21, 23]",82,0.43577981651376146,-1
7337,442,"[1, 2, 3, 5, 6, 9, 11, 12, 16, 22, 24]",433,"[1, 2, 3, 5, 6, 10, 13, 15, 17, 21, 23]",0,0.3084606345475911,-1
7338,442,"[1, 2, 3, 5, 6, 9, 11, 12, 16, 22, 24]",433,"[1, 2, 3, 5, 6, 10, 13, 15, 17, 21, 23]",45,1.0,0
7339,442,"[1, 2, 3, 5, 6, 9, 11, 12, 16, 22, 24]",433,"[1, 2, 3, 5, 6, 10, 13, 15, 17, 21, 23]",45,0.2871287128712871,-2
7340,442,"[1, 2, 3, 5, 6, 9, 11, 12, 16, 22, 24]",433,"[1, 2, 3, 5, 6, 10, 13, 15, 17, 21, 23]",65,0.5300546448087432,0
7341,442,"[1, 2, 3, 5, 6, 9, 11, 12, 16, 22, 24]",433,"[1, 2, 3, 5, 6, 10, 13, 15, 17, 21, 23]",70,0.3626373626373626,0
7342,433,"[1, 2, 3, 5, 6, 10, 13, 15, 17, 21, 23]",4141,"[1, 2, 3, 5, 6, 10, 12, 13, 15, 16, 23]",0,0.28782547501759326,2
7343,343,"[1, 3, 4, 5, 7, 8, 9, 11, 17, 21, 23]",442,"[1, 2, 3, 5, 6, 9, 11, 12, 16, 22, 24]",0,0.6002747252747253,0
7344,343,"[1, 3, 4, 5, 7, 8, 9, 11, 17, 21, 23]",442,"[1, 2, 3, 5, 6, 9, 11, 12, 16, 22, 24]",31,0.421455938697318,0
7345,343,"[1, 3, 4, 5, 7, 8, 9, 11, 17, 21, 23]",442,"[1, 2, 3, 5, 6, 9, 11, 12, 16, 22, 24]",38,0.6773049645390071,0
7346,343,"[1, 3, 4, 5, 7, 8, 9, 11, 17, 21, 23]",442,"[1, 2, 3, 5, 6, 9, 11, 12, 16, 22, 24]",45,0.5917874396135265,0
7347,343,"[1, 3, 4, 5, 7, 8, 9, 11, 17, 21, 23]",442,"[1, 2, 3, 5, 6, 9, 11, 12, 16, 22, 24]",56,0.4778761061946903,0
7348,343,"[1, 3, 4, 5, 7, 8, 9, 11, 17, 21, 23]",442,"[1, 2, 3, 5, 6, 9, 11, 12, 16, 22, 24]",64,0.5333333333333333,1
7349,343,"[1, 3, 4, 5, 7, 8, 9, 11, 17, 21, 23]",442,"[1, 2, 3, 5, 6, 9, 11, 12, 16, 22, 24]",76,0.7680412371134021,0
7350,343,"[1, 3, 4, 5, 7, 8, 9, 11, 17, 21, 23]",442,"[1, 2, 3, 5, 6, 9, 11, 12, 16, 22, 24]",79,0.45108695652173914,0
7351,343,"[1, 3, 4, 5, 7, 8, 9, 11, 17, 21, 23]",442,"[1, 2, 3, 5, 6, 9, 11, 12, 16, 22, 24]",87,0.36065573770491804,0
7352,433,"[1, 2, 3, 5, 6, 10, 13, 15, 17, 21, 23]",3421,"[1, 3, 4, 5, 7, 8, 9, 11, 18, 20, 23]",0,0.622140522875817,2
7353,433,"[1, 2, 3, 5, 6, 10, 13, 15, 17, 21, 23]",3421,"[1, 3, 4, 5, 7, 8, 9, 11, 18, 20, 23]",70,0.46616541353383456,0
7354,433,"[1, 2, 3, 5, 6, 10, 13, 15, 17, 21, 23]",3421,"[1, 3, 4, 5, 7, 8, 9, 11, 18, 20, 23]",75,0.5708812260536399,1
7355,4231,"[1, 2, 3, 5, 6, 9, 11, 17, 19, 21, 23]",41212,"[1, 2, 3, 5, 6, 10, 13, 15, 19, 22, 24]",0,0.6537142857142857,2
7356,4231,"[1, 2, 3, 5, 6, 9, 11, 17, 19, 21, 23]",4141,"[1, 2, 3, 5, 6, 10, 12, 13, 15, 16, 23]",25,0.6206624605678234,-1
7357,4231,"[1, 2, 3, 5, 6, 9, 11, 17, 19, 21, 23]",4141,"[1, 2, 3, 5, 6, 10, 12, 13, 15, 16, 23]",65,0.897196261682243,0
7358,4231,"[1, 2, 3, 5, 6, 9, 11, 17, 19, 21, 23]",4141,"[1, 2, 3, 5, 6, 10, 12, 13, 15, 16, 23]",68,0.559748427672956,0
7359,4231,"[1, 2, 3, 5, 6, 11, 13, 17, 19, 21, 23]",4411,"[1, 2, 3, 5, 6, 9, 11, 12, 16, 19, 23]",0,0.5772931366260423,6
7360,4231,"[1, 2, 3, 5, 6, 9, 11, 17, 19, 21, 23]",433,"[1, 2, 3, 5, 6, 10, 13, 15, 17, 21, 23]",0,0.5438884331419196,0
7361,4231,"[1, 2, 3, 5, 6, 9, 11, 17, 19, 21, 23]",433,"[1, 2, 3, 5, 6, 10, 13, 15, 17, 21, 23]",36,0.48552338530066813,0
7362,4231,"[1, 2, 3, 5, 6, 9, 11, 17, 19, 21, 23]",433,"[1, 2, 3, 5, 6, 10, 13, 15, 17, 21, 23]",46,0.5478260869565217,-1
7363,4231,"[1, 2, 3, 5, 6, 9, 11, 17, 19, 21, 23]",433,"[1, 2, 3, 5, 6, 10, 13, 15, 17, 21, 23]",58,0.42810457516339867,1
7364,4231,"[1, 2, 3, 5, 6, 9, 11, 17, 19, 21, 23]",4231,"[1, 2, 3, 5, 6, 9, 11, 17, 19, 21, 23]",71,0.5968379446640316,0
7365,4231,"[1, 2, 3, 5, 6, 9, 11, 17, 19, 21, 23]",4231,"[1, 2, 3, 5, 6, 9, 11, 17, 19, 21, 23]",78,0.695,0
7366,4231,"[1, 2, 3, 5, 6, 9, 11, 17, 19, 21, 23]",4231,"[1, 2, 3, 5, 6, 9, 11, 17, 19, 21, 23]",85,0.39069767441860465,0
7367,451,"[1, 2, 3, 5, 6, 10, 12, 13, 15, 16, 23]",4231,"[1, 2, 3, 5, 6, 9, 11, 17, 19, 21, 23]",0,0.41260744985673353,0
7368,4231,"[1, 2, 3, 5, 6, 9, 11, 17, 19, 21, 23]",4231,"[1, 2, 3, 5, 6, 9, 11, 17, 19, 21, 23]",23,0.3969849246231156,0
7369,4231,"[1, 2, 3, 5, 6, 9, 11, 17, 19, 21, 23]",4231,"[1, 2, 3, 5, 6, 9, 11, 17, 19, 21, 23]",34,0.7005253940455342,0
7370,4231,"[1, 2, 3, 5, 6, 9, 11, 17, 19, 21, 23]",4231,"[1, 2, 3, 5, 6, 9, 11, 17, 19, 21, 23]",45,0.3076923076923077,0
7371,4231,"[1, 2, 3, 5, 6, 9, 11, 17, 19, 21, 23]",4231,"[1, 2, 3, 5, 6, 9, 11, 17, 19, 21, 23]",45,0.62,-1
7372,4231,"[1, 2, 3, 5, 6, 9, 11, 17, 19, 21, 23]",4231,"[1, 2, 3, 5, 6, 9, 11, 17, 19, 21, 23]",57,0.0,0
7373,4231,"[1, 2, 3, 5, 6, 9, 11, 17, 19, 21, 23]",4231,"[1, 2, 3, 5, 6, 9, 11, 17, 19, 21, 23]",58,0.2,0
7374,4231,"[1, 2, 3, 5, 6, 9, 11, 17, 19, 21, 23]",4231,"[1, 2, 3, 5, 6, 9, 11, 17, 19, 21, 23]",60,0.8833333333333333,0
7375,4231,"[1, 2, 3, 5, 6, 9, 11, 17, 19, 21, 23]",433,"[1, 2, 3, 5, 6, 10, 13, 15, 17, 21, 23]",66,0.875,0
7376,442,"[1, 2, 3, 5, 6, 9, 11, 12, 16, 22, 24]",433,"[1, 2, 3, 5, 6, 10, 13, 15, 17, 21, 23]",67,0.7048780487804878,0
7377,442,"[1, 2, 3, 5, 6, 9, 11, 12, 16, 22, 24]",433,"[1, 2, 3, 5, 6, 10, 13, 15, 17, 21, 23]",80,0.7878787878787878,0
7378,442,"[1, 2, 3, 5, 6, 9, 11, 12, 16, 22, 24]",433,"[1, 2, 3, 5, 6, 10, 13, 15, 17, 21, 23]",88,0.3442622950819672,0
7379,442,"[1, 2, 3, 5, 6, 9, 11, 12, 16, 22, 24]",433,"[1, 2, 3, 5, 6, 10, 13, 15, 17, 21, 23]",0,0.5508771929824562,1
7380,442,"[1, 2, 3, 5, 6, 9, 11, 12, 16, 22, 24]",433,"[1, 2, 3, 5, 6, 10, 13, 15, 17, 21, 23]",21,0.7112299465240641,0
7381,442,"[1, 2, 3, 5, 6, 9, 11, 12, 16, 22, 24]",433,"[1, 2, 3, 5, 6, 10, 13, 15, 17, 21, 23]",34,0.6781609195402298,2
7382,442,"[1, 2, 3, 5, 6, 9, 11, 12, 16, 22, 24]",433,"[1, 2, 3, 5, 6, 10, 13, 15, 17, 21, 23]",45,0.5318559556786704,1
7383,442,"[1, 2, 3, 5, 6, 9, 11, 12, 16, 22, 24]",433,"[1, 2, 3, 5, 6, 10, 13, 15, 17, 21, 23]",56,0.825,0
7384,442,"[1, 2, 3, 5, 6, 9, 11, 12, 16, 22, 24]",4231,"[1, 2, 3, 5, 6, 9, 11, 17, 19, 21, 23]",62,0.41763005780346824,0
7385,4141,"[1, 2, 3, 5, 6, 10, 12, 13, 15, 16, 23]",4231,"[1, 2, 3, 5, 6, 9, 11, 17, 19, 21, 23]",0,0.5328376703841388,0
7386,4141,"[1, 2, 3, 5, 6, 10, 12, 13, 15, 16, 23]",4231,"[1, 2, 3, 5, 6, 9, 11, 17, 19, 21, 23]",57,0.5545851528384279,0
7387,4141,"[1, 2, 3, 5, 6, 10, 12, 13, 15, 16, 23]",4231,"[1, 2, 3, 5, 6, 9, 11, 17, 19, 21, 23]",0,0.48933649289099523,1
7388,4141,"[1, 2, 3, 5, 6, 10, 12, 13, 15, 16, 23]",4231,"[1, 2, 3, 5, 6, 9, 11, 17, 19, 21, 23]",63,0.22324159021406728,0
7389,4141,"[1, 2, 3, 5, 6, 10, 12, 13, 15, 16, 23]",4231,"[1, 2, 3, 5, 6, 9, 11, 17, 19, 21, 23]",71,0.3689655172413793,0
7390,4141,"[1, 2, 3, 5, 6, 10, 12, 13, 15, 16, 23]",4231,"[1, 2, 3, 5, 6, 9, 11, 17, 19, 21, 23]",81,0.35797665369649806,0
7391,442,"[1, 2, 3, 5, 6, 9, 11, 12, 16, 22, 24]",433,"[1, 2, 3, 5, 6, 10, 13, 15, 17, 21, 23]",0,0.590564448188711,-1
7392,442,"[1, 2, 3, 5, 6, 9, 11, 12, 16, 22, 24]",433,"[1, 2, 3, 5, 6, 10, 13, 15, 17, 21, 23]",40,0.8125984251968504,0
7393,442,"[1, 2, 3, 5, 6, 9, 11, 12, 16, 22, 24]",433,"[1, 2, 3, 5, 6, 10, 13, 15, 17, 21, 23]",58,0.7441016333938294,1
7394,442,"[1, 2, 3, 5, 6, 9, 11, 12, 16, 22, 24]",433,"[1, 2, 3, 5, 6, 10, 13, 15, 17, 21, 23]",78,0.6623931623931624,0
7395,4141,"[1, 2, 3, 5, 6, 10, 12, 13, 15, 16, 23]",343,"[1, 3, 4, 5, 7, 8, 9, 11, 17, 21, 23]",0,0.7238860482103725,1
7396,4141,"[1, 2, 3, 5, 6, 10, 12, 13, 15, 16, 23]",343,"[1, 3, 4, 5, 7, 8, 9, 11, 17, 21, 23]",45,0.5180722891566265,0
7397,433,"[1, 2, 3, 5, 6, 10, 13, 15, 17, 21, 23]",4231,"[1, 2, 3, 5, 6, 9, 11, 17, 19, 21, 23]",0,0.7069767441860465,1
7398,433,"[1, 2, 3, 5, 6, 10, 13, 15, 17, 21, 23]",4231,"[1, 2, 3, 5, 6, 9, 11, 17, 19, 21, 23]",45,0.6510480887792849,0
7399,433,"[1, 2, 3, 5, 6, 10, 13, 15, 17, 21, 23]",4231,"[1, 2, 3, 5, 6, 9, 11, 17, 19, 21, 23]",66,0.2489451476793249,0
7400,433,"[1, 2, 3, 5, 6, 10, 13, 15, 17, 21, 23]",4231,"[1, 2, 3, 5, 6, 9, 11, 17, 19, 21, 23]",72,0.35231316725978645,0
7401,433,"[1, 2, 3, 5, 6, 10, 13, 15, 17, 21, 23]",4231,"[1, 2, 3, 5, 6, 9, 11, 17, 19, 21, 23]",78,0.6419354838709678,0
7402,433,"[1, 2, 3, 5, 6, 10, 13, 15, 17, 21, 23]",442,"[1, 2, 3, 5, 6, 9, 11, 12, 16, 22, 24]",0,0.7595436594997806,1
7403,433,"[1, 2, 3, 5, 6, 10, 13, 15, 17, 21, 23]",442,"[1, 2, 3, 5, 6, 9, 11, 12, 16, 22, 24]",60,0.7153284671532847,0
7404,433,"[1, 2, 3, 5, 6, 10, 13, 15, 17, 21, 23]",442,"[1, 2, 3, 5, 6, 9, 11, 12, 16, 22, 24]",66,0.820627802690583,1
7405,433,"[1, 2, 3, 5, 6, 10, 13, 15, 17, 21, 23]",442,"[1, 2, 3, 5, 6, 9, 11, 12, 16, 22, 24]",78,0.6501901140684411,0
7406,4231,"[1, 2, 3, 5, 6, 9, 11, 17, 19, 21, 23]",433,"[1, 2, 3, 5, 6, 10, 13, 15, 17, 21, 23]",0,0.5543071161048689,1
7407,4231,"[1, 2, 3, 5, 6, 9, 11, 17, 19, 21, 23]",433,"[1, 2, 3, 5, 6, 10, 13, 15, 17, 21, 23]",29,0.6445556946182729,0
7408,4231,"[1, 2, 3, 5, 6, 9, 11, 17, 19, 21, 23]",433,"[1, 2, 3, 5, 6, 10, 13, 15, 17, 21, 23]",47,0.4945770065075922,0
7409,4231,"[1, 2, 3, 5, 6, 9, 11, 17, 19, 21, 23]",433,"[1, 2, 3, 5, 6, 10, 13, 15, 17, 21, 23]",59,0.4979123173277662,0
7410,442,"[1, 2, 3, 5, 6, 9, 11, 12, 16, 22, 24]",3412,"[1, 3, 4, 5, 7, 8, 9, 11, 19, 22, 24]",0,0.35514485514485516,-1
7411,442,"[1, 2, 3, 5, 6, 9, 11, 12, 16, 22, 24]",352,"[1, 3, 4, 5, 7, 8, 10, 13, 15, 22, 24]",53,0.5026315789473684,0
7412,442,"[1, 2, 3, 5, 6, 9, 11, 12, 16, 22, 24]",352,"[1, 3, 4, 5, 7, 8, 10, 13, 15, 22, 24]",80,0.7357142857142858,-1
7413,442,"[1, 2, 3, 5, 6, 9, 11, 12, 16, 22, 24]",343,"[1, 3, 4, 5, 7, 8, 9, 11, 17, 21, 23]",87,1.0,0
7414,442,"[1, 2, 3, 5, 6, 9, 11, 12, 16, 22, 24]",343,"[1, 3, 4, 5, 7, 8, 9, 11, 17, 21, 23]",87,0.8166666666666667,0
7415,4231,"[1, 2, 3, 5, 6, 11, 13, 17, 19, 21, 23]",3412,"[1, 3, 4, 5, 7, 8, 9, 11, 19, 22, 24]",0,0.6409185803757829,1
7416,4231,"[1, 2, 3, 5, 6, 11, 13, 17, 19, 21, 23]",4231,"[1, 2, 3, 5, 6, 9, 11, 17, 19, 21, 23]",45,0.4883116883116883,0
7417,4231,"[1, 2, 3, 5, 6, 11, 13, 17, 19, 21, 23]",3412,"[1, 3, 4, 5, 7, 8, 9, 11, 19, 22, 24]",87,0.0,0
7418,4231,"[1, 2, 3, 5, 6, 11, 13, 17, 19, 21, 23]",3412,"[1, 3, 4, 5, 7, 8, 9, 11, 19, 22, 24]",87,0.4067796610169492,0
7419,4231,"[1, 2, 3, 5, 6, 9, 11, 17, 19, 21, 23]",4231,"[1, 2, 3, 5, 6, 9, 11, 17, 19, 21, 23]",0,0.5541972290138549,2
7420,4231,"[1, 2, 3, 5, 6, 9, 11, 17, 19, 21, 23]",4231,"[1, 2, 3, 5, 6, 9, 11, 17, 19, 21, 23]",66,0.43283582089552236,0
7421,4231,"[1, 2, 3, 5, 6, 9, 11, 17, 19, 21, 23]",433,"[1, 2, 3, 5, 6, 10, 13, 15, 17, 21, 23]",74,0.44038929440389296,0
7422,3421,"[1, 3, 4, 5, 7, 8, 9, 11, 13, 15, 23]",433,"[1, 2, 3, 5, 6, 10, 13, 15, 17, 21, 23]",88,0.0,0
7423,433,"[1, 2, 3, 5, 6, 10, 13, 15, 17, 21, 23]",4231,"[1, 2, 3, 5, 6, 9, 11, 17, 19, 21, 23]",0,0.6107966913365259,0
7424,433,"[1, 2, 3, 5, 6, 10, 13, 15, 17, 21, 23]",4231,"[1, 2, 3, 5, 6, 9, 11, 17, 19, 21, 23]",56,0.7484276729559748,1
7425,433,"[1, 2, 3, 5, 6, 10, 13, 15, 17, 21, 23]",4231,"[1, 2, 3, 5, 6, 9, 11, 17, 19, 21, 23]",86,0.3472222222222222,0
7426,433,"[1, 2, 3, 5, 6, 10, 13, 15, 17, 21, 23]",4231,"[1, 2, 3, 5, 6, 9, 11, 17, 19, 21, 23]",0,0.7782888684452622,2
7427,433,"[1, 2, 3, 5, 6, 10, 13, 15, 17, 21, 23]",4231,"[1, 2, 3, 5, 6, 9, 11, 17, 19, 21, 23]",25,0.776803118908382,0
7428,442,"[1, 2, 3, 5, 6, 9, 11, 12, 16, 22, 24]",343,"[1, 3, 4, 5, 7, 8, 9, 11, 17, 21, 23]",0,0.7689149560117302,2
7429,442,"[1, 2, 3, 5, 6, 9, 11, 12, 16, 22, 24]",343,"[1, 3, 4, 5, 7, 8, 9, 11, 17, 21, 23]",45,0.9142091152815014,1
7430,442,"[1, 2, 3, 5, 6, 9, 11, 12, 16, 22, 24]",343,"[1, 3, 4, 5, 7, 8, 9, 11, 17, 21, 23]",55,0.7226519337016575,1
7431,352,"[1, 3, 4, 5, 7, 8, 10, 13, 15, 22, 24]",3412,"[1, 3, 4, 5, 7, 8, 9, 11, 19, 22, 24]",0,0.5923597678916828,1
7432,352,"[1, 3, 4, 5, 7, 8, 10, 13, 15, 22, 24]",41212,"[1, 2, 3, 5, 6, 10, 13, 15, 19, 22, 24]",57,0.35149863760217986,0
7433,352,"[1, 3, 4, 5, 7, 8, 10, 13, 15, 22, 24]",41212,"[1, 2, 3, 5, 6, 10, 13, 15, 19, 22, 24]",67,0.3880597014925373,0
7434,3511,"[1, 3, 4, 5, 7, 8, 10, 13, 15, 19, 23]",41212,"[1, 2, 3, 5, 6, 10, 13, 15, 19, 22, 24]",71,0.45925925925925926,0
7435,3421,"[1, 3, 4, 5, 7, 8, 9, 11, 18, 20, 23]",433,"[1, 2, 3, 5, 6, 10, 13, 15, 17, 21, 23]",0,0.24325519681556834,3
7436,3421,"[1, 3, 4, 5, 7, 8, 9, 11, 18, 20, 23]",433,"[1, 2, 3, 5, 6, 10, 13, 15, 17, 21, 23]",45,0.1725417439703154,0
7437,3421,"[1, 3, 4, 5, 7, 8, 9, 11, 18, 20, 23]",433,"[1, 2, 3, 5, 6, 10, 13, 15, 17, 21, 23]",65,0.2088607594936709,1
7438,4231,"[1, 2, 3, 5, 6, 9, 11, 17, 19, 21, 23]",4231,"[1, 2, 3, 5, 6, 9, 11, 17, 19, 21, 23]",0,0.4725609756097561,3
7439,4231,"[1, 2, 3, 5, 6, 9, 11, 17, 19, 21, 23]",4231,"[1, 2, 3, 5, 6, 9, 11, 17, 19, 21, 23]",46,0.6,1
7440,4141,"[1, 2, 3, 5, 6, 10, 12, 13, 15, 16, 23]",4231,"[1, 2, 3, 5, 6, 9, 11, 17, 19, 21, 23]",0,0.34226190476190477,0
7441,4141,"[1, 2, 3, 5, 6, 10, 12, 13, 15, 16, 23]",4231,"[1, 2, 3, 5, 6, 9, 11, 17, 19, 21, 23]",41,0.21846153846153846,0
7442,4141,"[1, 2, 3, 5, 6, 10, 12, 13, 15, 16, 23]",4231,"[1, 2, 3, 5, 6, 9, 11, 17, 19, 21, 23]",64,0.42735042735042733,0
7443,4141,"[1, 2, 3, 5, 6, 10, 12, 13, 15, 16, 23]",4231,"[1, 2, 3, 5, 6, 9, 11, 17, 19, 21, 23]",70,0.45170454545454547,0
7444,4141,"[1, 2, 3, 5, 6, 10, 12, 13, 15, 16, 23]",4231,"[1, 2, 3, 5, 6, 9, 11, 17, 19, 21, 23]",82,0.5757575757575758,0
7445,4231,"[1, 2, 3, 5, 6, 9, 11, 17, 19, 21, 23]",4231,"[1, 2, 3, 5, 6, 9, 11, 17, 19, 21, 23]",0,0.48556430446194226,0
7446,4231,"[1, 2, 3, 5, 6, 9, 11, 17, 19, 21, 23]",4231,"[1, 2, 3, 5, 6, 9, 11, 17, 19, 21, 23]",13,0.5463137996219282,0
7447,4231,"[1, 2, 3, 5, 6, 9, 11, 17, 19, 21, 23]",4231,"[1, 2, 3, 5, 6, 9, 11, 17, 19, 21, 23]",30,0.6225296442687747,0
7448,4231,"[1, 2, 3, 5, 6, 9, 11, 17, 19, 21, 23]",4231,"[1, 2, 3, 5, 6, 9, 11, 17, 19, 21, 23]",45,0.4269759450171821,1
7449,442,"[1, 2, 3, 5, 6, 9, 11, 12, 16, 22, 24]",442,"[1, 2, 3, 5, 6, 9, 11, 12, 16, 22, 24]",0,0.5445278969957081,0
7450,442,"[1, 2, 3, 5, 6, 9, 11, 12, 16, 22, 24]",442,"[1, 2, 3, 5, 6, 9, 11, 12, 16, 22, 24]",55,0.6122448979591837,0
7451,442,"[1, 2, 3, 5, 6, 9, 11, 12, 16, 22, 24]",442,"[1, 2, 3, 5, 6, 9, 11, 12, 16, 22, 24]",63,0.45995288574793874,0
7452,442,"[1, 2, 3, 5, 6, 9, 11, 12, 16, 22, 24]",442,"[1, 2, 3, 5, 6, 9, 11, 12, 16, 22, 24]",122,0.49333333333333335,0
7453,352,"[1, 3, 4, 5, 7, 8, 10, 13, 15, 22, 24]",4231,"[1, 2, 3, 5, 6, 9, 11, 17, 19, 21, 23]",0,0.6117824773413897,1
7454,352,"[1, 3, 4, 5, 7, 8, 10, 13, 15, 22, 24]",4231,"[1, 2, 3, 5, 6, 9, 11, 17, 19, 21, 23]",67,0.5077399380804953,0
7455,4231,"[1, 2, 3, 5, 6, 9, 11, 17, 19, 21, 23]",4231,"[1, 2, 3, 5, 6, 9, 11, 17, 19, 21, 23]",0,0.4240156199153921,0
7456,4231,"[1, 2, 3, 5, 6, 9, 11, 17, 19, 21, 23]",4231,"[1, 2, 3, 5, 6, 9, 11, 17, 19, 21, 23]",81,0.39349112426035504,0
7457,352,"[1, 3, 4, 5, 7, 8, 10, 13, 15, 22, 24]",4231,"[1, 2, 3, 5, 6, 9, 11, 17, 19, 21, 23]",0,0.8051063829787234,1
7458,352,"[1, 3, 4, 5, 7, 8, 10, 13, 15, 22, 24]",4231,"[1, 2, 3, 5, 6, 9, 11, 17, 19, 21, 23]",29,0.6497737556561086,1
7459,433,"[1, 2, 3, 5, 6, 10, 13, 15, 17, 21, 23]",352,"[1, 3, 4, 5, 7, 8, 10, 13, 15, 22, 24]",0,0.6133786848072562,0
7460,433,"[1, 2, 3, 5, 6, 10, 13, 15, 17, 21, 23]",3412,"[1, 3, 4, 5, 7, 8, 9, 11, 19, 22, 24]",45,0.720353982300885,0
7461,433,"[1, 2, 3, 5, 6, 10, 13, 15, 17, 21, 23]",352,"[1, 3, 4, 5, 7, 8, 10, 13, 15, 22, 24]",64,0.6118721461187214,1
7462,433,"[1, 2, 3, 5, 6, 10, 13, 15, 17, 21, 23]",343,"[1, 3, 4, 5, 7, 8, 9, 11, 17, 21, 23]",88,0.3116883116883117,-1
7463,433,"[1, 2, 3, 5, 6, 10, 13, 15, 17, 21, 23]",4411,"[1, 2, 3, 5, 6, 9, 11, 12, 16, 19, 23]",92,0.7037861915367484,0
7464,433,"[1, 2, 3, 5, 6, 10, 13, 15, 17, 21, 23]",3412,"[1, 3, 4, 5, 7, 8, 9, 11, 19, 22, 24]",90,1.0,0
7465,433,"[1, 2, 3, 5, 6, 10, 13, 15, 17, 21, 23]",3412,"[1, 3, 4, 5, 7, 8, 9, 11, 19, 22, 24]",90,0.7064846416382252,0
7466,433,"[1, 2, 3, 5, 6, 10, 13, 15, 17, 21, 23]",3412,"[1, 3, 4, 5, 7, 8, 9, 11, 19, 22, 24]",99,0.7597173144876325,0
7467,343,"[1, 3, 4, 5, 7, 8, 9, 11, 17, 21, 23]",4231,"[1, 2, 3, 5, 6, 9, 11, 17, 19, 21, 23]",0,0.3212121212121212,0
7468,343,"[1, 3, 4, 5, 7, 8, 9, 11, 17, 21, 23]",4231,"[1, 2, 3, 5, 6, 9, 11, 17, 19, 21, 23]",14,0.5198487712665406,-2
7469,343,"[1, 3, 4, 5, 7, 8, 9, 11, 17, 21, 23]",4231,"[1, 2, 3, 5, 6, 9, 11, 17, 19, 21, 23]",80,0.6859205776173285,1
7470,343,"[1, 3, 4, 5, 7, 8, 9, 11, 17, 21, 23]",4231,"[1, 2, 3, 5, 6, 9, 11, 17, 19, 21, 23]",89,1.0,0
7471,433,"[1, 2, 3, 5, 6, 10, 13, 15, 17, 21, 23]",352,"[1, 3, 4, 5, 7, 8, 10, 13, 15, 22, 24]",0,0.40913884007029877,0
7472,4411,"[1, 2, 3, 5, 6, 9, 11, 12, 16, 19, 23]",442,"[1, 2, 3, 5, 6, 9, 11, 12, 16, 22, 24]",0,0.7556346381969158,3
7473,4411,"[1, 2, 3, 5, 6, 9, 11, 12, 16, 19, 23]",442,"[1, 2, 3, 5, 6, 9, 11, 12, 16, 22, 24]",41,0.6534296028880866,0
7474,4411,"[1, 2, 3, 5, 6, 9, 11, 12, 16, 19, 23]",442,"[1, 2, 3, 5, 6, 9, 11, 12, 16, 22, 24]",45,0.7380952380952381,0
7475,4411,"[1, 2, 3, 5, 6, 9, 11, 12, 16, 19, 23]",442,"[1, 2, 3, 5, 6, 9, 11, 12, 16, 22, 24]",51,0.8520084566596194,0
7476,4411,"[1, 2, 3, 5, 6, 9, 11, 12, 16, 19, 23]",442,"[1, 2, 3, 5, 6, 9, 11, 12, 16, 22, 24]",63,0.7579831932773109,1
7477,41212,"[1, 2, 3, 5, 6, 10, 13, 15, 19, 22, 24]",433,"[1, 2, 3, 5, 6, 10, 13, 15, 17, 21, 23]",0,0.6126968503937008,0
7478,41212,"[1, 2, 3, 5, 6, 10, 13, 15, 19, 22, 24]",433,"[1, 2, 3, 5, 6, 10, 13, 15, 17, 21, 23]",61,0.5674676524953789,0
7479,41212,"[1, 2, 3, 5, 6, 10, 13, 15, 19, 22, 24]",433,"[1, 2, 3, 5, 6, 10, 13, 15, 17, 21, 23]",81,0.48484848484848486,0
7480,41212,"[1, 2, 3, 5, 6, 10, 13, 15, 19, 22, 24]",343,"[1, 3, 4, 5, 7, 8, 9, 11, 17, 21, 23]",87,0.9833333333333333,0
7481,442,"[1, 2, 3, 5, 6, 9, 11, 12, 16, 22, 24]",4231,"[1, 2, 3, 5, 6, 9, 11, 17, 19, 21, 23]",0,0.4049382716049383,1
7482,442,"[1, 2, 3, 5, 6, 9, 11, 12, 16, 22, 24]",4231,"[1, 2, 3, 5, 6, 9, 11, 17, 19, 21, 23]",62,0.5082872928176796,1
7483,442,"[1, 2, 3, 5, 6, 9, 11, 12, 16, 22, 24]",4231,"[1, 2, 3, 5, 6, 9, 11, 17, 19, 21, 23]",79,0.4647058823529412,0
7484,3412,"[1, 3, 4, 5, 7, 8, 9, 11, 19, 22, 24]",4231,"[1, 2, 3, 5, 6, 9, 11, 17, 19, 21, 23]",0,0.5694802801326945,0
7485,4411,"[1, 2, 3, 5, 6, 9, 11, 12, 16, 19, 23]",4231,"[1, 2, 3, 5, 6, 9, 11, 17, 19, 21, 23]",86,0.5885885885885885,0
7486,4411,"[1, 2, 3, 5, 6, 9, 11, 12, 16, 19, 23]",352,"[1, 3, 4, 5, 7, 8, 10, 13, 15, 22, 24]",90,0.35671342685370744,0
7487,3421,"[1, 3, 4, 5, 7, 8, 9, 11, 18, 20, 23]",4141,"[1, 2, 3, 5, 6, 10, 12, 13, 15, 16, 23]",0,0.6615152657369017,1
7488,3421,"[1, 3, 4, 5, 7, 8, 9, 11, 18, 20, 23]",4141,"[1, 2, 3, 5, 6, 10, 12, 13, 15, 16, 23]",63,0.5965909090909091,0
7489,3421,"[1, 3, 4, 5, 7, 8, 9, 11, 18, 20, 23]",41212,"[1, 2, 3, 5, 6, 10, 13, 15, 19, 22, 24]",74,0.3493975903614458,1
7490,433,"[1, 2, 3, 5, 6, 10, 13, 15, 17, 21, 23]",433,"[1, 2, 3, 5, 6, 10, 13, 15, 17, 21, 23]",0,0.24276606179499755,-3
7491,433,"[1, 2, 3, 5, 6, 10, 13, 15, 17, 21, 23]",433,"[1, 2, 3, 5, 6, 10, 13, 15, 17, 21, 23]",45,0.3140877598152425,0
7492,433,"[1, 2, 3, 5, 6, 10, 13, 15, 17, 21, 23]",4231,"[1, 2, 3, 5, 6, 9, 11, 17, 19, 21, 23]",64,0.5483870967741935,-1
7493,4231,"[1, 2, 3, 5, 6, 9, 11, 17, 19, 21, 23]",4141,"[1, 2, 3, 5, 6, 10, 12, 13, 15, 16, 23]",0,0.4939759036144578,-2
7494,4231,"[1, 2, 3, 5, 6, 9, 11, 17, 19, 21, 23]",4141,"[1, 2, 3, 5, 6, 10, 12, 13, 15, 16, 23]",37,0.6698113207547169,1
7495,4231,"[1, 2, 3, 5, 6, 9, 11, 17, 19, 21, 23]",4141,"[1, 2, 3, 5, 6, 10, 12, 13, 15, 16, 23]",71,0.5864661654135338,0
7496,433,"[1, 2, 3, 5, 6, 10, 13, 15, 17, 21, 23]",4141,"[1, 2, 3, 5, 6, 10, 12, 13, 15, 16, 23]",84,0.5658914728682171,0
7497,433,"[1, 2, 3, 5, 6, 10, 13, 15, 17, 21, 23]",4231,"[1, 2, 3, 5, 6, 9, 11, 17, 19, 21, 23]",0,0.8383371824480369,1
7498,433,"[1, 2, 3, 5, 6, 10, 13, 15, 17, 21, 23]",4231,"[1, 2, 3, 5, 6, 9, 11, 17, 19, 21, 23]",37,0.6723891273247496,0
7499,433,"[1, 2, 3, 5, 6, 10, 13, 15, 17, 21, 23]",4231,"[1, 2, 3, 5, 6, 9, 11, 17, 19, 21, 23]",71,0.5056179775280899,0
7500,433,"[1, 2, 3, 5, 6, 10, 13, 15, 17, 21, 23]",4231,"[1, 2, 3, 5, 6, 9, 11, 17, 19, 21, 23]",76,0.8666666666666667,0
7501,4231,"[1, 2, 3, 5, 6, 9, 11, 17, 19, 21, 23]",4231,"[1, 2, 3, 5, 6, 9, 11, 17, 19, 21, 23]",0,0.5729442970822282,0
7502,4231,"[1, 2, 3, 5, 6, 9, 11, 17, 19, 21, 23]",4231,"[1, 2, 3, 5, 6, 9, 11, 17, 19, 21, 23]",21,0.5899280575539568,-1
7503,433,"[1, 2, 3, 5, 6, 10, 13, 15, 17, 21, 23]",4231,"[1, 2, 3, 5, 6, 9, 11, 17, 19, 21, 23]",45,0.6422764227642277,0
7504,4231,"[1, 2, 3, 5, 6, 9, 11, 17, 19, 21, 23]",4231,"[1, 2, 3, 5, 6, 9, 11, 17, 19, 21, 23]",0,0.6264800861141012,0
7505,4411,"[1, 2, 3, 5, 6, 9, 11, 12, 16, 19, 23]",4231,"[1, 2, 3, 5, 6, 9, 11, 17, 19, 21, 23]",30,0.4444444444444444,0
7506,4411,"[1, 2, 3, 5, 6, 9, 11, 12, 16, 19, 23]",4231,"[1, 2, 3, 5, 6, 9, 11, 17, 19, 21, 23]",36,0.5372848948374761,0
7507,4411,"[1, 2, 3, 5, 6, 9, 11, 12, 16, 19, 23]",4231,"[1, 2, 3, 5, 6, 9, 11, 17, 19, 21, 23]",45,0.0,0
7508,4411,"[1, 2, 3, 5, 6, 9, 11, 12, 16, 19, 23]",4231,"[1, 2, 3, 5, 6, 9, 11, 17, 19, 21, 23]",45,0.49337410805300713,1
7509,4411,"[1, 2, 3, 5, 6, 9, 11, 12, 16, 19, 23]",41212,"[1, 2, 3, 5, 6, 10, 13, 15, 19, 22, 24]",81,0.782608695652174,0
7510,4411,"[1, 2, 3, 5, 6, 9, 11, 12, 16, 19, 23]",41212,"[1, 2, 3, 5, 6, 10, 13, 15, 19, 22, 24]",82,0.3169642857142857,0
7511,3412,"[1, 3, 4, 5, 7, 8, 9, 11, 19, 22, 24]",343,"[1, 3, 4, 5, 7, 8, 9, 11, 17, 21, 23]",0,0.7112860892388452,2
7512,3412,"[1, 3, 4, 5, 7, 8, 9, 11, 19, 22, 24]",343,"[1, 3, 4, 5, 7, 8, 9, 11, 17, 21, 23]",36,0.6322067594433399,0
7513,3412,"[1, 3, 4, 5, 7, 8, 9, 11, 19, 22, 24]",343,"[1, 3, 4, 5, 7, 8, 9, 11, 17, 21, 23]",45,0.8430851063829787,0
7514,3412,"[1, 3, 4, 5, 7, 8, 9, 11, 19, 22, 24]",343,"[1, 3, 4, 5, 7, 8, 9, 11, 17, 21, 23]",64,0.8357142857142857,0
7515,3412,"[1, 3, 4, 5, 7, 8, 9, 11, 19, 22, 24]",343,"[1, 3, 4, 5, 7, 8, 9, 11, 17, 21, 23]",68,0.8202247191011236,0
7516,442,"[1, 2, 3, 5, 6, 9, 11, 12, 16, 22, 24]",4231,"[1, 2, 3, 5, 6, 9, 11, 17, 19, 21, 23]",0,0.6530958439355385,0
7517,442,"[1, 2, 3, 5, 6, 9, 11, 12, 16, 22, 24]",4231,"[1, 2, 3, 5, 6, 9, 11, 17, 19, 21, 23]",34,0.5633270321361059,0
7518,442,"[1, 2, 3, 5, 6, 9, 11, 12, 16, 22, 24]",433,"[1, 2, 3, 5, 6, 10, 13, 15, 17, 21, 23]",46,0.6485461441213654,-2
7519,442,"[1, 2, 3, 5, 6, 9, 11, 12, 16, 22, 24]",433,"[1, 2, 3, 5, 6, 10, 13, 15, 17, 21, 23]",76,0.8846153846153846,0
7520,442,"[1, 2, 3, 5, 6, 9, 11, 12, 16, 22, 24]",433,"[1, 2, 3, 5, 6, 10, 13, 15, 17, 21, 23]",81,0.4827586206896552,0
7521,442,"[1, 2, 3, 5, 6, 9, 11, 12, 16, 22, 24]",433,"[1, 2, 3, 5, 6, 10, 13, 15, 17, 21, 23]",85,0.7573529411764706,0
7522,4231,"[1, 2, 3, 5, 6, 9, 11, 17, 19, 21, 23]",343,"[1, 3, 4, 5, 7, 8, 9, 11, 17, 21, 23]",0,0.6168604651162791,0
7523,4231,"[1, 2, 3, 5, 6, 9, 11, 17, 19, 21, 23]",343,"[1, 3, 4, 5, 7, 8, 9, 11, 17, 21, 23]",45,0.5939306358381503,1
7524,4231,"[1, 2, 3, 5, 6, 9, 11, 17, 19, 21, 23]",343,"[1, 3, 4, 5, 7, 8, 9, 11, 17, 21, 23]",65,0.535472972972973,0
7525,4231,"[1, 2, 3, 5, 6, 9, 11, 17, 19, 21, 23]",442,"[1, 2, 3, 5, 6, 9, 11, 12, 16, 22, 24]",81,0.7068062827225131,0
7526,4321,"[1, 2, 3, 5, 6, 10, 13, 15, 18, 20, 23]",433,"[1, 2, 3, 5, 6, 10, 13, 15, 17, 21, 23]",0,0.478586403114705,0
7527,4231,"[1, 2, 3, 5, 6, 9, 11, 17, 19, 21, 23]",343,"[1, 3, 4, 5, 7, 8, 9, 11, 17, 21, 23]",0,0.6508999581414818,1
7528,4231,"[1, 2, 3, 5, 6, 9, 11, 17, 19, 21, 23]",343,"[1, 3, 4, 5, 7, 8, 9, 11, 17, 21, 23]",65,0.5282051282051282,0
7529,4231,"[1, 2, 3, 5, 6, 9, 11, 17, 19, 21, 23]",343,"[1, 3, 4, 5, 7, 8, 9, 11, 17, 21, 23]",74,0.5958333333333333,0
7530,3421,"[1, 3, 4, 5, 7, 8, 9, 11, 18, 20, 23]",343,"[1, 3, 4, 5, 7, 8, 9, 11, 17, 21, 23]",84,0.9782608695652174,0
7531,442,"[1, 2, 3, 5, 6, 9, 11, 12, 16, 22, 24]",4411,"[1, 2, 3, 5, 6, 9, 11, 12, 16, 19, 23]",0,0.6775214834916328,0
7532,352,"[1, 3, 4, 5, 7, 8, 10, 13, 15, 22, 24]",433,"[1, 2, 3, 5, 6, 10, 13, 15, 17, 21, 23]",0,0.3747870528109029,0
7533,442,"[1, 2, 3, 5, 6, 9, 11, 12, 16, 22, 24]",433,"[1, 2, 3, 5, 6, 10, 13, 15, 17, 21, 23]",13,0.24248662000823384,-2
7534,442,"[1, 2, 3, 5, 6, 9, 11, 12, 16, 22, 24]",433,"[1, 2, 3, 5, 6, 10, 13, 15, 17, 21, 23]",69,0.3793103448275862,0
7535,433,"[1, 2, 3, 5, 6, 10, 13, 15, 17, 21, 23]",4231,"[1, 2, 3, 5, 6, 9, 11, 17, 19, 21, 23]",0,0.6214896214896215,1
7536,433,"[1, 2, 3, 5, 6, 10, 13, 15, 17, 21, 23]",4231,"[1, 2, 3, 5, 6, 9, 11, 17, 19, 21, 23]",30,0.7296703296703296,0
7537,433,"[1, 2, 3, 5, 6, 10, 13, 15, 17, 21, 23]",4231,"[1, 2, 3, 5, 6, 9, 11, 17, 19, 21, 23]",45,0.604040404040404,0
7538,433,"[1, 2, 3, 5, 6, 10, 13, 15, 17, 21, 23]",4231,"[1, 2, 3, 5, 6, 9, 11, 17, 19, 21, 23]",60,0.7796373779637378,0
7539,433,"[1, 2, 3, 5, 6, 10, 13, 15, 17, 21, 23]",343,"[1, 3, 4, 5, 7, 8, 9, 11, 17, 21, 23]",0,0.6847767616998386,2
7540,433,"[1, 2, 3, 5, 6, 10, 13, 15, 17, 21, 23]",343,"[1, 3, 4, 5, 7, 8, 9, 11, 17, 21, 23]",60,0.24,0
7541,433,"[1, 2, 3, 5, 6, 10, 13, 15, 17, 21, 23]",343,"[1, 3, 4, 5, 7, 8, 9, 11, 17, 21, 23]",0,0.8643356643356643,3
7542,433,"[1, 2, 3, 5, 6, 10, 13, 15, 17, 21, 23]",4231,"[1, 2, 3, 5, 6, 9, 11, 17, 19, 21, 23]",58,0.7563025210084033,0
7543,433,"[1, 2, 3, 5, 6, 10, 13, 15, 17, 21, 23]",4231,"[1, 2, 3, 5, 6, 9, 11, 17, 19, 21, 23]",62,0.8714733542319749,0
7544,433,"[1, 2, 3, 5, 6, 10, 13, 15, 17, 21, 23]",4231,"[1, 2, 3, 5, 6, 9, 11, 17, 19, 21, 23]",74,0.6555555555555556,0
7545,4411,"[1, 2, 3, 5, 6, 9, 11, 12, 16, 19, 23]",4231,"[1, 2, 3, 5, 6, 9, 11, 17, 19, 21, 23]",0,0.36771653543307087,0
7546,4411,"[1, 2, 3, 5, 6, 9, 11, 12, 16, 19, 23]",4231,"[1, 2, 3, 5, 6, 9, 11, 17, 19, 21, 23]",34,0.4263392857142857,1
7547,4411,"[1, 2, 3, 5, 6, 9, 11, 12, 16, 19, 23]",4231,"[1, 2, 3, 5, 6, 9, 11, 17, 19, 21, 23]",45,0.48633879781420764,0
7548,4411,"[1, 2, 3, 5, 6, 9, 11, 12, 16, 19, 23]",4231,"[1, 2, 3, 5, 6, 9, 11, 17, 19, 21, 23]",59,0.41379310344827586,0
7549,4411,"[1, 2, 3, 5, 6, 9, 11, 12, 16, 19, 23]",4231,"[1, 2, 3, 5, 6, 9, 11, 17, 19, 21, 23]",86,0.6019900497512438,0
7550,4141,"[1, 2, 3, 5, 6, 10, 12, 13, 15, 16, 23]",4231,"[1, 2, 3, 5, 6, 9, 11, 17, 19, 21, 23]",0,0.28551203397829167,0
7551,343,"[1, 3, 4, 5, 7, 8, 9, 11, 17, 21, 23]",4231,"[1, 2, 3, 5, 6, 9, 11, 17, 19, 21, 23]",58,0.5950413223140496,0
7552,343,"[1, 3, 4, 5, 7, 8, 9, 11, 17, 21, 23]",4231,"[1, 2, 3, 5, 6, 9, 11, 17, 19, 21, 23]",62,0.3587140439932318,0
7553,4411,"[1, 2, 3, 5, 6, 9, 11, 12, 16, 19, 23]",442,"[1, 2, 3, 5, 6, 9, 11, 12, 16, 22, 24]",0,0.2707092582566324,0
7554,4411,"[1, 2, 3, 5, 6, 9, 11, 12, 16, 19, 23]",442,"[1, 2, 3, 5, 6, 9, 11, 12, 16, 22, 24]",45,0.28477905073649756,0
7555,4231,"[1, 2, 3, 5, 6, 9, 11, 17, 19, 21, 23]",4231,"[1, 2, 3, 5, 6, 9, 11, 17, 19, 21, 23]",0,0.2564102564102564,-1
7556,4231,"[1, 2, 3, 5, 6, 9, 11, 17, 19, 21, 23]",4231,"[1, 2, 3, 5, 6, 9, 11, 17, 19, 21, 23]",12,0.30572472594397077,1
7557,4231,"[1, 2, 3, 5, 6, 9, 11, 17, 19, 21, 23]",4231,"[1, 2, 3, 5, 6, 9, 11, 17, 19, 21, 23]",38,0.45555555555555555,0
7558,4231,"[1, 2, 3, 5, 6, 9, 11, 17, 19, 21, 23]",4141,"[1, 2, 3, 5, 6, 10, 12, 13, 15, 16, 23]",63,0.451505016722408,0
7559,4231,"[1, 2, 3, 5, 6, 9, 11, 17, 19, 21, 23]",4231,"[1, 2, 3, 5, 6, 11, 13, 17, 19, 21, 23]",86,0.3670520231213873,1
7560,4141,"[1, 2, 3, 5, 6, 10, 12, 13, 15, 16, 23]",4231,"[1, 2, 3, 5, 6, 9, 11, 17, 19, 21, 23]",0,0.4022887323943662,0
7561,4141,"[1, 2, 3, 5, 6, 10, 12, 13, 15, 16, 23]",4231,"[1, 2, 3, 5, 6, 9, 11, 17, 19, 21, 23]",40,0.4125816993464052,-1
7562,4141,"[1, 2, 3, 5, 6, 10, 12, 13, 15, 16, 23]",4231,"[1, 2, 3, 5, 6, 9, 11, 17, 19, 21, 23]",70,0.46688741721854304,0
7563,442,"[1, 2, 3, 5, 6, 9, 11, 12, 16, 22, 24]",4231,"[1, 2, 3, 5, 6, 9, 11, 17, 19, 21, 23]",79,0.3368421052631579,-1
7564,451,"[1, 2, 3, 5, 6, 10, 12, 13, 15, 16, 23]",4411,"[1, 2, 3, 5, 6, 9, 11, 12, 16, 19, 23]",0,0.19862585883822612,-3
7565,451,"[1, 2, 3, 5, 6, 10, 12, 13, 15, 16, 23]",4411,"[1, 2, 3, 5, 6, 9, 11, 12, 16, 19, 23]",45,0.08333333333333333,0
7566,451,"[1, 2, 3, 5, 6, 10, 12, 13, 15, 16, 23]",4411,"[1, 2, 3, 5, 6, 9, 11, 12, 16, 19, 23]",45,0.2634730538922156,-1
7567,4231,"[1, 2, 3, 5, 6, 9, 11, 17, 19, 21, 23]",4411,"[1, 2, 3, 5, 6, 9, 11, 12, 16, 19, 23]",57,0.4891304347826087,0
7568,4231,"[1, 2, 3, 5, 6, 9, 11, 17, 19, 21, 23]",4411,"[1, 2, 3, 5, 6, 9, 11, 12, 16, 19, 23]",59,0.22448979591836735,0
7569,4231,"[1, 2, 3, 5, 6, 9, 11, 17, 19, 21, 23]",4411,"[1, 2, 3, 5, 6, 9, 11, 12, 16, 19, 23]",61,0.3230088495575221,1
7570,442,"[1, 2, 3, 5, 6, 9, 11, 12, 16, 22, 24]",3412,"[1, 3, 4, 5, 7, 8, 9, 11, 19, 22, 24]",0,0.3050130208333333,-3
7571,442,"[1, 2, 3, 5, 6, 9, 11, 12, 16, 22, 24]",3412,"[1, 3, 4, 5, 7, 8, 9, 11, 19, 22, 24]",74,0.31645569620253167,-2
7572,442,"[1, 2, 3, 5, 6, 9, 11, 12, 16, 22, 24]",3412,"[1, 3, 4, 5, 7, 8, 9, 11, 19, 22, 24]",92,0.08227848101265822,0
7573,343,"[1, 3, 4, 5, 7, 8, 9, 11, 17, 21, 23]",352,"[1, 3, 4, 5, 7, 8, 10, 13, 15, 22, 24]",0,0.32581227436823107,-4
7574,343,"[1, 3, 4, 5, 7, 8, 9, 11, 17, 21, 23]",352,"[1, 3, 4, 5, 7, 8, 10, 13, 15, 22, 24]",29,0.21083627797408716,-1
7575,4231,"[1, 2, 3, 5, 6, 9, 11, 17, 19, 21, 23]",4231,"[1, 2, 3, 5, 6, 9, 11, 17, 19, 21, 23]",0,0.35085714285714287,-1
7576,4231,"[1, 2, 3, 5, 6, 9, 11, 17, 19, 21, 23]",4231,"[1, 2, 3, 5, 6, 9, 11, 17, 19, 21, 23]",45,0.4353982300884956,0
7577,4231,"[1, 2, 3, 5, 6, 9, 11, 17, 19, 21, 23]",4231,"[1, 2, 3, 5, 6, 9, 11, 17, 19, 21, 23]",62,0.6192982456140351,0
7578,4231,"[1, 2, 3, 5, 6, 9, 11, 17, 19, 21, 23]",4231,"[1, 2, 3, 5, 6, 9, 11, 17, 19, 21, 23]",88,0.12280701754385964,0
7579,343,"[1, 3, 4, 5, 7, 8, 9, 11, 17, 21, 23]",4231,"[1, 2, 3, 5, 6, 9, 11, 17, 19, 21, 23]",0,0.6056812710640347,0
7580,343,"[1, 3, 4, 5, 7, 8, 9, 11, 17, 21, 23]",4231,"[1, 2, 3, 5, 6, 9, 11, 17, 19, 21, 23]",54,0.4041095890410959,0
7581,4231,"[1, 2, 3, 5, 6, 9, 11, 17, 19, 21, 23]",442,"[1, 2, 3, 5, 6, 9, 11, 12, 16, 22, 24]",0,0.6246759979263867,-2
7582,4231,"[1, 2, 3, 5, 6, 9, 11, 17, 19, 21, 23]",442,"[1, 2, 3, 5, 6, 9, 11, 12, 16, 22, 24]",45,0.5292817679558011,-1
7583,442,"[1, 2, 3, 5, 6, 9, 11, 12, 16, 22, 24]",442,"[1, 2, 3, 5, 6, 9, 11, 12, 16, 22, 24]",78,0.6255506607929515,0
7584,4141,"[1, 2, 3, 5, 6, 10, 12, 13, 15, 16, 23]",442,"[1, 2, 3, 5, 6, 9, 11, 12, 16, 22, 24]",0,0.686529794692038,5
7585,4141,"[1, 2, 3, 5, 6, 10, 12, 13, 15, 16, 23]",442,"[1, 2, 3, 5, 6, 9, 11, 12, 16, 22, 24]",56,0.527027027027027,0
7586,4141,"[1, 2, 3, 5, 6, 10, 12, 13, 15, 16, 23]",41212,"[1, 2, 3, 5, 6, 10, 13, 15, 19, 22, 24]",68,1.0,0
7587,352,"[1, 3, 4, 5, 7, 8, 10, 13, 15, 22, 24]",4411,"[1, 2, 3, 5, 6, 9, 11, 12, 16, 19, 23]",0,0.5950769230769231,-1
7588,4141,"[1, 2, 3, 5, 6, 10, 12, 13, 15, 16, 23]",4411,"[1, 2, 3, 5, 6, 9, 11, 12, 16, 19, 23]",45,0.6878238341968912,0
7589,4141,"[1, 2, 3, 5, 6, 10, 12, 13, 15, 16, 23]",4411,"[1, 2, 3, 5, 6, 9, 11, 12, 16, 19, 23]",69,0.7666666666666667,0
7590,4141,"[1, 2, 3, 5, 6, 10, 12, 13, 15, 16, 23]",4411,"[1, 2, 3, 5, 6, 9, 11, 12, 16, 19, 23]",69,0.7535816618911175,0
7591,4141,"[1, 2, 3, 5, 6, 10, 12, 13, 15, 16, 23]",4411,"[1, 2, 3, 5, 6, 9, 11, 12, 16, 19, 23]",80,1.0,0
7592,4141,"[1, 2, 3, 5, 6, 10, 12, 13, 15, 16, 23]",4411,"[1, 2, 3, 5, 6, 9, 11, 12, 16, 19, 23]",83,0.6055555555555555,0
7593,4231,"[1, 2, 3, 5, 6, 9, 11, 17, 19, 21, 23]",4231,"[1, 2, 3, 5, 6, 9, 11, 17, 19, 21, 23]",0,0.6718995290423861,0
7594,4231,"[1, 2, 3, 5, 6, 9, 11, 17, 19, 21, 23]",4231,"[1, 2, 3, 5, 6, 9, 11, 17, 19, 21, 23]",19,0.7765237020316027,0
7595,4231,"[1, 2, 3, 5, 6, 9, 11, 17, 19, 21, 23]",4231,"[1, 2, 3, 5, 6, 9, 11, 17, 19, 21, 23]",30,0.5813333333333334,0
7596,4231,"[1, 2, 3, 5, 6, 9, 11, 17, 19, 21, 23]",4231,"[1, 2, 3, 5, 6, 9, 11, 17, 19, 21, 23]",45,0.7896341463414634,-1
7597,4231,"[1, 2, 3, 5, 6, 9, 11, 17, 19, 21, 23]",4231,"[1, 2, 3, 5, 6, 9, 11, 17, 19, 21, 23]",53,0.6590909090909091,0
7598,4231,"[1, 2, 3, 5, 6, 9, 11, 17, 19, 21, 23]",4231,"[1, 2, 3, 5, 6, 9, 11, 17, 19, 21, 23]",57,0.7191358024691358,0
7599,4231,"[1, 2, 3, 5, 6, 9, 11, 17, 19, 21, 23]",4231,"[1, 2, 3, 5, 6, 9, 11, 17, 19, 21, 23]",66,0.6047904191616766,0
7600,4231,"[1, 2, 3, 5, 6, 9, 11, 17, 19, 21, 23]",4231,"[1, 2, 3, 5, 6, 9, 11, 17, 19, 21, 23]",75,0.6529968454258676,0
7601,433,"[1, 2, 3, 5, 6, 10, 13, 15, 17, 21, 23]",433,"[1, 2, 3, 5, 6, 10, 13, 15, 17, 21, 23]",0,0.37698783910196443,0
7602,433,"[1, 2, 3, 5, 6, 10, 13, 15, 17, 21, 23]",433,"[1, 2, 3, 5, 6, 10, 13, 15, 17, 21, 23]",28,0.5672451193058569,0
7603,41212,"[1, 2, 3, 5, 6, 10, 13, 15, 19, 22, 24]",433,"[1, 2, 3, 5, 6, 10, 13, 15, 17, 21, 23]",45,1.0,0
7604,41212,"[1, 2, 3, 5, 6, 10, 13, 15, 19, 22, 24]",433,"[1, 2, 3, 5, 6, 10, 13, 15, 17, 21, 23]",45,0.569364161849711,0
7605,41212,"[1, 2, 3, 5, 6, 10, 13, 15, 19, 22, 24]",433,"[1, 2, 3, 5, 6, 10, 13, 15, 17, 21, 23]",71,0.0,0
7606,41212,"[1, 2, 3, 5, 6, 10, 13, 15, 19, 22, 24]",433,"[1, 2, 3, 5, 6, 10, 13, 15, 17, 21, 23]",71,0.5222929936305732,0
7607,4231,"[1, 2, 3, 5, 6, 9, 11, 17, 19, 21, 23]",4141,"[1, 2, 3, 5, 6, 10, 12, 13, 15, 16, 23]",0,0.3838120104438642,0
7608,4231,"[1, 2, 3, 5, 6, 9, 11, 17, 19, 21, 23]",4141,"[1, 2, 3, 5, 6, 10, 12, 13, 15, 16, 23]",45,0.6278772378516624,-1
7609,442,"[1, 2, 3, 5, 6, 9, 11, 12, 16, 22, 24]",442,"[1, 2, 3, 5, 6, 9, 11, 12, 16, 22, 24]",0,0.490787269681742,1
7610,442,"[1, 2, 3, 5, 6, 9, 11, 12, 16, 22, 24]",442,"[1, 2, 3, 5, 6, 9, 11, 12, 16, 22, 24]",35,0.5979680696661829,-1
7611,442,"[1, 2, 3, 5, 6, 9, 11, 12, 16, 22, 24]",442,"[1, 2, 3, 5, 6, 9, 11, 12, 16, 22, 24]",72,0.6705426356589147,0
7612,442,"[1, 2, 3, 5, 6, 9, 11, 12, 16, 22, 24]",442,"[1, 2, 3, 5, 6, 9, 11, 12, 16, 22, 24]",79,0.38,1
7613,3421,"[1, 3, 4, 5, 7, 8, 9, 11, 18, 20, 23]",4411,"[1, 2, 3, 5, 6, 9, 11, 12, 16, 19, 23]",0,0.6031065881092662,2
7614,3421,"[1, 3, 4, 5, 7, 8, 9, 11, 18, 20, 23]",4411,"[1, 2, 3, 5, 6, 9, 11, 12, 16, 19, 23]",45,0.5596745027124774,0
7615,3421,"[1, 3, 4, 5, 7, 8, 9, 11, 18, 20, 23]",4411,"[1, 2, 3, 5, 6, 9, 11, 12, 16, 19, 23]",76,0.34285714285714286,0
7616,433,"[1, 2, 3, 5, 6, 10, 13, 15, 17, 21, 23]",442,"[1, 2, 3, 5, 6, 9, 11, 12, 16, 22, 24]",0,0.7667031763417306,-1
7617,433,"[1, 2, 3, 5, 6, 10, 13, 15, 17, 21, 23]",442,"[1, 2, 3, 5, 6, 9, 11, 12, 16, 22, 24]",26,0.6530612244897959,0
7618,433,"[1, 2, 3, 5, 6, 10, 13, 15, 17, 21, 23]",442,"[1, 2, 3, 5, 6, 9, 11, 12, 16, 22, 24]",63,0.7012987012987013,0
7619,433,"[1, 2, 3, 5, 6, 10, 13, 15, 17, 21, 23]",442,"[1, 2, 3, 5, 6, 9, 11, 12, 16, 22, 24]",70,0.5801526717557252,0
7620,343,"[1, 3, 4, 5, 7, 8, 9, 11, 17, 21, 23]",442,"[1, 2, 3, 5, 6, 9, 11, 12, 16, 22, 24]",83,0.0,0
7621,4231,"[1, 2, 3, 5, 6, 9, 11, 17, 19, 21, 23]",352,"[1, 3, 4, 5, 7, 8, 10, 13, 15, 22, 24]",0,0.609375,0
7622,4231,"[1, 2, 3, 5, 6, 9, 11, 17, 19, 21, 23]",352,"[1, 3, 4, 5, 7, 8, 10, 13, 15, 22, 24]",17,0.5892857142857143,1
7623,4231,"[1, 2, 3, 5, 6, 9, 11, 17, 19, 21, 23]",352,"[1, 3, 4, 5, 7, 8, 10, 13, 15, 22, 24]",33,0.2631578947368421,0
7624,4231,"[1, 2, 3, 5, 6, 9, 11, 17, 19, 21, 23]",352,"[1, 3, 4, 5, 7, 8, 10, 13, 15, 22, 24]",34,0.5560897435897436,1
7625,4231,"[1, 2, 3, 5, 6, 9, 11, 17, 19, 21, 23]",4231,"[1, 2, 3, 5, 6, 9, 11, 17, 19, 21, 23]",45,1.0,0
7626,4231,"[1, 2, 3, 5, 6, 9, 11, 17, 19, 21, 23]",4231,"[1, 2, 3, 5, 6, 9, 11, 17, 19, 21, 23]",45,0.4215686274509804,0
7627,4231,"[1, 2, 3, 5, 6, 9, 11, 17, 19, 21, 23]",4231,"[1, 2, 3, 5, 6, 9, 11, 17, 19, 21, 23]",55,0.5373134328358209,0
7628,4231,"[1, 2, 3, 5, 6, 9, 11, 17, 19, 21, 23]",4231,"[1, 2, 3, 5, 6, 9, 11, 17, 19, 21, 23]",57,0.6597510373443983,0
7629,4231,"[1, 2, 3, 5, 6, 9, 11, 17, 19, 21, 23]",4231,"[1, 2, 3, 5, 6, 9, 11, 17, 19, 21, 23]",64,0.6210526315789474,0
7630,4231,"[1, 2, 3, 5, 6, 9, 11, 17, 19, 21, 23]",4231,"[1, 2, 3, 5, 6, 9, 11, 17, 19, 21, 23]",69,0.5925058548009368,0
7631,4231,"[1, 2, 3, 5, 6, 9, 11, 17, 19, 21, 23]",4231,"[1, 2, 3, 5, 6, 9, 11, 17, 19, 21, 23]",80,0.7635135135135135,0
7632,4231,"[1, 2, 3, 5, 6, 9, 11, 17, 19, 21, 23]",4231,"[1, 2, 3, 5, 6, 9, 11, 17, 19, 21, 23]",0,0.5415407854984894,0
7633,4231,"[1, 2, 3, 5, 6, 9, 11, 17, 19, 21, 23]",442,"[1, 2, 3, 5, 6, 9, 11, 12, 16, 22, 24]",0,0.7661379564736259,4
7634,4231,"[1, 2, 3, 5, 6, 9, 11, 17, 19, 21, 23]",442,"[1, 2, 3, 5, 6, 9, 11, 12, 16, 22, 24]",64,0.6749116607773852,2
7635,3421,"[1, 3, 4, 5, 7, 8, 9, 11, 18, 20, 23]",442,"[1, 2, 3, 5, 6, 9, 11, 12, 16, 22, 24]",0,0.692814371257485,0
7636,3421,"[1, 3, 4, 5, 7, 8, 9, 11, 18, 20, 23]",433,"[1, 2, 3, 5, 6, 10, 13, 15, 17, 21, 23]",45,0.6564019448946515,0
7637,3421,"[1, 3, 4, 5, 7, 8, 9, 11, 18, 20, 23]",433,"[1, 2, 3, 5, 6, 10, 13, 15, 17, 21, 23]",66,0.7393617021276596,0
7638,433,"[1, 2, 3, 5, 6, 10, 13, 15, 17, 21, 23]",442,"[1, 2, 3, 5, 6, 9, 11, 12, 16, 22, 24]",0,0.5324821629740893,0
7639,343,"[1, 3, 4, 5, 9, 11, 13, 15, 17, 21, 23]",442,"[1, 2, 3, 5, 6, 9, 11, 12, 16, 22, 24]",62,0.6080760095011877,0
7640,4141,"[1, 2, 3, 5, 6, 10, 12, 13, 15, 16, 23]",442,"[1, 2, 3, 5, 6, 9, 11, 12, 16, 22, 24]",72,0.953125,0
7641,4141,"[1, 2, 3, 5, 6, 10, 12, 13, 15, 16, 23]",442,"[1, 2, 3, 5, 6, 9, 11, 12, 16, 22, 24]",77,0.5471698113207547,1
7642,4141,"[1, 2, 3, 5, 6, 10, 12, 13, 15, 16, 23]",343,"[1, 3, 4, 5, 7, 8, 9, 11, 17, 21, 23]",0,0.3547619047619048,0
7643,4141,"[1, 2, 3, 5, 6, 10, 12, 13, 15, 16, 23]",343,"[1, 3, 4, 5, 7, 8, 9, 11, 17, 21, 23]",34,0.36660929432013767,-1
7644,4141,"[1, 2, 3, 5, 6, 10, 12, 13, 15, 16, 23]",343,"[1, 3, 4, 5, 7, 8, 9, 11, 17, 21, 23]",45,0.42962962962962964,-3
7645,4141,"[1, 2, 3, 5, 6, 10, 12, 13, 15, 16, 23]",343,"[1, 3, 4, 5, 7, 8, 9, 11, 17, 21, 23]",71,0.48514851485148514,0
7646,4141,"[1, 2, 3, 5, 6, 10, 12, 13, 15, 16, 23]",343,"[1, 3, 4, 5, 7, 8, 9, 11, 17, 21, 23]",82,0.6048387096774194,0
7647,4141,"[1, 2, 3, 5, 6, 10, 12, 13, 15, 16, 23]",343,"[1, 3, 4, 5, 7, 8, 9, 11, 17, 21, 23]",92,0.2185430463576159,0
7648,442,"[1, 2, 3, 5, 6, 12, 13, 15, 16, 22, 24]",433,"[1, 2, 3, 5, 6, 10, 13, 15, 17, 21, 23]",0,0.3395810363836825,1
7649,433,"[1, 2, 3, 5, 6, 10, 13, 15, 17, 21, 23]",4231,"[1, 2, 3, 5, 6, 13, 15, 17, 19, 21, 23]",0,0.7613504074505238,7
7650,433,"[1, 2, 3, 5, 6, 10, 13, 15, 17, 21, 23]",4231,"[1, 2, 3, 5, 6, 9, 11, 17, 19, 21, 23]",0,0.30282345640707414,-1
7651,433,"[1, 2, 3, 5, 6, 10, 13, 15, 17, 21, 23]",433,"[1, 2, 3, 5, 6, 10, 13, 15, 17, 21, 23]",0,0.5780392156862745,1
7652,4411,"[1, 2, 3, 5, 6, 9, 12, 15, 16, 19, 23]",433,"[1, 2, 3, 5, 6, 10, 13, 15, 17, 21, 23]",0,0.42816390041493774,0
7653,4411,"[1, 2, 3, 5, 6, 9, 12, 15, 16, 19, 23]",433,"[1, 2, 3, 5, 6, 10, 13, 15, 17, 21, 23]",101,0.6363636363636364,0
7654,451,"[1, 2, 3, 5, 6, 10, 12, 13, 15, 16, 23]",41212,"[1, 2, 3, 5, 6, 10, 13, 15, 19, 22, 24]",0,0.6839714471122648,1
7655,442,"[1, 2, 3, 5, 6, 12, 13, 15, 16, 22, 24]",41212,"[1, 2, 3, 5, 6, 10, 13, 15, 19, 22, 24]",0,0.45545023696682463,-3
7656,4231,"[1, 2, 3, 5, 6, 13, 15, 17, 19, 21, 23]",433,"[1, 2, 3, 5, 6, 10, 13, 15, 17, 21, 23]",0,0.2857905982905983,-2
7657,4231,"[1, 2, 3, 5, 6, 13, 15, 17, 19, 21, 23]",433,"[1, 2, 3, 5, 6, 10, 13, 15, 17, 21, 23]",45,0.18217821782178217,1
7658,4141,"[1, 2, 3, 5, 6, 10, 12, 13, 15, 16, 23]",442,"[1, 2, 3, 5, 6, 12, 13, 15, 16, 22, 24]",0,0.2975547792950143,0
7659,433,"[1, 2, 3, 5, 6, 10, 13, 15, 17, 21, 23]",4411,"[1, 2, 3, 5, 6, 12, 13, 15, 16, 19, 23]",0,0.37715179968701096,2
7660,433,"[1, 2, 3, 5, 6, 10, 13, 15, 17, 21, 23]",442,"[1, 2, 3, 5, 6, 12, 13, 15, 16, 22, 24]",0,0.506508875739645,-1
7661,3511,"[1, 3, 4, 5, 7, 8, 10, 13, 15, 19, 23]",442,"[1, 2, 3, 5, 6, 9, 11, 12, 16, 22, 24]",0,0.7651933701657458,0
7662,3511,"[1, 3, 4, 5, 7, 8, 10, 13, 15, 19, 23]",442,"[1, 2, 3, 5, 6, 9, 11, 12, 16, 22, 24]",20,0.7659574468085106,0
7663,3511,"[1, 3, 4, 5, 7, 8, 10, 13, 15, 19, 23]",442,"[1, 2, 3, 5, 6, 9, 11, 12, 16, 22, 24]",23,0.7041551246537396,1
7664,3511,"[1, 3, 4, 5, 7, 8, 10, 13, 15, 19, 23]",352,"[1, 3, 4, 5, 7, 8, 10, 13, 15, 22, 24]",67,0.6872427983539094,0
7665,433,"[1, 2, 3, 5, 6, 10, 13, 15, 17, 21, 23]",442,"[1, 2, 3, 5, 6, 9, 11, 12, 16, 22, 24]",0,0.5317286652078774,0
7666,4231,"[1, 2, 3, 5, 6, 9, 11, 17, 19, 21, 23]",433,"[1, 2, 3, 5, 6, 10, 13, 15, 17, 21, 23]",0,0.3736179946626001,-2
7667,4231,"[1, 2, 3, 5, 6, 13, 15, 17, 19, 21, 23]",442,"[1, 2, 3, 5, 6, 12, 13, 15, 16, 22, 24]",0,0.32893772893772893,0
7668,4231,"[1, 2, 3, 5, 6, 13, 15, 17, 19, 21, 23]",442,"[1, 2, 3, 5, 6, 12, 13, 15, 16, 22, 24]",35,0.7583892617449665,0
7669,4231,"[1, 2, 3, 5, 6, 13, 15, 17, 19, 21, 23]",442,"[1, 2, 3, 5, 6, 12, 13, 15, 16, 22, 24]",40,0.2773722627737226,0
7670,4231,"[1, 2, 3, 5, 6, 13, 15, 17, 19, 21, 23]",442,"[1, 2, 3, 5, 6, 12, 13, 15, 16, 22, 24]",43,0.38003502626970226,1
7671,4231,"[1, 2, 3, 5, 6, 13, 15, 17, 19, 21, 23]",442,"[1, 2, 3, 5, 6, 12, 13, 15, 16, 22, 24]",74,0.6253369272237197,0
7672,433,"[1, 2, 3, 5, 6, 10, 13, 15, 17, 21, 23]",352,"[1, 3, 4, 5, 7, 8, 10, 13, 15, 22, 24]",0,0.4769027716673999,1
7673,442,"[1, 2, 3, 5, 6, 12, 13, 15, 16, 22, 24]",442,"[1, 2, 3, 5, 6, 9, 11, 12, 16, 22, 24]",0,0.6477832512315271,2
7674,442,"[1, 2, 3, 5, 6, 12, 13, 15, 16, 22, 24]",442,"[1, 2, 3, 5, 6, 9, 11, 12, 16, 22, 24]",45,0.5905511811023622,0
7675,442,"[1, 2, 3, 5, 6, 12, 13, 15, 16, 22, 24]",442,"[1, 2, 3, 5, 6, 9, 11, 12, 16, 22, 24]",53,0.696027633851468,0
7676,4141,"[1, 2, 3, 5, 6, 10, 12, 13, 15, 16, 23]",4231,"[1, 2, 3, 5, 6, 9, 11, 17, 19, 21, 23]",0,0.6095340117836101,-1
7677,4141,"[1, 2, 3, 5, 6, 10, 12, 13, 15, 16, 23]",4231,"[1, 2, 3, 5, 6, 9, 11, 17, 19, 21, 23]",52,0.6642011834319527,0
7678,442,"[1, 2, 3, 5, 6, 12, 13, 15, 16, 22, 24]",442,"[1, 2, 3, 5, 6, 12, 13, 15, 16, 22, 24]",0,0.5015989036089539,0
7679,442,"[1, 2, 3, 5, 6, 12, 13, 15, 16, 22, 24]",442,"[1, 2, 3, 5, 6, 12, 13, 15, 16, 22, 24]",74,0.571619812583668,0
7680,442,"[1, 2, 3, 5, 6, 12, 13, 15, 16, 22, 24]",4231,"[1, 2, 3, 5, 6, 9, 11, 17, 19, 21, 23]",0,0.6026451983898793,0
7681,442,"[1, 2, 3, 5, 6, 12, 13, 15, 16, 22, 24]",4231,"[1, 2, 3, 5, 6, 9, 11, 17, 19, 21, 23]",46,0.6113161131611317,-1
7682,4231,"[1, 2, 3, 5, 6, 13, 15, 17, 19, 21, 23]",4141,"[1, 2, 3, 5, 6, 10, 12, 13, 15, 16, 23]",0,0.7303157093952073,3
7683,442,"[1, 2, 3, 5, 6, 12, 13, 15, 16, 22, 24]",4141,"[1, 2, 3, 5, 6, 10, 12, 13, 15, 16, 23]",0,0.4605931071333155,-2
7684,442,"[1, 2, 3, 5, 6, 9, 11, 12, 16, 22, 24]",442,"[1, 2, 3, 5, 6, 12, 13, 15, 16, 22, 24]",0,0.34894259818731116,-1
7685,442,"[1, 2, 3, 5, 6, 9, 11, 12, 16, 22, 24]",442,"[1, 2, 3, 5, 6, 12, 13, 15, 16, 22, 24]",19,0.6471291866028708,0
7686,442,"[1, 2, 3, 5, 6, 9, 11, 12, 16, 22, 24]",4231,"[1, 2, 3, 5, 6, 13, 15, 17, 19, 21, 23]",47,0.7633928571428571,-1
7687,433,"[1, 2, 3, 5, 6, 10, 13, 15, 17, 21, 23]",433,"[1, 2, 3, 5, 6, 10, 13, 15, 17, 21, 23]",0,0.6902313624678663,3
7688,433,"[1, 2, 3, 5, 6, 10, 13, 15, 17, 21, 23]",4141,"[1, 2, 3, 5, 6, 10, 12, 13, 15, 16, 23]",45,0.7692307692307693,0
7689,433,"[1, 2, 3, 5, 6, 10, 13, 15, 17, 21, 23]",4141,"[1, 2, 3, 5, 6, 10, 12, 13, 15, 16, 23]",45,0.7210526315789474,0
7690,433,"[1, 2, 3, 5, 6, 10, 13, 15, 17, 21, 23]",4231,"[1, 2, 3, 5, 6, 9, 11, 17, 19, 21, 23]",68,0.6206896551724138,0
7691,442,"[1, 2, 3, 5, 6, 12, 13, 15, 16, 22, 24]",4231,"[1, 2, 3, 5, 6, 13, 15, 17, 19, 21, 23]",0,0.6036972848064702,3
7692,442,"[1, 2, 3, 5, 6, 12, 13, 15, 16, 22, 24]",4231,"[1, 2, 3, 5, 6, 13, 15, 17, 19, 21, 23]",55,0.7112526539278131,0
7693,442,"[1, 2, 3, 5, 6, 12, 13, 15, 16, 22, 24]",4231,"[1, 2, 3, 5, 6, 13, 15, 17, 19, 21, 23]",71,0.4935064935064935,0
7694,442,"[1, 2, 3, 5, 6, 12, 13, 15, 16, 22, 24]",4231,"[1, 2, 3, 5, 6, 13, 15, 17, 19, 21, 23]",73,0.16666666666666666,0
7695,433,"[1, 2, 3, 5, 6, 10, 13, 15, 17, 21, 23]",4231,"[1, 2, 3, 5, 6, 13, 15, 17, 19, 21, 23]",0,0.5428690924299456,2
7696,442,"[1, 2, 3, 5, 6, 12, 13, 15, 16, 22, 24]",442,"[1, 2, 3, 5, 6, 12, 13, 15, 16, 22, 24]",0,0.3686614892645043,0
7697,442,"[1, 2, 3, 5, 6, 12, 13, 15, 16, 22, 24]",442,"[1, 2, 3, 5, 6, 12, 13, 15, 16, 22, 24]",55,0.3081570996978852,0
7698,41212,"[1, 2, 3, 5, 6, 10, 13, 15, 19, 22, 24]",4411,"[1, 2, 3, 5, 6, 9, 11, 12, 16, 19, 23]",0,0.3225806451612903,0
7699,442,"[1, 2, 3, 5, 6, 9, 11, 12, 16, 22, 24]",4411,"[1, 2, 3, 5, 6, 9, 11, 12, 16, 19, 23]",0,0.6939371804236669,3
7700,442,"[1, 2, 3, 5, 6, 9, 11, 12, 16, 22, 24]",4411,"[1, 2, 3, 5, 6, 9, 11, 12, 16, 19, 23]",77,0.5392953929539296,1
7701,451,"[1, 2, 3, 5, 6, 10, 12, 13, 15, 16, 23]",442,"[1, 2, 3, 5, 6, 12, 13, 15, 16, 22, 24]",0,0.6727473742399116,0
7702,451,"[1, 2, 3, 5, 6, 10, 12, 13, 15, 16, 23]",442,"[1, 2, 3, 5, 6, 12, 13, 15, 16, 22, 24]",45,1.0,0
7703,451,"[1, 2, 3, 5, 6, 10, 12, 13, 15, 16, 23]",442,"[1, 2, 3, 5, 6, 12, 13, 15, 16, 22, 24]",45,0.6974358974358974,0
7704,451,"[1, 2, 3, 5, 6, 10, 12, 13, 15, 16, 23]",442,"[1, 2, 3, 5, 6, 12, 13, 15, 16, 22, 24]",64,0.6487935656836461,1
7705,433,"[1, 2, 3, 5, 6, 10, 13, 15, 17, 21, 23]",442,"[1, 2, 3, 5, 6, 12, 13, 15, 16, 22, 24]",0,0.7671087533156499,-1
7706,442,"[1, 2, 3, 5, 6, 12, 13, 15, 16, 22, 24]",433,"[1, 2, 3, 5, 6, 10, 13, 15, 17, 21, 23]",0,0.5893007582139849,3
7707,442,"[1, 2, 3, 5, 6, 12, 13, 15, 16, 22, 24]",433,"[1, 2, 3, 5, 6, 10, 13, 15, 17, 21, 23]",75,0.6592592592592592,0
7708,442,"[1, 2, 3, 5, 6, 12, 13, 15, 16, 22, 24]",3511,"[1, 3, 4, 5, 7, 8, 10, 13, 15, 19, 23]",0,0.776604386677498,0
7709,442,"[1, 2, 3, 5, 6, 12, 13, 15, 16, 22, 24]",3511,"[1, 3, 4, 5, 7, 8, 10, 13, 15, 19, 23]",32,0.6633554083885209,1
7710,4231,"[1, 2, 3, 5, 6, 13, 15, 17, 19, 21, 23]",433,"[1, 2, 3, 5, 6, 10, 13, 15, 17, 21, 23]",0,0.6072920622863653,-2
7711,442,"[1, 2, 3, 5, 6, 9, 11, 12, 16, 22, 24]",442,"[1, 2, 3, 5, 6, 12, 13, 15, 16, 22, 24]",0,0.5125418060200669,1
7712,442,"[1, 2, 3, 5, 6, 9, 11, 12, 16, 22, 24]",442,"[1, 2, 3, 5, 6, 12, 13, 15, 16, 22, 24]",76,0.1895424836601307,0
7713,433,"[1, 2, 3, 5, 6, 10, 13, 15, 17, 21, 23]",4141,"[1, 2, 3, 5, 6, 10, 12, 13, 15, 16, 23]",0,0.5478395061728395,-1
7714,4141,"[1, 2, 3, 5, 6, 10, 12, 13, 15, 16, 23]",451,"[1, 2, 3, 5, 6, 10, 12, 13, 15, 16, 23]",0,0.7398550724637681,1
7715,4141,"[1, 2, 3, 5, 6, 10, 12, 13, 15, 16, 23]",451,"[1, 2, 3, 5, 6, 10, 12, 13, 15, 16, 23]",83,0.8347107438016529,0
7716,433,"[1, 2, 3, 5, 6, 10, 13, 15, 17, 21, 23]",442,"[1, 2, 3, 5, 6, 12, 13, 15, 16, 22, 24]",0,0.2741715842033591,0
7717,433,"[1, 2, 3, 5, 6, 10, 13, 15, 17, 21, 23]",442,"[1, 2, 3, 5, 6, 12, 13, 15, 16, 22, 24]",62,0.3766519823788546,-1
7718,4141,"[1, 2, 3, 5, 6, 10, 12, 13, 15, 16, 23]",442,"[1, 2, 3, 5, 6, 12, 13, 15, 16, 22, 24]",0,0.4392712550607287,-3
7719,4141,"[1, 2, 3, 5, 6, 10, 12, 13, 15, 16, 23]",433,"[1, 2, 3, 5, 6, 10, 13, 15, 17, 21, 23]",0,0.2980769230769231,0
7720,4141,"[1, 2, 3, 5, 6, 10, 12, 13, 15, 16, 23]",352,"[1, 3, 4, 5, 7, 8, 10, 13, 15, 22, 24]",45,0.3862704918032787,-1
7721,4141,"[1, 2, 3, 5, 6, 10, 12, 13, 15, 16, 23]",4231,"[1, 2, 3, 5, 6, 13, 15, 17, 19, 21, 23]",0,0.6847321152059461,3
7722,41212,"[1, 2, 3, 5, 6, 10, 13, 15, 19, 22, 24]",442,"[1, 2, 3, 5, 6, 12, 13, 15, 16, 22, 24]",0,0.36666666666666664,0
7723,41212,"[1, 2, 3, 5, 6, 10, 13, 15, 19, 22, 24]",442,"[1, 2, 3, 5, 6, 12, 13, 15, 16, 22, 24]",6,0.42350907519446845,1
7724,451,"[1, 2, 3, 5, 6, 10, 12, 13, 15, 16, 23]",442,"[1, 2, 3, 5, 6, 12, 13, 15, 16, 22, 24]",38,0.1875,0
7725,451,"[1, 2, 3, 5, 6, 10, 12, 13, 15, 16, 23]",442,"[1, 2, 3, 5, 6, 12, 13, 15, 16, 22, 24]",45,0.39280125195618154,1
7726,41212,"[1, 2, 3, 5, 6, 10, 13, 15, 19, 22, 24]",442,"[1, 2, 3, 5, 6, 12, 13, 15, 16, 22, 24]",62,0.3949579831932773,0
7727,442,"[1, 2, 3, 5, 6, 9, 11, 12, 16, 22, 24]",4141,"[1, 2, 3, 5, 6, 10, 12, 13, 15, 16, 23]",0,0.4507824331145886,-2
7728,442,"[1, 2, 3, 5, 6, 9, 11, 12, 16, 22, 24]",4141,"[1, 2, 3, 5, 6, 10, 12, 13, 15, 16, 23]",46,0.6758349705304518,-1
7729,4231,"[1, 2, 3, 5, 6, 9, 11, 17, 19, 21, 23]",433,"[1, 2, 3, 5, 6, 10, 13, 15, 17, 21, 23]",0,0.5949084412684233,-1
7730,4231,"[1, 2, 3, 5, 6, 9, 11, 17, 19, 21, 23]",433,"[1, 2, 3, 5, 6, 10, 13, 15, 17, 21, 23]",62,0.6125827814569537,0
7731,4231,"[1, 2, 3, 5, 6, 9, 11, 17, 19, 21, 23]",343,"[1, 3, 4, 5, 7, 8, 13, 15, 17, 21, 23]",73,0.5916230366492147,0
7732,442,"[1, 2, 3, 5, 6, 12, 13, 15, 16, 22, 24]",433,"[1, 2, 3, 5, 6, 10, 13, 15, 17, 21, 23]",0,0.35196150999259807,-2
7733,433,"[1, 2, 3, 5, 6, 10, 13, 15, 17, 21, 23]",433,"[1, 2, 3, 5, 6, 10, 13, 15, 17, 21, 23]",0,0.34757281553398056,0
